<valueSet valueTable="GLS" entityType="Participant" entityIdentifier="60193882">
  <variableValue variable="ND7INC06">
    <value valueType="integer">1</value>
  </variableValue>
  <variableValue variable="DMPART">
    <value valueType="integer">2</value>
  </variableValue>
  <variableValue variable="HHSIZE">
    <value valueType="integer">9</value>
  </variableValue>
  <variableValue variable="ND7INC07">
    <value valueType="integer">1</value>
  </variableValue>
  <variableValue variable="ND7INC08">
    <value valueType="integer">1</value>
  </variableValue>
  <variableValue variable="ETHNIC">
    <value valueType="integer">4</value>
  </variableValue>
  <variableValue variable="ND7INC09">
    <value valueType="integer">1</value>
  </variableValue>
  <variableValue variable="AGELFTED">
    <value valueType="integer">9</value>
  </variableValue>
  <variableValue variable="FURTHED">
    <value valueType="integer">1</value>
  </variableValue>
  <variableValue variable="ND7INC10">
    <value valueType="integer">0</value>
  </variableValue>
  <variableValue variable="LFTMORED">
    <value valueType="integer">57</value>
  </variableValue>
  <variableValue variable="ND7INC11">
    <value valueType="integer">0</value>
  </variableValue>
  <variableValue variable="EDQUALS">
    <value valueType="integer">2</value>
  </variableValue>
  <variableValue variable="N7XSO000">
    <value valueType="integer">5493</value>
  </variableValue>
  <variableValue variable="EDQTYP01">
    <value valueType="integer">12</value>
  </variableValue>
  <variableValue variable="N7ES2000">
    <value valueType="integer">8</value>
  </variableValue>
  <variableValue variable="VOCQUALS">
    <value valueType="integer">2</value>
  </variableValue>
  <variableValue variable="N7NUMGE1">
    <value valueType="integer">62</value>
  </variableValue>
  <variableValue variable="VOCTYP01">
    <value valueType="integer">2</value>
  </variableValue>
  <variableValue variable="N7NUMGE2">
    <value valueType="integer">21</value>
  </variableValue>
  <variableValue variable="EVERPREG">
    <value valueType="integer">1</value>
  </variableValue>
  <variableValue variable="N7NUMAS1">
    <value valueType="integer">6</value>
  </variableValue>
  <variableValue variable="PREGA">
    <value valueType="integer">8</value>
  </variableValue>
  <variableValue variable="N7NUMAS2">
    <value valueType="integer">100</value>
  </variableValue>
  <variableValue variable="N7NUMGA1">
    <value valueType="integer">35</value>
  </variableValue>
  <variableValue variable="PREGA2">
    <value valueType="integer">5</value>
  </variableValue>
  <variableValue variable="N7NUMGA2">
    <value valueType="integer">89</value>
  </variableValue>
  <variableValue variable="PREGA3">
    <value valueType="integer">2</value>
  </variableValue>
  <variableValue variable="N7NUMACC">
    <value valueType="integer">-8</value>
  </variableValue>
  <variableValue variable="PREGA4">
    <value valueType="integer">4</value>
  </variableValue>
  <variableValue variable="N7EQA091">
    <value valueType="integer">4003</value>
  </variableValue>
  <variableValue variable="PREGA5">
    <value valueType="integer">3</value>
  </variableValue>
  <variableValue variable="MOREPREG">
    <value valueType="integer">8</value>
  </variableValue>
  <variableValue variable="N7NUMDEG">
    <value valueType="integer">75</value>
  </variableValue>
  <variableValue variable="EVERJOB">
    <value valueType="integer">2</value>
  </variableValue>
  <variableValue variable="N7NUMODG">
    <value valueType="integer">42</value>
  </variableValue>
  <variableValue variable="EDQUALS2">
    <value valueType="integer">8</value>
  </variableValue>
  <variableValue variable="N7NUMHDG">
    <value valueType="integer">33</value>
  </variableValue>
  <variableValue variable="EDQTYP14">
    <value valueType="integer">5</value>
  </variableValue>
  <variableValue variable="N7NUMPAM">
    <value valueType="integer">84</value>
  </variableValue>
  <variableValue variable="EDQTYP15">
    <value valueType="integer">1</value>
  </variableValue>
  <variableValue variable="N7PGCEEN">
    <value valueType="integer">86</value>
  </variableValue>
  <variableValue variable="EDQTYP16">
    <value valueType="integer">3</value>
  </variableValue>
  <variableValue variable="N7PGCEPT">
    <value valueType="integer">2</value>
  </variableValue>
  <variableValue variable="EDQTYP17">
    <value valueType="integer">6</value>
  </variableValue>
  <variableValue variable="N7NUMOTA">
    <value valueType="integer">20</value>
  </variableValue>
  <variableValue variable="EDQTYP18">
    <value valueType="integer">13</value>
  </variableValue>
  <variableValue variable="N7NUMBTC">
    <value valueType="integer">61</value>
  </variableValue>
  <variableValue variable="EDQTYP19">
    <value valueType="integer">8</value>
  </variableValue>
  <variableValue variable="N7NUMCIY">
    <value valueType="integer">0</value>
  </variableValue>
  <variableValue variable="EDQTYP20">
    <value valueType="integer">9</value>
  </variableValue>
  <variableValue variable="N7NUMRSA">
    <value valueType="integer">43</value>
  </variableValue>
  <variableValue variable="EDQTYP21">
    <value valueType="integer">13</value>
  </variableValue>
  <variableValue variable="N7NUMPIT">
    <value valueType="integer">60</value>
  </variableValue>
  <variableValue variable="EDGCSE1">
    <value valueType="integer">98</value>
  </variableValue>
  <variableValue variable="N7NUMNVQ">
    <value valueType="integer">67</value>
  </variableValue>
  <variableValue variable="EDGCSE2">
    <value valueType="integer">99</value>
  </variableValue>
  <variableValue variable="N7NUMGNQ">
    <value valueType="integer">49</value>
  </variableValue>
  <variableValue variable="EDGCEYRQ">
    <value valueType="integer">9</value>
  </variableValue>
  <variableValue variable="N7NUMONC">
    <value valueType="integer">46</value>
  </variableValue>
  <variableValue variable="GCEYRQ">
    <value valueType="integer">73</value>
  </variableValue>
  <variableValue variable="N7NUMHNC">
    <value valueType="integer">26</value>
  </variableValue>
  <variableValue variable="EDOLEV1">
    <value valueType="integer">98</value>
  </variableValue>
  <variableValue variable="N7NUMAPP">
    <value valueType="integer">65</value>
  </variableValue>
  <variableValue variable="EDOLEV2">
    <value valueType="integer">99</value>
  </variableValue>
  <variableValue variable="N7HGVWHN">
    <value valueType="integer">71</value>
  </variableValue>
  <variableValue variable="NUMOLVL">
    <value valueType="integer">88</value>
  </variableValue>
  <variableValue variable="N7PSVWHN">
    <value valueType="integer">14</value>
  </variableValue>
  <variableValue variable="OLVLYRQ">
    <value valueType="integer">78</value>
  </variableValue>
  <variableValue variable="N7NUMOTV">
    <value valueType="integer">24</value>
  </variableValue>
  <variableValue variable="EDCSE1">
    <value valueType="integer">99</value>
  </variableValue>
  <variableValue variable="ND7ANYAC">
    <value valueType="integer">1</value>
  </variableValue>
  <variableValue variable="EDCSE2">
    <value valueType="integer">98</value>
  </variableValue>
  <variableValue variable="N7LSIANY">
    <value valueType="integer">1</value>
  </variableValue>
  <variableValue variable="NUMCSE">
    <value valueType="integer">30</value>
  </variableValue>
  <variableValue variable="CSEYRQ">
    <value valueType="integer">9998</value>
  </variableValue>
  <variableValue variable="n7xlsb">
    <value valueType="text">Nunc imperdiet leo consequat cras varius ridiculus, volutpat interdum vestibulum, dis sociis imperdiet arcu.  Bibendum neque facilisi ligula convallis elit, cursus libero fringilla, aliquet diam senectus placerat scelerisque cursus integer nulla eros risus praesent.</value>
  </variableValue>
  <variableValue variable="NUMASLVL">
    <value valueType="integer">83</value>
  </variableValue>
  <variableValue variable="n7xlsc">
    <value valueType="text">Eget elementum congue sit facilisi hac.  Magnis nullam habitant cras vestibulum nibh vitae dapibus adipiscing nulla iaculis, nulla odio odio accumsan faucibus erat nulla conubia odio.  Magnis magnis rutrum sem morbi id class faucibus magnis.</value>
  </variableValue>
  <variableValue variable="EDASL1">
    <value valueType="integer">99</value>
  </variableValue>
  <variableValue variable="EDASL2">
    <value valueType="integer">98</value>
  </variableValue>
  <variableValue variable="NUMGCSAS">
    <value valueType="integer">11</value>
  </variableValue>
  <variableValue variable="N7LSGE">
    <value valueType="integer">0</value>
  </variableValue>
  <variableValue variable="EDGCASL1">
    <value valueType="integer">99</value>
  </variableValue>
  <variableValue variable="N7MORE11">
    <value valueType="integer">1</value>
  </variableValue>
  <variableValue variable="EDGCASL2">
    <value valueType="integer">99</value>
  </variableValue>
  <variableValue variable="EDSCOT1">
    <value valueType="integer">6</value>
  </variableValue>
  <variableValue variable="EDSCOT2">
    <value valueType="integer">6</value>
  </variableValue>
  <variableValue variable="EDSCOT3">
    <value valueType="integer">3</value>
  </variableValue>
  <variableValue variable="n7xlsd2">
    <value valueType="text">Lorem ipsum dolor sit amet, consectetur adipisicing elit, sed do eiusmod tempor incididunt ut labore et dolore magna aliqua. Ut enim ad minim veniam, quis nostrud exercitation ullamco laboris nisi ut aliquip ex ea commodo consequat. Duis aute irure dolor in reprehenderit in voluptate velit esse cillum dolore eu fugiat nulla pariatur. Excepteur sint occaecat cupidatat non proident, sunt in culpa qui officia deserunt mollit anim id est laborum.</value>
  </variableValue>
  <variableValue variable="EDSCOTYA">
    <value valueType="integer">89</value>
  </variableValue>
  <variableValue variable="N7LSGE2">
    <value valueType="integer">0</value>
  </variableValue>
  <variableValue variable="EDSCOTYB">
    <value valueType="integer">71</value>
  </variableValue>
  <variableValue variable="N7MORE12">
    <value valueType="integer">1</value>
  </variableValue>
  <variableValue variable="EDSCOTYC">
    <value valueType="integer">93</value>
  </variableValue>
  <variableValue variable="EDSCOTYD">
    <value valueType="integer">37</value>
  </variableValue>
  <variableValue variable="EDSCOTYE">
    <value valueType="integer">87</value>
  </variableValue>
  <variableValue variable="EDSCOTYF">
    <value valueType="integer">1</value>
  </variableValue>
  <variableValue variable="N7LSGE3">
    <value valueType="integer">0</value>
  </variableValue>
  <variableValue variable="EDSCOTYR">
    <value valueType="integer">49</value>
  </variableValue>
  <variableValue variable="N7MORE13">
    <value valueType="integer">1</value>
  </variableValue>
  <variableValue variable="EDDIPWHN">
    <value valueType="integer">51</value>
  </variableValue>
  <variableValue variable="NUMDEG">
    <value valueType="integer">8</value>
  </variableValue>
  <variableValue variable="n7xlsb4">
    <value valueType="text">Aliquam magna luctus sapien vehicula lacus inceptos et, vitae sodales natoque etiam potenti arcu, nibh sed pellentesque eget sociosqu nulla elementum sodales varius litora eleifend posuere, porttitor in sociis ultrices.  Blandit euismod nec dui auctor.  Litora sit parturient sed pretium mus ultricies ante.</value>
  </variableValue>
  <variableValue variable="NUMOTHDG">
    <value valueType="integer">99</value>
  </variableValue>
  <variableValue variable="n7xlsc4">
    <value valueType="text">Ad feugiat blandit sagittis erat nisi cubilia, libero mattis purus feugiat viverra.  Urna dis et facilisis tellus faucibus.  Lorem gravida euismod ultricies malesuada, cursus ad odio dui tincidunt dignissim dui dis nisl, felis condimentum congue sodales metus mi integer pellentesque cras, nostra arcu dis vitae.</value>
  </variableValue>
  <variableValue variable="NUMHGHDG">
    <value valueType="integer">72</value>
  </variableValue>
  <variableValue variable="N7LSGE4">
    <value valueType="integer">0</value>
  </variableValue>
  <variableValue variable="NUMPARAM">
    <value valueType="integer">13</value>
  </variableValue>
  <variableValue variable="N7MORE14">
    <value valueType="integer">2</value>
  </variableValue>
  <variableValue variable="PGCEWHEN">
    <value valueType="integer">78</value>
  </variableValue>
  <variableValue variable="NUMOTHT">
    <value valueType="integer">99</value>
  </variableValue>
  <variableValue variable="n7xlsb5">
    <value valueType="text">Lorem ipsum dolor sit amet, consectetur adipisicing elit, sed do eiusmod tempor incididunt ut labore et dolore magna aliqua. Ut enim ad minim veniam, quis nostrud exercitation ullamco laboris nisi ut aliquip ex ea commodo consequat. Duis aute irure dolor in reprehenderit in voluptate velit esse cillum dolore eu fugiat nulla pariatur. Excepteur sint occaecat cupidatat non proident, sunt in culpa qui officia deserunt mollit anim id est laborum.</value>
  </variableValue>
  <variableValue variable="VOCQUAL">
    <value valueType="integer">2</value>
  </variableValue>
  <variableValue variable="N7LSGE5">
    <value valueType="integer">0</value>
  </variableValue>
  <variableValue variable="VOCTYP12">
    <value valueType="integer">2</value>
  </variableValue>
  <variableValue variable="N7MORE15">
    <value valueType="integer">1</value>
  </variableValue>
  <variableValue variable="VOCTYP13">
    <value valueType="integer">3</value>
  </variableValue>
  <variableValue variable="VOCTYP14">
    <value valueType="integer">9</value>
  </variableValue>
  <variableValue variable="N7LSGE6">
    <value valueType="integer">0</value>
  </variableValue>
  <variableValue variable="VOCTYP15">
    <value valueType="integer">11</value>
  </variableValue>
  <variableValue variable="N7MORE16">
    <value valueType="integer">1</value>
  </variableValue>
  <variableValue variable="VOCTYP16">
    <value valueType="integer">6</value>
  </variableValue>
  <variableValue variable="n7xlsa7">
    <value valueType="text">Lorem ipsum dolor sit amet, consectetur adipisicing elit, sed do eiusmod tempor incididunt ut labore et dolore magna aliqua. Ut enim ad minim veniam, quis nostrud exercitation ullamco laboris nisi ut aliquip ex ea commodo consequat. Duis aute irure dolor in reprehenderit in voluptate velit esse cillum dolore eu fugiat nulla pariatur. Excepteur sint occaecat cupidatat non proident, sunt in culpa qui officia deserunt mollit anim id est laborum.</value>
  </variableValue>
  <variableValue variable="VOCTYP17">
    <value valueType="integer">8</value>
  </variableValue>
  <variableValue variable="N7LSGE7">
    <value valueType="integer">0</value>
  </variableValue>
  <variableValue variable="VOCBTEC">
    <value valueType="integer">98</value>
  </variableValue>
  <variableValue variable="N7MORE17">
    <value valueType="integer">2</value>
  </variableValue>
  <variableValue variable="VOCCITY">
    <value valueType="integer">48</value>
  </variableValue>
  <variableValue variable="VOCRSA">
    <value valueType="integer">98</value>
  </variableValue>
  <variableValue variable="N7LSGE8">
    <value valueType="integer">-6</value>
  </variableValue>
  <variableValue variable="VOCPITM">
    <value valueType="integer">8</value>
  </variableValue>
  <variableValue variable="N7MORE18">
    <value valueType="integer">2</value>
  </variableValue>
  <variableValue variable="VOCNVQ">
    <value valueType="integer">98</value>
  </variableValue>
  <variableValue variable="N7KHPB1">
    <value valueType="integer">1</value>
  </variableValue>
  <variableValue variable="VOCGNVQ">
    <value valueType="integer">67</value>
  </variableValue>
  <variableValue variable="N7HLDR">
    <value valueType="integer">2</value>
  </variableValue>
  <variableValue variable="VOCONC">
    <value valueType="integer">89</value>
  </variableValue>
  <variableValue variable="VOCHNC">
    <value valueType="integer">23</value>
  </variableValue>
  <variableValue variable="VOCAPPR">
    <value valueType="integer">95</value>
  </variableValue>
  <variableValue variable="VOCHGV">
    <value valueType="integer">36</value>
  </variableValue>
  <variableValue variable="VOCOTH">
    <value valueType="integer">99</value>
  </variableValue>
  <variableValue variable="OTHTRAIN">
    <value valueType="integer">1</value>
  </variableValue>
  <variableValue variable="CURRQUAL">
    <value valueType="integer">2</value>
  </variableValue>
  <variableValue variable="CURFTPT">
    <value valueType="integer">9</value>
  </variableValue>
  <variableValue variable="n7xhpc2">
    <value valueType="text">Lorem ipsum dolor sit amet, consectetur adipisicing elit, sed do eiusmod tempor incididunt ut labore et dolore magna aliqua. Ut enim ad minim veniam, quis nostrud exercitation ullamco laboris nisi ut aliquip ex ea commodo consequat. Duis aute irure dolor in reprehenderit in voluptate velit esse cillum dolore eu fugiat nulla pariatur. Excepteur sint occaecat cupidatat non proident, sunt in culpa qui officia deserunt mollit anim id est laborum.</value>
  </variableValue>
  <variableValue variable="CURTYPE1">
    <value valueType="integer">24</value>
  </variableValue>
  <variableValue variable="n7xhpa3">
    <value valueType="text">Nam donec tempor adipiscing curabitur nulla.  Odio pulvinar tincidunt sagittis quis nibh vivamus sed ut ante eleifend, nostra leo primis ultricies laoreet, nisl placerat nam consectetur etiam elit montes senectus litora.  Elit tortor mollis vehicula consequat nostra cubilia elementum quam, ligula justo lacinia ad velit vehicula dui.</value>
  </variableValue>
  <variableValue variable="YTS">
    <value valueType="integer">8</value>
  </variableValue>
  <variableValue variable="NUMYTS">
    <value valueType="integer">50</value>
  </variableValue>
  <variableValue variable="YTSNOW">
    <value valueType="integer">2</value>
  </variableValue>
  <variableValue variable="BIRTHYR">
    <value valueType="integer">1958</value>
  </variableValue>
  <variableValue variable="OTHGOV">
    <value valueType="integer">8</value>
  </variableValue>
  <variableValue variable="STROKE">
    <value valueType="integer">1</value>
  </variableValue>
  <variableValue variable="NUMGOV">
    <value valueType="integer">99</value>
  </variableValue>
  <variableValue variable="HIGHBP">
    <value valueType="integer">0</value>
  </variableValue>
  <variableValue variable="GOVNOW">
    <value valueType="integer">2</value>
  </variableValue>
  <variableValue variable="CDIAB">
    <value valueType="integer">0</value>
  </variableValue>
  <variableValue variable="APTRAIN">
    <value valueType="integer">1</value>
  </variableValue>
  <variableValue variable="ADIAB6">
    <value valueType="integer">0</value>
  </variableValue>
  <variableValue variable="NUMAP">
    <value valueType="integer">58</value>
  </variableValue>
  <variableValue variable="MI">
    <value valueType="integer">0</value>
  </variableValue>
  <variableValue variable="APNOW">
    <value valueType="integer">1</value>
  </variableValue>
  <variableValue variable="UIHD">
    <value valueType="integer">1</value>
  </variableValue>
  <variableValue variable="DOWNHIBP">
    <value valueType="integer">2</value>
  </variableValue>
  <variableValue variable="SIHD">
    <value valueType="integer">0</value>
  </variableValue>
  <variableValue variable="BP1AGE">
    <value valueType="integer">98</value>
  </variableValue>
  <variableValue variable="LIPREDUC">
    <value valueType="integer">1</value>
  </variableValue>
  <variableValue variable="BP112M">
    <value valueType="integer">1</value>
  </variableValue>
  <variableValue variable="ACEIA2RA">
    <value valueType="integer">1</value>
  </variableValue>
  <variableValue variable="DIAB">
    <value valueType="integer">2</value>
  </variableValue>
  <variableValue variable="THIAZIDE">
    <value valueType="integer">1</value>
  </variableValue>
  <variableValue variable="KINDDIA1">
    <value valueType="integer">1</value>
  </variableValue>
  <variableValue variable="CALCCHAN">
    <value valueType="integer">1</value>
  </variableValue>
  <variableValue variable="KINDDIA2">
    <value valueType="integer">2</value>
  </variableValue>
  <variableValue variable="ALADRENA">
    <value valueType="integer">0</value>
  </variableValue>
  <variableValue variable="KINDDIA3">
    <value valueType="integer">1</value>
  </variableValue>
  <variableValue variable="INSULINS">
    <value valueType="integer">0</value>
  </variableValue>
  <variableValue variable="DL1AGE">
    <value valueType="integer">98</value>
  </variableValue>
  <variableValue variable="DIADRUGS">
    <value valueType="integer">0</value>
  </variableValue>
  <variableValue variable="DL112M">
    <value valueType="integer">8</value>
  </variableValue>
  <variableValue variable="CTAE2">
    <value valueType="integer">283</value>
  </variableValue>
  <variableValue variable="DL1DOC">
    <value valueType="integer">1</value>
  </variableValue>
  <variableValue variable="DIAB_NCDS">
    <value valueType="integer">-5</value>
  </variableValue>
  <variableValue variable="DRINKS">
    <value valueType="integer">8</value>
  </variableValue>
  <variableValue variable="LPD_NCDS">
    <value valueType="integer">-5</value>
  </variableValue>
  <variableValue variable="BEER">
    <value valueType="integer">998</value>
  </variableValue>
  <variableValue variable="HBP_NCDS">
    <value valueType="integer">-3</value>
  </variableValue>
  <variableValue variable="SPIRITS">
    <value valueType="integer">999</value>
  </variableValue>
  <variableValue variable="EDU_CAT_NCDS">
    <value valueType="integer">2</value>
  </variableValue>
  <variableValue variable="WINE">
    <value valueType="integer">998</value>
  </variableValue>
  <variableValue variable="MI_NCDS">
    <value valueType="integer">1</value>
  </variableValue>
  <variableValue variable="SHERRY">
    <value valueType="integer">999</value>
  </variableValue>
  <variableValue variable="STROKE_NCDS">
    <value valueType="integer">1</value>
  </variableValue>
  <variableValue variable="POPS">
    <value valueType="integer">998</value>
  </variableValue>
  <variableValue variable="DIABS_NCDS">
    <value valueType="integer">1</value>
  </variableValue>
  <variableValue variable="OTHDRINK">
    <value valueType="integer">2</value>
  </variableValue>
  <variableValue variable="HYPERT_NCDS">
    <value valueType="integer">1</value>
  </variableValue>
  <variableValue variable="N622">
    <value valueType="integer">2</value>
  </variableValue>
  <variableValue variable="NURDATEM">
    <value valueType="integer">11</value>
  </variableValue>
  <variableValue variable="NURDATEY">
    <value valueType="integer">-2</value>
  </variableValue>
  <variableValue variable="PAGE">
    <value valueType="integer">88</value>
  </variableValue>
  <variableValue variable="AIRTEMP">
    <value valueType="integer">99</value>
  </variableValue>
  <variableValue variable="OMRONNO">
    <value valueType="integer">78</value>
  </variableValue>
  <variableValue variable="CUFSIZE">
    <value valueType="integer">1</value>
  </variableValue>
  <variableValue variable="SYSRES1">
    <value valueType="integer">0</value>
  </variableValue>
  <variableValue variable="SYSRES2">
    <value valueType="integer">91</value>
  </variableValue>
  <variableValue variable="SYSRES3">
    <value valueType="integer">55</value>
  </variableValue>
  <variableValue variable="DIASRES1">
    <value valueType="integer">64</value>
  </variableValue>
  <variableValue variable="DIASRES2">
    <value valueType="integer">49</value>
  </variableValue>
  <variableValue variable="DIASRES3">
    <value valueType="integer">30</value>
  </variableValue>
  <variableValue variable="PULSRES1">
    <value valueType="integer">1</value>
  </variableValue>
  <variableValue variable="PULSRES2">
    <value valueType="integer">62</value>
  </variableValue>
  <variableValue variable="PULSRES3">
    <value valueType="integer">68</value>
  </variableValue>
  <variableValue variable="BHEIGHT">
    <value valueType="decimal">81.81034043484091</value>
  </variableValue>
  <variableValue variable="BWEIGHT">
    <value valueType="decimal">56.787643047159506</value>
  </variableValue>
  <variableValue variable="WTSN">
    <value valueType="integer">77</value>
  </variableValue>
  <variableValue variable="WAIST">
    <value valueType="decimal">999.9</value>
  </variableValue>
  <variableValue variable="HIP">
    <value valueType="decimal">999.9</value>
  </variableValue>
  <variableValue variable="DONEHIP">
    <value valueType="integer">2</value>
  </variableValue>
  <variableValue variable="DONEWST">
    <value valueType="integer">1</value>
  </variableValue>
  <variableValue variable="CONSUB">
    <value valueType="integer">5</value>
  </variableValue>
  <variableValue variable="SAMPARM">
    <value valueType="integer">2</value>
  </variableValue>
  <variableValue variable="DRINKFQ">
    <value valueType="integer">3</value>
  </variableValue>
  <variableValue variable="DRINKANY">
    <value valueType="integer">2</value>
  </variableValue>
  <variableValue variable="DRINKDAY">
    <value valueType="integer">1</value>
  </variableValue>
  <variableValue variable="DRINKSIX">
    <value valueType="integer">5</value>
  </variableValue>
  <variableValue variable="DRHIGH">
    <value valueType="integer">1</value>
  </variableValue>
  <variableValue variable="DRMOST">
    <value valueType="integer">4</value>
  </variableValue>
  <variableValue variable="NUMMEDS">
    <value valueType="integer">65</value>
  </variableValue>
  <variableValue variable="MEDTYP1">
    <value valueType="integer">1</value>
  </variableValue>
  <variableValue variable="MEDTYP2">
    <value valueType="integer">0</value>
  </variableValue>
  <variableValue variable="MEDTYP3">
    <value valueType="integer">1</value>
  </variableValue>
  <variableValue variable="MEDTYP4">
    <value valueType="integer">0</value>
  </variableValue>
  <variableValue variable="MEDTYP5">
    <value valueType="integer">1</value>
  </variableValue>
  <variableValue variable="MEDTYP6">
    <value valueType="integer">1</value>
  </variableValue>
  <variableValue variable="MEDTYP7">
    <value valueType="integer">0</value>
  </variableValue>
  <variableValue variable="MEDTYP8">
    <value valueType="integer">1</value>
  </variableValue>
  <variableValue variable="MEDTYP9">
    <value valueType="integer">0</value>
  </variableValue>
  <variableValue variable="MEDTYP10">
    <value valueType="integer">1</value>
  </variableValue>
  <variableValue variable="MEDTYP11">
    <value valueType="integer">0</value>
  </variableValue>
  <variableValue variable="MEDTYP12">
    <value valueType="integer">0</value>
  </variableValue>
  <variableValue variable="MEDTYP13">
    <value valueType="integer">1</value>
  </variableValue>
  <variableValue variable="MEDTYP14">
    <value valueType="integer">1</value>
  </variableValue>
  <variableValue variable="WORKYEAR">
    <value valueType="integer">1</value>
  </variableValue>
  <variableValue variable="WKMILES">
    <value valueType="decimal">95.5131496589952</value>
  </variableValue>
  <variableValue variable="WKTRIPS">
    <value valueType="integer">92</value>
  </variableValue>
  <variableValue variable="WKMOTOR">
    <value valueType="integer">1</value>
  </variableValue>
  <variableValue variable="WKBIKE">
    <value valueType="integer">1</value>
  </variableValue>
  <variableValue variable="WKWALK">
    <value valueType="integer">1</value>
  </variableValue>
  <variableValue variable="SITLT">
    <value valueType="integer">2</value>
  </variableValue>
  <variableValue variable="SITLTHR">
    <value valueType="decimal">44.11119391096755</value>
  </variableValue>
  <variableValue variable="SITMOD">
    <value valueType="integer">1</value>
  </variableValue>
  <variableValue variable="SITMODHR">
    <value valueType="decimal">69.6889776874376</value>
  </variableValue>
  <variableValue variable="STDLT">
    <value valueType="integer">1</value>
  </variableValue>
  <variableValue variable="STDLTHR">
    <value valueType="decimal">63.87927722129234</value>
  </variableValue>
  <variableValue variable="STDLM">
    <value valueType="integer">1</value>
  </variableValue>
  <variableValue variable="STDLMHR">
    <value valueType="decimal">54.62594821508584</value>
  </variableValue>
  <variableValue variable="STDMOD">
    <value valueType="integer">2</value>
  </variableValue>
  <variableValue variable="STDMODHR">
    <value valueType="decimal">18.305344253159937</value>
  </variableValue>
  <variableValue variable="STDMH">
    <value valueType="integer">1</value>
  </variableValue>
  <variableValue variable="STDMHHR">
    <value valueType="decimal">76.90401490918092</value>
  </variableValue>
  <variableValue variable="WLKLT">
    <value valueType="integer">1</value>
  </variableValue>
  <variableValue variable="WLKLTHR">
    <value valueType="decimal">30.652838742422762</value>
  </variableValue>
  <variableValue variable="WLKHV">
    <value valueType="integer">1</value>
  </variableValue>
  <variableValue variable="WLKHVHR">
    <value valueType="decimal">52.69582783269387</value>
  </variableValue>
  <variableValue variable="MOVOB">
    <value valueType="integer">2</value>
  </variableValue>
  <variableValue variable="MOVOBHR">
    <value valueType="decimal">24.64431374218262</value>
  </variableValue>
  <variableValue variable="WKOTH1HR">
    <value valueType="decimal">6.620997870488821</value>
  </variableValue>
  <variableValue variable="WKOTH2HR">
    <value valueType="decimal">14.833523096547374</value>
  </variableValue>
  <variableValue variable="WKSTAIR">
    <value valueType="integer">46</value>
  </variableValue>
  <variableValue variable="WKLADD">
    <value valueType="integer">20</value>
  </variableValue>
  <variableValue variable="TRAVCAR">
    <value valueType="integer">2</value>
  </variableValue>
  <variableValue variable="TRAVPUB">
    <value valueType="integer">2</value>
  </variableValue>
  <variableValue variable="BIKETOT">
    <value valueType="integer">22</value>
  </variableValue>
  <variableValue variable="BIKELESS">
    <value valueType="integer">34</value>
  </variableValue>
  <variableValue variable="BIKEONE">
    <value valueType="integer">55</value>
  </variableValue>
  <variableValue variable="BIKETWO">
    <value valueType="integer">13</value>
  </variableValue>
  <variableValue variable="BIKETHRE">
    <value valueType="integer">55</value>
  </variableValue>
  <variableValue variable="BIKEFIVE">
    <value valueType="integer">5</value>
  </variableValue>
  <variableValue variable="BIKEMORE">
    <value valueType="integer">53</value>
  </variableValue>
  <variableValue variable="WALKTOT">
    <value valueType="integer">76</value>
  </variableValue>
  <variableValue variable="WALKLESS">
    <value valueType="integer">65</value>
  </variableValue>
  <variableValue variable="WALKONE">
    <value valueType="integer">68</value>
  </variableValue>
  <variableValue variable="WALKTWO">
    <value valueType="integer">97</value>
  </variableValue>
  <variableValue variable="WALKTHRE">
    <value valueType="integer">83</value>
  </variableValue>
  <variableValue variable="WALKFIVE">
    <value valueType="integer">97</value>
  </variableValue>
  <variableValue variable="WALKMORE">
    <value valueType="integer">25</value>
  </variableValue>
  <variableValue variable="PAIDWORK">
    <value valueType="integer">1</value>
  </variableValue>
  <variableValue variable="WORKHRS">
    <value valueType="decimal">65.43493523895569</value>
  </variableValue>
  <variableValue variable="OTHERWK">
    <value valueType="integer">2</value>
  </variableValue>
  <variableValue variable="MILKTYPE">
    <value valueType="integer">1</value>
  </variableValue>
  <variableValue variable="MILKCOFF">
    <value valueType="integer">2</value>
  </variableValue>
  <variableValue variable="MILKTEA">
    <value valueType="integer">3</value>
  </variableValue>
  <variableValue variable="DRINKTEA">
    <value valueType="integer">5</value>
  </variableValue>
  <variableValue variable="DRINKCOF">
    <value valueType="integer">4</value>
  </variableValue>
  <variableValue variable="DRINKMLK">
    <value valueType="integer">7</value>
  </variableValue>
  <variableValue variable="CEREAL">
    <value valueType="integer">1</value>
  </variableValue>
  <variableValue variable="SAVOURY">
    <value valueType="integer">3</value>
  </variableValue>
  <variableValue variable="PUDDING">
    <value valueType="integer">8</value>
  </variableValue>
  <variableValue variable="HDCHEESE">
    <value valueType="integer">2</value>
  </variableValue>
  <variableValue variable="SFTCHEES">
    <value valueType="integer">8</value>
  </variableValue>
  <variableValue variable="MARGE">
    <value valueType="integer">3</value>
  </variableValue>
  <variableValue variable="BUTTER">
    <value valueType="integer">5</value>
  </variableValue>
  <variableValue variable="WHITEFSH">
    <value valueType="integer">2</value>
  </variableValue>
  <variableValue variable="OILYFSH">
    <value valueType="integer">2</value>
  </variableValue>
  <variableValue variable="TINTUNA">
    <value valueType="integer">5</value>
  </variableValue>
  <variableValue variable="SALTCOOK">
    <value valueType="integer">1</value>
  </variableValue>
  <variableValue variable="SALTEAT">
    <value valueType="integer">3</value>
  </variableValue>
  <variableValue variable="DIETSUPP">
    <value valueType="integer">1</value>
  </variableValue>
  <variableValue variable="COVITMIN">
    <value valueType="integer">3</value>
  </variableValue>
  <variableValue variable="SINGLEVM">
    <value valueType="integer">4</value>
  </variableValue>
  <variableValue variable="CODFISH">
    <value valueType="integer">2</value>
  </variableValue>
  <variableValue variable="EVENPRIM">
    <value valueType="integer">3</value>
  </variableValue>
  <variableValue variable="OTHSUPP">
    <value valueType="integer">4</value>
  </variableValue>
  <variableValue variable="VITS11">
    <value valueType="integer">-8</value>
  </variableValue>
  <variableValue variable="VITS1101">
    <value valueType="integer">0</value>
  </variableValue>
  <variableValue variable="VITS1102">
    <value valueType="integer">-8</value>
  </variableValue>
  <variableValue variable="VITS1103">
    <value valueType="integer">1</value>
  </variableValue>
  <variableValue variable="VITS1104">
    <value valueType="integer">1</value>
  </variableValue>
  <variableValue variable="VITS1105">
    <value valueType="integer">0</value>
  </variableValue>
  <variableValue variable="VITS1106">
    <value valueType="integer">1</value>
  </variableValue>
  <variableValue variable="VITS1107">
    <value valueType="integer">1</value>
  </variableValue>
  <variableValue variable="VITS1108">
    <value valueType="integer">-8</value>
  </variableValue>
  <variableValue variable="VITS1109">
    <value valueType="integer">-8</value>
  </variableValue>
  <variableValue variable="VITS1110">
    <value valueType="integer">0</value>
  </variableValue>
  <variableValue variable="VITS1111">
    <value valueType="integer">0</value>
  </variableValue>
  <variableValue variable="SWIMSLO">
    <value valueType="integer">8</value>
  </variableValue>
  <variableValue variable="SWIMSLOH">
    <value valueType="integer">29</value>
  </variableValue>
  <variableValue variable="SWIMSLOM">
    <value valueType="integer">50</value>
  </variableValue>
  <variableValue variable="SWIMLAP">
    <value valueType="integer">4</value>
  </variableValue>
  <variableValue variable="SWIMLAPH">
    <value valueType="integer">40</value>
  </variableValue>
  <variableValue variable="SWIMLAPM">
    <value valueType="integer">36</value>
  </variableValue>
  <variableValue variable="EASYWLK">
    <value valueType="integer">8</value>
  </variableValue>
  <variableValue variable="EASYWLKH">
    <value valueType="integer">87</value>
  </variableValue>
  <variableValue variable="EASYWLKM">
    <value valueType="integer">72</value>
  </variableValue>
  <variableValue variable="HILLWLK">
    <value valueType="integer">5</value>
  </variableValue>
  <variableValue variable="HILLWLKH">
    <value valueType="integer">79</value>
  </variableValue>
  <variableValue variable="HILLWLKM">
    <value valueType="integer">2</value>
  </variableValue>
  <variableValue variable="BIKESLO">
    <value valueType="integer">6</value>
  </variableValue>
  <variableValue variable="BIKESLOH">
    <value valueType="integer">31</value>
  </variableValue>
  <variableValue variable="BIKESLOM">
    <value valueType="integer">4</value>
  </variableValue>
  <variableValue variable="BIKEHD">
    <value valueType="integer">1</value>
  </variableValue>
  <variableValue variable="BIKEHDH">
    <value valueType="integer">82</value>
  </variableValue>
  <variableValue variable="BIKEHDM">
    <value valueType="integer">21</value>
  </variableValue>
  <variableValue variable="LAWNMO">
    <value valueType="integer">1</value>
  </variableValue>
  <variableValue variable="LAWNMOH">
    <value valueType="integer">20</value>
  </variableValue>
  <variableValue variable="LAWNMOM">
    <value valueType="integer">79</value>
  </variableValue>
  <variableValue variable="GWATER">
    <value valueType="integer">5</value>
  </variableValue>
  <variableValue variable="GWATERH">
    <value valueType="integer">58</value>
  </variableValue>
  <variableValue variable="GWATERM">
    <value valueType="integer">81</value>
  </variableValue>
  <variableValue variable="DIGCHOP">
    <value valueType="integer">4</value>
  </variableValue>
  <variableValue variable="DIGCHOPH">
    <value valueType="integer">74</value>
  </variableValue>
  <variableValue variable="DIGCHOPM">
    <value valueType="integer">73</value>
  </variableValue>
  <variableValue variable="WEEDING">
    <value valueType="integer">7</value>
  </variableValue>
  <variableValue variable="WEEDINGH">
    <value valueType="integer">43</value>
  </variableValue>
  <variableValue variable="WEEDINGM">
    <value valueType="integer">14</value>
  </variableValue>
  <variableValue variable="DIY">
    <value valueType="integer">1</value>
  </variableValue>
  <variableValue variable="DIYH">
    <value valueType="integer">8</value>
  </variableValue>
  <variableValue variable="DIYM">
    <value valueType="integer">42</value>
  </variableValue>
  <variableValue variable="AEROBHI">
    <value valueType="integer">7</value>
  </variableValue>
  <variableValue variable="AEROBHIH">
    <value valueType="integer">10</value>
  </variableValue>
  <variableValue variable="AEROBHIM">
    <value valueType="integer">43</value>
  </variableValue>
  <variableValue variable="AEROBLO">
    <value valueType="integer">4</value>
  </variableValue>
  <variableValue variable="AEROBLOH">
    <value valueType="integer">100</value>
  </variableValue>
  <variableValue variable="AEROBLOM">
    <value valueType="integer">58</value>
  </variableValue>
  <variableValue variable="GYMWT">
    <value valueType="integer">8</value>
  </variableValue>
  <variableValue variable="GYMWTH">
    <value valueType="integer">9</value>
  </variableValue>
  <variableValue variable="GYMWTM">
    <value valueType="integer">55</value>
  </variableValue>
  <variableValue variable="GYMCV">
    <value valueType="integer">1</value>
  </variableValue>
  <variableValue variable="GYMCVH">
    <value valueType="integer">28</value>
  </variableValue>
  <variableValue variable="GYMCVM">
    <value valueType="integer">73</value>
  </variableValue>
  <variableValue variable="GYMFLR">
    <value valueType="integer">4</value>
  </variableValue>
  <variableValue variable="GYMFLRH">
    <value valueType="integer">51</value>
  </variableValue>
  <variableValue variable="GYMFLRM">
    <value valueType="integer">60</value>
  </variableValue>
  <variableValue variable="DANCE">
    <value valueType="integer">4</value>
  </variableValue>
  <variableValue variable="DANCEH">
    <value valueType="integer">43</value>
  </variableValue>
  <variableValue variable="DANCEM">
    <value valueType="integer">62</value>
  </variableValue>
  <variableValue variable="RUNNING">
    <value valueType="integer">5</value>
  </variableValue>
  <variableValue variable="RUNNINGH">
    <value valueType="integer">10</value>
  </variableValue>
  <variableValue variable="RUNNINGM">
    <value valueType="integer">54</value>
  </variableValue>
  <variableValue variable="JOGGING">
    <value valueType="integer">6</value>
  </variableValue>
  <variableValue variable="JOGGINGH">
    <value valueType="integer">18</value>
  </variableValue>
  <variableValue variable="JOGGINGM">
    <value valueType="integer">84</value>
  </variableValue>
  <variableValue variable="BOWLING">
    <value valueType="integer">5</value>
  </variableValue>
  <variableValue variable="BOWLINGH">
    <value valueType="integer">14</value>
  </variableValue>
  <variableValue variable="BOWLINGM">
    <value valueType="integer">78</value>
  </variableValue>
  <variableValue variable="TENNIS">
    <value valueType="integer">3</value>
  </variableValue>
  <variableValue variable="TENNISH">
    <value valueType="integer">79</value>
  </variableValue>
  <variableValue variable="TENNISM">
    <value valueType="integer">7</value>
  </variableValue>
  <variableValue variable="SQUASH">
    <value valueType="integer">7</value>
  </variableValue>
  <variableValue variable="SQUASHH">
    <value valueType="integer">17</value>
  </variableValue>
  <variableValue variable="SQUASHM">
    <value valueType="integer">83</value>
  </variableValue>
  <variableValue variable="TABTEN">
    <value valueType="integer">7</value>
  </variableValue>
  <variableValue variable="TABTENH">
    <value valueType="integer">74</value>
  </variableValue>
  <variableValue variable="TABTENM">
    <value valueType="integer">100</value>
  </variableValue>
  <variableValue variable="GOLF">
    <value valueType="integer">8</value>
  </variableValue>
  <variableValue variable="GOLFH">
    <value valueType="integer">-1</value>
  </variableValue>
  <variableValue variable="GOLFM">
    <value valueType="integer">17</value>
  </variableValue>
  <variableValue variable="FOOTIE">
    <value valueType="integer">8</value>
  </variableValue>
  <variableValue variable="FOOTIEH">
    <value valueType="integer">75</value>
  </variableValue>
  <variableValue variable="FOOTIEM">
    <value valueType="integer">51</value>
  </variableValue>
  <variableValue variable="CRICKET">
    <value valueType="integer">4</value>
  </variableValue>
  <variableValue variable="CRICKETH">
    <value valueType="integer">77</value>
  </variableValue>
  <variableValue variable="CRICKETM">
    <value valueType="integer">35</value>
  </variableValue>
  <variableValue variable="ROWING">
    <value valueType="integer">7</value>
  </variableValue>
  <variableValue variable="ROWINGH">
    <value valueType="integer">57</value>
  </variableValue>
  <variableValue variable="ROWINGM">
    <value valueType="integer">89</value>
  </variableValue>
  <variableValue variable="NETBALL">
    <value valueType="integer">2</value>
  </variableValue>
  <variableValue variable="NETBALLH">
    <value valueType="integer">93</value>
  </variableValue>
  <variableValue variable="NETBALLM">
    <value valueType="integer">55</value>
  </variableValue>
  <variableValue variable="FISHING">
    <value valueType="integer">8</value>
  </variableValue>
  <variableValue variable="FISHINGH">
    <value valueType="integer">95</value>
  </variableValue>
  <variableValue variable="FISHINGM">
    <value valueType="integer">5</value>
  </variableValue>
  <variableValue variable="HRIDING">
    <value valueType="integer">7</value>
  </variableValue>
  <variableValue variable="HRIDINGH">
    <value valueType="integer">64</value>
  </variableValue>
  <variableValue variable="HRIDINGM">
    <value valueType="integer">39</value>
  </variableValue>
  <variableValue variable="SNOOKER">
    <value valueType="integer">1</value>
  </variableValue>
  <variableValue variable="SNOOKERH">
    <value valueType="integer">24</value>
  </variableValue>
  <variableValue variable="SNOOKERM">
    <value valueType="integer">8</value>
  </variableValue>
  <variableValue variable="MUSIC">
    <value valueType="integer">1</value>
  </variableValue>
  <variableValue variable="MUSICH">
    <value valueType="integer">50</value>
  </variableValue>
  <variableValue variable="MUSICM">
    <value valueType="integer">55</value>
  </variableValue>
  <variableValue variable="SKATING">
    <value valueType="integer">7</value>
  </variableValue>
  <variableValue variable="SKATINGH">
    <value valueType="integer">68</value>
  </variableValue>
  <variableValue variable="SKATINGM">
    <value valueType="integer">48</value>
  </variableValue>
  <variableValue variable="SAILING">
    <value valueType="integer">3</value>
  </variableValue>
  <variableValue variable="SAILINGH">
    <value valueType="integer">27</value>
  </variableValue>
  <variableValue variable="SAILINGM">
    <value valueType="integer">17</value>
  </variableValue>
  <variableValue variable="SKIING">
    <value valueType="integer">3</value>
  </variableValue>
  <variableValue variable="SKIINGH">
    <value valueType="integer">78</value>
  </variableValue>
  <variableValue variable="SKIINGM">
    <value valueType="integer">90</value>
  </variableValue>
  <variableValue variable="BOXING">
    <value valueType="integer">2</value>
  </variableValue>
  <variableValue variable="BOXINGH">
    <value valueType="integer">72</value>
  </variableValue>
  <variableValue variable="BOXINGM">
    <value valueType="integer">62</value>
  </variableValue>
  <variableValue variable="EXOTH1">
    <value valueType="integer">5</value>
  </variableValue>
  <variableValue variable="EXOTH1H">
    <value valueType="integer">26</value>
  </variableValue>
  <variableValue variable="EXOTH1M">
    <value valueType="integer">4</value>
  </variableValue>
  <variableValue variable="EXOTH2">
    <value valueType="integer">8</value>
  </variableValue>
  <variableValue variable="EXOTH2H">
    <value valueType="integer">-2</value>
  </variableValue>
  <variableValue variable="EXOTH2M">
    <value valueType="integer">77</value>
  </variableValue>
  <variableValue variable="TVTIME">
    <value valueType="integer">6</value>
  </variableValue>
  <variableValue variable="PCTIME">
    <value valueType="integer">5</value>
  </variableValue>
  <variableValue variable="SWIMSLOT">
    <value valueType="integer">25</value>
  </variableValue>
  <variableValue variable="SWIMLAPT">
    <value valueType="integer">53</value>
  </variableValue>
  <variableValue variable="EASYWLKT">
    <value valueType="integer">100</value>
  </variableValue>
  <variableValue variable="HILLWLKT">
    <value valueType="integer">44</value>
  </variableValue>
  <variableValue variable="BIKESLOT">
    <value valueType="integer">95</value>
  </variableValue>
  <variableValue variable="BIKEHDT">
    <value valueType="integer">25</value>
  </variableValue>
  <variableValue variable="LAWNMOT">
    <value valueType="integer">39</value>
  </variableValue>
  <variableValue variable="GWATERT">
    <value valueType="integer">88</value>
  </variableValue>
  <variableValue variable="DIGCHOPT">
    <value valueType="integer">75</value>
  </variableValue>
  <variableValue variable="WEEDINGT">
    <value valueType="integer">3</value>
  </variableValue>
  <variableValue variable="DIYT">
    <value valueType="integer">0</value>
  </variableValue>
  <variableValue variable="AEROBHIT">
    <value valueType="integer">86</value>
  </variableValue>
  <variableValue variable="AEROBLOT">
    <value valueType="integer">98</value>
  </variableValue>
  <variableValue variable="GYMWTT">
    <value valueType="integer">23</value>
  </variableValue>
  <variableValue variable="GYMCVT">
    <value valueType="integer">64</value>
  </variableValue>
  <variableValue variable="GYMFLRT">
    <value valueType="integer">54</value>
  </variableValue>
  <variableValue variable="DANCET">
    <value valueType="integer">28</value>
  </variableValue>
  <variableValue variable="RUNNINGT">
    <value valueType="integer">10</value>
  </variableValue>
  <variableValue variable="JOGGINGT">
    <value valueType="integer">25</value>
  </variableValue>
  <variableValue variable="BOWLINGT">
    <value valueType="integer">53</value>
  </variableValue>
  <variableValue variable="TENNIST">
    <value valueType="integer">28</value>
  </variableValue>
  <variableValue variable="SQUASHT">
    <value valueType="integer">17</value>
  </variableValue>
  <variableValue variable="TABTENT">
    <value valueType="integer">27</value>
  </variableValue>
  <variableValue variable="GOLFT">
    <value valueType="integer">47</value>
  </variableValue>
  <variableValue variable="FOOTIET">
    <value valueType="integer">74</value>
  </variableValue>
  <variableValue variable="CRICKETT">
    <value valueType="integer">74</value>
  </variableValue>
  <variableValue variable="ROWINGT">
    <value valueType="integer">82</value>
  </variableValue>
  <variableValue variable="NETBALLT">
    <value valueType="integer">42</value>
  </variableValue>
  <variableValue variable="FISHINGT">
    <value valueType="integer">68</value>
  </variableValue>
  <variableValue variable="HRIDINGT">
    <value valueType="integer">50</value>
  </variableValue>
  <variableValue variable="SNOOKERT">
    <value valueType="integer">87</value>
  </variableValue>
  <variableValue variable="MUSICT">
    <value valueType="integer">56</value>
  </variableValue>
  <variableValue variable="SKATINGT">
    <value valueType="integer">79</value>
  </variableValue>
  <variableValue variable="SAILINGT">
    <value valueType="integer">38</value>
  </variableValue>
  <variableValue variable="SKIINGT">
    <value valueType="integer">18</value>
  </variableValue>
  <variableValue variable="BOXINGT">
    <value valueType="integer">72</value>
  </variableValue>
  <variableValue variable="EXOTH1T">
    <value valueType="integer">56</value>
  </variableValue>
  <variableValue variable="EXOTH2T">
    <value valueType="integer">92</value>
  </variableValue>
  <variableValue variable="ECACTIV">
    <value valueType="integer">2</value>
  </variableValue>
  <variableValue variable="STARTDAT">
    <value valueType="integer">17</value>
  </variableValue>
  <variableValue variable="STARTM">
    <value valueType="integer">12</value>
  </variableValue>
  <variableValue variable="STARTY">
    <value valueType="integer">49</value>
  </variableValue>
  <variableValue variable="MARITAL">
    <value valueType="integer">4</value>
  </variableValue>
  <variableValue variable="COUPLE">
    <value valueType="integer">3</value>
  </variableValue>
  <variableValue variable="BLDDAY">
    <value valueType="integer">-2</value>
  </variableValue>
  <variableValue variable="BLDMONTH">
    <value valueType="integer">-1</value>
  </variableValue>
  <variableValue variable="BLDYEAR">
    <value valueType="integer">-2</value>
  </variableValue>
  <variableValue variable="DAYRNL">
    <value valueType="integer">-2</value>
  </variableValue>
  <variableValue variable="MONTHRNL">
    <value valueType="integer">10</value>
  </variableValue>
  <variableValue variable="YEARRNL">
    <value valueType="integer">-2</value>
  </variableValue>
  <variableValue variable="CHOL">
    <value valueType="decimal">-2.0</value>
  </variableValue>
  <variableValue variable="TRIG">
    <value valueType="decimal">-1.0</value>
  </variableValue>
  <variableValue variable="HDL">
    <value valueType="decimal">-2.0</value>
  </variableValue>
  <variableValue variable="LDL">
    <value valueType="decimal">-2.0</value>
  </variableValue>
  <variableValue variable="HBA1C">
    <value valueType="decimal">-2.0</value>
  </variableValue>
  <variableValue variable="BL_HR">
    <value valueType="integer">-1</value>
  </variableValue>
  <variableValue variable="SMOK42_1">
    <value valueType="integer">2</value>
  </variableValue>
  <variableValue variable="SMOK42_2">
    <value valueType="integer">2</value>
  </variableValue>
  <variableValue variable="SC42_1">
    <value valueType="integer">20</value>
  </variableValue>
  <variableValue variable="SC0_1">
    <value valueType="integer">32</value>
  </variableValue>
  <variableValue variable="REG0_58">
    <value valueType="integer">11</value>
  </variableValue>
  <variableValue variable="REG46_04">
    <value valueType="integer">8</value>
  </variableValue>
  <variableValue variable="N7DLASNT">
    <value valueType="integer">2</value>
  </variableValue>
  <variableValue variable="N7IAMT">
    <value valueType="integer">999999</value>
  </variableValue>
  <variableValue variable="N7ESTINC">
    <value valueType="integer">16</value>
  </variableValue>
  <variableValue variable="ND7INC01">
    <value valueType="integer">1</value>
  </variableValue>
  <variableValue variable="ND7INC02">
    <value valueType="integer">0</value>
  </variableValue>
  <variableValue variable="ND7INC03">
    <value valueType="integer">0</value>
  </variableValue>
  <variableValue variable="ND7INC04">
    <value valueType="integer">1</value>
  </variableValue>
  <variableValue variable="ND7INC05">
    <value valueType="integer">1</value>
  </variableValue>
</valueSet>