<variables>
  <variable name="V625" valueType="integer" entityType="Participant" unit="mmHg" mimeType="" referencedEntityType="" index="1">
    <attributes>
      <attribute name="Circulation" namespace="Mlstr_physmeas" valueType="text">Blood_Pressure_ambulatory_blood_pressure_monitor</attribute>
      <attribute name="Target" namespace="Mlstr_additional" valueType="text">Participant</attribute>
      <attribute name="Physical_measures" namespace="Mlstr_area" valueType="text">Circulation_respiration</attribute>
      <attribute name="label" valueType="text" locale="en">24H DIASTOLIC BP</attribute>
      <attribute name="Source" namespace="Mlstr_additional" valueType="text">Physical_measure</attribute>
    </attributes>
  </variable>
  <variable name="V628" valueType="integer" entityType="Participant" unit="mmHg" mimeType="" referencedEntityType="" index="2">
    <attributes>
      <attribute name="Circulation" namespace="Mlstr_physmeas" valueType="text">Blood_Pressure_ambulatory_blood_pressure_monitor</attribute>
      <attribute name="Target" namespace="Mlstr_additional" valueType="text">Participant</attribute>
      <attribute name="Physical_measures" namespace="Mlstr_area" valueType="text">Circulation_respiration</attribute>
      <attribute name="label" valueType="text" locale="en">24H MEAN ARTERIAL BP</attribute>
      <attribute name="Source" namespace="Mlstr_additional" valueType="text">Physical_measure</attribute>
    </attributes>
  </variable>
  <variable name="V631" valueType="integer" entityType="Participant" unit="beats/min" mimeType="" referencedEntityType="" index="3">
    <attributes>
      <attribute name="Circulation" namespace="Mlstr_physmeas" valueType="text">Blood_Pressure_ambulatory_blood_pressure_monitor</attribute>
      <attribute name="Target" namespace="Mlstr_additional" valueType="text">Participant</attribute>
      <attribute name="Physical_measures" namespace="Mlstr_area" valueType="text">Circulation_respiration</attribute>
      <attribute name="label" valueType="text" locale="en">24H PULSE RATE</attribute>
      <attribute name="Source" namespace="Mlstr_additional" valueType="text">Physical_measure</attribute>
    </attributes>
  </variable>
  <variable name="V622" valueType="integer" entityType="Participant" unit="mmHg" mimeType="" referencedEntityType="" index="4">
    <attributes>
      <attribute name="Circulation" namespace="Mlstr_physmeas" valueType="text">Blood_Pressure_ambulatory_blood_pressure_monitor</attribute>
      <attribute name="Target" namespace="Mlstr_additional" valueType="text">Participant</attribute>
      <attribute name="Physical_measures" namespace="Mlstr_area" valueType="text">Circulation_respiration</attribute>
      <attribute name="label" valueType="text" locale="en">24H SYSTOLIC BP</attribute>
      <attribute name="Source" namespace="Mlstr_additional" valueType="text">Physical_measure</attribute>
    </attributes>
  </variable>
  <variable name="AGE77" valueType="integer" entityType="Participant" unit="years" mimeType="" referencedEntityType="" index="5">
    <attributes>
      <attribute name="Target" namespace="Mlstr_additional" valueType="text">Participant</attribute>
      <attribute name="Sociodemographic_economic_characteristics" namespace="Mlstr_area" valueType="text">Age</attribute>
      <attribute name="label" valueType="text" locale="en">AGE</attribute>
      <attribute name="Source" namespace="Mlstr_additional" valueType="text">Questionnaire</attribute>
    </attributes>
  </variable>
  <variable name="V744" valueType="integer" entityType="Participant" unit="mm" mimeType="" referencedEntityType="" index="6">
    <attributes>
      <attribute name="Circulation" namespace="Mlstr_physmeas" valueType="text">Heart_Function_ECG</attribute>
      <attribute name="Target" namespace="Mlstr_additional" valueType="text">Participant</attribute>
      <attribute name="Physical_measures" namespace="Mlstr_area" valueType="text">Circulation_respiration</attribute>
      <attribute name="label" valueType="text" locale="en">AMPLITUDE RaVL</attribute>
      <attribute name="Source" namespace="Mlstr_additional" valueType="text">Physical_measure</attribute>
    </attributes>
  </variable>
  <variable name="V742" valueType="integer" entityType="Participant" unit="mm" mimeType="" referencedEntityType="" index="7">
    <attributes>
      <attribute name="Circulation" namespace="Mlstr_physmeas" valueType="text">Heart_Function_ECG</attribute>
      <attribute name="Target" namespace="Mlstr_additional" valueType="text">Participant</attribute>
      <attribute name="Physical_measures" namespace="Mlstr_area" valueType="text">Circulation_respiration</attribute>
      <attribute name="label" valueType="text" locale="en">AMPLITUDE Rv5</attribute>
      <attribute name="Source" namespace="Mlstr_additional" valueType="text">Physical_measure</attribute>
    </attributes>
  </variable>
  <variable name="V743" valueType="integer" entityType="Participant" unit="mm" mimeType="" referencedEntityType="" index="8">
    <attributes>
      <attribute name="Circulation" namespace="Mlstr_physmeas" valueType="text">Heart_Function_ECG</attribute>
      <attribute name="Target" namespace="Mlstr_additional" valueType="text">Participant</attribute>
      <attribute name="Physical_measures" namespace="Mlstr_area" valueType="text">Circulation_respiration</attribute>
      <attribute name="label" valueType="text" locale="en">AMPLITUDE Rv6</attribute>
      <attribute name="Source" namespace="Mlstr_additional" valueType="text">Physical_measure</attribute>
    </attributes>
  </variable>
  <variable name="V739" valueType="integer" entityType="Participant" unit="mm" mimeType="" referencedEntityType="" index="9">
    <attributes>
      <attribute name="Circulation" namespace="Mlstr_physmeas" valueType="text">Heart_Function_ECG</attribute>
      <attribute name="Target" namespace="Mlstr_additional" valueType="text">Participant</attribute>
      <attribute name="Physical_measures" namespace="Mlstr_area" valueType="text">Circulation_respiration</attribute>
      <attribute name="label" valueType="text" locale="en">AMPLITUDE Sv1</attribute>
      <attribute name="Source" namespace="Mlstr_additional" valueType="text">Physical_measure</attribute>
    </attributes>
  </variable>
  <variable name="V740" valueType="integer" entityType="Participant" unit="mm" mimeType="" referencedEntityType="" index="10">
    <attributes>
      <attribute name="Circulation" namespace="Mlstr_physmeas" valueType="text">Heart_Function_ECG</attribute>
      <attribute name="Target" namespace="Mlstr_additional" valueType="text">Participant</attribute>
      <attribute name="Physical_measures" namespace="Mlstr_area" valueType="text">Circulation_respiration</attribute>
      <attribute name="label" valueType="text" locale="en">AMPLITUDE Sv2</attribute>
      <attribute name="Source" namespace="Mlstr_additional" valueType="text">Physical_measure</attribute>
    </attributes>
  </variable>
  <variable name="V741" valueType="integer" entityType="Participant" unit="mm" mimeType="" referencedEntityType="" index="11">
    <attributes>
      <attribute name="Circulation" namespace="Mlstr_physmeas" valueType="text">Heart_Function_ECG</attribute>
      <attribute name="Target" namespace="Mlstr_additional" valueType="text">Participant</attribute>
      <attribute name="Physical_measures" namespace="Mlstr_area" valueType="text">Circulation_respiration</attribute>
      <attribute name="label" valueType="text" locale="en">AMPLITUDE Sv3</attribute>
      <attribute name="Source" namespace="Mlstr_additional" valueType="text">Physical_measure</attribute>
    </attributes>
  </variable>
  <variable name="V501" valueType="integer" entityType="Participant" unit="g/l" mimeType="" referencedEntityType="" index="12">
    <attributes>
      <attribute name="Target" namespace="Mlstr_additional" valueType="text">Participant</attribute>
      <attribute name="label" valueType="text" locale="en">APOA1</attribute>
      <attribute name="Laboratory_measures" namespace="Mlstr_area" valueType="text">Biochemistry</attribute>
      <attribute name="Source" namespace="Mlstr_additional" valueType="text">Biosample</attribute>
      <attribute name="Biochemistry" namespace="Mlstr_labmeas" valueType="text">Protein_blood</attribute>
    </attributes>
  </variable>
  <variable name="V502" valueType="integer" entityType="Participant" unit="g/l" mimeType="" referencedEntityType="" index="13">
    <attributes>
      <attribute name="Target" namespace="Mlstr_additional" valueType="text">Participant</attribute>
      <attribute name="label" valueType="text" locale="en">APOB</attribute>
      <attribute name="Laboratory_measures" namespace="Mlstr_area" valueType="text">Biochemistry</attribute>
      <attribute name="Source" namespace="Mlstr_additional" valueType="text">Biosample</attribute>
      <attribute name="Biochemistry" namespace="Mlstr_labmeas" valueType="text">Protein_blood</attribute>
    </attributes>
  </variable>
  <variable name="V731" valueType="integer" entityType="Participant" unit="" mimeType="" referencedEntityType="" index="14">
    <attributes>
      <attribute name="Circulation" namespace="Mlstr_physmeas" valueType="text">Heart_Function_ECG</attribute>
      <attribute name="Target" namespace="Mlstr_additional" valueType="text">Participant</attribute>
      <attribute name="Physical_measures" namespace="Mlstr_area" valueType="text">Circulation_respiration</attribute>
      <attribute name="label" valueType="text" locale="en">ARRHYTHMIAS (8.X)</attribute>
      <attribute name="Source" namespace="Mlstr_additional" valueType="text">Physical_measure</attribute>
    </attributes>
    <categories>
      <category name="0">
        <attributes>
          <attribute name="label" valueType="text" locale="en">No</attribute>
        </attributes>
      </category>
      <category name="1">
        <attributes>
          <attribute name="label" valueType="text" locale="en">Yes</attribute>
        </attributes>
      </category>
    </categories>
  </variable>
  <variable name="V733" valueType="integer" entityType="Participant" unit="" mimeType="" referencedEntityType="" index="15">
    <attributes>
      <attribute name="Health_status_functional_limitations" namespace="Mlstr_area" valueType="text">Use_devices</attribute>
      <attribute name="Target" namespace="Mlstr_additional" valueType="text">Participant</attribute>
      <attribute name="label" valueType="text" locale="en">ARTIFICIAL PACEMAKER (6.8)</attribute>
      <attribute name="Source" namespace="Mlstr_additional" valueType="text">Questionnaire</attribute>
    </attributes>
    <categories>
      <category name="0">
        <attributes>
          <attribute name="label" valueType="text" locale="en">No</attribute>
        </attributes>
      </category>
      <category name="1">
        <attributes>
          <attribute name="label" valueType="text" locale="en">Yes</attribute>
        </attributes>
      </category>
    </categories>
  </variable>
  <variable name="V730" valueType="integer" entityType="Participant" unit="" mimeType="" referencedEntityType="" index="16">
    <attributes>
      <attribute name="Circulation" namespace="Mlstr_physmeas" valueType="text">Heart_Function_ECG</attribute>
      <attribute name="Target" namespace="Mlstr_additional" valueType="text">Participant</attribute>
      <attribute name="Physical_measures" namespace="Mlstr_area" valueType="text">Circulation_respiration</attribute>
      <attribute name="label" valueType="text" locale="en">ATRIAL FIBRILLATION/FLUTTER (8.3)</attribute>
      <attribute name="Source" namespace="Mlstr_additional" valueType="text">Physical_measure</attribute>
    </attributes>
    <categories>
      <category name="0">
        <attributes>
          <attribute name="label" valueType="text" locale="en">No</attribute>
        </attributes>
      </category>
      <category name="1">
        <attributes>
          <attribute name="label" valueType="text" locale="en">Yes</attribute>
        </attributes>
      </category>
    </categories>
  </variable>
  <variable name="V727" valueType="integer" entityType="Participant" unit="" mimeType="" referencedEntityType="" index="17">
    <attributes>
      <attribute name="Circulation" namespace="Mlstr_physmeas" valueType="text">Heart_Function_ECG</attribute>
      <attribute name="Target" namespace="Mlstr_additional" valueType="text">Participant</attribute>
      <attribute name="Physical_measures" namespace="Mlstr_area" valueType="text">Circulation_respiration</attribute>
      <attribute name="label" valueType="text" locale="en">AV CONDUCTION DEFECTS (6.X)</attribute>
      <attribute name="Source" namespace="Mlstr_additional" valueType="text">Physical_measure</attribute>
    </attributes>
    <categories>
      <category name="0">
        <attributes>
          <attribute name="label" valueType="text" locale="en">No</attribute>
        </attributes>
      </category>
      <category name="1">
        <attributes>
          <attribute name="label" valueType="text" locale="en">Yes</attribute>
        </attributes>
      </category>
    </categories>
  </variable>
  <variable name="V290" valueType="integer" entityType="Participant" unit="kg/m2" mimeType="" referencedEntityType="" index="18">
    <attributes>
      <attribute name="Target" namespace="Mlstr_additional" valueType="text">Participant</attribute>
      <attribute name="Physical_measures" namespace="Mlstr_area" valueType="text">Anthropo_measures</attribute>
      <attribute name="Anthropometry" namespace="Mlstr_physmeas" valueType="text">BMI</attribute>
      <attribute name="label" valueType="text" locale="en">BMI</attribute>
      <attribute name="Source" namespace="Mlstr_additional" valueType="text">Physical_measure</attribute>
    </attributes>
  </variable>
  <variable name="V408" valueType="integer" entityType="Participant" unit="" mimeType="" referencedEntityType="" index="19">
    <attributes>
      <attribute name="Target" namespace="Mlstr_additional" valueType="text">Participant</attribute>
      <attribute name="Diseases" namespace="Mlstr_area" valueType="text">Circulatory_sys_dis</attribute>
      <attribute name="label" valueType="text" locale="en">BP ACE INHIBITOR</attribute>
      <attribute name="Source" namespace="Mlstr_additional" valueType="text">Questionnaire</attribute>
      <attribute name="Medication_supplements" namespace="Mlstr_area" valueType="text">Medication_suppl</attribute>
    </attributes>
    <categories>
      <category name="0">
        <attributes>
          <attribute name="label" valueType="text" locale="en">No</attribute>
        </attributes>
      </category>
      <category name="1">
        <attributes>
          <attribute name="label" valueType="text" locale="en">Yes</attribute>
        </attributes>
      </category>
    </categories>
  </variable>
  <variable name="V409" valueType="integer" entityType="Participant" unit="" mimeType="" referencedEntityType="" index="20">
    <attributes>
      <attribute name="Target" namespace="Mlstr_additional" valueType="text">Participant</attribute>
      <attribute name="Diseases" namespace="Mlstr_area" valueType="text">Circulatory_sys_dis</attribute>
      <attribute name="label" valueType="text" locale="en">BP ALPHA BLOCKER</attribute>
      <attribute name="Source" namespace="Mlstr_additional" valueType="text">Questionnaire</attribute>
      <attribute name="Medication_supplements" namespace="Mlstr_area" valueType="text">Medication_suppl</attribute>
    </attributes>
    <categories>
      <category name="0">
        <attributes>
          <attribute name="label" valueType="text" locale="en">No</attribute>
        </attributes>
      </category>
      <category name="1">
        <attributes>
          <attribute name="label" valueType="text" locale="en">Yes</attribute>
        </attributes>
      </category>
    </categories>
  </variable>
  <variable name="V410" valueType="integer" entityType="Participant" unit="" mimeType="" referencedEntityType="" index="21">
    <attributes>
      <attribute name="Target" namespace="Mlstr_additional" valueType="text">Participant</attribute>
      <attribute name="Diseases" namespace="Mlstr_area" valueType="text">Circulatory_sys_dis</attribute>
      <attribute name="label" valueType="text" locale="en">BP BETA BLOCKER</attribute>
      <attribute name="Source" namespace="Mlstr_additional" valueType="text">Questionnaire</attribute>
      <attribute name="Medication_supplements" namespace="Mlstr_area" valueType="text">Medication_suppl</attribute>
    </attributes>
    <categories>
      <category name="0">
        <attributes>
          <attribute name="label" valueType="text" locale="en">No</attribute>
        </attributes>
      </category>
      <category name="1">
        <attributes>
          <attribute name="label" valueType="text" locale="en">Yes</attribute>
        </attributes>
      </category>
    </categories>
  </variable>
  <variable name="V411" valueType="integer" entityType="Participant" unit="" mimeType="" referencedEntityType="" index="22">
    <attributes>
      <attribute name="Target" namespace="Mlstr_additional" valueType="text">Participant</attribute>
      <attribute name="Diseases" namespace="Mlstr_area" valueType="text">Circulatory_sys_dis</attribute>
      <attribute name="label" valueType="text" locale="en">BP CA BLOCKER</attribute>
      <attribute name="Source" namespace="Mlstr_additional" valueType="text">Questionnaire</attribute>
      <attribute name="Medication_supplements" namespace="Mlstr_area" valueType="text">Medication_suppl</attribute>
    </attributes>
    <categories>
      <category name="0">
        <attributes>
          <attribute name="label" valueType="text" locale="en">No</attribute>
        </attributes>
      </category>
      <category name="1">
        <attributes>
          <attribute name="label" valueType="text" locale="en">Yes</attribute>
        </attributes>
      </category>
    </categories>
  </variable>
  <variable name="V412" valueType="integer" entityType="Participant" unit="" mimeType="" referencedEntityType="" index="23">
    <attributes>
      <attribute name="Target" namespace="Mlstr_additional" valueType="text">Participant</attribute>
      <attribute name="Diseases" namespace="Mlstr_area" valueType="text">Circulatory_sys_dis</attribute>
      <attribute name="label" valueType="text" locale="en">BP DIURETICS</attribute>
      <attribute name="Source" namespace="Mlstr_additional" valueType="text">Questionnaire</attribute>
      <attribute name="Medication_supplements" namespace="Mlstr_area" valueType="text">Medication_suppl</attribute>
    </attributes>
    <categories>
      <category name="0">
        <attributes>
          <attribute name="label" valueType="text" locale="en">No</attribute>
        </attributes>
      </category>
      <category name="1">
        <attributes>
          <attribute name="label" valueType="text" locale="en">Yes</attribute>
        </attributes>
      </category>
    </categories>
  </variable>
  <variable name="V101" valueType="integer" entityType="Participant" unit="" mimeType="" referencedEntityType="" index="24">
    <attributes>
      <attribute name="Target" namespace="Mlstr_additional" valueType="text">Participant</attribute>
      <attribute name="Diseases" namespace="Mlstr_area" valueType="text">Circulatory_sys_dis</attribute>
      <attribute name="label" valueType="text" locale="en">BP MEDICINE</attribute>
      <attribute name="Source" namespace="Mlstr_additional" valueType="text">Questionnaire</attribute>
      <attribute name="Medication_supplements" namespace="Mlstr_area" valueType="text">Medication_suppl</attribute>
    </attributes>
    <categories>
      <category name="0">
        <attributes>
          <attribute name="label" valueType="text" locale="en">No</attribute>
        </attributes>
      </category>
      <category name="1">
        <attributes>
          <attribute name="label" valueType="text" locale="en">Yes</attribute>
        </attributes>
      </category>
    </categories>
  </variable>
  <variable name="V601" valueType="integer" entityType="Participant" unit="pmol/l" mimeType="" referencedEntityType="" index="25">
    <attributes>
      <attribute name="Target" namespace="Mlstr_additional" valueType="text">Participant</attribute>
      <attribute name="label" valueType="text" locale="en">CAMBRIDGE PROINSULIN</attribute>
      <attribute name="Laboratory_measures" namespace="Mlstr_area" valueType="text">Biochemistry</attribute>
      <attribute name="Source" namespace="Mlstr_additional" valueType="text">Biosample</attribute>
      <attribute name="Biochemistry" namespace="Mlstr_labmeas" valueType="text">Hormone_blood</attribute>
    </attributes>
  </variable>
  <variable name="V602" valueType="integer" entityType="Participant" unit="pmol/l" mimeType="" referencedEntityType="" index="26">
    <attributes>
      <attribute name="Target" namespace="Mlstr_additional" valueType="text">Participant</attribute>
      <attribute name="label" valueType="text" locale="en">CAMBRIDGE SPLITPRO</attribute>
      <attribute name="Laboratory_measures" namespace="Mlstr_area" valueType="text">Biochemistry</attribute>
      <attribute name="Source" namespace="Mlstr_additional" valueType="text">Biosample</attribute>
      <attribute name="Biochemistry" namespace="Mlstr_labmeas" valueType="text">Hormone_blood</attribute>
    </attributes>
  </variable>
  <variable name="V413" valueType="integer" entityType="Participant" unit="" mimeType="" referencedEntityType="" index="27">
    <attributes>
      <attribute name="Target" namespace="Mlstr_additional" valueType="text">Participant</attribute>
      <attribute name="label" valueType="text" locale="en">CORTISOL MEDICINE</attribute>
      <attribute name="Source" namespace="Mlstr_additional" valueType="text">Questionnaire</attribute>
      <attribute name="Medication_supplements" namespace="Mlstr_area" valueType="text">Medication_suppl</attribute>
    </attributes>
    <categories>
      <category name="0">
        <attributes>
          <attribute name="label" valueType="text" locale="en">No</attribute>
        </attributes>
      </category>
      <category name="1">
        <attributes>
          <attribute name="label" valueType="text" locale="en">Yes</attribute>
        </attributes>
      </category>
    </categories>
  </variable>
  <variable name="V802" valueType="integer" entityType="Participant" unit="mg/L" mimeType="" referencedEntityType="" index="28">
    <attributes>
      <attribute name="Target" namespace="Mlstr_additional" valueType="text">Participant</attribute>
      <attribute name="label" valueType="text" locale="en">C-REACTIVE PROTEIN</attribute>
      <attribute name="Laboratory_measures" namespace="Mlstr_area" valueType="text">Biochemistry</attribute>
      <attribute name="Source" namespace="Mlstr_additional" valueType="text">Biosample</attribute>
      <attribute name="Biochemistry" namespace="Mlstr_labmeas" valueType="text">Protein_blood</attribute>
    </attributes>
  </variable>
  <variable name="V800" valueType="integer" entityType="Participant" unit="mg/L" mimeType="" referencedEntityType="" index="29">
    <attributes>
      <attribute name="Target" namespace="Mlstr_additional" valueType="text">Participant</attribute>
      <attribute name="label" valueType="text" locale="en">CYSTATIN C</attribute>
      <attribute name="Laboratory_measures" namespace="Mlstr_area" valueType="text">Biochemistry</attribute>
      <attribute name="Source" namespace="Mlstr_additional" valueType="text">Biosample</attribute>
      <attribute name="Biochemistry" namespace="Mlstr_labmeas" valueType="text">Protein_blood</attribute>
    </attributes>
  </variable>
  <variable name="V626" valueType="integer" entityType="Participant" unit="mmHg" mimeType="" referencedEntityType="" index="30">
    <attributes>
      <attribute name="Circulation" namespace="Mlstr_physmeas" valueType="text">Blood_Pressure_ambulatory_blood_pressure_monitor</attribute>
      <attribute name="Target" namespace="Mlstr_additional" valueType="text">Participant</attribute>
      <attribute name="Physical_measures" namespace="Mlstr_area" valueType="text">Circulation_respiration</attribute>
      <attribute name="label" valueType="text" locale="en">DAY DIASTOLIC BP 06-23</attribute>
      <attribute name="Source" namespace="Mlstr_additional" valueType="text">Physical_measure</attribute>
    </attributes>
  </variable>
  <variable name="V629" valueType="integer" entityType="Participant" unit="mmHg" mimeType="" referencedEntityType="" index="31">
    <attributes>
      <attribute name="Circulation" namespace="Mlstr_physmeas" valueType="text">Blood_Pressure_ambulatory_blood_pressure_monitor</attribute>
      <attribute name="Target" namespace="Mlstr_additional" valueType="text">Participant</attribute>
      <attribute name="Physical_measures" namespace="Mlstr_area" valueType="text">Circulation_respiration</attribute>
      <attribute name="label" valueType="text" locale="en">DAY MEAN ARTERIAL BP 06-23</attribute>
      <attribute name="Source" namespace="Mlstr_additional" valueType="text">Physical_measure</attribute>
    </attributes>
  </variable>
  <variable name="V632" valueType="integer" entityType="Participant" unit="beats/min" mimeType="" referencedEntityType="" index="32">
    <attributes>
      <attribute name="Circulation" namespace="Mlstr_physmeas" valueType="text">Blood_Pressure_ambulatory_blood_pressure_monitor</attribute>
      <attribute name="Target" namespace="Mlstr_additional" valueType="text">Participant</attribute>
      <attribute name="Physical_measures" namespace="Mlstr_area" valueType="text">Circulation_respiration</attribute>
      <attribute name="label" valueType="text" locale="en">DAY PULSE RATE 06-23</attribute>
      <attribute name="Source" namespace="Mlstr_additional" valueType="text">Physical_measure</attribute>
    </attributes>
  </variable>
  <variable name="V623" valueType="integer" entityType="Participant" unit="mmHg" mimeType="" referencedEntityType="" index="33">
    <attributes>
      <attribute name="Circulation" namespace="Mlstr_physmeas" valueType="text">Blood_Pressure_ambulatory_blood_pressure_monitor</attribute>
      <attribute name="Target" namespace="Mlstr_additional" valueType="text">Participant</attribute>
      <attribute name="Physical_measures" namespace="Mlstr_area" valueType="text">Circulation_respiration</attribute>
      <attribute name="label" valueType="text" locale="en">DAY SYSTOLIC BP 06-23</attribute>
      <attribute name="Source" namespace="Mlstr_additional" valueType="text">Physical_measure</attribute>
    </attributes>
  </variable>
  <variable name="V638" valueType="integer" entityType="Participant" unit="mmHg" mimeType="" referencedEntityType="" index="34">
    <attributes>
      <attribute name="Circulation" namespace="Mlstr_physmeas" valueType="text">Blood_Pressure_office</attribute>
      <attribute name="Target" namespace="Mlstr_additional" valueType="text">Participant</attribute>
      <attribute name="Physical_measures" namespace="Mlstr_area" valueType="text">Circulation_respiration</attribute>
      <attribute name="label" valueType="text" locale="en">DBP STANDING 0 MIN</attribute>
      <attribute name="Source" namespace="Mlstr_additional" valueType="text">Physical_measure</attribute>
    </attributes>
  </variable>
  <variable name="V639" valueType="integer" entityType="Participant" unit="mmHg" mimeType="" referencedEntityType="" index="35">
    <attributes>
      <attribute name="Circulation" namespace="Mlstr_physmeas" valueType="text">Blood_Pressure_office</attribute>
      <attribute name="Target" namespace="Mlstr_additional" valueType="text">Participant</attribute>
      <attribute name="Physical_measures" namespace="Mlstr_area" valueType="text">Circulation_respiration</attribute>
      <attribute name="label" valueType="text" locale="en">DBP STANDING 1 MIN</attribute>
      <attribute name="Source" namespace="Mlstr_additional" valueType="text">Physical_measure</attribute>
    </attributes>
  </variable>
  <variable name="V640" valueType="integer" entityType="Participant" unit="mmHg" mimeType="" referencedEntityType="" index="36">
    <attributes>
      <attribute name="Circulation" namespace="Mlstr_physmeas" valueType="text">Blood_Pressure_office</attribute>
      <attribute name="Target" namespace="Mlstr_additional" valueType="text">Participant</attribute>
      <attribute name="Physical_measures" namespace="Mlstr_area" valueType="text">Circulation_respiration</attribute>
      <attribute name="label" valueType="text" locale="en">DBP STANDING 3 MIN</attribute>
      <attribute name="Source" namespace="Mlstr_additional" valueType="text">Physical_measure</attribute>
    </attributes>
  </variable>
  <variable name="V641" valueType="integer" entityType="Participant" unit="mmHg" mimeType="" referencedEntityType="" index="37">
    <attributes>
      <attribute name="Circulation" namespace="Mlstr_physmeas" valueType="text">Blood_Pressure_office</attribute>
      <attribute name="Target" namespace="Mlstr_additional" valueType="text">Participant</attribute>
      <attribute name="Physical_measures" namespace="Mlstr_area" valueType="text">Circulation_respiration</attribute>
      <attribute name="label" valueType="text" locale="en">DBP STANDING 5 MIN</attribute>
      <attribute name="Source" namespace="Mlstr_additional" valueType="text">Physical_measure</attribute>
    </attributes>
  </variable>
  <variable name="V014" valueType="integer" entityType="Participant" unit="mmHg" mimeType="" referencedEntityType="" index="38">
    <attributes>
      <attribute name="Circulation" namespace="Mlstr_physmeas" valueType="text">Blood_Pressure_office</attribute>
      <attribute name="Target" namespace="Mlstr_additional" valueType="text">Participant</attribute>
      <attribute name="Physical_measures" namespace="Mlstr_area" valueType="text">Circulation_respiration</attribute>
      <attribute name="label" valueType="text" locale="en">DBP SUPINE</attribute>
      <attribute name="Source" namespace="Mlstr_additional" valueType="text">Physical_measure</attribute>
    </attributes>
  </variable>
  <variable name="V405" valueType="integer" entityType="Participant" unit="" mimeType="" referencedEntityType="" index="39">
    <attributes>
      <attribute name="Target" namespace="Mlstr_additional" valueType="text">Participant</attribute>
      <attribute name="Diseases" namespace="Mlstr_area" valueType="text">Endocrine_metabolic_dis</attribute>
      <attribute name="label" valueType="text" locale="en">DIABETES MEDICINE</attribute>
      <attribute name="Source" namespace="Mlstr_additional" valueType="text">Questionnaire</attribute>
      <attribute name="Medication_supplements" namespace="Mlstr_area" valueType="text">Medication_suppl</attribute>
    </attributes>
    <categories>
      <category name="0">
        <attributes>
          <attribute name="label" valueType="text" locale="en">No</attribute>
        </attributes>
      </category>
      <category name="1">
        <attributes>
          <attribute name="label" valueType="text" locale="en">Yes</attribute>
        </attributes>
      </category>
    </categories>
  </variable>
  <variable name="V406" valueType="integer" entityType="Participant" unit="" mimeType="" referencedEntityType="" index="40">
    <attributes>
      <attribute name="Target" namespace="Mlstr_additional" valueType="text">Participant</attribute>
      <attribute name="Diseases" namespace="Mlstr_area" valueType="text">Endocrine_metabolic_dis</attribute>
      <attribute name="label" valueType="text" locale="en">DIABETES MEDICINE INSULIN</attribute>
      <attribute name="Source" namespace="Mlstr_additional" valueType="text">Questionnaire</attribute>
      <attribute name="Medication_supplements" namespace="Mlstr_area" valueType="text">Medication_suppl</attribute>
    </attributes>
    <categories>
      <category name="0">
        <attributes>
          <attribute name="label" valueType="text" locale="en">No</attribute>
        </attributes>
      </category>
      <category name="1">
        <attributes>
          <attribute name="label" valueType="text" locale="en">Yes</attribute>
        </attributes>
      </category>
    </categories>
  </variable>
  <variable name="V407" valueType="integer" entityType="Participant" unit="" mimeType="" referencedEntityType="" index="41">
    <attributes>
      <attribute name="Target" namespace="Mlstr_additional" valueType="text">Participant</attribute>
      <attribute name="Diseases" namespace="Mlstr_area" valueType="text">Endocrine_metabolic_dis</attribute>
      <attribute name="label" valueType="text" locale="en">DIABETES MEDICINE PERORAL</attribute>
      <attribute name="Source" namespace="Mlstr_additional" valueType="text">Questionnaire</attribute>
      <attribute name="Medication_supplements" namespace="Mlstr_area" valueType="text">Medication_suppl</attribute>
    </attributes>
    <categories>
      <category name="0">
        <attributes>
          <attribute name="label" valueType="text" locale="en">No</attribute>
        </attributes>
      </category>
      <category name="1">
        <attributes>
          <attribute name="label" valueType="text" locale="en">Yes</attribute>
        </attributes>
      </category>
    </categories>
  </variable>
  <variable name="V378" valueType="integer" entityType="Participant" unit="" mimeType="" referencedEntityType="" index="42">
    <attributes>
      <attribute name="Target" namespace="Mlstr_additional" valueType="text">Participant</attribute>
      <attribute name="Diseases" namespace="Mlstr_area" valueType="text">Endocrine_metabolic_dis</attribute>
      <attribute name="label" valueType="text" locale="en">DIABETES PREVALENCE</attribute>
      <attribute name="Laboratory_measures" namespace="Mlstr_area" valueType="text">Biochemistry</attribute>
      <attribute name="Source" namespace="Mlstr_additional" valueType="text">Biosample</attribute>
      <attribute name="Biochemistry" namespace="Mlstr_labmeas" valueType="text">Glucose_blood</attribute>
    </attributes>
    <categories>
      <category name="0">
        <attributes>
          <attribute name="label" valueType="text" locale="en">No</attribute>
        </attributes>
      </category>
      <category name="1">
        <attributes>
          <attribute name="label" valueType="text" locale="en">Yes</attribute>
        </attributes>
      </category>
    </categories>
  </variable>
  <variable name="V399" valueType="integer" entityType="Participant" unit="" mimeType="" referencedEntityType="" index="43">
    <attributes>
      <attribute name="Circulation" namespace="Mlstr_physmeas" valueType="text">Heart_Function_ECG</attribute>
      <attribute name="Target" namespace="Mlstr_additional" valueType="text">Participant</attribute>
      <attribute name="Diseases" namespace="Mlstr_area" valueType="text">Circulatory_sys_dis</attribute>
      <attribute name="Physical_measures" namespace="Mlstr_area" valueType="text">Circulation_respiration</attribute>
      <attribute name="label" valueType="text" locale="en">ECG STATUS</attribute>
      <attribute name="Source" namespace="Mlstr_additional" valueType="text">Physical_measure</attribute>
    </attributes>
    <categories>
      <category name="0">
        <attributes>
          <attribute name="label" valueType="text" locale="en">Abnormal ECG</attribute>
        </attributes>
      </category>
      <category name="1">
        <attributes>
          <attribute name="label" valueType="text" locale="en">Normal ECG</attribute>
        </attributes>
      </category>
    </categories>
  </variable>
  <variable name="DAT77" valueType="date" entityType="Participant" unit="" mimeType="" referencedEntityType="" index="44">
    <attributes>
      <attribute name="Target" namespace="Mlstr_additional" valueType="text">Participant</attribute>
      <attribute name="label" valueType="text" locale="en">EXAMINATION DATE</attribute>
      <attribute name="Administrative_information" namespace="Mlstr_area" valueType="text">Date_time_related_info</attribute>
      <attribute name="Source" namespace="Mlstr_additional" valueType="text">Questionnaire</attribute>
    </attributes>
  </variable>
  <variable name="V647" valueType="integer" entityType="Participant" unit="pmol/mmol" mimeType="" referencedEntityType="" index="45">
    <attributes>
      <attribute name="Target" namespace="Mlstr_additional" valueType="text">Participant</attribute>
      <attribute name="label" valueType="text" locale="en">F2-ISOPROSTANE</attribute>
      <attribute name="Laboratory_measures" namespace="Mlstr_area" valueType="text">Biochemistry</attribute>
      <attribute name="Source" namespace="Mlstr_additional" valueType="text">Biosample</attribute>
      <attribute name="Biochemistry" namespace="Mlstr_labmeas" valueType="text">Fatty_Acid_urine</attribute>
    </attributes>
  </variable>
  <variable name="V298" valueType="integer" entityType="Participant" unit="%" mimeType="" referencedEntityType="" index="46">
    <attributes>
      <attribute name="Target" namespace="Mlstr_additional" valueType="text">Participant</attribute>
      <attribute name="label" valueType="text" locale="en">HBA1C</attribute>
      <attribute name="Laboratory_measures" namespace="Mlstr_area" valueType="text">Biochemistry</attribute>
      <attribute name="Source" namespace="Mlstr_additional" valueType="text">Biosample</attribute>
      <attribute name="Biochemistry" namespace="Mlstr_labmeas" valueType="text">Glucose_blood</attribute>
    </attributes>
  </variable>
  <variable name="V302" valueType="integer" entityType="Participant" unit="mmol/l" mimeType="" referencedEntityType="" index="47">
    <attributes>
      <attribute name="Target" namespace="Mlstr_additional" valueType="text">Participant</attribute>
      <attribute name="label" valueType="text" locale="en">HDL CHOL</attribute>
      <attribute name="Laboratory_measures" namespace="Mlstr_area" valueType="text">Biochemistry</attribute>
      <attribute name="Source" namespace="Mlstr_additional" valueType="text">Biosample</attribute>
      <attribute name="Biochemistry" namespace="Mlstr_labmeas" valueType="text">Lipid_blood</attribute>
    </attributes>
  </variable>
  <variable name="V301" valueType="integer" entityType="Participant" unit="mmol/l" mimeType="" referencedEntityType="" index="48">
    <attributes>
      <attribute name="Target" namespace="Mlstr_additional" valueType="text">Participant</attribute>
      <attribute name="label" valueType="text" locale="en">HDL TG</attribute>
      <attribute name="Laboratory_measures" namespace="Mlstr_area" valueType="text">Biochemistry</attribute>
      <attribute name="Source" namespace="Mlstr_additional" valueType="text">Biosample</attribute>
      <attribute name="Biochemistry" namespace="Mlstr_labmeas" valueType="text">Lipid_blood</attribute>
    </attributes>
  </variable>
  <variable name="V010" valueType="integer" entityType="Participant" unit="cm" mimeType="" referencedEntityType="" index="49">
    <attributes>
      <attribute name="Target" namespace="Mlstr_additional" valueType="text">Participant</attribute>
      <attribute name="Physical_measures" namespace="Mlstr_area" valueType="text">Anthropo_measures</attribute>
      <attribute name="Anthropometry" namespace="Mlstr_physmeas" valueType="text">Height</attribute>
      <attribute name="label" valueType="text" locale="en">HEIGHT</attribute>
      <attribute name="Source" namespace="Mlstr_additional" valueType="text">Physical_measure</attribute>
    </attributes>
  </variable>
  <variable name="V724" valueType="integer" entityType="Participant" unit="" mimeType="" referencedEntityType="" index="50">
    <attributes>
      <attribute name="Circulation" namespace="Mlstr_physmeas" valueType="text">Heart_Function_ECG</attribute>
      <attribute name="Target" namespace="Mlstr_additional" valueType="text">Participant</attribute>
      <attribute name="Physical_measures" namespace="Mlstr_area" valueType="text">Circulation_respiration</attribute>
      <attribute name="label" valueType="text" locale="en">HIGH AMPLITUDE R-WAVES (3.1/3.3)</attribute>
      <attribute name="Source" namespace="Mlstr_additional" valueType="text">Physical_measure</attribute>
    </attributes>
    <categories>
      <category name="0">
        <attributes>
          <attribute name="label" valueType="text" locale="en">No</attribute>
        </attributes>
      </category>
      <category name="1">
        <attributes>
          <attribute name="label" valueType="text" locale="en">Yes</attribute>
        </attributes>
      </category>
    </categories>
  </variable>
  <variable name="V973" valueType="integer" entityType="Participant" unit="cm" mimeType="" referencedEntityType="" index="51">
    <attributes>
      <attribute name="Target" namespace="Mlstr_additional" valueType="text">Participant</attribute>
      <attribute name="Physical_measures" namespace="Mlstr_area" valueType="text">Anthropo_measures</attribute>
      <attribute name="Anthropometry" namespace="Mlstr_physmeas" valueType="text">Body_Measurement_circumference</attribute>
      <attribute name="label" valueType="text" locale="en">HIP CIRCUMF.</attribute>
      <attribute name="Source" namespace="Mlstr_additional" valueType="text">Physical_measure</attribute>
    </attributes>
  </variable>
  <variable name="V103" valueType="integer" entityType="Participant" unit="" mimeType="" referencedEntityType="" index="52">
    <attributes>
      <attribute name="Target" namespace="Mlstr_additional" valueType="text">Participant</attribute>
      <attribute name="Diseases" namespace="Mlstr_area" valueType="text">Endocrine_metabolic_dis</attribute>
      <attribute name="label" valueType="text" locale="en">HYPERLIPIDAEMIA PREVALENCE</attribute>
      <attribute name="Laboratory_measures" namespace="Mlstr_area" valueType="text">Biochemistry</attribute>
      <attribute name="Source" namespace="Mlstr_additional" valueType="text">Biosample</attribute>
      <attribute name="Biochemistry" namespace="Mlstr_labmeas" valueType="text">Lipid_blood</attribute>
    </attributes>
    <categories>
      <category name="0">
        <attributes>
          <attribute name="label" valueType="text" locale="en">No</attribute>
        </attributes>
      </category>
      <category name="1">
        <attributes>
          <attribute name="label" valueType="text" locale="en">Yes</attribute>
        </attributes>
      </category>
    </categories>
  </variable>
  <variable name="V102" valueType="integer" entityType="Participant" unit="" mimeType="" referencedEntityType="" index="53">
    <attributes>
      <attribute name="Circulation" namespace="Mlstr_physmeas" valueType="text">Blood_Pressure_office</attribute>
      <attribute name="Target" namespace="Mlstr_additional" valueType="text">Participant</attribute>
      <attribute name="Diseases" namespace="Mlstr_area" valueType="text">Circulatory_sys_dis</attribute>
      <attribute name="Physical_measures" namespace="Mlstr_area" valueType="text">Circulation_respiration</attribute>
      <attribute name="label" valueType="text" locale="en">HYPERTENSION PREVALENCE</attribute>
      <attribute name="Source" namespace="Mlstr_additional" valueType="text">Physical_measure</attribute>
    </attributes>
    <categories>
      <category name="0">
        <attributes>
          <attribute name="label" valueType="text" locale="en">No</attribute>
        </attributes>
      </category>
      <category name="1">
        <attributes>
          <attribute name="label" valueType="text" locale="en">Yes</attribute>
        </attributes>
      </category>
    </categories>
  </variable>
  <variable name="V801" valueType="integer" entityType="Participant" unit="mg/L" mimeType="" referencedEntityType="" index="54">
    <attributes>
      <attribute name="Target" namespace="Mlstr_additional" valueType="text">Participant</attribute>
      <attribute name="label" valueType="text" locale="en">INTERLEUKIN-6</attribute>
      <attribute name="Laboratory_measures" namespace="Mlstr_area" valueType="text">Biochemistry</attribute>
      <attribute name="Source" namespace="Mlstr_additional" valueType="text">Biosample</attribute>
      <attribute name="Immunology" namespace="Mlstr_labmeas" valueType="text">Protein_blood</attribute>
    </attributes>
  </variable>
  <variable name="V324" valueType="integer" entityType="Participant" unit="mmol/l" mimeType="" referencedEntityType="" index="55">
    <attributes>
      <attribute name="Target" namespace="Mlstr_additional" valueType="text">Participant</attribute>
      <attribute name="label" valueType="text" locale="en">LDL CHOL</attribute>
      <attribute name="Laboratory_measures" namespace="Mlstr_area" valueType="text">Biochemistry</attribute>
      <attribute name="Source" namespace="Mlstr_additional" valueType="text">Biosample</attribute>
      <attribute name="Biochemistry" namespace="Mlstr_labmeas" valueType="text">Lipid_blood</attribute>
    </attributes>
  </variable>
  <variable name="V728" valueType="integer" entityType="Participant" unit="" mimeType="" referencedEntityType="" index="56">
    <attributes>
      <attribute name="Circulation" namespace="Mlstr_physmeas" valueType="text">Heart_Function_ECG</attribute>
      <attribute name="Target" namespace="Mlstr_additional" valueType="text">Participant</attribute>
      <attribute name="Physical_measures" namespace="Mlstr_area" valueType="text">Circulation_respiration</attribute>
      <attribute name="label" valueType="text" locale="en">LEFT BUNDLE BRANCH BLOCK (7.1)</attribute>
      <attribute name="Source" namespace="Mlstr_additional" valueType="text">Physical_measure</attribute>
    </attributes>
    <categories>
      <category name="0">
        <attributes>
          <attribute name="label" valueType="text" locale="en">No</attribute>
        </attributes>
      </category>
      <category name="1">
        <attributes>
          <attribute name="label" valueType="text" locale="en">Yes</attribute>
        </attributes>
      </category>
    </categories>
  </variable>
  <variable name="V106" valueType="integer" entityType="Participant" unit="" mimeType="" referencedEntityType="" index="57">
    <attributes>
      <attribute name="Lifestyle_behaviours" namespace="Mlstr_area" valueType="text">Phys_act</attribute>
      <attribute name="Target" namespace="Mlstr_additional" valueType="text">Participant</attribute>
      <attribute name="Physical_activity" namespace="Mlstr_habits" valueType="text">Leisure_time_PAQ</attribute>
      <attribute name="label" valueType="text" locale="en">LEISURE TIME PHYSICAL ACTIVITY</attribute>
      <attribute name="Source" namespace="Mlstr_additional" valueType="text">Questionnaire</attribute>
    </attributes>
    <categories>
      <category name="1">
        <attributes>
          <attribute name="label" valueType="text" locale="en">Sedentary</attribute>
        </attributes>
      </category>
      <category name="2">
        <attributes>
          <attribute name="label" valueType="text" locale="en">Moderate</attribute>
        </attributes>
      </category>
      <category name="3">
        <attributes>
          <attribute name="label" valueType="text" locale="en">Regular</attribute>
        </attributes>
      </category>
      <category name="4">
        <attributes>
          <attribute name="label" valueType="text" locale="en">Athletic</attribute>
        </attributes>
      </category>
    </categories>
  </variable>
  <variable name="V105" valueType="integer" entityType="Participant" unit="" mimeType="" referencedEntityType="" index="58">
    <attributes>
      <attribute name="Target" namespace="Mlstr_additional" valueType="text">Participant</attribute>
      <attribute name="Diseases" namespace="Mlstr_area" valueType="text">Endocrine_metabolic_dis</attribute>
      <attribute name="label" valueType="text" locale="en">LIPID MEDICINE</attribute>
      <attribute name="Source" namespace="Mlstr_additional" valueType="text">Questionnaire</attribute>
      <attribute name="Medication_supplements" namespace="Mlstr_area" valueType="text">Medication_suppl</attribute>
    </attributes>
    <categories>
      <category name="0">
        <attributes>
          <attribute name="label" valueType="text" locale="en">No</attribute>
        </attributes>
      </category>
      <category name="1">
        <attributes>
          <attribute name="label" valueType="text" locale="en">Yes</attribute>
        </attributes>
      </category>
    </categories>
  </variable>
  <variable name="V553" valueType="integer" entityType="Participant" unit="" mimeType="" referencedEntityType="" index="59">
    <attributes>
      <attribute name="Target" namespace="Mlstr_additional" valueType="text">Participant</attribute>
      <attribute name="Cog_scale" namespace="Mlstr_cogscale" valueType="text">MMSE</attribute>
      <attribute name="Cognitive_psychological_measures" namespace="Mlstr_area" valueType="text">Cognitive_functioning</attribute>
      <attribute name="label" valueType="text" locale="en">MINI MENTAL STATE</attribute>
      <attribute name="Source" namespace="Mlstr_additional" valueType="text">Cognitive_measure</attribute>
    </attributes>
  </variable>
  <variable name="V627" valueType="integer" entityType="Participant" unit="mmHg" mimeType="" referencedEntityType="" index="60">
    <attributes>
      <attribute name="Circulation" namespace="Mlstr_physmeas" valueType="text">Blood_Pressure_ambulatory_blood_pressure_monitor</attribute>
      <attribute name="Target" namespace="Mlstr_additional" valueType="text">Participant</attribute>
      <attribute name="Physical_measures" namespace="Mlstr_area" valueType="text">Circulation_respiration</attribute>
      <attribute name="label" valueType="text" locale="en">NIGHT DIASTOLIC BP 23-06</attribute>
      <attribute name="Source" namespace="Mlstr_additional" valueType="text">Physical_measure</attribute>
    </attributes>
  </variable>
  <variable name="V630" valueType="integer" entityType="Participant" unit="mmHg" mimeType="" referencedEntityType="" index="61">
    <attributes>
      <attribute name="Circulation" namespace="Mlstr_physmeas" valueType="text">Blood_Pressure_ambulatory_blood_pressure_monitor</attribute>
      <attribute name="Target" namespace="Mlstr_additional" valueType="text">Participant</attribute>
      <attribute name="Physical_measures" namespace="Mlstr_area" valueType="text">Circulation_respiration</attribute>
      <attribute name="label" valueType="text" locale="en">NIGHT MEAN ARTERIAL BP 23-06</attribute>
      <attribute name="Source" namespace="Mlstr_additional" valueType="text">Physical_measure</attribute>
    </attributes>
  </variable>
  <variable name="V633" valueType="integer" entityType="Participant" unit="beats/min" mimeType="" referencedEntityType="" index="62">
    <attributes>
      <attribute name="Circulation" namespace="Mlstr_physmeas" valueType="text">Blood_Pressure_ambulatory_blood_pressure_monitor</attribute>
      <attribute name="Target" namespace="Mlstr_additional" valueType="text">Participant</attribute>
      <attribute name="Physical_measures" namespace="Mlstr_area" valueType="text">Circulation_respiration</attribute>
      <attribute name="label" valueType="text" locale="en">Night Pulse Rate 23-06</attribute>
      <attribute name="Source" namespace="Mlstr_additional" valueType="text">Physical_measure</attribute>
    </attributes>
  </variable>
  <variable name="V624" valueType="integer" entityType="Participant" unit="mmHg" mimeType="" referencedEntityType="" index="63">
    <attributes>
      <attribute name="Circulation" namespace="Mlstr_physmeas" valueType="text">Blood_Pressure_ambulatory_blood_pressure_monitor</attribute>
      <attribute name="Target" namespace="Mlstr_additional" valueType="text">Participant</attribute>
      <attribute name="Physical_measures" namespace="Mlstr_area" valueType="text">Circulation_respiration</attribute>
      <attribute name="label" valueType="text" locale="en">NIGHT SYSTOLIC BP 23-06</attribute>
      <attribute name="Source" namespace="Mlstr_additional" valueType="text">Physical_measure</attribute>
    </attributes>
  </variable>
  <variable name="V648" valueType="integer" entityType="Participant" unit="pmol/mmol" mimeType="" referencedEntityType="" index="64">
    <attributes>
      <attribute name="Target" namespace="Mlstr_additional" valueType="text">Participant</attribute>
      <attribute name="label" valueType="text" locale="en">PGF2ALPHA</attribute>
      <attribute name="Laboratory_measures" namespace="Mlstr_area" valueType="text">Biochemistry</attribute>
      <attribute name="Source" namespace="Mlstr_additional" valueType="text">Biosample</attribute>
      <attribute name="Biochemistry" namespace="Mlstr_labmeas" valueType="text">Protein_urine</attribute>
    </attributes>
  </variable>
  <variable name="V319" valueType="integer" entityType="Participant" unit="mmol/l" mimeType="" referencedEntityType="" index="65">
    <attributes>
      <attribute name="Target" namespace="Mlstr_additional" valueType="text">Participant</attribute>
      <attribute name="label" valueType="text" locale="en">P-GLUC 0 MIN</attribute>
      <attribute name="Laboratory_measures" namespace="Mlstr_area" valueType="text">Biochemistry</attribute>
      <attribute name="Source" namespace="Mlstr_additional" valueType="text">Biosample</attribute>
      <attribute name="Biochemistry" namespace="Mlstr_labmeas" valueType="text">Glucose_blood</attribute>
    </attributes>
  </variable>
  <variable name="V606" valueType="integer" entityType="Participant" unit="mU/l" mimeType="" referencedEntityType="" index="66">
    <attributes>
      <attribute name="Target" namespace="Mlstr_additional" valueType="text">Participant</attribute>
      <attribute name="label" valueType="text" locale="en">P-INS 0 MIN</attribute>
      <attribute name="Laboratory_measures" namespace="Mlstr_area" valueType="text">Biochemistry</attribute>
      <attribute name="Source" namespace="Mlstr_additional" valueType="text">Biosample</attribute>
      <attribute name="Biochemistry" namespace="Mlstr_labmeas" valueType="text">Hormone_blood</attribute>
    </attributes>
  </variable>
  <variable name="V978" valueType="integer" entityType="Participant" unit="pM" mimeType="" referencedEntityType="" index="67">
    <attributes>
      <attribute name="Target" namespace="Mlstr_additional" valueType="text">Participant</attribute>
      <attribute name="label" valueType="text" locale="en">PLASMA LEVEL OF AMYLOID BETA 40</attribute>
      <attribute name="Laboratory_measures" namespace="Mlstr_area" valueType="text">Biochemistry</attribute>
      <attribute name="Source" namespace="Mlstr_additional" valueType="text">Biosample</attribute>
      <attribute name="Biochemistry" namespace="Mlstr_labmeas" valueType="text">Peptide_blood</attribute>
    </attributes>
  </variable>
  <variable name="V979" valueType="integer" entityType="Participant" unit="pM" mimeType="" referencedEntityType="" index="68">
    <attributes>
      <attribute name="Target" namespace="Mlstr_additional" valueType="text">Participant</attribute>
      <attribute name="label" valueType="text" locale="en">PLASMA LEVEL OF AMYLOID BETA 42</attribute>
      <attribute name="Laboratory_measures" namespace="Mlstr_area" valueType="text">Biochemistry</attribute>
      <attribute name="Source" namespace="Mlstr_additional" valueType="text">Biosample</attribute>
      <attribute name="Biochemistry" namespace="Mlstr_labmeas" valueType="text">Peptide_blood</attribute>
    </attributes>
  </variable>
  <variable name="V736" valueType="integer" entityType="Participant" unit="s" mimeType="" referencedEntityType="" index="69">
    <attributes>
      <attribute name="Circulation" namespace="Mlstr_physmeas" valueType="text">Heart_Function_ECG</attribute>
      <attribute name="Target" namespace="Mlstr_additional" valueType="text">Participant</attribute>
      <attribute name="Physical_measures" namespace="Mlstr_area" valueType="text">Circulation_respiration</attribute>
      <attribute name="label" valueType="text" locale="en">PQ INTERVAL</attribute>
      <attribute name="Source" namespace="Mlstr_additional" valueType="text">Physical_measure</attribute>
    </attributes>
  </variable>
  <variable name="V642" valueType="integer" entityType="Participant" unit="beats/min" mimeType="" referencedEntityType="" index="70">
    <attributes>
      <attribute name="Circulation" namespace="Mlstr_physmeas" valueType="text">Blood_Pressure_office</attribute>
      <attribute name="Target" namespace="Mlstr_additional" valueType="text">Participant</attribute>
      <attribute name="Physical_measures" namespace="Mlstr_area" valueType="text">Circulation_respiration</attribute>
      <attribute name="label" valueType="text" locale="en">PULSE RATE 0 MIN</attribute>
      <attribute name="Source" namespace="Mlstr_additional" valueType="text">Physical_measure</attribute>
    </attributes>
  </variable>
  <variable name="V643" valueType="integer" entityType="Participant" unit="beats/min" mimeType="" referencedEntityType="" index="71">
    <attributes>
      <attribute name="Circulation" namespace="Mlstr_physmeas" valueType="text">Blood_Pressure_office</attribute>
      <attribute name="Target" namespace="Mlstr_additional" valueType="text">Participant</attribute>
      <attribute name="Physical_measures" namespace="Mlstr_area" valueType="text">Circulation_respiration</attribute>
      <attribute name="label" valueType="text" locale="en">PULSE RATE 1 MIN</attribute>
      <attribute name="Source" namespace="Mlstr_additional" valueType="text">Physical_measure</attribute>
    </attributes>
  </variable>
  <variable name="V644" valueType="integer" entityType="Participant" unit="beats/min" mimeType="" referencedEntityType="" index="72">
    <attributes>
      <attribute name="Circulation" namespace="Mlstr_physmeas" valueType="text">Blood_Pressure_office</attribute>
      <attribute name="Target" namespace="Mlstr_additional" valueType="text">Participant</attribute>
      <attribute name="Physical_measures" namespace="Mlstr_area" valueType="text">Circulation_respiration</attribute>
      <attribute name="label" valueType="text" locale="en">PULSE RATE 3 MIN</attribute>
      <attribute name="Source" namespace="Mlstr_additional" valueType="text">Physical_measure</attribute>
    </attributes>
  </variable>
  <variable name="V645" valueType="integer" entityType="Participant" unit="beats/min" mimeType="" referencedEntityType="" index="73">
    <attributes>
      <attribute name="Circulation" namespace="Mlstr_physmeas" valueType="text">Blood_Pressure_office</attribute>
      <attribute name="Target" namespace="Mlstr_additional" valueType="text">Participant</attribute>
      <attribute name="Physical_measures" namespace="Mlstr_area" valueType="text">Circulation_respiration</attribute>
      <attribute name="label" valueType="text" locale="en">PULSE RATE 5 MIN</attribute>
      <attribute name="Source" namespace="Mlstr_additional" valueType="text">Physical_measure</attribute>
    </attributes>
  </variable>
  <variable name="V720" valueType="integer" entityType="Participant" unit="" mimeType="" referencedEntityType="" index="74">
    <attributes>
      <attribute name="Circulation" namespace="Mlstr_physmeas" valueType="text">Heart_Function_ECG</attribute>
      <attribute name="Target" namespace="Mlstr_additional" valueType="text">Participant</attribute>
      <attribute name="Physical_measures" namespace="Mlstr_area" valueType="text">Circulation_respiration</attribute>
      <attribute name="label" valueType="text" locale="en">Q OR QS PATTERN (1.1)</attribute>
      <attribute name="Source" namespace="Mlstr_additional" valueType="text">Physical_measure</attribute>
    </attributes>
    <categories>
      <category name="0">
        <attributes>
          <attribute name="label" valueType="text" locale="en">No</attribute>
        </attributes>
      </category>
      <category name="1">
        <attributes>
          <attribute name="label" valueType="text" locale="en">Yes</attribute>
        </attributes>
      </category>
    </categories>
  </variable>
  <variable name="V721X" valueType="integer" entityType="Participant" unit="" mimeType="" referencedEntityType="" index="75">
    <attributes>
      <attribute name="Circulation" namespace="Mlstr_physmeas" valueType="text">Heart_Function_ECG</attribute>
      <attribute name="Target" namespace="Mlstr_additional" valueType="text">Participant</attribute>
      <attribute name="Physical_measures" namespace="Mlstr_area" valueType="text">Circulation_respiration</attribute>
      <attribute name="label" valueType="text" locale="en">Q OR QS PATTERN (1.2)</attribute>
      <attribute name="Source" namespace="Mlstr_additional" valueType="text">Physical_measure</attribute>
    </attributes>
    <categories>
      <category name="0">
        <attributes>
          <attribute name="label" valueType="text" locale="en">No</attribute>
        </attributes>
      </category>
      <category name="1">
        <attributes>
          <attribute name="label" valueType="text" locale="en">Yes</attribute>
        </attributes>
      </category>
    </categories>
  </variable>
  <variable name="V721Y" valueType="integer" entityType="Participant" unit="" mimeType="" referencedEntityType="" index="76">
    <attributes>
      <attribute name="Circulation" namespace="Mlstr_physmeas" valueType="text">Heart_Function_ECG</attribute>
      <attribute name="Target" namespace="Mlstr_additional" valueType="text">Participant</attribute>
      <attribute name="Physical_measures" namespace="Mlstr_area" valueType="text">Circulation_respiration</attribute>
      <attribute name="label" valueType="text" locale="en">Q OR QS PATTERN (1.3)</attribute>
      <attribute name="Source" namespace="Mlstr_additional" valueType="text">Physical_measure</attribute>
    </attributes>
    <categories>
      <category name="0">
        <attributes>
          <attribute name="label" valueType="text" locale="en">No</attribute>
        </attributes>
      </category>
      <category name="1">
        <attributes>
          <attribute name="label" valueType="text" locale="en">Yes</attribute>
        </attributes>
      </category>
    </categories>
  </variable>
  <variable name="V745" valueType="integer" entityType="Participant" unit="degrees" mimeType="" referencedEntityType="" index="77">
    <attributes>
      <attribute name="Circulation" namespace="Mlstr_physmeas" valueType="text">Heart_Function_ECG</attribute>
      <attribute name="Target" namespace="Mlstr_additional" valueType="text">Participant</attribute>
      <attribute name="Physical_measures" namespace="Mlstr_area" valueType="text">Circulation_respiration</attribute>
      <attribute name="label" valueType="text" locale="en">QRS AXIS</attribute>
      <attribute name="Source" namespace="Mlstr_additional" valueType="text">Physical_measure</attribute>
    </attributes>
  </variable>
  <variable name="V737" valueType="integer" entityType="Participant" unit="s" mimeType="" referencedEntityType="" index="78">
    <attributes>
      <attribute name="Circulation" namespace="Mlstr_physmeas" valueType="text">Heart_Function_ECG</attribute>
      <attribute name="Target" namespace="Mlstr_additional" valueType="text">Participant</attribute>
      <attribute name="Physical_measures" namespace="Mlstr_area" valueType="text">Circulation_respiration</attribute>
      <attribute name="label" valueType="text" locale="en">QRS INTERVAL</attribute>
      <attribute name="Source" namespace="Mlstr_additional" valueType="text">Physical_measure</attribute>
    </attributes>
  </variable>
  <variable name="V738" valueType="integer" entityType="Participant" unit="s" mimeType="" referencedEntityType="" index="79">
    <attributes>
      <attribute name="Circulation" namespace="Mlstr_physmeas" valueType="text">Heart_Function_ECG</attribute>
      <attribute name="Target" namespace="Mlstr_additional" valueType="text">Participant</attribute>
      <attribute name="Physical_measures" namespace="Mlstr_area" valueType="text">Circulation_respiration</attribute>
      <attribute name="label" valueType="text" locale="en">QT INTERVAL</attribute>
      <attribute name="Source" namespace="Mlstr_additional" valueType="text">Physical_measure</attribute>
    </attributes>
  </variable>
  <variable name="V511" valueType="integer" entityType="Participant" unit="mg/mmol" mimeType="" referencedEntityType="" index="80">
    <attributes>
      <attribute name="Target" namespace="Mlstr_additional" valueType="text">Participant</attribute>
      <attribute name="label" valueType="text" locale="en">S-ALPHA TOCHO.LIPID CORR</attribute>
      <attribute name="Laboratory_measures" namespace="Mlstr_area" valueType="text">Biochemistry</attribute>
      <attribute name="Source" namespace="Mlstr_additional" valueType="text">Biosample</attribute>
      <attribute name="Biochemistry" namespace="Mlstr_labmeas" valueType="text">Vitamin_blood</attribute>
    </attributes>
  </variable>
  <variable name="V634" valueType="integer" entityType="Participant" unit="mmHg" mimeType="" referencedEntityType="" index="81">
    <attributes>
      <attribute name="Circulation" namespace="Mlstr_physmeas" valueType="text">Blood_Pressure_office</attribute>
      <attribute name="Target" namespace="Mlstr_additional" valueType="text">Participant</attribute>
      <attribute name="Physical_measures" namespace="Mlstr_area" valueType="text">Circulation_respiration</attribute>
      <attribute name="label" valueType="text" locale="en">SBP STANDING 0 MIN</attribute>
      <attribute name="Source" namespace="Mlstr_additional" valueType="text">Physical_measure</attribute>
    </attributes>
  </variable>
  <variable name="V635" valueType="integer" entityType="Participant" unit="mmHg" mimeType="" referencedEntityType="" index="82">
    <attributes>
      <attribute name="Circulation" namespace="Mlstr_physmeas" valueType="text">Blood_Pressure_office</attribute>
      <attribute name="Target" namespace="Mlstr_additional" valueType="text">Participant</attribute>
      <attribute name="Physical_measures" namespace="Mlstr_area" valueType="text">Circulation_respiration</attribute>
      <attribute name="label" valueType="text" locale="en">SBP STANDING 1 MIN</attribute>
      <attribute name="Source" namespace="Mlstr_additional" valueType="text">Physical_measure</attribute>
    </attributes>
  </variable>
  <variable name="V636" valueType="integer" entityType="Participant" unit="mmHg" mimeType="" referencedEntityType="" index="83">
    <attributes>
      <attribute name="Circulation" namespace="Mlstr_physmeas" valueType="text">Blood_Pressure_office</attribute>
      <attribute name="Target" namespace="Mlstr_additional" valueType="text">Participant</attribute>
      <attribute name="Physical_measures" namespace="Mlstr_area" valueType="text">Circulation_respiration</attribute>
      <attribute name="label" valueType="text" locale="en">SBP STANDING 3 MIN</attribute>
      <attribute name="Source" namespace="Mlstr_additional" valueType="text">Physical_measure</attribute>
    </attributes>
  </variable>
  <variable name="V637" valueType="integer" entityType="Participant" unit="mmHg" mimeType="" referencedEntityType="" index="84">
    <attributes>
      <attribute name="Circulation" namespace="Mlstr_physmeas" valueType="text">Blood_Pressure_office</attribute>
      <attribute name="Target" namespace="Mlstr_additional" valueType="text">Participant</attribute>
      <attribute name="Physical_measures" namespace="Mlstr_area" valueType="text">Circulation_respiration</attribute>
      <attribute name="label" valueType="text" locale="en">SBP STANDING 5 MIN</attribute>
      <attribute name="Source" namespace="Mlstr_additional" valueType="text">Physical_measure</attribute>
    </attributes>
  </variable>
  <variable name="V013" valueType="integer" entityType="Participant" unit="mmHg" mimeType="" referencedEntityType="" index="85">
    <attributes>
      <attribute name="Circulation" namespace="Mlstr_physmeas" valueType="text">Blood_Pressure_office</attribute>
      <attribute name="Target" namespace="Mlstr_additional" valueType="text">Participant</attribute>
      <attribute name="Physical_measures" namespace="Mlstr_area" valueType="text">Circulation_respiration</attribute>
      <attribute name="label" valueType="text" locale="en">SBP SUPINE</attribute>
      <attribute name="Source" namespace="Mlstr_additional" valueType="text">Physical_measure</attribute>
    </attributes>
  </variable>
  <variable name="V803" valueType="integer" entityType="Participant" unit="mg/L" mimeType="" referencedEntityType="" index="86">
    <attributes>
      <attribute name="Target" namespace="Mlstr_additional" valueType="text">Participant</attribute>
      <attribute name="label" valueType="text" locale="en">SERUM AMYLOID PROTEIN</attribute>
      <attribute name="Laboratory_measures" namespace="Mlstr_area" valueType="text">Biochemistry</attribute>
      <attribute name="Source" namespace="Mlstr_additional" valueType="text">Biosample</attribute>
      <attribute name="Biochemistry" namespace="Mlstr_labmeas" valueType="text">Protein_blood</attribute>
    </attributes>
  </variable>
  <variable name="V828" valueType="integer" entityType="Participant" unit="pg/mL" mimeType="" referencedEntityType="" index="87">
    <attributes>
      <attribute name="Target" namespace="Mlstr_additional" valueType="text">Participant</attribute>
      <attribute name="label" valueType="text" locale="en">Serum cathepsin B</attribute>
      <attribute name="Laboratory_measures" namespace="Mlstr_area" valueType="text">Biochemistry</attribute>
      <attribute name="Source" namespace="Mlstr_additional" valueType="text">Biosample</attribute>
      <attribute name="Biochemistry" namespace="Mlstr_labmeas" valueType="text">Enzyme_blood</attribute>
    </attributes>
  </variable>
  <variable name="V829" valueType="integer" entityType="Participant" unit="pg/mL" mimeType="" referencedEntityType="" index="88">
    <attributes>
      <attribute name="Target" namespace="Mlstr_additional" valueType="text">Participant</attribute>
      <attribute name="label" valueType="text" locale="en">Serum cathepsin L</attribute>
      <attribute name="Laboratory_measures" namespace="Mlstr_area" valueType="text">Biochemistry</attribute>
      <attribute name="Source" namespace="Mlstr_additional" valueType="text">Biosample</attribute>
      <attribute name="Biochemistry" namespace="Mlstr_labmeas" valueType="text">Enzyme_blood</attribute>
    </attributes>
  </variable>
  <variable name="V830" valueType="integer" entityType="Participant" unit="pg/mL" mimeType="" referencedEntityType="" index="89">
    <attributes>
      <attribute name="Target" namespace="Mlstr_additional" valueType="text">Participant</attribute>
      <attribute name="label" valueType="text" locale="en">Serum cathepsin S</attribute>
      <attribute name="Laboratory_measures" namespace="Mlstr_area" valueType="text">Biochemistry</attribute>
      <attribute name="Source" namespace="Mlstr_additional" valueType="text">Biosample</attribute>
      <attribute name="Biochemistry" namespace="Mlstr_labmeas" valueType="text">Enzyme_blood</attribute>
    </attributes>
  </variable>
  <variable name="V972" valueType="integer" entityType="Participant" unit="mmol/l" mimeType="" referencedEntityType="" index="90">
    <attributes>
      <attribute name="Target" namespace="Mlstr_additional" valueType="text">Participant</attribute>
      <attribute name="label" valueType="text" locale="en">SERUM CHOL</attribute>
      <attribute name="Laboratory_measures" namespace="Mlstr_area" valueType="text">Biochemistry</attribute>
      <attribute name="Source" namespace="Mlstr_additional" valueType="text">Biosample</attribute>
      <attribute name="Biochemistry" namespace="Mlstr_labmeas" valueType="text">Lipid_blood</attribute>
    </attributes>
  </variable>
  <variable name="V826" valueType="integer" entityType="Participant" unit="pg/mL" mimeType="" referencedEntityType="" index="91">
    <attributes>
      <attribute name="Target" namespace="Mlstr_additional" valueType="text">Participant</attribute>
      <attribute name="label" valueType="text" locale="en">Serum endostatin</attribute>
      <attribute name="Laboratory_measures" namespace="Mlstr_area" valueType="text">Biochemistry</attribute>
      <attribute name="Source" namespace="Mlstr_additional" valueType="text">Biosample</attribute>
      <attribute name="Biochemistry" namespace="Mlstr_labmeas" valueType="text">Protein_blood</attribute>
    </attributes>
  </variable>
  <variable name="V827" valueType="integer" entityType="Participant" unit="pg/mL" mimeType="" referencedEntityType="" index="92">
    <attributes>
      <attribute name="Target" namespace="Mlstr_additional" valueType="text">Participant</attribute>
      <attribute name="label" valueType="text" locale="en">Serum fibroblast growth factor 23 (FGF-23)</attribute>
      <attribute name="Laboratory_measures" namespace="Mlstr_area" valueType="text">Biochemistry</attribute>
      <attribute name="Source" namespace="Mlstr_additional" valueType="text">Biosample</attribute>
      <attribute name="Biochemistry" namespace="Mlstr_labmeas" valueType="text">Protein_blood</attribute>
    </attributes>
  </variable>
  <variable name="V824" valueType="integer" entityType="Participant" unit="pg/mL" mimeType="" referencedEntityType="" index="93">
    <attributes>
      <attribute name="Target" namespace="Mlstr_additional" valueType="text">Participant</attribute>
      <attribute name="label" valueType="text" locale="en">Serum neutrophil gelatinase-associated lipocalin (NGAL)</attribute>
      <attribute name="Laboratory_measures" namespace="Mlstr_area" valueType="text">Biochemistry</attribute>
      <attribute name="Source" namespace="Mlstr_additional" valueType="text">Biosample</attribute>
      <attribute name="Biochemistry" namespace="Mlstr_labmeas" valueType="text">Protein_blood</attribute>
    </attributes>
  </variable>
  <variable name="V825" valueType="integer" entityType="Participant" unit="pg/mL" mimeType="" referencedEntityType="" index="94">
    <attributes>
      <attribute name="Target" namespace="Mlstr_additional" valueType="text">Participant</attribute>
      <attribute name="label" valueType="text" locale="en">Serum pentraxin 3 (PTX3)</attribute>
      <attribute name="Laboratory_measures" namespace="Mlstr_area" valueType="text">Biochemistry</attribute>
      <attribute name="Source" namespace="Mlstr_additional" valueType="text">Biosample</attribute>
      <attribute name="Biochemistry" namespace="Mlstr_labmeas" valueType="text">Protein_blood</attribute>
    </attributes>
  </variable>
  <variable name="V971" valueType="integer" entityType="Participant" unit="mmol/l" mimeType="" referencedEntityType="" index="95">
    <attributes>
      <attribute name="Target" namespace="Mlstr_additional" valueType="text">Participant</attribute>
      <attribute name="label" valueType="text" locale="en">SERUM TG</attribute>
      <attribute name="Laboratory_measures" namespace="Mlstr_area" valueType="text">Biochemistry</attribute>
      <attribute name="Source" namespace="Mlstr_additional" valueType="text">Biosample</attribute>
      <attribute name="Biochemistry" namespace="Mlstr_labmeas" valueType="text">Lipid_blood</attribute>
    </attributes>
  </variable>
  <variable name="V513" valueType="integer" entityType="Participant" unit="mg/mmol" mimeType="" referencedEntityType="" index="96">
    <attributes>
      <attribute name="Target" namespace="Mlstr_additional" valueType="text">Participant</attribute>
      <attribute name="label" valueType="text" locale="en">S-GAMMA TOCHO.LIPID CORR</attribute>
      <attribute name="Laboratory_measures" namespace="Mlstr_area" valueType="text">Biochemistry</attribute>
      <attribute name="Source" namespace="Mlstr_additional" valueType="text">Biosample</attribute>
      <attribute name="Biochemistry" namespace="Mlstr_labmeas" valueType="text">Vitamin_blood</attribute>
    </attributes>
  </variable>
  <variable name="V735" valueType="integer" entityType="Participant" unit="" mimeType="" referencedEntityType="" index="97">
    <attributes>
      <attribute name="Circulation" namespace="Mlstr_physmeas" valueType="text">Heart_Function_ECG</attribute>
      <attribute name="Target" namespace="Mlstr_additional" valueType="text">Participant</attribute>
      <attribute name="Physical_measures" namespace="Mlstr_area" valueType="text">Circulation_respiration</attribute>
      <attribute name="label" valueType="text" locale="en">SINUS BRADYCARDI under 50 per min</attribute>
      <attribute name="Source" namespace="Mlstr_additional" valueType="text">Physical_measure</attribute>
    </attributes>
    <categories>
      <category name="0">
        <attributes>
          <attribute name="label" valueType="text" locale="en">No</attribute>
        </attributes>
      </category>
      <category name="1">
        <attributes>
          <attribute name="label" valueType="text" locale="en">Yes</attribute>
        </attributes>
      </category>
    </categories>
  </variable>
  <variable name="V734" valueType="integer" entityType="Participant" unit="" mimeType="" referencedEntityType="" index="98">
    <attributes>
      <attribute name="Circulation" namespace="Mlstr_physmeas" valueType="text">Heart_Function_ECG</attribute>
      <attribute name="Target" namespace="Mlstr_additional" valueType="text">Participant</attribute>
      <attribute name="Physical_measures" namespace="Mlstr_area" valueType="text">Circulation_respiration</attribute>
      <attribute name="label" valueType="text" locale="en">SINUS TACHYCARDI over 100 per min</attribute>
      <attribute name="Source" namespace="Mlstr_additional" valueType="text">Physical_measure</attribute>
    </attributes>
    <categories>
      <category name="0">
        <attributes>
          <attribute name="label" valueType="text" locale="en">No</attribute>
        </attributes>
      </category>
      <category name="1">
        <attributes>
          <attribute name="label" valueType="text" locale="en">Yes</attribute>
        </attributes>
      </category>
    </categories>
  </variable>
  <variable name="V725X" valueType="integer" entityType="Participant" unit="" mimeType="" referencedEntityType="" index="99">
    <attributes>
      <attribute name="Circulation" namespace="Mlstr_physmeas" valueType="text">Heart_Function_ECG</attribute>
      <attribute name="Target" namespace="Mlstr_additional" valueType="text">Participant</attribute>
      <attribute name="Physical_measures" namespace="Mlstr_area" valueType="text">Circulation_respiration</attribute>
      <attribute name="label" valueType="text" locale="en">ST-SEGMENT DEPRESSION (4.1)</attribute>
      <attribute name="Source" namespace="Mlstr_additional" valueType="text">Physical_measure</attribute>
    </attributes>
    <categories>
      <category name="0">
        <attributes>
          <attribute name="label" valueType="text" locale="en">No</attribute>
        </attributes>
      </category>
      <category name="1">
        <attributes>
          <attribute name="label" valueType="text" locale="en">Yes</attribute>
        </attributes>
      </category>
    </categories>
  </variable>
  <variable name="V725Y" valueType="integer" entityType="Participant" unit="" mimeType="" referencedEntityType="" index="100">
    <attributes>
      <attribute name="Circulation" namespace="Mlstr_physmeas" valueType="text">Heart_Function_ECG</attribute>
      <attribute name="Target" namespace="Mlstr_additional" valueType="text">Participant</attribute>
      <attribute name="Physical_measures" namespace="Mlstr_area" valueType="text">Circulation_respiration</attribute>
      <attribute name="label" valueType="text" locale="en">ST-SEGMENT DEPRESSION (4.2)</attribute>
      <attribute name="Source" namespace="Mlstr_additional" valueType="text">Physical_measure</attribute>
    </attributes>
    <categories>
      <category name="0">
        <attributes>
          <attribute name="label" valueType="text" locale="en">No</attribute>
        </attributes>
      </category>
      <category name="1">
        <attributes>
          <attribute name="label" valueType="text" locale="en">Yes</attribute>
        </attributes>
      </category>
    </categories>
  </variable>
  <variable name="V551" valueType="integer" entityType="Participant" unit="seconds" mimeType="" referencedEntityType="" index="101">
    <attributes>
      <attribute name="Target" namespace="Mlstr_additional" valueType="text">Participant</attribute>
      <attribute name="Cog_scale" namespace="Mlstr_cogscale" valueType="text">TMT</attribute>
      <attribute name="Cognitive_psychological_measures" namespace="Mlstr_area" valueType="text">Cognitive_functioning</attribute>
      <attribute name="label" valueType="text" locale="en">TRAIL MAKING TEST A</attribute>
      <attribute name="Source" namespace="Mlstr_additional" valueType="text">Cognitive_measure</attribute>
    </attributes>
  </variable>
  <variable name="V552" valueType="integer" entityType="Participant" unit="seconds" mimeType="" referencedEntityType="" index="102">
    <attributes>
      <attribute name="Target" namespace="Mlstr_additional" valueType="text">Participant</attribute>
      <attribute name="Cog_scale" namespace="Mlstr_cogscale" valueType="text">TMT</attribute>
      <attribute name="Cognitive_psychological_measures" namespace="Mlstr_area" valueType="text">Cognitive_functioning</attribute>
      <attribute name="label" valueType="text" locale="en">TRAIL MAKING TEST B</attribute>
      <attribute name="Source" namespace="Mlstr_additional" valueType="text">Cognitive_measure</attribute>
    </attributes>
  </variable>
  <variable name="V726X" valueType="integer" entityType="Participant" unit="" mimeType="" referencedEntityType="" index="103">
    <attributes>
      <attribute name="Circulation" namespace="Mlstr_physmeas" valueType="text">Heart_Function_ECG</attribute>
      <attribute name="Target" namespace="Mlstr_additional" valueType="text">Participant</attribute>
      <attribute name="Physical_measures" namespace="Mlstr_area" valueType="text">Circulation_respiration</attribute>
      <attribute name="label" valueType="text" locale="en">T-WAVE ITEMS (5.1)</attribute>
      <attribute name="Source" namespace="Mlstr_additional" valueType="text">Physical_measure</attribute>
    </attributes>
    <categories>
      <category name="0">
        <attributes>
          <attribute name="label" valueType="text" locale="en">No</attribute>
        </attributes>
      </category>
      <category name="1">
        <attributes>
          <attribute name="label" valueType="text" locale="en">Yes</attribute>
        </attributes>
      </category>
    </categories>
  </variable>
  <variable name="V726Y" valueType="integer" entityType="Participant" unit="" mimeType="" referencedEntityType="" index="104">
    <attributes>
      <attribute name="Circulation" namespace="Mlstr_physmeas" valueType="text">Heart_Function_ECG</attribute>
      <attribute name="Target" namespace="Mlstr_additional" valueType="text">Participant</attribute>
      <attribute name="Physical_measures" namespace="Mlstr_area" valueType="text">Circulation_respiration</attribute>
      <attribute name="label" valueType="text" locale="en">T-WAVE ITEMS (5.2)</attribute>
      <attribute name="Source" namespace="Mlstr_additional" valueType="text">Physical_measure</attribute>
    </attributes>
    <categories>
      <category name="0">
        <attributes>
          <attribute name="label" valueType="text" locale="en">No</attribute>
        </attributes>
      </category>
      <category name="1">
        <attributes>
          <attribute name="label" valueType="text" locale="en">Yes</attribute>
        </attributes>
      </category>
    </categories>
  </variable>
  <variable name="V726Z" valueType="integer" entityType="Participant" unit="" mimeType="" referencedEntityType="" index="105">
    <attributes>
      <attribute name="Circulation" namespace="Mlstr_physmeas" valueType="text">Heart_Function_ECG</attribute>
      <attribute name="Target" namespace="Mlstr_additional" valueType="text">Participant</attribute>
      <attribute name="Physical_measures" namespace="Mlstr_area" valueType="text">Circulation_respiration</attribute>
      <attribute name="label" valueType="text" locale="en">T-WAVE ITEMS (5.3)</attribute>
      <attribute name="Source" namespace="Mlstr_additional" valueType="text">Physical_measure</attribute>
    </attributes>
    <categories>
      <category name="0">
        <attributes>
          <attribute name="label" valueType="text" locale="en">No</attribute>
        </attributes>
      </category>
      <category name="1">
        <attributes>
          <attribute name="label" valueType="text" locale="en">Yes</attribute>
        </attributes>
      </category>
    </categories>
  </variable>
  <variable name="V818" valueType="integer" entityType="Participant" unit="mg/µmol" mimeType="" referencedEntityType="" index="106">
    <attributes>
      <attribute name="Target" namespace="Mlstr_additional" valueType="text">Participant</attribute>
      <attribute name="label" valueType="text" locale="en">Urine albumin/creatinine ratio</attribute>
      <attribute name="Laboratory_measures" namespace="Mlstr_area" valueType="text">Biochemistry</attribute>
      <attribute name="Source" namespace="Mlstr_additional" valueType="text">Biosample</attribute>
      <attribute name="Biochemistry" namespace="Mlstr_labmeas" valueType="text">Protein_urine</attribute>
    </attributes>
  </variable>
  <variable name="V646" valueType="integer" entityType="Participant" unit="mmol/l" mimeType="" referencedEntityType="" index="107">
    <attributes>
      <attribute name="Target" namespace="Mlstr_additional" valueType="text">Participant</attribute>
      <attribute name="label" valueType="text" locale="en">URINE CREATININE</attribute>
      <attribute name="Laboratory_measures" namespace="Mlstr_area" valueType="text">Biochemistry</attribute>
      <attribute name="Source" namespace="Mlstr_additional" valueType="text">Biosample</attribute>
      <attribute name="Biochemistry" namespace="Mlstr_labmeas" valueType="text">Metabolite_urine</attribute>
    </attributes>
  </variable>
  <variable name="V809" valueType="integer" entityType="Participant" unit="mg/L" mimeType="" referencedEntityType="" index="108">
    <attributes>
      <attribute name="Target" namespace="Mlstr_additional" valueType="text">Participant</attribute>
      <attribute name="label" valueType="text" locale="en">Urine cystatin C</attribute>
      <attribute name="Laboratory_measures" namespace="Mlstr_area" valueType="text">Biochemistry</attribute>
      <attribute name="Source" namespace="Mlstr_additional" valueType="text">Biosample</attribute>
      <attribute name="Biochemistry" namespace="Mlstr_labmeas" valueType="text">Protein_urine</attribute>
    </attributes>
  </variable>
  <variable name="V821" valueType="integer" entityType="Participant" unit="mg/L" mimeType="" referencedEntityType="" index="109">
    <attributes>
      <attribute name="Target" namespace="Mlstr_additional" valueType="text">Participant</attribute>
      <attribute name="label" valueType="text" locale="en">Urine Hemocue albumin</attribute>
      <attribute name="Laboratory_measures" namespace="Mlstr_area" valueType="text">Biochemistry</attribute>
      <attribute name="Source" namespace="Mlstr_additional" valueType="text">Biosample</attribute>
      <attribute name="Biochemistry" namespace="Mlstr_labmeas" valueType="text">Protein_urine</attribute>
    </attributes>
  </variable>
  <variable name="V822" valueType="integer" entityType="Participant" unit="pg/mL" mimeType="" referencedEntityType="" index="110">
    <attributes>
      <attribute name="Target" namespace="Mlstr_additional" valueType="text">Participant</attribute>
      <attribute name="label" valueType="text" locale="en">Urine kidney injury molecule-1 (KIM-1)</attribute>
      <attribute name="Laboratory_measures" namespace="Mlstr_area" valueType="text">Biochemistry</attribute>
      <attribute name="Source" namespace="Mlstr_additional" valueType="text">Biosample</attribute>
      <attribute name="Biochemistry" namespace="Mlstr_labmeas" valueType="text">Protein_urine</attribute>
    </attributes>
  </variable>
  <variable name="V823" valueType="integer" entityType="Participant" unit="pg/mL" mimeType="" referencedEntityType="" index="111">
    <attributes>
      <attribute name="Target" namespace="Mlstr_additional" valueType="text">Participant</attribute>
      <attribute name="label" valueType="text" locale="en">Urine neutrophil gelatinase-associated lipocalin (NGAL)</attribute>
      <attribute name="Laboratory_measures" namespace="Mlstr_area" valueType="text">Biochemistry</attribute>
      <attribute name="Source" namespace="Mlstr_additional" valueType="text">Biosample</attribute>
      <attribute name="Biochemistry" namespace="Mlstr_labmeas" valueType="text">Protein_urine</attribute>
    </attributes>
  </variable>
  <variable name="V817" valueType="integer" entityType="Participant" unit="mg/L" mimeType="" referencedEntityType="" index="112">
    <attributes>
      <attribute name="Target" namespace="Mlstr_additional" valueType="text">Participant</attribute>
      <attribute name="label" valueType="text" locale="en">Urine ProSpec albumin</attribute>
      <attribute name="Laboratory_measures" namespace="Mlstr_area" valueType="text">Biochemistry</attribute>
      <attribute name="Source" namespace="Mlstr_additional" valueType="text">Biosample</attribute>
      <attribute name="Biochemistry" namespace="Mlstr_labmeas" valueType="text">Protein_urine</attribute>
    </attributes>
  </variable>
  <variable name="V729" valueType="integer" entityType="Participant" unit="" mimeType="" referencedEntityType="" index="113">
    <attributes>
      <attribute name="Circulation" namespace="Mlstr_physmeas" valueType="text">Heart_Function_ECG</attribute>
      <attribute name="Target" namespace="Mlstr_additional" valueType="text">Participant</attribute>
      <attribute name="Physical_measures" namespace="Mlstr_area" valueType="text">Circulation_respiration</attribute>
      <attribute name="label" valueType="text" locale="en">VENTR. CONDUCTION DEFECTS (7.X)</attribute>
      <attribute name="Source" namespace="Mlstr_additional" valueType="text">Physical_measure</attribute>
    </attributes>
    <categories>
      <category name="0">
        <attributes>
          <attribute name="label" valueType="text" locale="en">No</attribute>
        </attributes>
      </category>
      <category name="1">
        <attributes>
          <attribute name="label" valueType="text" locale="en">Yes</attribute>
        </attributes>
      </category>
    </categories>
  </variable>
  <variable name="V974" valueType="integer" entityType="Participant" unit="" mimeType="" referencedEntityType="" index="114">
    <attributes>
      <attribute name="Target" namespace="Mlstr_additional" valueType="text">Participant</attribute>
      <attribute name="Physical_measures" namespace="Mlstr_area" valueType="text">Anthropo_measures</attribute>
      <attribute name="Anthropometry" namespace="Mlstr_physmeas" valueType="text">Body_Measurement_circumference</attribute>
      <attribute name="label" valueType="text" locale="en">WAIST / HIP RATIO</attribute>
      <attribute name="Source" namespace="Mlstr_additional" valueType="text">Physical_measure</attribute>
    </attributes>
  </variable>
  <variable name="V020" valueType="integer" entityType="Participant" unit="cm" mimeType="" referencedEntityType="" index="115">
    <attributes>
      <attribute name="Target" namespace="Mlstr_additional" valueType="text">Participant</attribute>
      <attribute name="Physical_measures" namespace="Mlstr_area" valueType="text">Anthropo_measures</attribute>
      <attribute name="Anthropometry" namespace="Mlstr_physmeas" valueType="text">Body_Measurement_circumference</attribute>
      <attribute name="label" valueType="text" locale="en">WAIST CIRCUMF.</attribute>
      <attribute name="Source" namespace="Mlstr_additional" valueType="text">Physical_measure</attribute>
    </attributes>
  </variable>
  <variable name="V011" valueType="integer" entityType="Participant" unit="kg" mimeType="" referencedEntityType="" index="116">
    <attributes>
      <attribute name="Target" namespace="Mlstr_additional" valueType="text">Participant</attribute>
      <attribute name="Physical_measures" namespace="Mlstr_area" valueType="text">Anthropo_measures</attribute>
      <attribute name="Anthropometry" namespace="Mlstr_physmeas" valueType="text">Weight</attribute>
      <attribute name="label" valueType="text" locale="en">WEIGHT</attribute>
      <attribute name="Source" namespace="Mlstr_additional" valueType="text">Physical_measure</attribute>
    </attributes>
  </variable>
</variables>