<valueSet valueTable="EXPAND_WITH_MISSING1" entityType="Participant" entityIdentifier="1239">
  <variableValue variable="id">
    <value valueType="integer">526</value>
  </variableValue>
  <variableValue variable="study.id">
    <value valueType="integer">1</value>
  </variableValue>
  <variableValue variable="time.id">
    <value valueType="integer">2</value>
  </variableValue>
  <variableValue variable="starttime">
    <value valueType="decimal">2.0</value>
  </variableValue>
  <variableValue variable="endtime">
    <value valueType="decimal">2.24422378914978</value>
  </variableValue>
  <variableValue variable="survtime">
    <value valueType="decimal">0.244223789149775</value>
  </variableValue>
  <variableValue variable="cens">
    <value valueType="integer">0</value>
  </variableValue>
  <variableValue variable="age.60">
    <value valueType="decimal">14.0</value>
  </variableValue>
  <variableValue variable="female">
    <value valueType="integer">1</value>
  </variableValue>
  <variableValue variable="noise.56">
    <value valueType="decimal">4.6</value>
  </variableValue>
  <variableValue variable="pm10.16">
    <value valueType="decimal">-2.0</value>
  </variableValue>
  <variableValue variable="bmi.26">
    <value valueType="decimal">2.0</value>
  </variableValue>
</valueSet>