<valueSet valueTable="EXPAND_WITH_MISSING1" entityType="Participant" entityIdentifier="1358">
  <variableValue variable="id">
    <value valueType="integer">587</value>
  </variableValue>
  <variableValue variable="study.id">
    <value valueType="integer">1</value>
  </variableValue>
  <variableValue variable="time.id">
    <value valueType="integer">2</value>
  </variableValue>
  <variableValue variable="starttime">
    <value valueType="decimal">2.0</value>
  </variableValue>
  <variableValue variable="endtime">
    <value valueType="decimal">2.69667380016794</value>
  </variableValue>
  <variableValue variable="survtime">
    <value valueType="decimal">0.696673800167939</value>
  </variableValue>
  <variableValue variable="cens">
    <value valueType="integer">1</value>
  </variableValue>
  <variableValue variable="age.60">
    <value valueType="decimal">5.0</value>
  </variableValue>
  <variableValue variable="female">
    <value valueType="integer">0</value>
  </variableValue>
  <variableValue variable="noise.56">
    <value valueType="decimal">0.100000000000001</value>
  </variableValue>
  <variableValue variable="pm10.16">
    <value valueType="decimal">0.399999999999999</value>
  </variableValue>
  <variableValue variable="bmi.26">
    <value valueType="decimal">-8.0</value>
  </variableValue>
</valueSet>