<valueSet valueTable="EXPAND_WITH_MISSING1" entityType="Participant" entityIdentifier="1310">
  <variableValue variable="id">
    <value valueType="integer">561</value>
  </variableValue>
  <variableValue variable="study.id">
    <value valueType="integer">1</value>
  </variableValue>
  <variableValue variable="time.id">
    <value valueType="integer">3</value>
  </variableValue>
  <variableValue variable="starttime">
    <value valueType="decimal"/>
  </variableValue>
  <variableValue variable="endtime">
    <value valueType="decimal"/>
  </variableValue>
  <variableValue variable="survtime">
    <value valueType="decimal"/>
  </variableValue>
  <variableValue variable="cens">
    <value valueType="integer"/>
  </variableValue>
  <variableValue variable="age.60">
    <value valueType="decimal">-25.0</value>
  </variableValue>
  <variableValue variable="female">
    <value valueType="integer">0</value>
  </variableValue>
  <variableValue variable="noise.56">
    <value valueType="decimal">0.200000000000003</value>
  </variableValue>
  <variableValue variable="pm10.16">
    <value valueType="decimal">-0.9</value>
  </variableValue>
  <variableValue variable="bmi.26">
    <value valueType="decimal">-6.0</value>
  </variableValue>
</valueSet>