<valueSet valueTable="EXPAND_WITH_MISSING1" entityType="Participant" entityIdentifier="1311">
  <variableValue variable="id">
    <value valueType="integer">562</value>
  </variableValue>
  <variableValue variable="study.id">
    <value valueType="integer">1</value>
  </variableValue>
  <variableValue variable="time.id">
    <value valueType="integer">1</value>
  </variableValue>
  <variableValue variable="starttime">
    <value valueType="decimal">0.0</value>
  </variableValue>
  <variableValue variable="endtime">
    <value valueType="decimal">1.94588098323943</value>
  </variableValue>
  <variableValue variable="survtime">
    <value valueType="decimal">1.94588098323943</value>
  </variableValue>
  <variableValue variable="cens">
    <value valueType="integer">0</value>
  </variableValue>
  <variableValue variable="age.60">
    <value valueType="decimal">9.0</value>
  </variableValue>
  <variableValue variable="female">
    <value valueType="integer">0</value>
  </variableValue>
  <variableValue variable="noise.56">
    <value valueType="decimal">-10.1</value>
  </variableValue>
  <variableValue variable="pm10.16">
    <value valueType="decimal">0.0</value>
  </variableValue>
  <variableValue variable="bmi.26">
    <value valueType="decimal">-2.0</value>
  </variableValue>
</valueSet>