<valueSet valueTable="EXPAND_WITH_MISSING1" entityType="Participant" entityIdentifier="1663">
  <variableValue variable="id">
    <value valueType="integer">716</value>
  </variableValue>
  <variableValue variable="study.id">
    <value valueType="integer">1</value>
  </variableValue>
  <variableValue variable="time.id">
    <value valueType="integer">1</value>
  </variableValue>
  <variableValue variable="starttime">
    <value valueType="decimal">0.0</value>
  </variableValue>
  <variableValue variable="endtime">
    <value valueType="decimal">0.251021397476683</value>
  </variableValue>
  <variableValue variable="survtime">
    <value valueType="decimal">0.251021397476683</value>
  </variableValue>
  <variableValue variable="cens">
    <value valueType="integer">0</value>
  </variableValue>
  <variableValue variable="age.60">
    <value valueType="decimal">-20.0</value>
  </variableValue>
  <variableValue variable="female">
    <value valueType="integer">0</value>
  </variableValue>
  <variableValue variable="noise.56">
    <value valueType="decimal">-7.6</value>
  </variableValue>
  <variableValue variable="pm10.16">
    <value valueType="decimal">-1.8</value>
  </variableValue>
  <variableValue variable="bmi.26">
    <value valueType="decimal">3.0</value>
  </variableValue>
</valueSet>