{"id":"c5f68064-0e82-41ee-a775-dd49ae6074aa","name":[{"lang":"en","value":"Study of Health in Pomerania"}],"acronym":[{"lang":"en","value":"SHIP"}],"logo":{"id":"6836e78a-0617-4c4f-b95d-93a1b125a193","fileName":"ship-logo.png","type":"logo","description":[{"lang":"en"}],"lang":"en","justUploaded":true},"investigators":[{"title":"Prof.","firstName":"Dr. med. Henry ","lastName":"V\u00f6lzke","email":"voelzke@uni-greifswald.de","phone":"03834 86 7707","dataAccessCommitteeMember":false,"institution":{"name":[{"lang":"en","value":"Institute for Community Medicine"}],"address":{"zip":"","state":""}}},{"firstName":"Institute for Community Medicine ","lastName":"SHIP-KEF","phone":"++ 49 (0) 3834\/86 75 41","dataAccessCommitteeMember":false,"institution":{"name":[{"lang":"en","value":"Research Network Community Medicine"}],"address":{"city":[{"lang":"en","value":"Greifswald"}],"country":{"iso":"DE","name":[{"lang":"en","value":"Germany"}]}}}}],"contacts":[{"firstName":"PD Dr. Carsten-Oliver ","lastName":"Schmidt","email":"carsten.schmidt@uni-greifswald.de","phone":"0049 3834 867713","dataAccessCommitteeMember":false,"institution":{"name":[{"lang":"en","value":"Institut f\u00fcr Community Medicine"}],"address":{"zip":"","state":""}}}],"objectives":[{"lang":"en","value":"<p>&nbsp;<\/p>\r\n\r\n<p>&nbsp;<\/p>\r\n\r\n<p>&nbsp;<\/p>\r\n\r\n<p>The Study of Health In Pomerania has two main objectives:<\/p>\r\n\r\n<ol>\r\n\t<li>to assess prevalence and incidence of common risk factors, subclinical disorders and clinical diseases; and<\/li>\r\n\t<li>to investigate the complex associations among risk factors, subclinical disorders and clinical diseases.<\/li>\r\n<\/ol>\r\n\r\n<p>A particular characteristic of the SHIP is that it does not focus on a selected disease; it rather attempts to describe health-related conditions with the widest focus possible. Important medical areas of investigation include cardiovascular diseases, diabetes mellitus, liver and biliary tract diseases, neurological diseases, thyroid diseases, dental diseases, lung diseases, addiction and risk behaviour, among others.<\/p>\r\n"}],"website":"http:\/\/www.medizin.uni-greifswald.de\/cm\/fv\/english\/ship_en.html","specificAuthorization":{"authorized":true,"authorizer":"PD Dr. Carsten Oliver Schmidt","date":"2015-02-02T00:00:00-05:00"},"maelstromAuthorization":{"authorized":true,"authorizer":"PD Dr. Carsten Oliver Schmidt","date":"2013-10-28T00:00:00-04:00"},"methods":{"designs":["cohort_study"],"followUpInfo":[{"lang":"en","value":"<p>SHIP comprises two cohorts. &nbsp;In the first cohort, so far, three examination-waves have been completed, SHIP-0 (1997-2001), SHIP-1 (2002 -2006) and&nbsp;SHIP-2 (2008-2012).&nbsp;SHIP-3 started in 2014.&nbsp;The baseline examination of the second cohort \u2018SHIP-Trend\u2019 was performed between 2008 and 2012 and the follow-up is projected for 2015.&nbsp;<br \/>\r\n&nbsp;<\/p>\r\n"}],"recruitments":["individuals"]},"numberOfParticipants":{"participant":{"noLimit":false,"number":8728},"sample":{"noLimit":false,"number":8728}},"startYear":1997,"access":["data","biosamples"],"markerPaper":"V\u00f6lzke H, Alte D, Schmidt CO et al., Cohort profile: the study of health in Pomerania. Int J Epidemiol. 2011 Apr;40(2):294-307. doi: 10.1093\/ije\/dyp394. Epub 2010 Feb 18.","pubmedId":"20167617","populations":[{"id":"5c9784f8-5933-485f-bb34-14536bdf62bf","name":[{"lang":"en","value":"SHIP population"}],"description":[{"lang":"en","value":"<p>A representative sample of men and women aged between 20 and 79 years was drawn using a two-stage stratified and cluster sampling scheme. First, 32 communities in the region were selected. Second, within the communities a simple random sample was drawn from residence registries, stratified by gender and age.<\/p>\r\n"}],"recruitment":{"dataSources":["general"],"generalPopulationSources":["volunteer","selected_samples"]},"selectionCriteria":{"ageMin":20,"ageMax":79,"countriesIso":["DEU"],"territory":[{"lang":"en","value":"<p>Western Pomerania (federal state: Mecklenburg-Vorpommern), primary residence in the cities of Greifswald and Stralsund or counties Ostvorpommern and Nordvorpommern<\/p>\r\n"}],"ethnicOrigin":[{"localizedStrings":[{"lang":"en","value":"While not being an explicit selection criterion, the entire sample is Caucasian."}]}]},"numberOfParticipants":{"participant":{"noLimit":false,"number":4308},"sample":{"noLimit":false,"number":4308},"info":[{"lang":"en","value":"<p>SHIP-0: 4308<\/p>\r\n\r\n<p>SHIP-1: 3300<\/p>\r\n\r\n<p>SHIP-2: 2333<\/p>\r\n"}]},"dataCollectionEvents":[{"id":"76d7a5c1-854a-4ac9-aabc-39a3f2717ce4","name":[{"lang":"en","value":"SHIP - Morbidity and Mortality follow-up"}],"description":[{"lang":"en","value":"<p>In the mortality follow-up, annual collection of information on vital status from population registries is done.&nbsp;For deceased persons, death certificates are requested from the local health authorities. Two internists independently code the underlying cause of death and perform joint readings together with a third internist in cases of disagreement.<\/p>\r\n\r\n<p>The morbidity follow-up is composed of 3 sources of information.&nbsp;First, two postal questionnaires on clinical events were administered to participants and events were&nbsp;validated by a general practitioner survey (in 2006-2009 and 2011-2014). Second, outpatient treatment data are obtained from the panel physicians association (started in 2002). Third, clinical data of SHIP participants are requested from the University Medicine Greifswald, the Association of Statutory Health Insurance Physicians, and dentists (beginning in 2007).<\/p>\r\n"}],"startYear":1997,"startMonth":10,"endYear":2015,"dataSources":["questionnaires","administratives_databases","others"],"administrativeDatabases":["health_databases","vital_statisctics_databases"],"otherDataSources":[{"lang":"en","value":"Medical records"}]},{"id":"a3f53a39-7e67-4ac2-9f30-428b2b5a092e","name":[{"lang":"en","value":"SHIP-0"}],"description":[{"lang":"en","value":"<p>SHIP-0 examinations were conducted between the 16th of October 1997 and the 19th of May 2001. Examinations included four parts: medical examination, oral health examination, health- interview and questionnaire<\/p>\r\n"}],"startYear":1997,"startMonth":10,"endYear":2001,"endMonth":5,"dataSources":["questionnaires","physical_measures","biological_samples","others"],"otherDataSources":[{"lang":"en","value":"Computer-assisted personal interviewing (CAPI)"}],"bioSamples":["blood","urine"]},{"id":"66e356bc-eb41-4a79-990d-9935b44555b3","name":[{"lang":"en","value":"SHIP-1"}],"description":[{"lang":"en","value":"<p>The 5-year&nbsp;follow-up commenced on the 23rd of October 2002 and was completed on September 1st, 2006. Examinations included four parts: medical examination, oral health examination, health- interview and questionnaire.<\/p>\r\n"}],"startYear":2002,"startMonth":10,"endYear":2006,"endMonth":9,"dataSources":["questionnaires","physical_measures","biological_samples","others"],"otherDataSources":[{"lang":"en","value":"Computer-assisted personal interviewing (CAPI)"}],"bioSamples":["blood","urine","others"],"otherBioSamples":[{"lang":"en","value":"<p>Swabs of tongue<\/p>\r\n"}]},{"id":"56af0ed5-82e6-44d9-ba91-4311c51189f0","name":[{"lang":"en","value":"SHIP-2"}],"description":[{"lang":"en","value":"<p>The 11-year&nbsp;follow-up commenced on the June 25th, 2008 and was completed on September 27th, 2012.&nbsp;Examinations included four parts: medical examination, oral health examination, health- interview and questionnaire. Of particular importance was the whole-body MRI.<\/p>\r\n"}],"startYear":2008,"startMonth":6,"endYear":2012,"endMonth":9,"dataSources":["questionnaires","physical_measures","biological_samples","others"],"otherDataSources":[{"lang":"en","value":"Computer-assisted personal interviewing (CAPI)"}],"bioSamples":["blood","saliva","urine","others"],"otherBioSamples":[{"lang":"en","value":"<p>Stool, swabs of tongue, nose, throat and periodontal pockets<\/p>\r\n"}]},{"id":"5be7cbf3-6cb3-478f-a4c6-54ae850e2d1e","name":[{"lang":"en","value":"SHIP-3"}],"description":[{"lang":"en","value":"<p>The 17-year follow-up started in 2014 and is still ongoing.&nbsp;Examinations include&nbsp;four parts: medical examination, oral health examination, health- interview and questionnaire.<\/p>\r\n"}],"startYear":2014,"endYear":2015,"dataSources":["questionnaires","physical_measures","biological_samples","others"],"otherDataSources":[{"lang":"en","value":"Computer-assisted personal interviewing (CAPI)"}],"bioSamples":["blood","urine","others"],"otherBioSamples":[{"lang":"en","value":"<p>Swabs of tongue<\/p>\r\n"}]}]},{"id":"655ff3bf-9d21-4cd9-9fb4-7466a5e9a864","name":[{"lang":"en","value":"SHIP-TREND population"}],"description":[{"lang":"en","value":"<p>A representative sample of men and women aged 20 - 79 years was drawn from the central population registry using a stratified random sampling scheme with age, sex and county as strata. The SHIP-trend population largely overlaps with the SHIP-0 population.<\/p>\r\n"}],"recruitment":{"dataSources":["general"],"generalPopulationSources":["volunteer","selected_samples"]},"selectionCriteria":{"ageMin":20,"ageMax":79,"countriesIso":["DEU"],"territory":[{"lang":"en","value":"<p>Western Pomerania (federal state: Mecklenburg-Vorpommern), primary residence in the cities of Greifswald and Stralsund or counties Ostvorpommern and Nordvorpommern<\/p>\r\n"}]},"numberOfParticipants":{"participant":{"noLimit":false,"number":4420},"sample":{"noLimit":false,"number":4420}},"dataCollectionEvents":[{"id":"5a855441-292c-4305-9273-1d8390a0f13f","name":[{"lang":"en","value":"SHIP-TREND - Mortality and Morbidity follow-up"}],"description":[{"lang":"en","value":"<p>In the mortality follow-up, annual collection of information on vital status from population registries is done. For deceased persons, death certificates are requested from the local health authorities. Two internists independently code the underlying cause of death and perform joint readings together with a third internist in cases of disagreement.<\/p>\r\n\r\n<p>The morbidity follow-up is composed of 3 sources of information. First, two postal questionnaires on clinical events were administered to participants and events were validated by a general practitioner survey (2011-2014). Second, outpatient treatment data are obtained from the panel physicians association.&nbsp;Third, clinical data of SHIP participants are requested from the University Medicine Greifswald, the Association of Statutory Health Insurance Physicians, and dentists.<\/p>\r\n"}],"startYear":2008,"startMonth":9,"endYear":2015,"dataSources":["questionnaires","administratives_databases","others"],"administrativeDatabases":["health_databases","vital_statisctics_databases"],"otherDataSources":[{"lang":"en","value":"Medical records"}]},{"id":"0c57fd9d-6940-4a3b-bdba-2748c1689dac","name":[{"lang":"en","value":"SHIP-TREND-0"}],"description":[{"lang":"en","value":"<p>The first examinations of this cohort commenced in September, 2008 and were completed in September, 2013. Examinations included four parts: medical examination, oral health examination, health- interview and questionnaire. Of particular importance were the MRI and sleep laboratory.<\/p>\r\n"}],"startYear":2008,"startMonth":9,"endYear":2012,"endMonth":9,"dataSources":["questionnaires","physical_measures","biological_samples","others"],"otherDataSources":[{"lang":"en","value":"Computer-assisted personal interviewing (CAPI)"}],"bioSamples":["blood","saliva","urine","others"],"otherBioSamples":[{"lang":"en","value":"<p>Swabs of tongue, throat, nose and periodontal pockets, stool<\/p>\r\n"}]},{"id":"7d3ae43e-65b8-40ac-9114-50fd612d5798","name":[{"lang":"en","value":"SHIP-TREND-1"}],"description":[{"lang":"en","value":"<p>SHIP-TREND first follow-up is projected for 2015.&nbsp;Examinations will include four parts: medical examination, oral health examination, health- interview and questionnaire.<\/p>\r\n"}],"startYear":2015,"endYear":2015,"dataSources":["questionnaires","physical_measures","biological_samples","others"],"otherDataSources":[{"lang":"en","value":"Computer-assisted personal interviewing (CAPI)"}],"bioSamples":["blood","urine","others"],"otherBioSamples":[{"lang":"en","value":"<p>Swabs of tongue<\/p>\r\n"}]}]}]}