<valueSet valueTable="HOP" entityType="Participant" entityIdentifier="4143277228974886988">
  <variableValue variable="HLTH_OBESE_STRICT">
    <value valueType="integer">0</value>
  </variableValue>
  <variableValue variable="HLTH_OBESE_MODERATE">
    <value valueType="integer">0</value>
  </variableValue>
  <variableValue variable="PM_BMI_CONTINUOUS">
    <value valueType="decimal">31.611564832526504</value>
  </variableValue>
  <variableValue variable="PM_HEIGHT_MEASURE">
    <value valueType="decimal">163.82505697573635</value>
  </variableValue>
  <variableValue variable="PM_WEIGHT_MEASURE">
    <value valueType="decimal">84.84117021463754</value>
  </variableValue>
  <variableValue variable="METABSYNDR_NBR_STRICT">
    <value valueType="integer">3</value>
  </variableValue>
  <variableValue variable="METABSYNDR_NBR_MODERATE">
    <value valueType="integer">3</value>
  </variableValue>
  <variableValue variable="LAB_GLUC_FASTING">
    <value valueType="decimal">5.731612772349798</value>
  </variableValue>
  <variableValue variable="LAB_TSC">
    <value valueType="decimal">6.8928092652480855</value>
  </variableValue>
  <variableValue variable="LAB_TRIG">
    <value valueType="decimal">0.823542080333312</value>
  </variableValue>
  <variableValue variable="DIS_CVA">
    <value valueType="integer">1</value>
  </variableValue>
  <variableValue variable="DIS_DIAB">
    <value valueType="integer">0</value>
  </variableValue>
  <variableValue variable="DIS_DIAB_TYPE">
    <value valueType="integer"/>
  </variableValue>
  <variableValue variable="DIS_HBP">
    <value valueType="integer">0</value>
  </variableValue>
  <variableValue variable="DIS_AMI">
    <value valueType="integer">0</value>
  </variableValue>
  <variableValue variable="MEDI_HBP">
    <value valueType="integer">1</value>
  </variableValue>
  <variableValue variable="MEDI_NAME_HBP">
    <value valueType="integer"/>
  </variableValue>
  <variableValue variable="MEDI_DIAB">
    <value valueType="integer">1</value>
  </variableValue>
  <variableValue variable="HOUSEHOLD_INCOME">
    <value valueType="integer"/>
  </variableValue>
  <variableValue variable="HOUSEHOLD_NUM_PPL">
    <value valueType="integer"/>
  </variableValue>
  <variableValue variable="EDU_POST_SEC_COMPLETED">
    <value valueType="integer">0</value>
  </variableValue>
  <variableValue variable="EDU_TERTIARY_COMPLETED">
    <value valueType="integer">0</value>
  </variableValue>
  <variableValue variable="EDU_SECONDARY_COMPLETED">
    <value valueType="integer">1</value>
  </variableValue>
  <variableValue variable="EDU_PRIMARY_COMPLETED">
    <value valueType="integer">1</value>
  </variableValue>
  <variableValue variable="WORK_JOB_ISCO88">
    <value valueType="integer"/>
  </variableValue>
  <variableValue variable="WORK_STATUS_EVER">
    <value valueType="integer"/>
  </variableValue>
  <variableValue variable="WORK_STUDENT">
    <value valueType="integer"/>
  </variableValue>
  <variableValue variable="WORK_WEEK_HOURS_NUM">
    <value valueType="decimal"/>
  </variableValue>
  <variableValue variable="ALC_CURRENT_QTY_TOTAL">
    <value valueType="decimal"/>
  </variableValue>
  <variableValue variable="WORK_STATUS_CURRENT">
    <value valueType="integer">0</value>
  </variableValue>
  <variableValue variable="WORK_RETIRED">
    <value valueType="integer">1</value>
  </variableValue>
  <variableValue variable="MARITAL_STATUS">
    <value valueType="integer"/>
  </variableValue>
  <variableValue variable="SMK_CIG_CURRENT">
    <value valueType="integer"/>
  </variableValue>
  <variableValue variable="SMK_CIG_CURRENT_QTY">
    <value valueType="integer"/>
  </variableValue>
  <variableValue variable="SMK_TBC_EVER">
    <value valueType="integer">1</value>
  </variableValue>
  <variableValue variable="LIVING_PARTNER">
    <value valueType="integer">1</value>
  </variableValue>
  <variableValue variable="SMK_CIG_EVER">
    <value valueType="integer"/>
  </variableValue>
  <variableValue variable="MEDI_LPD">
    <value valueType="integer">0</value>
  </variableValue>
  <variableValue variable="MEDI_NAME_DIAB">
    <value valueType="integer"/>
  </variableValue>
  <variableValue variable="MEDI_NAME_LPD">
    <value valueType="integer"/>
  </variableValue>
  <variableValue variable="RES_CNTRY">
    <value valueType="integer">2</value>
  </variableValue>
  <variableValue variable="PM_HIP_SIZE">
    <value valueType="decimal">102.46039631911614</value>
  </variableValue>
  <variableValue variable="GENDER">
    <value valueType="integer">1</value>
  </variableValue>
  <variableValue variable="AGE_DOB">
    <value valueType="integer">1932</value>
  </variableValue>
  <variableValue variable="BRLOCA_CNTRY">
    <value valueType="integer"/>
  </variableValue>
  <variableValue variable="PM_DIASTOLIC_MEASURE">
    <value valueType="decimal">73.64345494237459</value>
  </variableValue>
  <variableValue variable="RES_REG">
    <value valueType="text"/>
  </variableValue>
  <variableValue variable="SMK_TBC_CURRENT">
    <value valueType="integer"/>
  </variableValue>
  <variableValue variable="ALC_EVER">
    <value valueType="integer"/>
  </variableValue>
  <variableValue variable="ALC_LIQUOR_CURRENT_QTY">
    <value valueType="integer"/>
  </variableValue>
  <variableValue variable="ALC_BEER_CURRENT_QTY">
    <value valueType="integer"/>
  </variableValue>
  <variableValue variable="ALC_CURRENT">
    <value valueType="integer">1</value>
  </variableValue>
  <variableValue variable="ADM_YRINT">
    <value valueType="integer">1998</value>
  </variableValue>
  <variableValue variable="PM_SYSTOLIC_MEASURE">
    <value valueType="integer">122</value>
  </variableValue>
  <variableValue variable="PM_WAIST_SIZE">
    <value valueType="decimal">89.37678678956193</value>
  </variableValue>
  <variableValue variable="MEDI_NAME_LPD_FIBR_NICO">
    <value valueType="integer"/>
  </variableValue>
  <variableValue variable="ALC_WINE_CURRENT_QTY">
    <value valueType="integer"/>
  </variableValue>
  <variableValue variable="LAB_HDL">
    <value valueType="decimal">1.2700749016639314</value>
  </variableValue>
  <variableValue variable="PM_BMI_CATEGORIAL">
    <value valueType="integer">3</value>
  </variableValue>
  <variableValue variable="EDU_HIGHEST">
    <value valueType="integer"/>
  </variableValue>
  <variableValue variable="EDU_NUMYRS">
    <value valueType="integer">14</value>
  </variableValue>
  <variableValue variable="LAB_CR">
    <value valueType="decimal"/>
  </variableValue>
  <variableValue variable="WORK_RETIRED_JOB_ISCO88">
    <value valueType="integer"/>
  </variableValue>
  <variableValue variable="LAB_GLUC_ADJUSTED">
    <value valueType="decimal"/>
  </variableValue>
  <variableValue variable="LAB_GLUC_NONFASTING">
    <value valueType="decimal">99.0</value>
  </variableValue>
  <variableValue variable="LAB_hsCRP">
    <value valueType="decimal"/>
  </variableValue>
  <variableValue variable="LAB_mALB">
    <value valueType="decimal"/>
  </variableValue>
  <variableValue variable="SMK_CIGAR_CURRENT">
    <value valueType="integer"/>
  </variableValue>
  <variableValue variable="SMK_PIPE_CURRENT">
    <value valueType="integer"/>
  </variableValue>
  <variableValue variable="SMK_TBC_CURRENT_QTY_TOTAL">
    <value valueType="decimal"/>
  </variableValue>
  <variableValue variable="SMK_TBC_CURRENT_QTY_LEVEL">
    <value valueType="integer"/>
  </variableValue>
  <variableValue variable="SMK_TBC_EXPOSURE">
    <value valueType="integer"/>
  </variableValue>
  <variableValue variable="WH_GRAVIDITY">
    <value valueType="integer"/>
  </variableValue>
  <variableValue variable="WH_LIVEBIRTHS">
    <value valueType="integer"/>
  </variableValue>
</valueSet>