<variables>
  <variable name="F16" valueType="integer" entityType="Participant" unit="" mimeType="" referencedEntityType="" index="0">
    <attributes>
      <attribute name="Health_status_functional_limitations" namespace="Mlstr_area" valueType="text">Act_daily_living</attribute>
      <attribute name="Target" namespace="Mlstr_additional" valueType="text">Participant</attribute>
      <attribute name="label" valueType="text" locale="en">Difficulty walking indoors</attribute>
      <attribute name="Source" namespace="Mlstr_additional" valueType="text">Questionnaire</attribute>
      <attribute name="Functional" namespace="Mlstr_genhealth" valueType="text">WHI_Selfrep_PA</attribute>
    </attributes>
  </variable>
  <variable name="F17" valueType="integer" entityType="Participant" unit="" mimeType="" referencedEntityType="" index="0">
    <attributes>
      <attribute name="Health_status_functional_limitations" namespace="Mlstr_area" valueType="text">Act_daily_living</attribute>
      <attribute name="Target" namespace="Mlstr_additional" valueType="text">Participant</attribute>
      <attribute name="label" valueType="text" locale="en">Need someone to help him/her walking indoors</attribute>
      <attribute name="Source" namespace="Mlstr_additional" valueType="text">Questionnaire</attribute>
      <attribute name="Functional" namespace="Mlstr_genhealth" valueType="text">WHI_Selfrep_PA</attribute>
    </attributes>
  </variable>
  <variable name="F18" valueType="integer" entityType="Participant" unit="" mimeType="" referencedEntityType="" index="0">
    <attributes>
      <attribute name="Health_status_functional_limitations" namespace="Mlstr_area" valueType="text">Act_daily_living</attribute>
      <attribute name="Target" namespace="Mlstr_additional" valueType="text">Participant</attribute>
      <attribute name="label" valueType="text" locale="en">Difficulty walking outdoors</attribute>
      <attribute name="Source" namespace="Mlstr_additional" valueType="text">Questionnaire</attribute>
      <attribute name="Functional" namespace="Mlstr_genhealth" valueType="text">WHI_Selfrep_PA</attribute>
    </attributes>
  </variable>
  <variable name="F19" valueType="integer" entityType="Participant" unit="" mimeType="" referencedEntityType="" index="0">
    <attributes>
      <attribute name="Health_status_functional_limitations" namespace="Mlstr_area" valueType="text">Act_daily_living</attribute>
      <attribute name="Target" namespace="Mlstr_additional" valueType="text">Participant</attribute>
      <attribute name="label" valueType="text" locale="en">Need someone to help him/her walking outdoors</attribute>
      <attribute name="Source" namespace="Mlstr_additional" valueType="text">Questionnaire</attribute>
      <attribute name="Functional" namespace="Mlstr_genhealth" valueType="text">WHI_Selfrep_PA</attribute>
    </attributes>
  </variable>
  <variable name="F20a" valueType="integer" entityType="Participant" unit="" mimeType="" referencedEntityType="" index="0">
    <attributes>
      <attribute name="Health_status_functional_limitations" namespace="Mlstr_area" valueType="text">Use_devices</attribute>
      <attribute name="Target" namespace="Mlstr_additional" valueType="text">Participant</attribute>
      <attribute name="label" valueType="text" locale="en">Use of a walker to help walk</attribute>
      <attribute name="Source" namespace="Mlstr_additional" valueType="text">Questionnaire</attribute>
      <attribute name="Functional" namespace="Mlstr_genhealth" valueType="text">WHI_Selfrep_PA</attribute>
    </attributes>
  </variable>
  <variable name="F20b" valueType="integer" entityType="Participant" unit="" mimeType="" referencedEntityType="" index="0">
    <attributes>
      <attribute name="Health_status_functional_limitations" namespace="Mlstr_area" valueType="text">Use_devices</attribute>
      <attribute name="Target" namespace="Mlstr_additional" valueType="text">Participant</attribute>
      <attribute name="label" valueType="text" locale="en">Use of a cane to help walk</attribute>
      <attribute name="Source" namespace="Mlstr_additional" valueType="text">Questionnaire</attribute>
      <attribute name="Functional" namespace="Mlstr_genhealth" valueType="text">WHI_Selfrep_PA</attribute>
    </attributes>
  </variable>
  <variable name="F20c" valueType="integer" entityType="Participant" unit="" mimeType="" referencedEntityType="" index="0">
    <attributes>
      <attribute name="Health_status_functional_limitations" namespace="Mlstr_area" valueType="text">Use_devices</attribute>
      <attribute name="Target" namespace="Mlstr_additional" valueType="text">Participant</attribute>
      <attribute name="label" valueType="text" locale="en">Use a wheelchair</attribute>
      <attribute name="Source" namespace="Mlstr_additional" valueType="text">Questionnaire</attribute>
      <attribute name="Functional" namespace="Mlstr_genhealth" valueType="text">WHI_Selfrep_PA</attribute>
    </attributes>
  </variable>
  <variable name="F21" valueType="integer" entityType="Participant" unit="" mimeType="" referencedEntityType="" index="0">
    <attributes>
      <attribute name="Health_status_functional_limitations" namespace="Mlstr_area" valueType="text">Act_daily_living</attribute>
      <attribute name="Target" namespace="Mlstr_additional" valueType="text">Participant</attribute>
      <attribute name="label" valueType="text" locale="en">If he/she freezes in doorways</attribute>
      <attribute name="Source" namespace="Mlstr_additional" valueType="text">Questionnaire</attribute>
      <attribute name="Functional" namespace="Mlstr_genhealth" valueType="text">WHI_Selfrep_PA</attribute>
    </attributes>
  </variable>
  <variable name="F22" valueType="integer" entityType="Participant" unit="" mimeType="" referencedEntityType="" index="0">
    <attributes>
      <attribute name="Health_status_functional_limitations" namespace="Mlstr_area" valueType="text">Act_daily_living</attribute>
      <attribute name="Target" namespace="Mlstr_additional" valueType="text">Participant</attribute>
      <attribute name="label" valueType="text" locale="en">Shuffling of feet or taking tiny steps</attribute>
      <attribute name="Source" namespace="Mlstr_additional" valueType="text">Questionnaire</attribute>
      <attribute name="Functional" namespace="Mlstr_genhealth" valueType="text">WHI_Selfrep_PA</attribute>
    </attributes>
  </variable>
  <variable name="F23" valueType="integer" entityType="Participant" unit="" mimeType="" referencedEntityType="" index="0">
    <attributes>
      <attribute name="Health_status_functional_limitations" namespace="Mlstr_area" valueType="text">Act_daily_living</attribute>
      <attribute name="Target" namespace="Mlstr_additional" valueType="text">Participant</attribute>
      <attribute name="label" valueType="text" locale="en">Poor balance</attribute>
      <attribute name="Source" namespace="Mlstr_additional" valueType="text">Questionnaire</attribute>
      <attribute name="Functional" namespace="Mlstr_genhealth" valueType="text">WHI_Selfrep_PA</attribute>
    </attributes>
  </variable>
  <variable name="F24" valueType="integer" entityType="Participant" unit="" mimeType="" referencedEntityType="" index="0">
    <attributes>
      <attribute name="Health_status_functional_limitations" namespace="Mlstr_area" valueType="text">Act_daily_living</attribute>
      <attribute name="Target" namespace="Mlstr_additional" valueType="text">Participant</attribute>
      <attribute name="label" valueType="text" locale="en">Walking meters without rest</attribute>
      <attribute name="Source" namespace="Mlstr_additional" valueType="text">Questionnaire</attribute>
      <attribute name="Functional" namespace="Mlstr_genhealth" valueType="text">WHI_Selfrep_PA</attribute>
    </attributes>
  </variable>
  <variable name="F25" valueType="integer" entityType="Participant" unit="" mimeType="" referencedEntityType="" index="0">
    <attributes>
      <attribute name="Health_status_functional_limitations" namespace="Mlstr_area" valueType="text">Act_daily_living</attribute>
      <attribute name="Target" namespace="Mlstr_additional" valueType="text">Participant</attribute>
      <attribute name="label" valueType="text" locale="en">Get in and out of bed/chair</attribute>
      <attribute name="Source" namespace="Mlstr_additional" valueType="text">Questionnaire</attribute>
      <attribute name="Functional" namespace="Mlstr_genhealth" valueType="text">WHI_Selfrep_PA</attribute>
    </attributes>
  </variable>
</variables>