<variables>
  <variable name="B1" valueType="integer" entityType="Participant" unit="" mimeType="" referencedEntityType="" index="0">
    <attributes>
      <attribute name="Target" namespace="Mlstr_additional" valueType="text">Participant</attribute>
      <attribute name="Sociodemographic_economic_characteristics" namespace="Mlstr_area" valueType="text">Language</attribute>
      <attribute name="label" valueType="text" locale="en">Participant&apos;s spoken language</attribute>
      <attribute name="Source" namespace="Mlstr_additional" valueType="text">Questionnaire</attribute>
    </attributes>
  </variable>
  <variable name="B2" valueType="integer" entityType="Participant" unit="" mimeType="" referencedEntityType="" index="0">
    <attributes>
      <attribute name="Target" namespace="Mlstr_additional" valueType="text">Participant</attribute>
      <attribute name="Sociodemographic_economic_characteristics" namespace="Mlstr_area" valueType="text">Labour_retirement</attribute>
      <attribute name="label" valueType="text" locale="en">Occupation when working</attribute>
      <attribute name="Source" namespace="Mlstr_additional" valueType="text">Questionnaire</attribute>
    </attributes>
  </variable>
  <variable name="B2a" valueType="text" entityType="Participant" unit="" mimeType="" referencedEntityType="" index="0">
    <attributes>
      <attribute name="Target" namespace="Mlstr_additional" valueType="text">Participant</attribute>
      <attribute name="Sociodemographic_economic_characteristics" namespace="Mlstr_area" valueType="text">Labour_retirement</attribute>
      <attribute name="label" valueType="text" locale="en">Specify occupation if needed</attribute>
      <attribute name="Source" namespace="Mlstr_additional" valueType="text">Questionnaire</attribute>
    </attributes>
  </variable>
  <variable name="B3" valueType="text" entityType="Participant" unit="" mimeType="" referencedEntityType="" index="0">
    <attributes>
      <attribute name="Target" namespace="Mlstr_additional" valueType="text">Participant</attribute>
      <attribute name="Sociodemographic_economic_characteristics" namespace="Mlstr_area" valueType="text">Labour_retirement</attribute>
      <attribute name="label" valueType="text" locale="en">2nd occupation</attribute>
      <attribute name="Source" namespace="Mlstr_additional" valueType="text">Questionnaire</attribute>
    </attributes>
  </variable>
  <variable name="B4" valueType="text" entityType="Participant" unit="" mimeType="" referencedEntityType="" index="0">
    <attributes>
      <attribute name="Target" namespace="Mlstr_additional" valueType="text">Participant</attribute>
      <attribute name="Sociodemographic_economic_characteristics" namespace="Mlstr_area" valueType="text">Labour_retirement</attribute>
      <attribute name="label" valueType="text" locale="en">3rd occupation</attribute>
      <attribute name="Source" namespace="Mlstr_additional" valueType="text">Questionnaire</attribute>
    </attributes>
  </variable>
  <variable name="B5" valueType="text" entityType="Participant" unit="" mimeType="" referencedEntityType="" index="0">
    <attributes>
      <attribute name="Target" namespace="Mlstr_additional" valueType="text">Participant</attribute>
      <attribute name="Sociodemographic_economic_characteristics" namespace="Mlstr_area" valueType="text">Labour_retirement</attribute>
      <attribute name="label" valueType="text" locale="en">4th occupation</attribute>
      <attribute name="Source" namespace="Mlstr_additional" valueType="text">Questionnaire</attribute>
    </attributes>
  </variable>
  <variable name="B6" valueType="text" entityType="Participant" unit="" mimeType="" referencedEntityType="" index="0">
    <attributes>
      <attribute name="Target" namespace="Mlstr_additional" valueType="text">Parents</attribute>
      <attribute name="Sociodemographic_economic_characteristics" namespace="Mlstr_area" valueType="text">Labour_retirement</attribute>
      <attribute name="label" valueType="text" locale="en">Father&apos;s occupation</attribute>
      <attribute name="Source" namespace="Mlstr_additional" valueType="text">Questionnaire</attribute>
    </attributes>
  </variable>
  <variable name="B7" valueType="text" entityType="Participant" unit="" mimeType="" referencedEntityType="" index="0">
    <attributes>
      <attribute name="Target" namespace="Mlstr_additional" valueType="text">Parents</attribute>
      <attribute name="Sociodemographic_economic_characteristics" namespace="Mlstr_area" valueType="text">Labour_retirement</attribute>
      <attribute name="label" valueType="text" locale="en">Mother&apos;s occupation</attribute>
      <attribute name="Source" namespace="Mlstr_additional" valueType="text">Questionnaire</attribute>
    </attributes>
  </variable>
  <variable name="B8" valueType="integer" entityType="Participant" unit="" mimeType="" referencedEntityType="" index="0">
    <attributes>
      <attribute name="Target" namespace="Mlstr_additional" valueType="text">Participant</attribute>
      <attribute name="Sociodemographic_economic_characteristics" namespace="Mlstr_area" valueType="text">Education</attribute>
      <attribute name="label" valueType="text" locale="en">Years of participant&apos;s  education</attribute>
      <attribute name="Source" namespace="Mlstr_additional" valueType="text">Questionnaire</attribute>
    </attributes>
  </variable>
  <variable name="B9" valueType="integer" entityType="Participant" unit="" mimeType="" referencedEntityType="" index="0">
    <attributes>
      <attribute name="Target" namespace="Mlstr_additional" valueType="text">Parents</attribute>
      <attribute name="Sociodemographic_economic_characteristics" namespace="Mlstr_area" valueType="text">Education</attribute>
      <attribute name="label" valueType="text" locale="en">Years of education of participant&apos;s  father</attribute>
      <attribute name="Source" namespace="Mlstr_additional" valueType="text">Questionnaire</attribute>
    </attributes>
  </variable>
  <variable name="B10" valueType="integer" entityType="Participant" unit="" mimeType="" referencedEntityType="" index="0">
    <attributes>
      <attribute name="Target" namespace="Mlstr_additional" valueType="text">Parents</attribute>
      <attribute name="Sociodemographic_economic_characteristics" namespace="Mlstr_area" valueType="text">Education</attribute>
      <attribute name="label" valueType="text" locale="en">Years of education of participant&apos;s mother</attribute>
      <attribute name="Source" namespace="Mlstr_additional" valueType="text">Questionnaire</attribute>
    </attributes>
  </variable>
  <variable name="B11" valueType="integer" entityType="Participant" unit="" mimeType="" referencedEntityType="" index="0">
    <attributes>
      <attribute name="Target" namespace="Mlstr_additional" valueType="text">Participant</attribute>
      <attribute name="Sociodemographic_economic_characteristics" namespace="Mlstr_area" valueType="text">Family_hh_struct</attribute>
      <attribute name="label" valueType="text" locale="en">Participant&apos;s birth order</attribute>
      <attribute name="Source" namespace="Mlstr_additional" valueType="text">Questionnaire</attribute>
    </attributes>
  </variable>
  <variable name="B12" valueType="integer" entityType="Participant" unit="" mimeType="" referencedEntityType="" index="0">
    <attributes>
      <attribute name="Target" namespace="Mlstr_additional" valueType="text">Participant</attribute>
      <attribute name="Sociodemographic_economic_characteristics" namespace="Mlstr_area" valueType="text">Family_hh_struct</attribute>
      <attribute name="label" valueType="text" locale="en">Number of persons living with the participant</attribute>
      <attribute name="Source" namespace="Mlstr_additional" valueType="text">Questionnaire</attribute>
    </attributes>
  </variable>
  <variable name="B13a" valueType="boolean" entityType="Participant" unit="" mimeType="" referencedEntityType="" index="0">
    <attributes>
      <attribute name="Target" namespace="Mlstr_additional" valueType="text">Participant</attribute>
      <attribute name="Sociodemographic_economic_characteristics" namespace="Mlstr_area" valueType="text">Marital_status</attribute>
      <attribute name="label" valueType="text" locale="en">Whether the participant is married</attribute>
      <attribute name="Source" namespace="Mlstr_additional" valueType="text">Questionnaire</attribute>
    </attributes>
  </variable>
  <variable name="B13b" valueType="integer" entityType="Participant" unit="" mimeType="" referencedEntityType="" index="0">
    <attributes>
      <attribute name="Target" namespace="Mlstr_additional" valueType="text">Participant</attribute>
      <attribute name="Sociodemographic_economic_characteristics" namespace="Mlstr_area" valueType="text">Marital_status</attribute>
      <attribute name="label" valueType="text" locale="en">Total years of marriage</attribute>
      <attribute name="Source" namespace="Mlstr_additional" valueType="text">Questionnaire</attribute>
    </attributes>
  </variable>
  <variable name="B13c" valueType="integer" entityType="Participant" unit="" mimeType="" referencedEntityType="" index="0">
    <attributes>
      <attribute name="Target" namespace="Mlstr_additional" valueType="text">Participant</attribute>
      <attribute name="Sociodemographic_economic_characteristics" namespace="Mlstr_area" valueType="text">Marital_status</attribute>
      <attribute name="label" valueType="text" locale="en">Age at marriage</attribute>
      <attribute name="Source" namespace="Mlstr_additional" valueType="text">Questionnaire</attribute>
    </attributes>
  </variable>
  <variable name="B13d" valueType="integer" entityType="Participant" unit="" mimeType="" referencedEntityType="" index="0">
    <attributes>
      <attribute name="Target" namespace="Mlstr_additional" valueType="text">Participant</attribute>
      <attribute name="Sociodemographic_economic_characteristics" namespace="Mlstr_area" valueType="text">Marital_status</attribute>
      <attribute name="label" valueType="text" locale="en">Number of marriages</attribute>
      <attribute name="Source" namespace="Mlstr_additional" valueType="text">Questionnaire</attribute>
    </attributes>
  </variable>
  <variable name="B13e" valueType="boolean" entityType="Participant" unit="" mimeType="" referencedEntityType="" index="0">
    <attributes>
      <attribute name="Target" namespace="Mlstr_additional" valueType="text">Participant</attribute>
      <attribute name="Sociodemographic_economic_characteristics" namespace="Mlstr_area" valueType="text">Marital_status</attribute>
      <attribute name="label" valueType="text" locale="en">Wether the participant is widow/er</attribute>
      <attribute name="Source" namespace="Mlstr_additional" valueType="text">Questionnaire</attribute>
    </attributes>
  </variable>
  <variable name="B13f" valueType="integer" entityType="Participant" unit="" mimeType="" referencedEntityType="" index="0">
    <attributes>
      <attribute name="Target" namespace="Mlstr_additional" valueType="text">Participant</attribute>
      <attribute name="Sociodemographic_economic_characteristics" namespace="Mlstr_area" valueType="text">Marital_status</attribute>
      <attribute name="label" valueType="text" locale="en">Years that the participant is widow/er</attribute>
      <attribute name="Source" namespace="Mlstr_additional" valueType="text">Questionnaire</attribute>
    </attributes>
  </variable>
  <variable name="B13g" valueType="boolean" entityType="Participant" unit="" mimeType="" referencedEntityType="" index="0">
    <attributes>
      <attribute name="Target" namespace="Mlstr_additional" valueType="text">Participant</attribute>
      <attribute name="Sociodemographic_economic_characteristics" namespace="Mlstr_area" valueType="text">Marital_status</attribute>
      <attribute name="label" valueType="text" locale="en">Wether the participant is divorced</attribute>
      <attribute name="Source" namespace="Mlstr_additional" valueType="text">Questionnaire</attribute>
    </attributes>
  </variable>
  <variable name="B13h" valueType="integer" entityType="Participant" unit="" mimeType="" referencedEntityType="" index="0">
    <attributes>
      <attribute name="Target" namespace="Mlstr_additional" valueType="text">Participant</attribute>
      <attribute name="Sociodemographic_economic_characteristics" namespace="Mlstr_area" valueType="text">Marital_status</attribute>
      <attribute name="label" valueType="text" locale="en">Years that the participant is divorced</attribute>
      <attribute name="Source" namespace="Mlstr_additional" valueType="text">Questionnaire</attribute>
    </attributes>
  </variable>
  <variable name="B13i" valueType="integer" entityType="Participant" unit="" mimeType="" referencedEntityType="" index="0">
    <attributes>
      <attribute name="Target" namespace="Mlstr_additional" valueType="text">Participant</attribute>
      <attribute name="Reproduction" namespace="Mlstr_area" valueType="text">Gravidity_fertility</attribute>
      <attribute name="Sociodemographic_economic_characteristics" namespace="Mlstr_area" valueType="text">Family_hh_struct</attribute>
      <attribute name="label" valueType="text" locale="en">Number of offsprings that the participant has</attribute>
      <attribute name="Source" namespace="Mlstr_additional" valueType="text">Questionnaire</attribute>
    </attributes>
  </variable>
  <variable name="B13j1" valueType="integer" entityType="Participant" unit="" mimeType="" referencedEntityType="" index="0">
    <attributes>
      <attribute name="Target" namespace="Mlstr_additional" valueType="text">Participant</attribute>
      <attribute name="Reproduction" namespace="Mlstr_area" valueType="text">Gravidity_fertility</attribute>
      <attribute name="label" valueType="text" locale="en">How old was the participant when he/she had offsprings_1</attribute>
      <attribute name="Source" namespace="Mlstr_additional" valueType="text">Questionnaire</attribute>
    </attributes>
  </variable>
  <variable name="B13j2" valueType="integer" entityType="Participant" unit="" mimeType="" referencedEntityType="" index="0">
    <attributes>
      <attribute name="Target" namespace="Mlstr_additional" valueType="text">Participant</attribute>
      <attribute name="Reproduction" namespace="Mlstr_area" valueType="text">Gravidity_fertility</attribute>
      <attribute name="label" valueType="text" locale="en">How old was the participant when he/she had offsprings_2</attribute>
      <attribute name="Source" namespace="Mlstr_additional" valueType="text">Questionnaire</attribute>
    </attributes>
  </variable>
  <variable name="B13j3" valueType="integer" entityType="Participant" unit="" mimeType="" referencedEntityType="" index="0">
    <attributes>
      <attribute name="Target" namespace="Mlstr_additional" valueType="text">Participant</attribute>
      <attribute name="Reproduction" namespace="Mlstr_area" valueType="text">Gravidity_fertility</attribute>
      <attribute name="label" valueType="text" locale="en">How old was the participant when he/she had offsprings_3</attribute>
      <attribute name="Source" namespace="Mlstr_additional" valueType="text">Questionnaire</attribute>
    </attributes>
  </variable>
  <variable name="B13j4" valueType="integer" entityType="Participant" unit="" mimeType="" referencedEntityType="" index="0">
    <attributes>
      <attribute name="Target" namespace="Mlstr_additional" valueType="text">Participant</attribute>
      <attribute name="Reproduction" namespace="Mlstr_area" valueType="text">Gravidity_fertility</attribute>
      <attribute name="label" valueType="text" locale="en">How old was the participant when he/she had offsprings_4</attribute>
      <attribute name="Source" namespace="Mlstr_additional" valueType="text">Questionnaire</attribute>
    </attributes>
  </variable>
  <variable name="B13j5" valueType="integer" entityType="Participant" unit="" mimeType="" referencedEntityType="" index="0">
    <attributes>
      <attribute name="Target" namespace="Mlstr_additional" valueType="text">Participant</attribute>
      <attribute name="Reproduction" namespace="Mlstr_area" valueType="text">Gravidity_fertility</attribute>
      <attribute name="label" valueType="text" locale="en">How old was the participant when he/she had offsprings_5</attribute>
      <attribute name="Source" namespace="Mlstr_additional" valueType="text">Questionnaire</attribute>
    </attributes>
  </variable>
  <variable name="B13k" valueType="boolean" entityType="Participant" unit="" mimeType="" referencedEntityType="" index="0">
    <attributes>
      <attribute name="Target" namespace="Mlstr_additional" valueType="text">Participant</attribute>
      <attribute name="Social_environment" namespace="Mlstr_area" valueType="text">Soc_network</attribute>
      <attribute name="label" valueType="text" locale="en">If some of participant&apos;s children live abroad</attribute>
      <attribute name="Source" namespace="Mlstr_additional" valueType="text">Questionnaire</attribute>
    </attributes>
  </variable>
  <variable name="B13l" valueType="boolean" entityType="Participant" unit="" mimeType="" referencedEntityType="" index="0">
    <attributes>
      <attribute name="Target" namespace="Mlstr_additional" valueType="text">Participant</attribute>
      <attribute name="Social_environment" namespace="Mlstr_area" valueType="text">Soc_network</attribute>
      <attribute name="label" valueType="text" locale="en">If some of participant&apos;s children live far away</attribute>
      <attribute name="Source" namespace="Mlstr_additional" valueType="text">Questionnaire</attribute>
    </attributes>
  </variable>
  <variable name="B13m" valueType="integer" entityType="Participant" unit="" mimeType="" referencedEntityType="" index="0">
    <attributes>
      <attribute name="Target" namespace="Mlstr_additional" valueType="text">Participant</attribute>
      <attribute name="Social_environment" namespace="Mlstr_area" valueType="text">Soc_network</attribute>
      <attribute name="label" valueType="text" locale="en">Number of particiapnt&apos;s children that live far away</attribute>
      <attribute name="Source" namespace="Mlstr_additional" valueType="text">Questionnaire</attribute>
    </attributes>
  </variable>
  <variable name="B14a" valueType="boolean" entityType="Participant" unit="" mimeType="" referencedEntityType="" index="0">
    <attributes>
      <attribute name="Target" namespace="Mlstr_additional" valueType="text">Participant</attribute>
      <attribute name="Sociodemographic_economic_characteristics" namespace="Mlstr_area" valueType="text">Income</attribute>
      <attribute name="label" valueType="text" locale="en">Wether the participant lives in his own house</attribute>
      <attribute name="Source" namespace="Mlstr_additional" valueType="text">Questionnaire</attribute>
    </attributes>
  </variable>
  <variable name="B14b" valueType="boolean" entityType="Participant" unit="" mimeType="" referencedEntityType="" index="0">
    <attributes>
      <attribute name="Target" namespace="Mlstr_additional" valueType="text">Participant</attribute>
      <attribute name="Sociodemographic_economic_characteristics" namespace="Mlstr_area" valueType="text">Income</attribute>
      <attribute name="label" valueType="text" locale="en">Wether the house the participant lives in is rented</attribute>
      <attribute name="Source" namespace="Mlstr_additional" valueType="text">Questionnaire</attribute>
    </attributes>
  </variable>
  <variable name="B14c" valueType="integer" entityType="Participant" unit="" mimeType="" referencedEntityType="" index="0">
    <attributes>
      <attribute name="Physical_environment" namespace="Mlstr_area" valueType="text">Housing</attribute>
      <attribute name="Target" namespace="Mlstr_additional" valueType="text">Participant</attribute>
      <attribute name="label" valueType="text" locale="en">How many sq meters is the house</attribute>
      <attribute name="Source" namespace="Mlstr_additional" valueType="text">Questionnaire</attribute>
    </attributes>
  </variable>
  <variable name="B14d" valueType="integer" entityType="Participant" unit="" mimeType="" referencedEntityType="" index="0">
    <attributes>
      <attribute name="Physical_environment" namespace="Mlstr_area" valueType="text">Housing</attribute>
      <attribute name="Target" namespace="Mlstr_additional" valueType="text">Participant</attribute>
      <attribute name="label" valueType="text" locale="en">Number of rooms in the house</attribute>
      <attribute name="Source" namespace="Mlstr_additional" valueType="text">Questionnaire</attribute>
    </attributes>
  </variable>
  <variable name="B15" valueType="integer" entityType="Participant" unit="" mimeType="" referencedEntityType="" index="0">
    <attributes>
      <attribute name="Target" namespace="Mlstr_additional" valueType="text">Participant</attribute>
      <attribute name="Sociodemographic_economic_characteristics" namespace="Mlstr_area" valueType="text">Income</attribute>
      <attribute name="label" valueType="text" locale="en">Number of cars in the family</attribute>
      <attribute name="Source" namespace="Mlstr_additional" valueType="text">Questionnaire</attribute>
    </attributes>
  </variable>
  <variable name="B16" valueType="boolean" entityType="Participant" unit="" mimeType="" referencedEntityType="" index="0">
    <attributes>
      <attribute name="Target" namespace="Mlstr_additional" valueType="text">Participant</attribute>
      <attribute name="Sociodemographic_economic_characteristics" namespace="Mlstr_area" valueType="text">Income</attribute>
      <attribute name="label" valueType="text" locale="en">Whether the participant has a cottage</attribute>
      <attribute name="Source" namespace="Mlstr_additional" valueType="text">Questionnaire</attribute>
    </attributes>
  </variable>
  <variable name="B17" valueType="boolean" entityType="Participant" unit="" mimeType="" referencedEntityType="" index="0">
    <attributes>
      <attribute name="Lifestyle_behaviours" namespace="Mlstr_area" valueType="text">Leisure_act</attribute>
      <attribute name="Target" namespace="Mlstr_additional" valueType="text">Participant</attribute>
      <attribute name="label" valueType="text" locale="en">Wether the participant goes on holidays every summer</attribute>
      <attribute name="Source" namespace="Mlstr_additional" valueType="text">Questionnaire</attribute>
    </attributes>
  </variable>
  <variable name="B17a" valueType="integer" entityType="Participant" unit="" mimeType="" referencedEntityType="" index="0">
    <attributes>
      <attribute name="Lifestyle_behaviours" namespace="Mlstr_area" valueType="text">Leisure_act</attribute>
      <attribute name="Target" namespace="Mlstr_additional" valueType="text">Participant</attribute>
      <attribute name="label" valueType="text" locale="en">Number of days of summer holidays</attribute>
      <attribute name="Source" namespace="Mlstr_additional" valueType="text">Questionnaire</attribute>
    </attributes>
  </variable>
  <variable name="B17b" valueType="integer" entityType="Participant" unit="" mimeType="" referencedEntityType="" index="0">
    <attributes>
      <attribute name="Lifestyle_behaviours" namespace="Mlstr_area" valueType="text">Leisure_act</attribute>
      <attribute name="Target" namespace="Mlstr_additional" valueType="text">Participant</attribute>
      <attribute name="label" valueType="text" locale="en">Holiday destination</attribute>
      <attribute name="Source" namespace="Mlstr_additional" valueType="text">Questionnaire</attribute>
    </attributes>
  </variable>
  <variable name="B17c" valueType="integer" entityType="Participant" unit="" mimeType="" referencedEntityType="" index="0">
    <attributes>
      <attribute name="Lifestyle_behaviours" namespace="Mlstr_area" valueType="text">Leisure_act</attribute>
      <attribute name="Target" namespace="Mlstr_additional" valueType="text">Participant</attribute>
      <attribute name="label" valueType="text" locale="en">Holiday destination</attribute>
      <attribute name="Source" namespace="Mlstr_additional" valueType="text">Questionnaire</attribute>
    </attributes>
  </variable>
</variables>