{"id":"22267483-20c5-480b-8588-381e625503be","name":[{"lang":"en","value":"Quebec Study Catalogue"}],"acronym":[{"lang":"en","value":"QSC"}],"investigators":[{"title":"Dr.","firstName":"Isabel","lastName":"Fortier","email":"isabel.fortier@mail.mcgill.ca","dataAccessCommitteeMember":false,"institution":{"name":[{"lang":"en","value":"Reseach Institute of the McGill University Health Centre"}],"address":{"street":[{"lang":"en","value":"2155 Guy Street, 4th Floor"}],"city":[{"lang":"en","value":"Montreal"}],"zip":"H3H 2R9","state":"Quebec","country":{"iso":"CA","name":[{"lang":"en","value":"Canada"}]}}}},{"title":"Dr.","firstName":"Vincent","lastName":"Ferretti","email":"vincent.ferretti@oicr.on.ca","phone":"+1 (416) 673 8509","dataAccessCommitteeMember":false,"institution":{"name":[{"lang":"en","value":"Ontario Institute for Cancer Research"}],"address":{"state":"Ontario","country":{"iso":"CA","name":[{"lang":"en","value":"Canada"}]}}}},{"title":"Dr.","firstName":"Bartha Maria","lastName":"Knoppers","dataAccessCommitteeMember":false,"institution":{"name":[{"lang":"en","value":"McGill University"}],"department":[{"lang":"en","value":"Centre of Genomics and Policy, Faculty of Medicine, Department of Human Genetics"}],"address":[]}},{"title":"Dr.","firstName":"Christina","lastName":"Wolfson","email":"christina.wolfson@mcgill.ca","phone":"1-514-934-1934 ext. 44739","dataAccessCommitteeMember":false,"institution":{"name":[{"lang":"en","value":"McGill University"}],"department":[{"lang":"en","value":"Division of Epidemiology and Biostatistics and Occupational Health"}],"address":{"city":[{"lang":"en","value":"Montreal"}],"state":"Quebec","country":{"iso":"CA","name":[{"lang":"en","value":"Canada"}]}}}},{"title":"Dr.","firstName":"H\u00e9l\u00e8ne","lastName":"Payette","email":"helene.payette@usherbrooke.ca","phone":"1-819-780-2220 ext.45636","dataAccessCommitteeMember":false,"institution":{"name":[{"lang":"en","value":"Research Center on Aging, Health and Social Services Centre \u2014 University Institute of Geriatrics of Sherbrooke (CSSS-IUGS)"}],"address":{"street":[{"lang":"en","value":"1036 Belv\u00e9d\u00e8re Street"}],"city":[{"lang":"en","value":"Sherbrooke"}],"zip":"J1H 4C4","state":"Qu\u00e9bec","country":{"iso":"CA","name":[{"lang":"en","value":"Canada"}]}}}}],"contacts":[{"title":"Dr.","firstName":"Christine","lastName":"Blaser","email":"cblaser@maelstrom-research.org","phone":"(514) 934-1934 ext 71686","dataAccessCommitteeMember":false,"institution":{"name":[{"lang":"en","value":"Reseach Institute of the McGill University Health Centre"}],"address":{"street":[{"lang":"en","value":"2155 Guy Street, 4th Floor"}],"city":[{"lang":"en","value":"Montreal"}],"zip":"H3H 2R9","state":"Quebec","country":{"iso":"CA","name":[{"lang":"en","value":"Canada"}]}}}}],"description":[{"lang":"en","value":"<p>The Quebec Study Catalogue is a Maelstrom Research initiative aiming to document and promote the scientific usage of large scale epidemiological studies in Quebec. The catalogue is established to: give the opportunity to researchers from different fields to describe their study infrastructure and foster development of harmonization projects and collaborations amongst Quebec and European researchers.<\/p>\r\n\r\n<p>&nbsp;<\/p>\r\n\r\n<p>The inventory includes large scale epidemiological studies recruiting Quebec residents and collecting a variety of information on health outcomes and associated risk factors.<\/p>\r\n"}],"website":"http:\/\/phqe.maelstrom-research.org\/en\/studies","maelstromAuthorization":{"authorized":false,"date":"1969-12-31T19:00:00-05:00"},"attachments":[{"id":"a96959db-79f0-4c2d-9591-13d7431c1ecf","fileName":"logo.png","type":"logo","description":[{"lang":"en"}],"lang":"en","justUploaded":true}],"studyIds":["92f1036b-da70-4985-956c-08ca004948ba"],"published":false}