{"id":"92f1036b-da70-4985-956c-08ca004948ba","name":[{"lang":"en","value":"Canadian Longitudinal Study on Aging"}],"acronym":[{"lang":"en","value":"CLSA"}],"logo":{"id":"e1042cfb-8ebf-48e7-9cb5-cc00fe841779","fileName":"CLSA_Logo_NoWordmark_2colour_RGB.jpg","type":"logo","description":[{"lang":"en"}],"lang":"en","justUploaded":true},"investigators":[{"title":"Dr.","firstName":"Parminder","lastName":"Raina","email":"praina@mcmaster.ca","phone":"1-905-525-9140 ext. 22197","dataAccessCommitteeMember":false,"institution":{"name":[{"lang":"en","value":"McMaster University"}],"department":[{"lang":"en","value":"Department of Clinical Epidemiology & Biostatistics"}],"address":{"city":[{"lang":"en","value":"Hamilton"}],"state":"Ontario","country":{"iso":"CA","name":[{"lang":"en","value":"Canada"}]}}}},{"title":"Dr.","firstName":"Christina","lastName":"Wolfson","email":"christina.wolfson@mcgill.ca","phone":"1-514-934-1934 ext. 44739","dataAccessCommitteeMember":false,"institution":{"name":[{"lang":"en","value":"McGill University"}],"department":[{"lang":"en","value":"Division of Epidemiology and Biostatistics and Occupational Health"}],"address":{"city":[{"lang":"en","value":"Montreal"}],"state":"Quebec","country":{"iso":"CA","name":[{"lang":"en","value":"Canada"}]}}}},{"title":"Dr.","firstName":"Susan","lastName":"Kirkland","email":"susan.kirkland@dal.ca","phone":"1-902-494-1235","dataAccessCommitteeMember":false,"institution":{"name":[{"lang":"en","value":"Dalhousie University"}],"department":[{"lang":"en","value":"Faculty of Medicine, Community Health & Epidemiology"}],"address":{"city":[{"lang":"en","value":"Halifax"}],"state":"Nova Scotia","country":{"iso":"CA","name":[{"lang":"en","value":"Canada"}]}}}}],"contacts":[{"title":"Dr.","firstName":"Ine","lastName":"Wauben","email":"wauben@mcmaster.ca","phone":"1-905-525-9140 ext. 22395","dataAccessCommitteeMember":false,"institution":{"name":[{"lang":"en","value":"McMaster University"}],"address":{"city":[{"lang":"en","value":"Hamilton"}],"state":"Ontario","country":{"iso":"CA","name":[{"lang":"en","value":"Canada"}]}}}},{"firstName":"Roxanne","lastName":"Cheeseman","email":"cheesem@mcmaster.ca","phone":"1-905-525-9140 ext. 22197","dataAccessCommitteeMember":false,"institution":{"name":[{"lang":"en","value":"McMaster University"}],"address":{"city":[{"lang":"en","value":"Hamilton"}],"state":"Ontario","country":{"iso":"CA","name":[{"lang":"en","value":"Canada"}]}}}},{"firstName":"Canadian Longitudinal","lastName":" Study on Aging","email":"info@clsa-elcv.ca","dataAccessCommitteeMember":false,"institution":{"name":[{"lang":"en","value":"National Coordinating Centre"}],"department":[{"lang":"en","value":"Department of Clinical Epidemiology and Biostatistics"}],"address":{"street":[{"lang":"en","value":"1280 Main St. W. Suite 309A"}],"city":[{"lang":"en","value":"Hamilton"}],"zip":"L8S 4K1","state":"Ontario","country":{"iso":"CA","name":[{"lang":"en","value":"Canada"}]}}}},{"firstName":"Canadian Longitudinal ","lastName":"Study on Aging","email":"stat@clinepi.mcgill.ca","dataAccessCommitteeMember":false,"institution":{"name":[{"lang":"en","value":"Statistical Analysis Centre"}],"department":[{"lang":"en","value":"Research Institute of the McGill University Health Centre"}],"address":{"street":[{"lang":"en","value":"2155 Guy Street, 4th Floor (Room 431)"}],"city":[{"lang":"en","value":"Montreal"}],"zip":"H3H 2R9","state":"Qu\u00e9bec","country":{"iso":"CA","name":[{"lang":"en","value":"Canada"}]}}}}],"objectives":[{"lang":"en","value":"<p>The Canadian Longitudinal Study on Aging (CLSA) is a large, national, long-term study that will follow approximately 50,000 men and women between the ages of 45 and 85 for at least 20 years. The study will collect information on the changing biological, medical, psychological, social, lifestyle and economic aspects of people\u2019s lives. These factors will be studied in order to understand how, individually and in combination, they have an impact in both maintaining health and in the development of disease and disability as people age.<\/p>\r\n"}],"website":"http:\/\/www.clsa-elcv.ca\/","specificAuthorization":{"authorized":false,"date":"1969-12-31T19:00:00-05:00"},"maelstromAuthorization":{"authorized":true,"date":"1969-12-31T19:00:00-05:00"},"methods":{"designs":["cohort_study"],"recruitments":["individuals"]},"numberOfParticipants":{"participant":{"noLimit":false,"number":50000},"sample":{"noLimit":false,"number":30000}},"startYear":2002,"access":["data","biosamples"],"markerPaper":"Raina PS, Wolfson C, Kirkland SA, Griffith LE, Oremus M, Patterson C, Tuokko H, Penning M, Balion CM, Hogan D, Wister A, Payette H, Shannon H, and Brazil K, The Canadian longitudinal study on aging (CLSA). Can J Aging, 2009. 28(3): p. 221-9.","pubmedId":"19860977","attachments":[{"id":"553612aa-9413-40bb-ab00-0b85c42221ce","fileName":"CLSA_Study protocol.pdf","type":"document","description":[{"lang":"en","value":""}],"lang":"en","justUploaded":true}],"populations":[{"id":"bb8b9477-2326-4db5-815e-da21d2cd83c0","name":[{"lang":"en","value":"CLSA Tracking"}],"description":[{"lang":"en","value":"<p>The CLSA Tracking is comprised of over 20 000 participants who completed the telephone interview, and is a representative sample of the Canadian population.<\/p>\r\n"}],"recruitment":{"dataSources":["general","exist_studies"],"generalPopulationSources":["selected_samples","random"],"studies":[{"localizedStrings":[{"lang":"en","value":"Statistics Canada Canadian Community Health Survey (CCHS) \u2013 Healthy Aging 4.2"}]}],"info":[{"lang":"en","value":"<p>Provincial health registration databases are an additional source of recruitment for the telephone interview.<\/p>\r\n"}]},"selectionCriteria":{"ageMin":45,"ageMax":85,"countriesIso":["CAN"],"otherCriteria":[{"lang":"en","value":"<p>Language: Individuals who are able to respond in either French or English.<\/p>\r\n\r\n<p>Exclusion criteria: The CLSA uses the same exclusion criteria as the Statistics Canada Canadian Community Health Survey \u2013 Healthy Aging. Excluded from the study are:<\/p>\r\n\r\n<ul>\r\n\t<li>Residents of the three territories<\/li>\r\n\t<li>Full-time members of the Canadian Forces<\/li>\r\n\t<li>Individuals living in long-term care institutions (i.e., those providing 24-hour nursing care) will be excluded at baseline. However, those living in households and transitional housing arrangements (e.g., seniors\u2019 residences, in which only minimal care is provided) will be included. CLSA cohort participants who become institutionalized during the course of the study will continue to be followed either through personal or proxy interview.<\/li>\r\n\t<li>Persons living on reserves and other Aboriginal settlements. However, individuals who are of First Nations descent who live outside reserves are included in the study.<\/li>\r\n\t<li>Individuals with cognitive impairment at baseline<\/li>\r\n<\/ul>\r\n"}]},"numberOfParticipants":{"participant":{"noLimit":false,"number":21242},"sample":{"noLimit":false,"number":0}},"dataCollectionEvents":[{"id":"b76f4875-1211-41cb-b5dc-e48cb91f8465","name":[{"lang":"en","value":"Baseline (Tracking)"}],"description":[{"lang":"en","value":"<p>The first selection of the Tracking participants started in late 2008 in collaboration with Statistics Canada CCHS Healthy Aging module. The completion of the computer assisted telephone (CATI) 60 minute questionnaires started in September 2011.<\/p>\r\n"}],"startYear":2011,"startMonth":9,"endYear":2014,"endMonth":5,"dataSources":["questionnaires"],"attachments":[{"id":"2c629cf1-a0c0-4cc2-b10d-a93a6858377d","fileName":"CLSA Tracking Main Wave 60 min+injury v3.6 2013 May 30.pdf","type":"questionnaire","description":[{"lang":"en","value":""}],"lang":"en","justUploaded":true}]},{"id":"83386cdc-c493-48b5-a3b6-3b027f1b022f","name":[{"lang":"en","value":"Follow-Up One (Tracking)"}],"description":[{"lang":"en","value":"<p>The first follow-up of interviews for the Tracking&nbsp;participants is anticipated to begin in Spring 2015 and take two years to complete.<\/p>\r\n"}],"startYear":2015,"startMonth":4,"endYear":2017,"dataSources":["questionnaires"]},{"id":"8c9f41ac-5063-4cb2-9b2e-4c428ea81581","name":[{"lang":"en","value":"Maintaining contact baseline (Tracking)"}],"description":[{"lang":"en","value":"<p>The maintaining contact interviews for the Tracking participants commenced in September 2013.<\/p>\r\n"}],"startYear":2013,"startMonth":9,"endYear":2015,"dataSources":["questionnaires","administratives_databases"],"administrativeDatabases":["health_databases","vital_statisctics_databases"],"attachments":[{"id":"b404fc0a-d2f4-4cab-aa9d-3f53ec8e4e03","fileName":"CLSA TRACoPMaintCon v2.6 2014Jun16_1.pdf","type":"questionnaire","description":[{"lang":"en","value":""}],"lang":"en","justUploaded":true}]}]},{"id":"06c28ec6-71dc-4339-9b48-c8b093ab6a6b","name":[{"lang":"en","value":"CLSA Comprehensive"}],"description":[{"lang":"en","value":"<p>The CLSA Comprehensive will be comprised of approximately&nbsp;30 000 participants, undergoing both the in-home interview and visit of one of the 11 data collection sites (DCS) for a complete set of clinical, biological and physical measures. It is a representative sample of the Canadian population.&nbsp;<\/p>\r\n"}],"recruitment":{"dataSources":["general"],"generalPopulationSources":["selected_samples","random"],"info":[{"lang":"en","value":"<p>Individuals residing within a 25-50 kilometre radius of the 11 data collection sites (Victoria, Vancouver, Surrey, Calgary, Winnipeg, Hamilton, Ottawa, Montreal, Sherbrooke, Halifax, and St. John\u2019s) are the only areas included for Comprehensive participants. Provincial health registration databases are an additional source of recruitment for in-home interviews and DCS visits.<\/p>\r\n"}]},"selectionCriteria":{"ageMin":45,"ageMax":85,"countriesIso":["CAN"],"territory":[{"lang":"en","value":"<p>Victoria, Vancouver, Surrey, Calgary, Winnipeg, Hamilton, Ottawa, Montreal, Sherbrooke, Halifax, and St. John\u2019s.<\/p>\r\n"}],"otherCriteria":[{"lang":"en","value":"<p>The exclusion criteria are as follows:<\/p>\r\n\r\n<p>Individuals who are unable to respond in either French or English.<\/p>\r\n\r\n<p>Cognitively impaired individuals at the time of recruitment.<\/p>\r\n\r\n<p>The CLSA furthermore uses the same exclusion criteria as the Statistics Canada Canadian Community Health Survey - Healthy Aging 4.2:<\/p>\r\n\r\n<ul>\r\n\t<li>Residents of the three territories.<\/li>\r\n\t<li>Full-time members of the Canadian Armed Forces.<\/li>\r\n\t<li>Individuals living in long-term care institutions (i.e., those providing 24-hour nursing care) will be excluded at baseline. However, those living in households and transitional housing arrangements (e.g., seniors\u2019 residences, in which only minimal care is provided) will be included. CLSA cohort participants who become institutionalized during the course of the study will continue to be followed either through personal or proxy interview.<\/li>\r\n\t<li>Persons living on reserves and other Aboriginal settlements. However, individuals who are of First Nations descent who live outside reserves are included in the study.<\/li>\r\n<\/ul>\r\n"}]},"numberOfParticipants":{"participant":{"noLimit":false,"number":30000},"sample":{"noLimit":false,"number":30000},"info":[{"lang":"en","value":"<p>30,000 is the target&nbsp;number&nbsp;of Comprehensive participants with samples, to be reached in 2015.<\/p>\r\n"}]},"dataCollectionEvents":[{"id":"7496367e-d16e-4321-80bc-49594ca641f4","name":[{"lang":"en","value":"Baseline (Comprehensive)"}],"description":[{"lang":"en","value":"<p>The recruitment of over 30,000 Comprehensive participants, completing both the in-home interview and data collection site (DCS) visit, started in May 2012 and will finish in Spring 2015.<\/p>\r\n"}],"startYear":2012,"startMonth":5,"endYear":2015,"endMonth":5,"dataSources":["questionnaires","physical_measures","biological_samples"],"bioSamples":["blood","urine"],"attachments":[{"id":"a13e2d17-eaa7-41cf-a1b6-2233e247b8ec","fileName":"CLSA Comp In-home v3.6 2014 Apr 08 var_0.pdf","type":"questionnaire","description":[{"lang":"en","value":""}],"lang":"en","justUploaded":true},{"id":"f77b1f15-afda-449a-9245-aad3b7a926a8","fileName":"CLSA CoP ContraInd v4.4 2014Apr08_0.pdf","type":"questionnaire","description":[{"lang":"en","value":""}],"lang":"en","justUploaded":true},{"id":"f80bac3a-4fbb-48af-a41b-6137dc20f6b0","fileName":"CLSA-CoP Disease Symptoms v2.3 2014Feb10_0.pdf","type":"questionnaire","description":[{"lang":"en","value":""}],"lang":"en","justUploaded":true},{"id":"90ffe417-9f15-41be-ac84-7ce3520a78bf","fileName":"CLSA-CoP NeuroPsych DCS v1.6 2014Apr10_0.pdf","type":"questionnaire","description":[{"lang":"en","value":""}],"lang":"en","justUploaded":true}]},{"id":"7b69527c-9f57-440d-a83c-116802a48f79","name":[{"lang":"en","value":"Follow-up one (Comprehensive)"}],"description":[{"lang":"en","value":"<p>The first follow-up of interviews and DCS visits for the Comprehensive participants is anticipated to begin in Spring 2015 and take three years to complete.<\/p>\r\n"}],"startYear":2015,"startMonth":5,"endYear":2018,"dataSources":["questionnaires","physical_measures","biological_samples"],"bioSamples":["blood","urine"]},{"id":"eefd47fa-8916-4180-8263-5081b49dac8a","name":[{"lang":"en","value":"Maintaining contact baseline (Comprehensive)"}],"description":[{"lang":"en","value":"<p><span>The maintaining contact interviews for the Comprehensive participants started in May 2014.<\/span><\/p>\r\n"}],"startYear":2014,"startMonth":5,"endYear":2016,"dataSources":["questionnaires","administratives_databases"],"administrativeDatabases":["health_databases","vital_statisctics_databases"],"attachments":[{"id":"2bfc8af3-6b13-4733-b47b-0d8e70fb94ef","fileName":"CLSA TRACoPMaintCon v2.6 2014Jun16_0.pdf","type":"questionnaire","description":[{"lang":"en","value":""}],"lang":"en","justUploaded":true}]}]}],"opal":"https:\/\/opal.maelstrom-research.org:8443"}