<variables>
  <variable name="K555" valueType="integer" entityType="Participant" unit="" mimeType="" referencedEntityType="" index="1">
    <attributes>
      <attribute name="Target" namespace="Mlstr_additional" valueType="text">Participant</attribute>
      <attribute name="Cog_scale" namespace="Mlstr_cogscale" valueType="text">7MS</attribute>
      <attribute name="Cognitive_psychological_measures" namespace="Mlstr_area" valueType="text">Cognitive_functioning</attribute>
      <attribute name="label" valueType="text" locale="en">7 min screen (clock drawing)</attribute>
      <attribute name="Source" namespace="Mlstr_additional" valueType="text">Cognitive_measure</attribute>
    </attributes>
  </variable>
  <variable name="K556s" valueType="integer" entityType="Participant" unit="" mimeType="" referencedEntityType="" index="2">
    <attributes>
      <attribute name="Target" namespace="Mlstr_additional" valueType="text">Participant</attribute>
      <attribute name="Cog_scale" namespace="Mlstr_cogscale" valueType="text">7MS</attribute>
      <attribute name="Cognitive_psychological_measures" namespace="Mlstr_area" valueType="text">Cognitive_functioning</attribute>
      <attribute name="label" valueType="text" locale="en">7 min screen (enhanced cued recall spontaneous)</attribute>
      <attribute name="Source" namespace="Mlstr_additional" valueType="text">Cognitive_measure</attribute>
    </attributes>
  </variable>
  <variable name="K556" valueType="integer" entityType="Participant" unit="" mimeType="" referencedEntityType="" index="3">
    <attributes>
      <attribute name="Target" namespace="Mlstr_additional" valueType="text">Participant</attribute>
      <attribute name="Cog_scale" namespace="Mlstr_cogscale" valueType="text">7MS</attribute>
      <attribute name="Cognitive_psychological_measures" namespace="Mlstr_area" valueType="text">Cognitive_functioning</attribute>
      <attribute name="label" valueType="text" locale="en">7 min screen (enhanced cued recall total)</attribute>
      <attribute name="Source" namespace="Mlstr_additional" valueType="text">Cognitive_measure</attribute>
    </attributes>
  </variable>
  <variable name="K558" valueType="integer" entityType="Participant" unit="" mimeType="" referencedEntityType="" index="4">
    <attributes>
      <attribute name="Target" namespace="Mlstr_additional" valueType="text">Participant</attribute>
      <attribute name="Cog_scale" namespace="Mlstr_cogscale" valueType="text">7MS</attribute>
      <attribute name="Cognitive_psychological_measures" namespace="Mlstr_area" valueType="text">Cognitive_functioning</attribute>
      <attribute name="label" valueType="text" locale="en">7 min screen (temporal orientation)</attribute>
      <attribute name="Source" namespace="Mlstr_additional" valueType="text">Cognitive_measure</attribute>
    </attributes>
  </variable>
  <variable name="K557" valueType="integer" entityType="Participant" unit="" mimeType="" referencedEntityType="" index="5">
    <attributes>
      <attribute name="Target" namespace="Mlstr_additional" valueType="text">Participant</attribute>
      <attribute name="Cog_scale" namespace="Mlstr_cogscale" valueType="text">7MS</attribute>
      <attribute name="Cognitive_psychological_measures" namespace="Mlstr_area" valueType="text">Cognitive_functioning</attribute>
      <attribute name="label" valueType="text" locale="en">7 min screen (verbal fluency)</attribute>
      <attribute name="Source" namespace="Mlstr_additional" valueType="text">Cognitive_measure</attribute>
    </attributes>
  </variable>
  <variable name="AGE88" valueType="integer" entityType="Participant" unit="years" mimeType="" referencedEntityType="" index="6">
    <attributes>
      <attribute name="Target" namespace="Mlstr_additional" valueType="text">Participant</attribute>
      <attribute name="Sociodemographic_economic_characteristics" namespace="Mlstr_area" valueType="text">Age</attribute>
      <attribute name="label" valueType="text" locale="en">Age</attribute>
      <attribute name="Source" namespace="Mlstr_additional" valueType="text">Questionnaire</attribute>
    </attributes>
  </variable>
  <variable name="K731" valueType="integer" entityType="Participant" unit="" mimeType="" referencedEntityType="" index="7">
    <attributes>
      <attribute name="Circulation" namespace="Mlstr_physmeas" valueType="text">Heart_Function_ECG</attribute>
      <attribute name="Target" namespace="Mlstr_additional" valueType="text">Participant</attribute>
      <attribute name="Physical_measures" namespace="Mlstr_area" valueType="text">Circulation_respiration</attribute>
      <attribute name="label" valueType="text" locale="en">Arrythmias (8.X)</attribute>
      <attribute name="Source" namespace="Mlstr_additional" valueType="text">Physical_measure</attribute>
    </attributes>
    <categories>
      <category name="0">
        <attributes>
          <attribute name="label" valueType="text" locale="en">No</attribute>
        </attributes>
      </category>
      <category name="1">
        <attributes>
          <attribute name="label" valueType="text" locale="en">Yes</attribute>
        </attributes>
      </category>
    </categories>
  </variable>
  <variable name="K733" valueType="integer" entityType="Participant" unit="" mimeType="" referencedEntityType="" index="8">
    <attributes>
      <attribute name="Health_status_functional_limitations" namespace="Mlstr_area" valueType="text">Use_devices</attribute>
      <attribute name="Target" namespace="Mlstr_additional" valueType="text">Participant</attribute>
      <attribute name="label" valueType="text" locale="en">Artificial pacemaker (6.8)</attribute>
      <attribute name="Source" namespace="Mlstr_additional" valueType="text">Questionnaire</attribute>
    </attributes>
    <categories>
      <category name="0">
        <attributes>
          <attribute name="label" valueType="text" locale="en">No</attribute>
        </attributes>
      </category>
      <category name="1">
        <attributes>
          <attribute name="label" valueType="text" locale="en">Yes</attribute>
        </attributes>
      </category>
    </categories>
  </variable>
  <variable name="K730" valueType="integer" entityType="Participant" unit="" mimeType="" referencedEntityType="" index="9">
    <attributes>
      <attribute name="Circulation" namespace="Mlstr_physmeas" valueType="text">Heart_Function_ECG</attribute>
      <attribute name="Target" namespace="Mlstr_additional" valueType="text">Participant</attribute>
      <attribute name="Physical_measures" namespace="Mlstr_area" valueType="text">Circulation_respiration</attribute>
      <attribute name="label" valueType="text" locale="en">Atrial fibrillation/ flutter (8.3)</attribute>
      <attribute name="Source" namespace="Mlstr_additional" valueType="text">Physical_measure</attribute>
    </attributes>
    <categories>
      <category name="0">
        <attributes>
          <attribute name="label" valueType="text" locale="en">No</attribute>
        </attributes>
      </category>
      <category name="1">
        <attributes>
          <attribute name="label" valueType="text" locale="en">Yes</attribute>
        </attributes>
      </category>
    </categories>
  </variable>
  <variable name="K727" valueType="integer" entityType="Participant" unit="" mimeType="" referencedEntityType="" index="10">
    <attributes>
      <attribute name="Circulation" namespace="Mlstr_physmeas" valueType="text">Heart_Function_ECG</attribute>
      <attribute name="Target" namespace="Mlstr_additional" valueType="text">Participant</attribute>
      <attribute name="Physical_measures" namespace="Mlstr_area" valueType="text">Circulation_respiration</attribute>
      <attribute name="label" valueType="text" locale="en">AV conduction defects (6.X)</attribute>
      <attribute name="Source" namespace="Mlstr_additional" valueType="text">Physical_measure</attribute>
    </attributes>
    <categories>
      <category name="0">
        <attributes>
          <attribute name="label" valueType="text" locale="en">No</attribute>
        </attributes>
      </category>
      <category name="1">
        <attributes>
          <attribute name="label" valueType="text" locale="en">Yes</attribute>
        </attributes>
      </category>
    </categories>
  </variable>
  <variable name="K298" valueType="integer" entityType="Participant" unit="%" mimeType="" referencedEntityType="" index="11">
    <attributes>
      <attribute name="Target" namespace="Mlstr_additional" valueType="text">Participant</attribute>
      <attribute name="label" valueType="text" locale="en">B-HbA1c</attribute>
      <attribute name="Laboratory_measures" namespace="Mlstr_area" valueType="text">Biochemistry</attribute>
      <attribute name="Source" namespace="Mlstr_additional" valueType="text">Biosample</attribute>
      <attribute name="Biochemistry" namespace="Mlstr_labmeas" valueType="text">Glucose_blood</attribute>
    </attributes>
  </variable>
  <variable name="K290" valueType="integer" entityType="Participant" unit="kg/m2" mimeType="" referencedEntityType="" index="12">
    <attributes>
      <attribute name="Target" namespace="Mlstr_additional" valueType="text">Participant</attribute>
      <attribute name="Physical_measures" namespace="Mlstr_area" valueType="text">Anthropo_measures</attribute>
      <attribute name="Anthropometry" namespace="Mlstr_physmeas" valueType="text">BMI</attribute>
      <attribute name="label" valueType="text" locale="en">BMI</attribute>
      <attribute name="Source" namespace="Mlstr_additional" valueType="text">Physical_measure</attribute>
    </attributes>
  </variable>
  <variable name="K977" valueType="integer" entityType="Participant" unit="cm" mimeType="" referencedEntityType="" index="13">
    <attributes>
      <attribute name="Target" namespace="Mlstr_additional" valueType="text">Participant</attribute>
      <attribute name="Physical_measures" namespace="Mlstr_area" valueType="text">Anthropo_measures</attribute>
      <attribute name="Anthropometry" namespace="Mlstr_physmeas" valueType="text">Body_Measurement_circumference</attribute>
      <attribute name="label" valueType="text" locale="en">Calf circumf.</attribute>
      <attribute name="Source" namespace="Mlstr_additional" valueType="text">Physical_measure</attribute>
    </attributes>
  </variable>
  <variable name="K367" valueType="integer" entityType="Participant" unit="seconds" mimeType="" referencedEntityType="" index="14">
    <attributes>
      <attribute name="Target" namespace="Mlstr_additional" valueType="text">Participant</attribute>
      <attribute name="Muscles" namespace="Mlstr_physmeas" valueType="text">Chair_Stand</attribute>
      <attribute name="Physical_measures" namespace="Mlstr_area" valueType="text">Muscles_skeleton_mobility</attribute>
      <attribute name="label" valueType="text" locale="en">Chair stand</attribute>
      <attribute name="Source" namespace="Mlstr_additional" valueType="text">Physical_measure</attribute>
    </attributes>
  </variable>
  <variable name="K018" valueType="integer" entityType="Participant" unit="mmHg" mimeType="" referencedEntityType="" index="15">
    <attributes>
      <attribute name="Circulation" namespace="Mlstr_physmeas" valueType="text">Blood_Pressure_office</attribute>
      <attribute name="Target" namespace="Mlstr_additional" valueType="text">Participant</attribute>
      <attribute name="Physical_measures" namespace="Mlstr_area" valueType="text">Circulation_respiration</attribute>
      <attribute name="label" valueType="text" locale="en">DBP standing</attribute>
      <attribute name="Source" namespace="Mlstr_additional" valueType="text">Physical_measure</attribute>
    </attributes>
  </variable>
  <variable name="K014" valueType="integer" entityType="Participant" unit="mmHg" mimeType="" referencedEntityType="" index="16">
    <attributes>
      <attribute name="Circulation" namespace="Mlstr_physmeas" valueType="text">Blood_Pressure_office</attribute>
      <attribute name="Target" namespace="Mlstr_additional" valueType="text">Participant</attribute>
      <attribute name="Physical_measures" namespace="Mlstr_area" valueType="text">Circulation_respiration</attribute>
      <attribute name="label" valueType="text" locale="en">DBP supine</attribute>
      <attribute name="Source" namespace="Mlstr_additional" valueType="text">Physical_measure</attribute>
    </attributes>
  </variable>
  <variable name="K369" valueType="integer" entityType="Participant" unit="" mimeType="" referencedEntityType="" index="17">
    <attributes>
      <attribute name="Target" namespace="Mlstr_additional" valueType="text">Participant</attribute>
      <attribute name="Physical_measures" namespace="Mlstr_area" valueType="text">Physical_characteristics</attribute>
      <attribute name="label" valueType="text" locale="en">Dominant hand</attribute>
      <attribute name="Source" namespace="Mlstr_additional" valueType="text">Questionnaire</attribute>
    </attributes>
    <categories>
      <category name="1">
        <attributes>
          <attribute name="label" valueType="text" locale="en">Right</attribute>
        </attributes>
      </category>
      <category name="2">
        <attributes>
          <attribute name="label" valueType="text" locale="en">Left</attribute>
        </attributes>
      </category>
      <category name="3">
        <attributes>
          <attribute name="label" valueType="text" locale="en">Both</attribute>
        </attributes>
      </category>
    </categories>
  </variable>
  <variable name="K399" valueType="integer" entityType="Participant" unit="" mimeType="" referencedEntityType="" index="18">
    <attributes>
      <attribute name="Circulation" namespace="Mlstr_physmeas" valueType="text">Heart_Function_ECG</attribute>
      <attribute name="Target" namespace="Mlstr_additional" valueType="text">Participant</attribute>
      <attribute name="Diseases" namespace="Mlstr_area" valueType="text">Circulatory_sys_dis</attribute>
      <attribute name="Physical_measures" namespace="Mlstr_area" valueType="text">Circulation_respiration</attribute>
      <attribute name="label" valueType="text" locale="en">ECG status</attribute>
      <attribute name="Source" namespace="Mlstr_additional" valueType="text">Physical_measure</attribute>
    </attributes>
    <categories>
      <category name="0">
        <attributes>
          <attribute name="label" valueType="text" locale="en">Abnormal ECG</attribute>
        </attributes>
      </category>
      <category name="1">
        <attributes>
          <attribute name="label" valueType="text" locale="en">Normal</attribute>
        </attributes>
      </category>
    </categories>
  </variable>
  <variable name="DAT88" valueType="date" entityType="Participant" unit="" mimeType="" referencedEntityType="" index="19">
    <attributes>
      <attribute name="Target" namespace="Mlstr_additional" valueType="text">Participant</attribute>
      <attribute name="label" valueType="text" locale="en">Examination date</attribute>
      <attribute name="Administrative_information" namespace="Mlstr_area" valueType="text">Date_time_related_info</attribute>
      <attribute name="Source" namespace="Mlstr_additional" valueType="text">Questionnaire</attribute>
    </attributes>
  </variable>
  <variable name="K371" valueType="integer" entityType="Participant" unit="liter" mimeType="" referencedEntityType="" index="20">
    <attributes>
      <attribute name="Circulation" namespace="Mlstr_physmeas" valueType="text">Lung_Function_spirometry</attribute>
      <attribute name="Target" namespace="Mlstr_additional" valueType="text">Participant</attribute>
      <attribute name="Physical_measures" namespace="Mlstr_area" valueType="text">Circulation_respiration</attribute>
      <attribute name="label" valueType="text" locale="en">Forced expiratory volume 1</attribute>
      <attribute name="Source" namespace="Mlstr_additional" valueType="text">Physical_measure</attribute>
    </attributes>
  </variable>
  <variable name="K366f" valueType="integer" entityType="Participant" unit="seconds" mimeType="" referencedEntityType="" index="21">
    <attributes>
      <attribute name="Target" namespace="Mlstr_additional" valueType="text">Participant</attribute>
      <attribute name="Muscles" namespace="Mlstr_physmeas" valueType="text">Gait_Speed</attribute>
      <attribute name="Physical_measures" namespace="Mlstr_area" valueType="text">Muscles_skeleton_mobility</attribute>
      <attribute name="label" valueType="text" locale="en">Gait speed fast</attribute>
      <attribute name="Source" namespace="Mlstr_additional" valueType="text">Physical_measure</attribute>
    </attributes>
  </variable>
  <variable name="K366n" valueType="integer" entityType="Participant" unit="seconds" mimeType="" referencedEntityType="" index="22">
    <attributes>
      <attribute name="Target" namespace="Mlstr_additional" valueType="text">Participant</attribute>
      <attribute name="Muscles" namespace="Mlstr_physmeas" valueType="text">Gait_Speed</attribute>
      <attribute name="Physical_measures" namespace="Mlstr_area" valueType="text">Muscles_skeleton_mobility</attribute>
      <attribute name="label" valueType="text" locale="en">Gait speed normal</attribute>
      <attribute name="Source" namespace="Mlstr_additional" valueType="text">Physical_measure</attribute>
    </attributes>
  </variable>
  <variable name="K362" valueType="integer" entityType="Participant" unit="" mimeType="" referencedEntityType="" index="23">
    <attributes>
      <attribute name="Target" namespace="Mlstr_additional" valueType="text">Participant</attribute>
      <attribute name="Emotional" namespace="Mlstr_cogscale" valueType="text">GDS</attribute>
      <attribute name="Cognitive_psychological_measures" namespace="Mlstr_area" valueType="text">Psychological_emotional_distress</attribute>
      <attribute name="label" valueType="text" locale="en">Geriatric depression scale-20</attribute>
      <attribute name="Source" namespace="Mlstr_additional" valueType="text">Questionnaire</attribute>
    </attributes>
  </variable>
  <variable name="K368l" valueType="integer" entityType="Participant" unit="kg" mimeType="" referencedEntityType="" index="24">
    <attributes>
      <attribute name="Target" namespace="Mlstr_additional" valueType="text">Participant</attribute>
      <attribute name="Muscles" namespace="Mlstr_physmeas" valueType="text">Hand_Grip_Strength</attribute>
      <attribute name="Physical_measures" namespace="Mlstr_area" valueType="text">Muscles_skeleton_mobility</attribute>
      <attribute name="label" valueType="text" locale="en">Handgrip strength left</attribute>
      <attribute name="Source" namespace="Mlstr_additional" valueType="text">Physical_measure</attribute>
    </attributes>
  </variable>
  <variable name="K368r" valueType="integer" entityType="Participant" unit="kg" mimeType="" referencedEntityType="" index="25">
    <attributes>
      <attribute name="Target" namespace="Mlstr_additional" valueType="text">Participant</attribute>
      <attribute name="Muscles" namespace="Mlstr_physmeas" valueType="text">Hand_Grip_Strength</attribute>
      <attribute name="Physical_measures" namespace="Mlstr_area" valueType="text">Muscles_skeleton_mobility</attribute>
      <attribute name="label" valueType="text" locale="en">Handgrip strength right</attribute>
      <attribute name="Source" namespace="Mlstr_additional" valueType="text">Physical_measure</attribute>
    </attributes>
  </variable>
  <variable name="K746" valueType="integer" entityType="Participant" unit="" mimeType="" referencedEntityType="" index="26">
    <attributes>
      <attribute name="Circulation" namespace="Mlstr_physmeas" valueType="text">Heart_Function_ECG</attribute>
      <attribute name="Target" namespace="Mlstr_additional" valueType="text">Participant</attribute>
      <attribute name="Physical_measures" namespace="Mlstr_area" valueType="text">Circulation_respiration</attribute>
      <attribute name="label" valueType="text" locale="en">Heard rate</attribute>
      <attribute name="Source" namespace="Mlstr_additional" valueType="text">Physical_measure</attribute>
    </attributes>
  </variable>
  <variable name="K010" valueType="integer" entityType="Participant" unit="cm" mimeType="" referencedEntityType="" index="27">
    <attributes>
      <attribute name="Target" namespace="Mlstr_additional" valueType="text">Participant</attribute>
      <attribute name="Physical_measures" namespace="Mlstr_area" valueType="text">Anthropo_measures</attribute>
      <attribute name="Anthropometry" namespace="Mlstr_physmeas" valueType="text">Height</attribute>
      <attribute name="label" valueType="text" locale="en">Height</attribute>
      <attribute name="Source" namespace="Mlstr_additional" valueType="text">Physical_measure</attribute>
    </attributes>
  </variable>
  <variable name="K973" valueType="integer" entityType="Participant" unit="cm" mimeType="" referencedEntityType="" index="28">
    <attributes>
      <attribute name="Target" namespace="Mlstr_additional" valueType="text">Participant</attribute>
      <attribute name="Physical_measures" namespace="Mlstr_area" valueType="text">Anthropo_measures</attribute>
      <attribute name="Anthropometry" namespace="Mlstr_physmeas" valueType="text">Body_Measurement_circumference</attribute>
      <attribute name="label" valueType="text" locale="en">Hip circumf.</attribute>
      <attribute name="Source" namespace="Mlstr_additional" valueType="text">Physical_measure</attribute>
    </attributes>
  </variable>
  <variable name="K363" valueType="integer" entityType="Participant" unit="" mimeType="" referencedEntityType="" index="29">
    <attributes>
      <attribute name="Health_status_functional_limitations" namespace="Mlstr_area" valueType="text">Act_daily_living</attribute>
      <attribute name="Target" namespace="Mlstr_additional" valueType="text">Participant</attribute>
      <attribute name="label" valueType="text" locale="en">Instrumental activities of daily living scale</attribute>
      <attribute name="Source" namespace="Mlstr_additional" valueType="text">Questionnaire</attribute>
      <attribute name="Functional" namespace="Mlstr_genhealth" valueType="text">IADL</attribute>
    </attributes>
  </variable>
  <variable name="K728" valueType="integer" entityType="Participant" unit="" mimeType="" referencedEntityType="" index="30">
    <attributes>
      <attribute name="Circulation" namespace="Mlstr_physmeas" valueType="text">Heart_Function_ECG</attribute>
      <attribute name="Target" namespace="Mlstr_additional" valueType="text">Participant</attribute>
      <attribute name="Physical_measures" namespace="Mlstr_area" valueType="text">Circulation_respiration</attribute>
      <attribute name="label" valueType="text" locale="en">Left bundle branch block (7.1)</attribute>
      <attribute name="Source" namespace="Mlstr_additional" valueType="text">Physical_measure</attribute>
    </attributes>
    <categories>
      <category name="0">
        <attributes>
          <attribute name="label" valueType="text" locale="en">No</attribute>
        </attributes>
      </category>
      <category name="1">
        <attributes>
          <attribute name="label" valueType="text" locale="en">Yes</attribute>
        </attributes>
      </category>
    </categories>
  </variable>
  <variable name="K747" valueType="integer" entityType="Participant" unit="" mimeType="" referencedEntityType="" index="31">
    <attributes>
      <attribute name="Circulation" namespace="Mlstr_physmeas" valueType="text">Heart_Function_ECG</attribute>
      <attribute name="Target" namespace="Mlstr_additional" valueType="text">Participant</attribute>
      <attribute name="Physical_measures" namespace="Mlstr_area" valueType="text">Circulation_respiration</attribute>
      <attribute name="label" valueType="text" locale="en">LV strain</attribute>
      <attribute name="Source" namespace="Mlstr_additional" valueType="text">Physical_measure</attribute>
    </attributes>
    <categories>
      <category name="0">
        <attributes>
          <attribute name="label" valueType="text" locale="en">No</attribute>
        </attributes>
      </category>
      <category name="1">
        <attributes>
          <attribute name="label" valueType="text" locale="en">Yes</attribute>
        </attributes>
      </category>
    </categories>
  </variable>
  <variable name="K553" valueType="integer" entityType="Participant" unit="" mimeType="" referencedEntityType="" index="32">
    <attributes>
      <attribute name="Target" namespace="Mlstr_additional" valueType="text">Participant</attribute>
      <attribute name="Cog_scale" namespace="Mlstr_cogscale" valueType="text">MMSE</attribute>
      <attribute name="Cognitive_psychological_measures" namespace="Mlstr_area" valueType="text">Cognitive_functioning</attribute>
      <attribute name="label" valueType="text" locale="en">Mini mental state examination</attribute>
      <attribute name="Source" namespace="Mlstr_additional" valueType="text">Cognitive_measure</attribute>
    </attributes>
  </variable>
  <variable name="K361" valueType="integer" entityType="Participant" unit="" mimeType="" referencedEntityType="" index="33">
    <attributes>
      <attribute name="Lifestyle_behaviours" namespace="Mlstr_area" valueType="text">Nutrition</attribute>
      <attribute name="Target" namespace="Mlstr_additional" valueType="text">Participant</attribute>
      <attribute name="Nutrition" namespace="Mlstr_habits" valueType="text">MNA</attribute>
      <attribute name="label" valueType="text" locale="en">Mini nutritional assessment</attribute>
      <attribute name="Source" namespace="Mlstr_additional" valueType="text">Questionnaire</attribute>
    </attributes>
  </variable>
  <variable name="K976" valueType="integer" entityType="Participant" unit="cm" mimeType="" referencedEntityType="" index="34">
    <attributes>
      <attribute name="Target" namespace="Mlstr_additional" valueType="text">Participant</attribute>
      <attribute name="Physical_measures" namespace="Mlstr_area" valueType="text">Anthropo_measures</attribute>
      <attribute name="Anthropometry" namespace="Mlstr_physmeas" valueType="text">Body_Measurement_circumference</attribute>
      <attribute name="label" valueType="text" locale="en">Overarm circumf.</attribute>
      <attribute name="Source" namespace="Mlstr_additional" valueType="text">Physical_measure</attribute>
    </attributes>
  </variable>
  <variable name="K370" valueType="integer" entityType="Participant" unit="l/min" mimeType="" referencedEntityType="" index="35">
    <attributes>
      <attribute name="Circulation" namespace="Mlstr_physmeas" valueType="text">Lung_Function_spirometry</attribute>
      <attribute name="Target" namespace="Mlstr_additional" valueType="text">Participant</attribute>
      <attribute name="Physical_measures" namespace="Mlstr_area" valueType="text">Circulation_respiration</attribute>
      <attribute name="label" valueType="text" locale="en">Peak expiratory flow</attribute>
      <attribute name="Source" namespace="Mlstr_additional" valueType="text">Physical_measure</attribute>
    </attributes>
  </variable>
  <variable name="K319" valueType="integer" entityType="Participant" unit="mmol/L" mimeType="" referencedEntityType="" index="36">
    <attributes>
      <attribute name="Target" namespace="Mlstr_additional" valueType="text">Participant</attribute>
      <attribute name="label" valueType="text" locale="en">P-Glukos 0 min</attribute>
      <attribute name="Laboratory_measures" namespace="Mlstr_area" valueType="text">Biochemistry</attribute>
      <attribute name="Source" namespace="Mlstr_additional" valueType="text">Biosample</attribute>
      <attribute name="Biochemistry" namespace="Mlstr_labmeas" valueType="text">Glucose_blood</attribute>
    </attributes>
  </variable>
  <variable name="K323" valueType="integer" entityType="Participant" unit="mmol/L" mimeType="" referencedEntityType="" index="37">
    <attributes>
      <attribute name="Target" namespace="Mlstr_additional" valueType="text">Participant</attribute>
      <attribute name="label" valueType="text" locale="en">P-Glukos 120 min</attribute>
      <attribute name="Laboratory_measures" namespace="Mlstr_area" valueType="text">Biochemistry</attribute>
      <attribute name="Source" namespace="Mlstr_additional" valueType="text">Biosample</attribute>
      <attribute name="Biochemistry" namespace="Mlstr_labmeas" valueType="text">Glucose_blood</attribute>
    </attributes>
  </variable>
  <variable name="K320" valueType="integer" entityType="Participant" unit="mmol/L" mimeType="" referencedEntityType="" index="38">
    <attributes>
      <attribute name="Target" namespace="Mlstr_additional" valueType="text">Participant</attribute>
      <attribute name="label" valueType="text" locale="en">P-Glukos 30 min</attribute>
      <attribute name="Laboratory_measures" namespace="Mlstr_area" valueType="text">Biochemistry</attribute>
      <attribute name="Source" namespace="Mlstr_additional" valueType="text">Biosample</attribute>
      <attribute name="Biochemistry" namespace="Mlstr_labmeas" valueType="text">Glucose_blood</attribute>
    </attributes>
  </variable>
  <variable name="K021" valueType="integer" entityType="Participant" unit="beats/min" mimeType="" referencedEntityType="" index="39">
    <attributes>
      <attribute name="Circulation" namespace="Mlstr_physmeas" valueType="text">Blood_Pressure_office</attribute>
      <attribute name="Target" namespace="Mlstr_additional" valueType="text">Participant</attribute>
      <attribute name="Physical_measures" namespace="Mlstr_area" valueType="text">Circulation_respiration</attribute>
      <attribute name="label" valueType="text" locale="en">Pulse rate standing</attribute>
      <attribute name="Source" namespace="Mlstr_additional" valueType="text">Physical_measure</attribute>
    </attributes>
  </variable>
  <variable name="K019" valueType="integer" entityType="Participant" unit="beats/min" mimeType="" referencedEntityType="" index="40">
    <attributes>
      <attribute name="Circulation" namespace="Mlstr_physmeas" valueType="text">Blood_Pressure_office</attribute>
      <attribute name="Target" namespace="Mlstr_additional" valueType="text">Participant</attribute>
      <attribute name="Physical_measures" namespace="Mlstr_area" valueType="text">Circulation_respiration</attribute>
      <attribute name="label" valueType="text" locale="en">Pulse rate supine</attribute>
      <attribute name="Source" namespace="Mlstr_additional" valueType="text">Physical_measure</attribute>
    </attributes>
  </variable>
  <variable name="K720" valueType="integer" entityType="Participant" unit="" mimeType="" referencedEntityType="" index="41">
    <attributes>
      <attribute name="Circulation" namespace="Mlstr_physmeas" valueType="text">Heart_Function_ECG</attribute>
      <attribute name="Target" namespace="Mlstr_additional" valueType="text">Participant</attribute>
      <attribute name="Physical_measures" namespace="Mlstr_area" valueType="text">Circulation_respiration</attribute>
      <attribute name="label" valueType="text" locale="en">Q OR QS pattern (1.1)</attribute>
      <attribute name="Source" namespace="Mlstr_additional" valueType="text">Physical_measure</attribute>
    </attributes>
    <categories>
      <category name="0">
        <attributes>
          <attribute name="label" valueType="text" locale="en">No</attribute>
        </attributes>
      </category>
      <category name="1">
        <attributes>
          <attribute name="label" valueType="text" locale="en">Yes</attribute>
        </attributes>
      </category>
    </categories>
  </variable>
  <variable name="K721X" valueType="integer" entityType="Participant" unit="" mimeType="" referencedEntityType="" index="42">
    <attributes>
      <attribute name="Circulation" namespace="Mlstr_physmeas" valueType="text">Heart_Function_ECG</attribute>
      <attribute name="Target" namespace="Mlstr_additional" valueType="text">Participant</attribute>
      <attribute name="Physical_measures" namespace="Mlstr_area" valueType="text">Circulation_respiration</attribute>
      <attribute name="label" valueType="text" locale="en">Q OR QS pattern (1.2)</attribute>
      <attribute name="Source" namespace="Mlstr_additional" valueType="text">Physical_measure</attribute>
    </attributes>
    <categories>
      <category name="0">
        <attributes>
          <attribute name="label" valueType="text" locale="en">No</attribute>
        </attributes>
      </category>
      <category name="1">
        <attributes>
          <attribute name="label" valueType="text" locale="en">Yes</attribute>
        </attributes>
      </category>
    </categories>
  </variable>
  <variable name="K360" valueType="integer" entityType="Participant" unit="" mimeType="" referencedEntityType="" index="43">
    <attributes>
      <attribute name="Health_status_functional_limitations" namespace="Mlstr_area" valueType="text">Qual_life</attribute>
      <attribute name="Target" namespace="Mlstr_additional" valueType="text">Participant</attribute>
      <attribute name="label" valueType="text" locale="en">Quality of life scale</attribute>
      <attribute name="Source" namespace="Mlstr_additional" valueType="text">Questionnaire</attribute>
      <attribute name="Quality" namespace="Mlstr_genhealth" valueType="text">QoL</attribute>
    </attributes>
  </variable>
  <variable name="K975" valueType="integer" entityType="Participant" unit="cm" mimeType="" referencedEntityType="" index="44">
    <attributes>
      <attribute name="Target" namespace="Mlstr_additional" valueType="text">Participant</attribute>
      <attribute name="Physical_measures" namespace="Mlstr_area" valueType="text">Anthropo_measures</attribute>
      <attribute name="Anthropometry" namespace="Mlstr_physmeas" valueType="text">Body_Measurement_diameter</attribute>
      <attribute name="label" valueType="text" locale="en">Sagittal abdomen diameter</attribute>
      <attribute name="Source" namespace="Mlstr_additional" valueType="text">Physical_measure</attribute>
    </attributes>
  </variable>
  <variable name="K017" valueType="integer" entityType="Participant" unit="mmHg" mimeType="" referencedEntityType="" index="45">
    <attributes>
      <attribute name="Circulation" namespace="Mlstr_physmeas" valueType="text">Blood_Pressure_office</attribute>
      <attribute name="Target" namespace="Mlstr_additional" valueType="text">Participant</attribute>
      <attribute name="Physical_measures" namespace="Mlstr_area" valueType="text">Circulation_respiration</attribute>
      <attribute name="label" valueType="text" locale="en">SBP standing</attribute>
      <attribute name="Source" namespace="Mlstr_additional" valueType="text">Physical_measure</attribute>
    </attributes>
  </variable>
  <variable name="K013" valueType="integer" entityType="Participant" unit="mmHg" mimeType="" referencedEntityType="" index="46">
    <attributes>
      <attribute name="Circulation" namespace="Mlstr_physmeas" valueType="text">Blood_Pressure_office</attribute>
      <attribute name="Target" namespace="Mlstr_additional" valueType="text">Participant</attribute>
      <attribute name="Physical_measures" namespace="Mlstr_area" valueType="text">Circulation_respiration</attribute>
      <attribute name="label" valueType="text" locale="en">SBP supine</attribute>
      <attribute name="Source" namespace="Mlstr_additional" valueType="text">Physical_measure</attribute>
    </attributes>
  </variable>
  <variable name="K735" valueType="integer" entityType="Participant" unit="" mimeType="" referencedEntityType="" index="47">
    <attributes>
      <attribute name="Circulation" namespace="Mlstr_physmeas" valueType="text">Heart_Function_ECG</attribute>
      <attribute name="Target" namespace="Mlstr_additional" valueType="text">Participant</attribute>
      <attribute name="Physical_measures" namespace="Mlstr_area" valueType="text">Circulation_respiration</attribute>
      <attribute name="label" valueType="text" locale="en">Sinus bradycardi (under 50 per min)</attribute>
      <attribute name="Source" namespace="Mlstr_additional" valueType="text">Physical_measure</attribute>
    </attributes>
    <categories>
      <category name="0">
        <attributes>
          <attribute name="label" valueType="text" locale="en">No</attribute>
        </attributes>
      </category>
      <category name="1">
        <attributes>
          <attribute name="label" valueType="text" locale="en">Yes</attribute>
        </attributes>
      </category>
    </categories>
  </variable>
  <variable name="K734" valueType="integer" entityType="Participant" unit="" mimeType="" referencedEntityType="" index="48">
    <attributes>
      <attribute name="Circulation" namespace="Mlstr_physmeas" valueType="text">Heart_Function_ECG</attribute>
      <attribute name="Target" namespace="Mlstr_additional" valueType="text">Participant</attribute>
      <attribute name="Physical_measures" namespace="Mlstr_area" valueType="text">Circulation_respiration</attribute>
      <attribute name="label" valueType="text" locale="en">Sinus tachycardi (over 100 per min)</attribute>
      <attribute name="Source" namespace="Mlstr_additional" valueType="text">Physical_measure</attribute>
    </attributes>
    <categories>
      <category name="0">
        <attributes>
          <attribute name="label" valueType="text" locale="en">No</attribute>
        </attributes>
      </category>
      <category name="1">
        <attributes>
          <attribute name="label" valueType="text" locale="en">Yes</attribute>
        </attributes>
      </category>
    </categories>
  </variable>
  <variable name="K364" valueType="integer" entityType="Participant" unit="" mimeType="" referencedEntityType="" index="49">
    <attributes>
      <attribute name="Target" namespace="Mlstr_additional" valueType="text">Participant</attribute>
      <attribute name="Muscles" namespace="Mlstr_physmeas" valueType="text">Balance</attribute>
      <attribute name="Physical_measures" namespace="Mlstr_area" valueType="text">Muscles_skeleton_mobility</attribute>
      <attribute name="label" valueType="text" locale="en">Stand balance</attribute>
      <attribute name="Source" namespace="Mlstr_additional" valueType="text">Physical_measure</attribute>
    </attributes>
  </variable>
  <variable name="K725X" valueType="integer" entityType="Participant" unit="" mimeType="" referencedEntityType="" index="50">
    <attributes>
      <attribute name="Circulation" namespace="Mlstr_physmeas" valueType="text">Heart_Function_ECG</attribute>
      <attribute name="Target" namespace="Mlstr_additional" valueType="text">Participant</attribute>
      <attribute name="Physical_measures" namespace="Mlstr_area" valueType="text">Circulation_respiration</attribute>
      <attribute name="label" valueType="text" locale="en">ST-segment depression (4.1)</attribute>
      <attribute name="Source" namespace="Mlstr_additional" valueType="text">Physical_measure</attribute>
    </attributes>
    <categories>
      <category name="0">
        <attributes>
          <attribute name="label" valueType="text" locale="en">No</attribute>
        </attributes>
      </category>
      <category name="1">
        <attributes>
          <attribute name="label" valueType="text" locale="en">Yes</attribute>
        </attributes>
      </category>
    </categories>
  </variable>
  <variable name="K365" valueType="integer" entityType="Participant" unit="seconds" mimeType="" referencedEntityType="" index="51">
    <attributes>
      <attribute name="Target" namespace="Mlstr_additional" valueType="text">Participant</attribute>
      <attribute name="Muscles" namespace="Mlstr_physmeas" valueType="text">Time_up_and_go</attribute>
      <attribute name="Physical_measures" namespace="Mlstr_area" valueType="text">Muscles_skeleton_mobility</attribute>
      <attribute name="label" valueType="text" locale="en">Time up and go</attribute>
      <attribute name="Source" namespace="Mlstr_additional" valueType="text">Physical_measure</attribute>
    </attributes>
  </variable>
  <variable name="K726X" valueType="integer" entityType="Participant" unit="" mimeType="" referencedEntityType="" index="52">
    <attributes>
      <attribute name="Circulation" namespace="Mlstr_physmeas" valueType="text">Heart_Function_ECG</attribute>
      <attribute name="Target" namespace="Mlstr_additional" valueType="text">Participant</attribute>
      <attribute name="Physical_measures" namespace="Mlstr_area" valueType="text">Circulation_respiration</attribute>
      <attribute name="label" valueType="text" locale="en">T-wave items (5.1)</attribute>
      <attribute name="Source" namespace="Mlstr_additional" valueType="text">Physical_measure</attribute>
    </attributes>
    <categories>
      <category name="0">
        <attributes>
          <attribute name="label" valueType="text" locale="en">No</attribute>
        </attributes>
      </category>
      <category name="1">
        <attributes>
          <attribute name="label" valueType="text" locale="en">Yes</attribute>
        </attributes>
      </category>
    </categories>
  </variable>
  <variable name="K729" valueType="integer" entityType="Participant" unit="" mimeType="" referencedEntityType="" index="53">
    <attributes>
      <attribute name="Circulation" namespace="Mlstr_physmeas" valueType="text">Heart_Function_ECG</attribute>
      <attribute name="Target" namespace="Mlstr_additional" valueType="text">Participant</attribute>
      <attribute name="Physical_measures" namespace="Mlstr_area" valueType="text">Circulation_respiration</attribute>
      <attribute name="label" valueType="text" locale="en">Ventr. conduction defects (7.X)</attribute>
      <attribute name="Source" namespace="Mlstr_additional" valueType="text">Physical_measure</attribute>
    </attributes>
    <categories>
      <category name="0">
        <attributes>
          <attribute name="label" valueType="text" locale="en">No</attribute>
        </attributes>
      </category>
      <category name="1">
        <attributes>
          <attribute name="label" valueType="text" locale="en">Yes</attribute>
        </attributes>
      </category>
    </categories>
  </variable>
  <variable name="K974" valueType="integer" entityType="Participant" unit="" mimeType="" referencedEntityType="" index="54">
    <attributes>
      <attribute name="Target" namespace="Mlstr_additional" valueType="text">Participant</attribute>
      <attribute name="Physical_measures" namespace="Mlstr_area" valueType="text">Anthropo_measures</attribute>
      <attribute name="Anthropometry" namespace="Mlstr_physmeas" valueType="text">Body_Measurement_circumference</attribute>
      <attribute name="label" valueType="text" locale="en">Waist / Hip ratio</attribute>
      <attribute name="Source" namespace="Mlstr_additional" valueType="text">Physical_measure</attribute>
    </attributes>
  </variable>
  <variable name="K020" valueType="integer" entityType="Participant" unit="cm" mimeType="" referencedEntityType="" index="55">
    <attributes>
      <attribute name="Target" namespace="Mlstr_additional" valueType="text">Participant</attribute>
      <attribute name="Physical_measures" namespace="Mlstr_area" valueType="text">Anthropo_measures</attribute>
      <attribute name="Anthropometry" namespace="Mlstr_physmeas" valueType="text">Body_Measurement_circumference</attribute>
      <attribute name="label" valueType="text" locale="en">Waist circumf.</attribute>
      <attribute name="Source" namespace="Mlstr_additional" valueType="text">Physical_measure</attribute>
    </attributes>
  </variable>
  <variable name="K011" valueType="integer" entityType="Participant" unit="kg" mimeType="" referencedEntityType="" index="56">
    <attributes>
      <attribute name="Target" namespace="Mlstr_additional" valueType="text">Participant</attribute>
      <attribute name="Physical_measures" namespace="Mlstr_area" valueType="text">Anthropo_measures</attribute>
      <attribute name="Anthropometry" namespace="Mlstr_physmeas" valueType="text">Weight</attribute>
      <attribute name="label" valueType="text" locale="en">Weight</attribute>
      <attribute name="Source" namespace="Mlstr_additional" valueType="text">Physical_measure</attribute>
    </attributes>
  </variable>
</variables>