<variables>
  <variable name="L42" valueType="integer" entityType="Participant" unit="" mimeType="" referencedEntityType="" index="1">
    <attributes>
      <attribute name="Target" namespace="Mlstr_additional" valueType="text">Participant</attribute>
      <attribute name="Physical_measures" namespace="Mlstr_area" valueType="text">Brain_nerves</attribute>
      <attribute name="label" valueType="text" locale="en">Presence of not controlled tremor</attribute>
      <attribute name="Source" namespace="Mlstr_additional" valueType="text">Physical_measure</attribute>
    </attributes>
  </variable>
  <variable name="L42A_1" valueType="integer" entityType="Participant" unit="" mimeType="" referencedEntityType="" index="2">
    <attributes>
      <attribute name="Target" namespace="Mlstr_additional" valueType="text">Participant</attribute>
      <attribute name="Physical_measures" namespace="Mlstr_area" valueType="text">Brain_nerves</attribute>
      <attribute name="label" valueType="text" locale="en">Location of tremor:arms</attribute>
      <attribute name="Source" namespace="Mlstr_additional" valueType="text">Physical_measure</attribute>
    </attributes>
  </variable>
  <variable name="L42A_2" valueType="integer" entityType="Participant" unit="" mimeType="" referencedEntityType="" index="3">
    <attributes>
      <attribute name="Target" namespace="Mlstr_additional" valueType="text">Participant</attribute>
      <attribute name="Physical_measures" namespace="Mlstr_area" valueType="text">Brain_nerves</attribute>
      <attribute name="label" valueType="text" locale="en">Location of tremor:head</attribute>
      <attribute name="Source" namespace="Mlstr_additional" valueType="text">Physical_measure</attribute>
    </attributes>
  </variable>
  <variable name="L42A_3" valueType="integer" entityType="Participant" unit="" mimeType="" referencedEntityType="" index="4">
    <attributes>
      <attribute name="Target" namespace="Mlstr_additional" valueType="text">Participant</attribute>
      <attribute name="Physical_measures" namespace="Mlstr_area" valueType="text">Brain_nerves</attribute>
      <attribute name="label" valueType="text" locale="en">Location of tremor:voice</attribute>
      <attribute name="Source" namespace="Mlstr_additional" valueType="text">Physical_measure</attribute>
    </attributes>
  </variable>
  <variable name="L42A_4" valueType="integer" entityType="Participant" unit="" mimeType="" referencedEntityType="" index="5">
    <attributes>
      <attribute name="Target" namespace="Mlstr_additional" valueType="text">Participant</attribute>
      <attribute name="Physical_measures" namespace="Mlstr_area" valueType="text">Brain_nerves</attribute>
      <attribute name="label" valueType="text" locale="en">Location of tremor:jaw</attribute>
      <attribute name="Source" namespace="Mlstr_additional" valueType="text">Physical_measure</attribute>
    </attributes>
  </variable>
  <variable name="L42B" valueType="integer" entityType="Participant" unit="" mimeType="" referencedEntityType="" index="6">
    <attributes>
      <attribute name="Target" namespace="Mlstr_additional" valueType="text">Participant</attribute>
      <attribute name="Physical_measures" namespace="Mlstr_area" valueType="text">Brain_nerves</attribute>
      <attribute name="label" valueType="text" locale="en">Age of tremor onset</attribute>
      <attribute name="Source" namespace="Mlstr_additional" valueType="text">Physical_measure</attribute>
    </attributes>
  </variable>
  <variable name="L42C_1" valueType="integer" entityType="Participant" unit="" mimeType="" referencedEntityType="" index="7">
    <attributes>
      <attribute name="Target" namespace="Mlstr_additional" valueType="text">Participant</attribute>
      <attribute name="Physical_measures" namespace="Mlstr_area" valueType="text">Brain_nerves</attribute>
      <attribute name="label" valueType="text" locale="en">Action tremor</attribute>
      <attribute name="Source" namespace="Mlstr_additional" valueType="text">Physical_measure</attribute>
    </attributes>
  </variable>
  <variable name="L42C_2" valueType="integer" entityType="Participant" unit="" mimeType="" referencedEntityType="" index="8">
    <attributes>
      <attribute name="Target" namespace="Mlstr_additional" valueType="text">Participant</attribute>
      <attribute name="Physical_measures" namespace="Mlstr_area" valueType="text">Brain_nerves</attribute>
      <attribute name="label" valueType="text" locale="en">Tremor at rest</attribute>
      <attribute name="Source" namespace="Mlstr_additional" valueType="text">Physical_measure</attribute>
    </attributes>
  </variable>
  <variable name="L42D" valueType="integer" entityType="Participant" unit="" mimeType="" referencedEntityType="" index="9">
    <attributes>
      <attribute name="Target" namespace="Mlstr_additional" valueType="text">Participant</attribute>
      <attribute name="Physical_measures" namespace="Mlstr_area" valueType="text">Brain_nerves</attribute>
      <attribute name="label" valueType="text" locale="en">Medications for tremor</attribute>
      <attribute name="Source" namespace="Mlstr_additional" valueType="text">Physical_measure</attribute>
    </attributes>
  </variable>
  <variable name="L43" valueType="integer" entityType="Participant" unit="" mimeType="" referencedEntityType="" index="10">
    <attributes>
      <attribute name="Target" namespace="Mlstr_additional" valueType="text">Participant</attribute>
      <attribute name="Physical_measures" namespace="Mlstr_area" valueType="text">Brain_nerves</attribute>
      <attribute name="label" valueType="text" locale="en">Diagnosis of familial/essential  tremor</attribute>
      <attribute name="Source" namespace="Mlstr_additional" valueType="text">Physical_measure</attribute>
    </attributes>
  </variable>
  <variable name="L44" valueType="integer" entityType="Participant" unit="" mimeType="" referencedEntityType="" index="11">
    <attributes>
      <attribute name="Target" namespace="Mlstr_additional" valueType="text">Participant</attribute>
      <attribute name="Physical_measures" namespace="Mlstr_area" valueType="text">Brain_nerves</attribute>
      <attribute name="label" valueType="text" locale="en">Head tremor</attribute>
      <attribute name="Source" namespace="Mlstr_additional" valueType="text">Physical_measure</attribute>
    </attributes>
  </variable>
  <variable name="L45" valueType="integer" entityType="Participant" unit="" mimeType="" referencedEntityType="" index="12">
    <attributes>
      <attribute name="Target" namespace="Mlstr_additional" valueType="text">Participant</attribute>
      <attribute name="Physical_measures" namespace="Mlstr_area" valueType="text">Brain_nerves</attribute>
      <attribute name="label" valueType="text" locale="en">Diagnosis of torticollis or dystonia</attribute>
      <attribute name="Source" namespace="Mlstr_additional" valueType="text">Physical_measure</attribute>
    </attributes>
  </variable>
  <variable name="L46" valueType="integer" entityType="Participant" unit="" mimeType="" referencedEntityType="" index="13">
    <attributes>
      <attribute name="Target" namespace="Mlstr_additional" valueType="text">Participant</attribute>
      <attribute name="Physical_measures" namespace="Mlstr_area" valueType="text">Brain_nerves</attribute>
      <attribute name="label" valueType="text" locale="en">Number of cups of coffee received the examination day</attribute>
      <attribute name="Source" namespace="Mlstr_additional" valueType="text">Physical_measure</attribute>
    </attributes>
  </variable>
  <variable name="L47" valueType="integer" entityType="Participant" unit="" mimeType="" referencedEntityType="" index="14">
    <attributes>
      <attribute name="Target" namespace="Mlstr_additional" valueType="text">Participant</attribute>
      <attribute name="Physical_measures" namespace="Mlstr_area" valueType="text">Brain_nerves</attribute>
      <attribute name="label" valueType="text" locale="en">Number of cigarettes smoked the same day</attribute>
      <attribute name="Source" namespace="Mlstr_additional" valueType="text">Physical_measure</attribute>
    </attributes>
  </variable>
  <variable name="L48" valueType="integer" entityType="Participant" unit="" mimeType="" referencedEntityType="" index="15">
    <attributes>
      <attribute name="Target" namespace="Mlstr_additional" valueType="text">Participant</attribute>
      <attribute name="Physical_measures" namespace="Mlstr_area" valueType="text">Brain_nerves</attribute>
      <attribute name="label" valueType="text" locale="en">Number of cups of soda drinked the same day</attribute>
      <attribute name="Source" namespace="Mlstr_additional" valueType="text">Physical_measure</attribute>
    </attributes>
  </variable>
  <variable name="L52" valueType="integer" entityType="Participant" unit="" mimeType="" referencedEntityType="" index="16">
    <attributes>
      <attribute name="Target" namespace="Mlstr_additional" valueType="text">Participant</attribute>
      <attribute name="Physical_measures" namespace="Mlstr_area" valueType="text">Brain_nerves</attribute>
      <attribute name="label" valueType="text" locale="en">Presence of head tremor noticed by the examiner</attribute>
      <attribute name="Source" namespace="Mlstr_additional" valueType="text">Physical_measure</attribute>
    </attributes>
  </variable>
</variables>