{"id":"946ff43d-e31e-415b-b1c9-688513a889d6","name":[{"lang":"en","value":"Uppsala Longitudinal Study of Adult Men"}],"acronym":[{"lang":"en","value":"ULSAM"}],"investigators":[{"title":"Dr.","firstName":"Lars","lastName":"Lannfelt","email":"Lars.Lannfelt@pubcare.uu.se","phone":"018-611 7189","dataAccessCommitteeMember":false,"institution":{"name":[{"lang":"en","value":"Uppsala Universitet"}],"department":[{"lang":"en","value":"Department of Public Health and Caring Sciences\/ Geriatrics"}],"address":{"street":[{"lang":"en","value":"Uppsala Science Park"}],"city":[{"lang":"en","value":"Uppsala"}],"zip":"751 85","country":{"iso":"SE","name":[{"lang":"en","value":"Sweden"}]}}}}],"contacts":[{"title":"Dr.","firstName":"Lars","lastName":"Lannfelt","email":"Lars.Lannfelt@pubcare.uu.se","phone":"018-611 7189","dataAccessCommitteeMember":false,"institution":{"name":[{"lang":"en","value":"Uppsala Universitet"}],"department":[{"lang":"en","value":"Department of Public Health and Caring Sciences\/ Geriatrics"}],"address":{"street":[{"lang":"en","value":"Uppsala Science Park"}],"city":[{"lang":"en","value":"Uppsala"}],"zip":"751 85","country":{"iso":"SE","name":[{"lang":"en","value":"Sweden"}]}}}}],"objectives":[{"lang":"en","value":"<p>The Uppsala Longitudinal Study of Adult Men is an ongoing longitudinal, epidemiologic study aiming&nbsp;at identifying risk factors for cardiovascular disease and type 2 diabetes in middle-aged men. &nbsp;<\/p>\r\n"}],"website":"http:\/\/www2.pubcare.uu.se\/ULSAM\/index.htm","specificAuthorization":{"authorized":true,"authorizer":"Dr. Lars Lannfelt","date":"1969-12-31T19:00:00-05:00"},"maelstromAuthorization":{"authorized":true,"authorizer":"Dr. Lars Lannfelt","date":"1969-12-31T19:00:00-05:00"},"methods":{"designs":["cohort_study"],"followUpInfo":[{"lang":"en","value":"<p>Participants were followed at the ages of 50, 60, 70, 77, 82, and 88. &nbsp;<\/p>\r\n"}],"recruitments":["individuals"]},"numberOfParticipants":{"participant":{"noLimit":false,"number":2322},"sample":{"noLimit":false,"number":2322}},"startYear":1970,"access":["data","biosamples"],"markerPaper":"Hedstrand H. A study of middle-aged men with particular reference to risk factors for cardiovascular disease. Ups J Med Sci Suppl. 1975;19:1-61. ","pubmedId":"1216390","populations":[{"id":"4d6d1853-4cfc-4f4f-9a74-2e058354b2f8","name":[{"lang":"en","value":"ULSAM Population"}],"description":[{"lang":"en","value":"<p>Between 1970 and 1973, all men born between 1920 and 1924&nbsp;and resident in the municipality of Uppsala, Sweden, were invited to participate in a health survey.<\/p>\r\n"}],"recruitment":{"dataSources":["general"],"generalPopulationSources":["selected_samples"]},"selectionCriteria":{"gender":0,"ageMin":50,"ageMax":50,"countriesIso":["SWE"],"territory":[{"lang":"en","value":"<p>Uppsala municipality.<\/p>\r\n"}]},"numberOfParticipants":{"participant":{"noLimit":false,"number":2322},"sample":{"noLimit":false,"number":2322},"info":[{"lang":"en","value":"<p>ULSAM-50: 2322 participants<\/p>\r\n\r\n<p>ULSAM-60: 1860 participants<\/p>\r\n\r\n<p>ULSAM-70: 1221&nbsp;participants<\/p>\r\n\r\n<p>ULSAM-77: 839&nbsp;participants<\/p>\r\n\r\n<p>ULSAM-82: 530&nbsp;participants<\/p>\r\n\r\n<p>ULSAM-88: 354&nbsp;participants<\/p>\r\n"}]},"dataCollectionEvents":[{"id":"13dd39a9-4010-4067-8e21-8d209bc579ec","name":[{"lang":"en","value":"ULSAM-50"}],"description":[{"lang":"en","value":"<p><span>Recruited men at age 50 underwent the first&nbsp;screening examination programme, including&nbsp;a medical questionnaire and interview, blood and urine sampling, blood pressure and anthropometric measurements, intravenous glucose tolerance test, ECG recording, chest X-ray and pure tone audiometry.<\/span><\/p>\r\n"}],"startYear":1970,"startMonth":4,"endYear":1973,"endMonth":10,"dataSources":["questionnaires","physical_measures","biological_samples","administratives_databases"],"administrativeDatabases":["health_databases"],"bioSamples":["blood"]},{"id":"b2569b17-f7b1-4655-9667-5f74826d031f","name":[{"lang":"en","value":"ULSAM-60"}],"description":[{"lang":"en","value":"<p><span>Participants in the first survey were invited to the second investigation. &nbsp;<\/span><span>The investigation procedures were similar to that at age 50. All participants underwent a minor investigation including measurement of fasting blood glucose, blood pressure, weight and height, and a medical questionnaire. A subpopulation was selected for further investigations including an intravenous glucose tolerance test.<\/span><\/p>\r\n"}],"startYear":1980,"startMonth":4,"endYear":1985,"endMonth":3,"dataSources":["questionnaires","physical_measures","biological_samples","administratives_databases"],"administrativeDatabases":["health_databases"],"bioSamples":["blood"]},{"id":"7a3560e4-7362-40da-825f-bb5c41beb237","name":[{"lang":"en","value":"ULSAM-70"}],"description":[{"lang":"en","value":"<p><span>All participants in the first investigation were invited to the third investigation. &nbsp;<\/span><span>Procedures were carried out in a manner as similar as possible to the two previous surveys, including a medical questionnaire, blood pressure and anthropometric measurements, blood samples, peroral glucose tolerance test, hyperinsulinaemic euglycaemic clamp and 24-hour ambulatory blood pressure registration.<\/span><\/p>\r\n"}],"startYear":1991,"startMonth":8,"endYear":1995,"endMonth":4,"dataSources":["questionnaires","physical_measures","biological_samples","administratives_databases"],"administrativeDatabases":["health_databases"],"bioSamples":["blood","tissues"]},{"id":"6dd82cb1-450a-4b6f-b679-126d2f945c15","name":[{"lang":"en","value":"ULSAM-77"}],"description":[{"lang":"en","value":"<p><span>The fourth investigation was performed when the men were aged 77 years. T<\/span><span>he first 44 participants only performed a mini mental test. Plasma\/serum samples were available from 788 individuals and urine samples from 706 individuals.<\/span><\/p>\r\n"}],"startYear":1997,"startMonth":11,"endYear":2001,"endMonth":6,"dataSources":["questionnaires","physical_measures","biological_samples","administratives_databases"],"administrativeDatabases":["health_databases"],"bioSamples":["blood","urine"]},{"id":"4a451c13-7de5-468c-9611-06fd89111b89","name":[{"lang":"en","value":"ULSAM-82"}],"description":[{"lang":"en","value":"<p><span>Men who had participated at age 70 or 77 were invited to participate in the fifth investigation. &nbsp;<\/span><span>This investigation included anthropometrical measurements, blood pressure, blood and urine sampling, bone density measurement by whole body DXA, ECG examination, tests of cognitive function, questionnaire, and a dietary investigation.<\/span><\/p>\r\n"}],"startYear":2003,"startMonth":4,"endYear":2005,"endMonth":2,"dataSources":["questionnaires","physical_measures","biological_samples","administratives_databases"],"administrativeDatabases":["health_databases"],"bioSamples":["blood","urine"]},{"id":"4cbd576e-f7da-4a58-a948-42a2975bb457","name":[{"lang":"en","value":"ULSAM-88"}],"description":[{"lang":"en","value":"<p>All men who were alive and had participated in any of the previous investigations were invited to participate in this investigation. &nbsp;Of these, 296 men were examined at the hospital and 58 were visited at home by a nurse. In addition, 29 men completed only a questionnaire. &nbsp;The&nbsp;<span>ULSAM-88 investigation includes anthropometrical measurements, blood pressure, blood sampling, bone density measurement by whole body DXA, oral glucose tolerance test, ECG examination, tests of cognitive function, gait and balance. A detailed questionnaire regarding medical and social issues, dietary intake, activities in daily life and rating scales on depressive symptoms was administered. In addition to this, update of dementia and diabetes diagnoses have been performed as well as Cancer, Hospital discharge and Cause-of-death registries have been updated.<\/span><\/p>\r\n"}],"startYear":2008,"startMonth":9,"endYear":2009,"endMonth":12,"dataSources":["questionnaires","physical_measures","biological_samples","administratives_databases"],"administrativeDatabases":["health_databases"],"bioSamples":["blood","urine"]}]}],"opal":"https:\/\/opal.maelstrom-research.org:8443"}