<variables>
  <variable name="I1a" valueType="integer" entityType="Participant" unit="" mimeType="" referencedEntityType="" index="0">
    <attributes>
      <attribute name="Target" namespace="Mlstr_additional" valueType="text">Participant</attribute>
      <attribute name="Cog_scale" namespace="Mlstr_cogscale" valueType="text">Semiqual_Clinical_Fluct_Cognition</attribute>
      <attribute name="Cognitive_psychological_measures" namespace="Mlstr_area" valueType="text">Cognitive_functioning</attribute>
      <attribute name="label" valueType="text" locale="en">The Semiqualified Clinical Fluctuating Cognition (FC) Rating Scale_fluctuation in level of consciousness</attribute>
      <attribute name="Source" namespace="Mlstr_additional" valueType="text">Cognitive_measure</attribute>
    </attributes>
  </variable>
  <variable name="I1b" valueType="integer" entityType="Participant" unit="" mimeType="" referencedEntityType="" index="0">
    <attributes>
      <attribute name="Target" namespace="Mlstr_additional" valueType="text">Participant</attribute>
      <attribute name="Cog_scale" namespace="Mlstr_cogscale" valueType="text">Semiqual_Clinical_Fluct_Cognition</attribute>
      <attribute name="Cognitive_psychological_measures" namespace="Mlstr_area" valueType="text">Cognitive_functioning</attribute>
      <attribute name="label" valueType="text" locale="en">The Semiqualified Clinical Fluctuating Cognition (FC) Rating Scale_fluctuation in level of cognition</attribute>
      <attribute name="Source" namespace="Mlstr_additional" valueType="text">Cognitive_measure</attribute>
    </attributes>
  </variable>
  <variable name="I2" valueType="integer" entityType="Participant" unit="" mimeType="" referencedEntityType="" index="0">
    <attributes>
      <attribute name="Target" namespace="Mlstr_additional" valueType="text">Participant</attribute>
      <attribute name="Cog_scale" namespace="Mlstr_cogscale" valueType="text">Semiqual_Clinical_Fluct_Cognition</attribute>
      <attribute name="Cognitive_psychological_measures" namespace="Mlstr_area" valueType="text">Cognitive_functioning</attribute>
      <attribute name="label" valueType="text" locale="en">The Semiqualified Clinical Fluctuating Cognition (FC) Rating Scale_frequency of fluctuation in consciousness/cognition</attribute>
      <attribute name="Source" namespace="Mlstr_additional" valueType="text">Cognitive_measure</attribute>
    </attributes>
  </variable>
  <variable name="I3" valueType="integer" entityType="Participant" unit="" mimeType="" referencedEntityType="" index="0">
    <attributes>
      <attribute name="Target" namespace="Mlstr_additional" valueType="text">Participant</attribute>
      <attribute name="Cog_scale" namespace="Mlstr_cogscale" valueType="text">Semiqual_Clinical_Fluct_Cognition</attribute>
      <attribute name="Cognitive_psychological_measures" namespace="Mlstr_area" valueType="text">Cognitive_functioning</attribute>
      <attribute name="label" valueType="text" locale="en">The Semiqualified Clinical Fluctuating Cognition (FC) Rating Scale_duration of these episodes</attribute>
      <attribute name="Source" namespace="Mlstr_additional" valueType="text">Cognitive_measure</attribute>
    </attributes>
  </variable>
</variables>