<valueSet valueTable="samples_donors" entityType="Sample" entityIdentifier="3">
  <variableValue variable="Donor">
    <value valueType="text">2</value>
  </variableValue>
  <variableValue variable="ConsentStatus">
    <value valueType="text">Informed consent</value>
  </variableValue>
  <variableValue variable="SampleStatus">
    <value valueType="text">Lesional material</value>
  </variableValue>
  <variableValue variable="SourceMaterial">
    <value valueType="text">Peripheral venous blood</value>
  </variableValue>
  <variableValue variable="DonorGender">
    <value valueType="text">M</value>
  </variableValue>
</valueSet>