<entities>
  <string>Sample</string>
  <map>
    <entry>
      <string>1</string>
      <string>0000001.xml</string>
    </entry>
    <entry>
      <string>2</string>
      <string>0000003.xml</string>
    </entry>
    <entry>
      <string>3</string>
      <string>0000006.xml</string>
    </entry>
    <entry>
      <string>4</string>
      <string>0000005.xml</string>
    </entry>
    <entry>
      <string>5</string>
      <string>0000002.xml</string>
    </entry>
    <entry>
      <string>6</string>
      <string>0000004.xml</string>
    </entry>
  </map>
</entities>