<variables>
  <variable name="Weight" valueType="integer" entityType="Participant" unit="kg" mimeType="" referencedEntityType="" index="1">
    <attributes>
      <attribute name="Target" namespace="Mlstr_additional" valueType="text">Participant</attribute>
      <attribute name="Physical_measures" namespace="Mlstr_area" valueType="text">Anthropo_measures</attribute>
      <attribute name="Anthropometry" namespace="Mlstr_physmeas" valueType="text">Weight</attribute>
      <attribute name="label" valueType="text" locale="en">Weight (kg)</attribute>
      <attribute name="Source" namespace="Mlstr_additional" valueType="text">Physical_measure</attribute>
    </attributes>
  </variable>
</variables>