<variables>
  <variable name="D1" valueType="integer" entityType="Participant" unit="" mimeType="" referencedEntityType="" index="1">
    <attributes>
      <attribute name="Target" namespace="Mlstr_additional" valueType="text">Parents</attribute>
      <attribute name="End_of_life" namespace="Mlstr_area" valueType="text">Life_status</attribute>
      <attribute name="label" valueType="text" locale="en">Whether participant&apos;s father is alive</attribute>
      <attribute name="Source" namespace="Mlstr_additional" valueType="text">Questionnaire</attribute>
    </attributes>
  </variable>
  <variable name="D2a" valueType="integer" entityType="Participant" unit="" mimeType="" referencedEntityType="" index="2">
    <attributes>
      <attribute name="Target" namespace="Mlstr_additional" valueType="text">Parents</attribute>
      <attribute name="Sociodemographic_economic_characteristics" namespace="Mlstr_area" valueType="text">Age</attribute>
      <attribute name="label" valueType="text" locale="en">Participant&apos;s father age</attribute>
      <attribute name="Source" namespace="Mlstr_additional" valueType="text">Questionnaire</attribute>
    </attributes>
  </variable>
  <variable name="D2b" valueType="integer" entityType="Participant" unit="" mimeType="" referencedEntityType="" index="3">
    <attributes>
      <attribute name="Target" namespace="Mlstr_additional" valueType="text">Parents</attribute>
      <attribute name="End_of_life" namespace="Mlstr_area" valueType="text">Life_status</attribute>
      <attribute name="label" valueType="text" locale="en">Participant&apos;s father age of death</attribute>
      <attribute name="Source" namespace="Mlstr_additional" valueType="text">Questionnaire</attribute>
    </attributes>
  </variable>
  <variable name="D3a" valueType="integer" entityType="Participant" unit="" mimeType="" referencedEntityType="" index="4">
    <attributes>
      <attribute name="Target" namespace="Mlstr_additional" valueType="text">Parents</attribute>
      <attribute name="Diseases" namespace="Mlstr_area" valueType="text">Other_dis</attribute>
      <attribute name="label" valueType="text" locale="en">Participant Father&apos;s medical history</attribute>
      <attribute name="Source" namespace="Mlstr_additional" valueType="text">Questionnaire</attribute>
    </attributes>
  </variable>
  <variable name="D3b" valueType="integer" entityType="Participant" unit="" mimeType="" referencedEntityType="" index="5">
    <attributes>
      <attribute name="Target" namespace="Mlstr_additional" valueType="text">Parents</attribute>
      <attribute name="Diseases" namespace="Mlstr_area" valueType="text">Other_dis</attribute>
      <attribute name="label" valueType="text" locale="en">Participant Father&apos;s medical history</attribute>
      <attribute name="Source" namespace="Mlstr_additional" valueType="text">Questionnaire</attribute>
    </attributes>
  </variable>
  <variable name="D3c" valueType="integer" entityType="Participant" unit="" mimeType="" referencedEntityType="" index="6">
    <attributes>
      <attribute name="Target" namespace="Mlstr_additional" valueType="text">Parents</attribute>
      <attribute name="Diseases" namespace="Mlstr_area" valueType="text">Other_dis</attribute>
      <attribute name="label" valueType="text" locale="en">Participant Father&apos;s medical history</attribute>
      <attribute name="Source" namespace="Mlstr_additional" valueType="text">Questionnaire</attribute>
    </attributes>
  </variable>
  <variable name="D3d" valueType="integer" entityType="Participant" unit="" mimeType="" referencedEntityType="" index="7">
    <attributes>
      <attribute name="Target" namespace="Mlstr_additional" valueType="text">Parents</attribute>
      <attribute name="Diseases" namespace="Mlstr_area" valueType="text">Other_dis</attribute>
      <attribute name="label" valueType="text" locale="en">Participant Father&apos;s medical history</attribute>
      <attribute name="Source" namespace="Mlstr_additional" valueType="text">Questionnaire</attribute>
    </attributes>
  </variable>
  <variable name="D4" valueType="integer" entityType="Participant" unit="" mimeType="" referencedEntityType="" index="8">
    <attributes>
      <attribute name="Target" namespace="Mlstr_additional" valueType="text">Parents</attribute>
      <attribute name="End_of_life" namespace="Mlstr_area" valueType="text">Life_status</attribute>
      <attribute name="label" valueType="text" locale="en">Whether participant&apos;s mother is alive</attribute>
      <attribute name="Source" namespace="Mlstr_additional" valueType="text">Questionnaire</attribute>
    </attributes>
  </variable>
  <variable name="D4a" valueType="integer" entityType="Participant" unit="" mimeType="" referencedEntityType="" index="9">
    <attributes>
      <attribute name="Target" namespace="Mlstr_additional" valueType="text">Parents</attribute>
      <attribute name="Sociodemographic_economic_characteristics" namespace="Mlstr_area" valueType="text">Age</attribute>
      <attribute name="label" valueType="text" locale="en">Participant&apos;s mother age</attribute>
      <attribute name="Source" namespace="Mlstr_additional" valueType="text">Questionnaire</attribute>
    </attributes>
  </variable>
  <variable name="D4b" valueType="integer" entityType="Participant" unit="" mimeType="" referencedEntityType="" index="10">
    <attributes>
      <attribute name="Target" namespace="Mlstr_additional" valueType="text">Parents</attribute>
      <attribute name="End_of_life" namespace="Mlstr_area" valueType="text">Life_status</attribute>
      <attribute name="label" valueType="text" locale="en">Participant&apos;s mother age of death</attribute>
      <attribute name="Source" namespace="Mlstr_additional" valueType="text">Questionnaire</attribute>
    </attributes>
  </variable>
  <variable name="D6a" valueType="integer" entityType="Participant" unit="" mimeType="" referencedEntityType="" index="11">
    <attributes>
      <attribute name="Target" namespace="Mlstr_additional" valueType="text">Parents</attribute>
      <attribute name="Diseases" namespace="Mlstr_area" valueType="text">Other_dis</attribute>
      <attribute name="label" valueType="text" locale="en">Participant mother&apos;s medical history</attribute>
      <attribute name="Source" namespace="Mlstr_additional" valueType="text">Questionnaire</attribute>
    </attributes>
  </variable>
  <variable name="D6b" valueType="integer" entityType="Participant" unit="" mimeType="" referencedEntityType="" index="12">
    <attributes>
      <attribute name="Target" namespace="Mlstr_additional" valueType="text">Parents</attribute>
      <attribute name="Diseases" namespace="Mlstr_area" valueType="text">Other_dis</attribute>
      <attribute name="label" valueType="text" locale="en">Participant mother&apos;s medical history</attribute>
      <attribute name="Source" namespace="Mlstr_additional" valueType="text">Questionnaire</attribute>
    </attributes>
  </variable>
  <variable name="D6c" valueType="integer" entityType="Participant" unit="" mimeType="" referencedEntityType="" index="13">
    <attributes>
      <attribute name="Target" namespace="Mlstr_additional" valueType="text">Parents</attribute>
      <attribute name="Diseases" namespace="Mlstr_area" valueType="text">Other_dis</attribute>
      <attribute name="label" valueType="text" locale="en">Participant mother&apos;s medical history</attribute>
      <attribute name="Source" namespace="Mlstr_additional" valueType="text">Questionnaire</attribute>
    </attributes>
  </variable>
  <variable name="D6d" valueType="integer" entityType="Participant" unit="" mimeType="" referencedEntityType="" index="14">
    <attributes>
      <attribute name="Target" namespace="Mlstr_additional" valueType="text">Parents</attribute>
      <attribute name="Diseases" namespace="Mlstr_area" valueType="text">Other_dis</attribute>
      <attribute name="label" valueType="text" locale="en">Participant mother&apos;s medical history</attribute>
      <attribute name="Source" namespace="Mlstr_additional" valueType="text">Questionnaire</attribute>
    </attributes>
  </variable>
  <variable name="D5" valueType="integer" entityType="Participant" unit="" mimeType="" referencedEntityType="" index="15">
    <attributes>
      <attribute name="Target" namespace="Mlstr_additional" valueType="text">Participant</attribute>
      <attribute name="Sociodemographic_economic_characteristics" namespace="Mlstr_area" valueType="text">Family_hh_struct</attribute>
      <attribute name="label" valueType="text" locale="en">Number of brothers and sisters</attribute>
      <attribute name="Source" namespace="Mlstr_additional" valueType="text">Questionnaire</attribute>
    </attributes>
  </variable>
  <variable name="D5a" valueType="integer" entityType="Participant" unit="" mimeType="" referencedEntityType="" index="16">
    <attributes>
      <attribute name="Target" namespace="Mlstr_additional" valueType="text">Siblings</attribute>
      <attribute name="End_of_life" namespace="Mlstr_area" valueType="text">Life_status</attribute>
      <attribute name="label" valueType="text" locale="en">Number of alive brothers and sisters</attribute>
      <attribute name="Source" namespace="Mlstr_additional" valueType="text">Questionnaire</attribute>
    </attributes>
  </variable>
  <variable name="D5b" valueType="boolean" entityType="Participant" unit="" mimeType="" referencedEntityType="" index="17">
    <attributes>
      <attribute name="Target" namespace="Mlstr_additional" valueType="text">Siblings</attribute>
      <attribute name="Diseases" namespace="Mlstr_area" valueType="text">Other_dis</attribute>
      <attribute name="label" valueType="text" locale="en">If any siblings have health problem from the list</attribute>
      <attribute name="Source" namespace="Mlstr_additional" valueType="text">Questionnaire</attribute>
    </attributes>
  </variable>
  <variable name="D5c" valueType="integer" entityType="Participant" unit="" mimeType="" referencedEntityType="" index="18">
    <attributes>
      <attribute name="Target" namespace="Mlstr_additional" valueType="text">Siblings</attribute>
      <attribute name="Diseases" namespace="Mlstr_area" valueType="text">Other_dis</attribute>
      <attribute name="label" valueType="text" locale="en">Disease1 from list</attribute>
      <attribute name="Source" namespace="Mlstr_additional" valueType="text">Questionnaire</attribute>
    </attributes>
  </variable>
  <variable name="D5c_1" valueType="boolean" entityType="Participant" unit="" mimeType="" referencedEntityType="" index="19">
    <attributes>
      <attribute name="Target" namespace="Mlstr_additional" valueType="text">Siblings</attribute>
      <attribute name="End_of_life" namespace="Mlstr_area" valueType="text">Life_status</attribute>
      <attribute name="label" valueType="text" locale="en">Is this person alive or dead</attribute>
      <attribute name="Source" namespace="Mlstr_additional" valueType="text">Questionnaire</attribute>
    </attributes>
  </variable>
  <variable name="D5d" valueType="integer" entityType="Participant" unit="" mimeType="" referencedEntityType="" index="20">
    <attributes>
      <attribute name="Target" namespace="Mlstr_additional" valueType="text">Siblings</attribute>
      <attribute name="Diseases" namespace="Mlstr_area" valueType="text">Other_dis</attribute>
      <attribute name="label" valueType="text" locale="en">Disease2 from list</attribute>
      <attribute name="Source" namespace="Mlstr_additional" valueType="text">Questionnaire</attribute>
    </attributes>
  </variable>
  <variable name="D5d_1" valueType="boolean" entityType="Participant" unit="" mimeType="" referencedEntityType="" index="21">
    <attributes>
      <attribute name="Target" namespace="Mlstr_additional" valueType="text">Siblings</attribute>
      <attribute name="End_of_life" namespace="Mlstr_area" valueType="text">Life_status</attribute>
      <attribute name="label" valueType="text" locale="en">Is this person alive or dead</attribute>
      <attribute name="Source" namespace="Mlstr_additional" valueType="text">Questionnaire</attribute>
    </attributes>
  </variable>
  <variable name="D5e" valueType="integer" entityType="Participant" unit="" mimeType="" referencedEntityType="" index="22">
    <attributes>
      <attribute name="Target" namespace="Mlstr_additional" valueType="text">Siblings</attribute>
      <attribute name="Diseases" namespace="Mlstr_area" valueType="text">Other_dis</attribute>
      <attribute name="label" valueType="text" locale="en">Disease3 from list</attribute>
      <attribute name="Source" namespace="Mlstr_additional" valueType="text">Questionnaire</attribute>
    </attributes>
  </variable>
  <variable name="D5e_1" valueType="boolean" entityType="Participant" unit="" mimeType="" referencedEntityType="" index="23">
    <attributes>
      <attribute name="Target" namespace="Mlstr_additional" valueType="text">Siblings</attribute>
      <attribute name="End_of_life" namespace="Mlstr_area" valueType="text">Life_status</attribute>
      <attribute name="label" valueType="text" locale="en">Is this person alive or dead</attribute>
      <attribute name="Source" namespace="Mlstr_additional" valueType="text">Questionnaire</attribute>
    </attributes>
  </variable>
  <variable name="D5f" valueType="integer" entityType="Participant" unit="" mimeType="" referencedEntityType="" index="24">
    <attributes>
      <attribute name="Target" namespace="Mlstr_additional" valueType="text">Siblings</attribute>
      <attribute name="Diseases" namespace="Mlstr_area" valueType="text">Other_dis</attribute>
      <attribute name="label" valueType="text" locale="en">Disease4 from list</attribute>
      <attribute name="Source" namespace="Mlstr_additional" valueType="text">Questionnaire</attribute>
    </attributes>
  </variable>
  <variable name="D5f_1" valueType="boolean" entityType="Participant" unit="" mimeType="" referencedEntityType="" index="25">
    <attributes>
      <attribute name="Target" namespace="Mlstr_additional" valueType="text">Siblings</attribute>
      <attribute name="End_of_life" namespace="Mlstr_area" valueType="text">Life_status</attribute>
      <attribute name="label" valueType="text" locale="en">Is this person alive or dead</attribute>
      <attribute name="Source" namespace="Mlstr_additional" valueType="text">Questionnaire</attribute>
    </attributes>
  </variable>
  <variable name="D9f" valueType="integer" entityType="Participant" unit="" mimeType="" referencedEntityType="" index="26">
    <attributes>
      <attribute name="Target" namespace="Mlstr_additional" valueType="text">Siblings</attribute>
      <attribute name="Sociodemographic_economic_characteristics" namespace="Mlstr_area" valueType="text">Age</attribute>
      <attribute name="label" valueType="text" locale="en">Age of 1st alive brother/sister</attribute>
      <attribute name="Source" namespace="Mlstr_additional" valueType="text">Questionnaire</attribute>
    </attributes>
  </variable>
  <variable name="D9g" valueType="integer" entityType="Participant" unit="" mimeType="" referencedEntityType="" index="27">
    <attributes>
      <attribute name="Target" namespace="Mlstr_additional" valueType="text">Siblings</attribute>
      <attribute name="Sociodemographic_economic_characteristics" namespace="Mlstr_area" valueType="text">Age</attribute>
      <attribute name="label" valueType="text" locale="en">Age of 2nd alive brother/sister</attribute>
      <attribute name="Source" namespace="Mlstr_additional" valueType="text">Questionnaire</attribute>
    </attributes>
  </variable>
  <variable name="D9h" valueType="integer" entityType="Participant" unit="" mimeType="" referencedEntityType="" index="28">
    <attributes>
      <attribute name="Target" namespace="Mlstr_additional" valueType="text">Siblings</attribute>
      <attribute name="Sociodemographic_economic_characteristics" namespace="Mlstr_area" valueType="text">Age</attribute>
      <attribute name="label" valueType="text" locale="en">Age of 3rd alive brother/sister</attribute>
      <attribute name="Source" namespace="Mlstr_additional" valueType="text">Questionnaire</attribute>
    </attributes>
  </variable>
  <variable name="D9i" valueType="integer" entityType="Participant" unit="" mimeType="" referencedEntityType="" index="29">
    <attributes>
      <attribute name="Target" namespace="Mlstr_additional" valueType="text">Siblings</attribute>
      <attribute name="Sociodemographic_economic_characteristics" namespace="Mlstr_area" valueType="text">Age</attribute>
      <attribute name="label" valueType="text" locale="en">Age of 4th alive brother/sister</attribute>
      <attribute name="Source" namespace="Mlstr_additional" valueType="text">Questionnaire</attribute>
    </attributes>
  </variable>
  <variable name="D9j" valueType="integer" entityType="Participant" unit="" mimeType="" referencedEntityType="" index="30">
    <attributes>
      <attribute name="Target" namespace="Mlstr_additional" valueType="text">Siblings</attribute>
      <attribute name="Sociodemographic_economic_characteristics" namespace="Mlstr_area" valueType="text">Age</attribute>
      <attribute name="label" valueType="text" locale="en">Age of 5th alive brother/sister</attribute>
      <attribute name="Source" namespace="Mlstr_additional" valueType="text">Questionnaire</attribute>
    </attributes>
  </variable>
  <variable name="D9a" valueType="integer" entityType="Participant" unit="" mimeType="" referencedEntityType="" index="31">
    <attributes>
      <attribute name="Target" namespace="Mlstr_additional" valueType="text">Siblings</attribute>
      <attribute name="End_of_life" namespace="Mlstr_area" valueType="text">Life_status</attribute>
      <attribute name="label" valueType="text" locale="en">Brother/sister age of death</attribute>
      <attribute name="Source" namespace="Mlstr_additional" valueType="text">Questionnaire</attribute>
    </attributes>
  </variable>
  <variable name="D9b" valueType="integer" entityType="Participant" unit="" mimeType="" referencedEntityType="" index="32">
    <attributes>
      <attribute name="Target" namespace="Mlstr_additional" valueType="text">Siblings</attribute>
      <attribute name="End_of_life" namespace="Mlstr_area" valueType="text">Life_status</attribute>
      <attribute name="label" valueType="text" locale="en">Brother/sister age of death</attribute>
      <attribute name="Source" namespace="Mlstr_additional" valueType="text">Questionnaire</attribute>
    </attributes>
  </variable>
  <variable name="D9c" valueType="integer" entityType="Participant" unit="" mimeType="" referencedEntityType="" index="33">
    <attributes>
      <attribute name="Target" namespace="Mlstr_additional" valueType="text">Siblings</attribute>
      <attribute name="End_of_life" namespace="Mlstr_area" valueType="text">Life_status</attribute>
      <attribute name="label" valueType="text" locale="en">Brother/sister age of death</attribute>
      <attribute name="Source" namespace="Mlstr_additional" valueType="text">Questionnaire</attribute>
    </attributes>
  </variable>
  <variable name="D9d" valueType="integer" entityType="Participant" unit="" mimeType="" referencedEntityType="" index="34">
    <attributes>
      <attribute name="Target" namespace="Mlstr_additional" valueType="text">Siblings</attribute>
      <attribute name="End_of_life" namespace="Mlstr_area" valueType="text">Life_status</attribute>
      <attribute name="label" valueType="text" locale="en">Brother/sister age of death</attribute>
      <attribute name="Source" namespace="Mlstr_additional" valueType="text">Questionnaire</attribute>
    </attributes>
  </variable>
  <variable name="D9e" valueType="integer" entityType="Participant" unit="" mimeType="" referencedEntityType="" index="35">
    <attributes>
      <attribute name="Target" namespace="Mlstr_additional" valueType="text">Siblings</attribute>
      <attribute name="End_of_life" namespace="Mlstr_area" valueType="text">Life_status</attribute>
      <attribute name="label" valueType="text" locale="en">Brother/sister age of death</attribute>
      <attribute name="Source" namespace="Mlstr_additional" valueType="text">Questionnaire</attribute>
    </attributes>
  </variable>
  <variable name="D29" valueType="integer" entityType="Participant" unit="" mimeType="" referencedEntityType="" index="36">
    <attributes>
      <attribute name="Target" namespace="Mlstr_additional" valueType="text">Participant</attribute>
      <attribute name="Reproduction" namespace="Mlstr_area" valueType="text">Gravidity_fertility</attribute>
      <attribute name="label" valueType="text" locale="en">Number of children</attribute>
      <attribute name="Source" namespace="Mlstr_additional" valueType="text">Questionnaire</attribute>
    </attributes>
  </variable>
  <variable name="D29a" valueType="integer" entityType="Participant" unit="" mimeType="" referencedEntityType="" index="37">
    <attributes>
      <attribute name="Target" namespace="Mlstr_additional" valueType="text">Children</attribute>
      <attribute name="End_of_life" namespace="Mlstr_area" valueType="text">Life_status</attribute>
      <attribute name="label" valueType="text" locale="en">Number of alive children</attribute>
      <attribute name="Source" namespace="Mlstr_additional" valueType="text">Questionnaire</attribute>
    </attributes>
  </variable>
  <variable name="D29b" valueType="boolean" entityType="Participant" unit="" mimeType="" referencedEntityType="" index="38">
    <attributes>
      <attribute name="Target" namespace="Mlstr_additional" valueType="text">Children</attribute>
      <attribute name="Diseases" namespace="Mlstr_area" valueType="text">Other_dis</attribute>
      <attribute name="label" valueType="text" locale="en">Whether any of his children have a health problem from the list</attribute>
      <attribute name="Source" namespace="Mlstr_additional" valueType="text">Questionnaire</attribute>
    </attributes>
  </variable>
  <variable name="D29c" valueType="integer" entityType="Participant" unit="" mimeType="" referencedEntityType="" index="39">
    <attributes>
      <attribute name="Target" namespace="Mlstr_additional" valueType="text">Children</attribute>
      <attribute name="Diseases" namespace="Mlstr_area" valueType="text">Other_dis</attribute>
      <attribute name="label" valueType="text" locale="en">Disease1 from list</attribute>
      <attribute name="Source" namespace="Mlstr_additional" valueType="text">Questionnaire</attribute>
    </attributes>
  </variable>
  <variable name="D29c_1" valueType="boolean" entityType="Participant" unit="" mimeType="" referencedEntityType="" index="40">
    <attributes>
      <attribute name="Target" namespace="Mlstr_additional" valueType="text">Children</attribute>
      <attribute name="End_of_life" namespace="Mlstr_area" valueType="text">Life_status</attribute>
      <attribute name="label" valueType="text" locale="en">Is this person alive or dead</attribute>
      <attribute name="Source" namespace="Mlstr_additional" valueType="text">Questionnaire</attribute>
    </attributes>
  </variable>
  <variable name="D29d" valueType="integer" entityType="Participant" unit="" mimeType="" referencedEntityType="" index="41">
    <attributes>
      <attribute name="Target" namespace="Mlstr_additional" valueType="text">Children</attribute>
      <attribute name="Diseases" namespace="Mlstr_area" valueType="text">Other_dis</attribute>
      <attribute name="label" valueType="text" locale="en">Disease2 from list</attribute>
      <attribute name="Source" namespace="Mlstr_additional" valueType="text">Questionnaire</attribute>
    </attributes>
  </variable>
  <variable name="D29d_1" valueType="boolean" entityType="Participant" unit="" mimeType="" referencedEntityType="" index="42">
    <attributes>
      <attribute name="Target" namespace="Mlstr_additional" valueType="text">Children</attribute>
      <attribute name="End_of_life" namespace="Mlstr_area" valueType="text">Life_status</attribute>
      <attribute name="label" valueType="text" locale="en">Is this person alive or dead</attribute>
      <attribute name="Source" namespace="Mlstr_additional" valueType="text">Questionnaire</attribute>
    </attributes>
  </variable>
  <variable name="D29e" valueType="integer" entityType="Participant" unit="" mimeType="" referencedEntityType="" index="43">
    <attributes>
      <attribute name="Target" namespace="Mlstr_additional" valueType="text">Children</attribute>
      <attribute name="Diseases" namespace="Mlstr_area" valueType="text">Other_dis</attribute>
      <attribute name="label" valueType="text" locale="en">Disease3 from list</attribute>
      <attribute name="Source" namespace="Mlstr_additional" valueType="text">Questionnaire</attribute>
    </attributes>
  </variable>
  <variable name="D29e_1" valueType="boolean" entityType="Participant" unit="" mimeType="" referencedEntityType="" index="44">
    <attributes>
      <attribute name="Target" namespace="Mlstr_additional" valueType="text">Children</attribute>
      <attribute name="End_of_life" namespace="Mlstr_area" valueType="text">Life_status</attribute>
      <attribute name="label" valueType="text" locale="en">Is this person alive or dead</attribute>
      <attribute name="Source" namespace="Mlstr_additional" valueType="text">Questionnaire</attribute>
    </attributes>
  </variable>
  <variable name="D29f" valueType="integer" entityType="Participant" unit="" mimeType="" referencedEntityType="" index="45">
    <attributes>
      <attribute name="Target" namespace="Mlstr_additional" valueType="text">Children</attribute>
      <attribute name="Diseases" namespace="Mlstr_area" valueType="text">Other_dis</attribute>
      <attribute name="label" valueType="text" locale="en">Disease4 from list</attribute>
      <attribute name="Source" namespace="Mlstr_additional" valueType="text">Questionnaire</attribute>
    </attributes>
  </variable>
  <variable name="D29f_1" valueType="boolean" entityType="Participant" unit="" mimeType="" referencedEntityType="" index="46">
    <attributes>
      <attribute name="Target" namespace="Mlstr_additional" valueType="text">Children</attribute>
      <attribute name="End_of_life" namespace="Mlstr_area" valueType="text">Life_status</attribute>
      <attribute name="label" valueType="text" locale="en">Is this person alive or dead</attribute>
      <attribute name="Source" namespace="Mlstr_additional" valueType="text">Questionnaire</attribute>
    </attributes>
  </variable>
</variables>