<variables>
  <variable name="F1" valueType="integer" entityType="Participant" unit="" mimeType="" referencedEntityType="" index="0">
    <attributes>
      <attribute name="Health_status_functional_limitations" namespace="Mlstr_area" valueType="text">Act_daily_living</attribute>
      <attribute name="Target" namespace="Mlstr_additional" valueType="text">Participant</attribute>
      <attribute name="label" valueType="text" locale="en">Household tasks</attribute>
      <attribute name="Source" namespace="Mlstr_additional" valueType="text">Questionnaire</attribute>
      <attribute name="Functional" namespace="Mlstr_genhealth" valueType="text">Blessed_Dementia_Scale</attribute>
    </attributes>
  </variable>
  <variable name="F2" valueType="integer" entityType="Participant" unit="" mimeType="" referencedEntityType="" index="0">
    <attributes>
      <attribute name="Health_status_functional_limitations" namespace="Mlstr_area" valueType="text">Act_daily_living</attribute>
      <attribute name="Target" namespace="Mlstr_additional" valueType="text">Participant</attribute>
      <attribute name="label" valueType="text" locale="en">Small sums of money</attribute>
      <attribute name="Source" namespace="Mlstr_additional" valueType="text">Questionnaire</attribute>
      <attribute name="Functional" namespace="Mlstr_genhealth" valueType="text">Blessed_Dementia_Scale</attribute>
    </attributes>
  </variable>
  <variable name="F3" valueType="integer" entityType="Participant" unit="" mimeType="" referencedEntityType="" index="0">
    <attributes>
      <attribute name="Health_status_functional_limitations" namespace="Mlstr_area" valueType="text">Act_daily_living</attribute>
      <attribute name="Target" namespace="Mlstr_additional" valueType="text">Participant</attribute>
      <attribute name="label" valueType="text" locale="en">Shortlist of items</attribute>
      <attribute name="Source" namespace="Mlstr_additional" valueType="text">Questionnaire</attribute>
      <attribute name="Functional" namespace="Mlstr_genhealth" valueType="text">Blessed_Dementia_Scale</attribute>
    </attributes>
  </variable>
  <variable name="F4" valueType="integer" entityType="Participant" unit="" mimeType="" referencedEntityType="" index="0">
    <attributes>
      <attribute name="Health_status_functional_limitations" namespace="Mlstr_area" valueType="text">Act_daily_living</attribute>
      <attribute name="Target" namespace="Mlstr_additional" valueType="text">Participant</attribute>
      <attribute name="label" valueType="text" locale="en">Find way about indoors</attribute>
      <attribute name="Source" namespace="Mlstr_additional" valueType="text">Questionnaire</attribute>
      <attribute name="Functional" namespace="Mlstr_genhealth" valueType="text">Blessed_Dementia_Scale</attribute>
    </attributes>
  </variable>
  <variable name="F5" valueType="integer" entityType="Participant" unit="" mimeType="" referencedEntityType="" index="0">
    <attributes>
      <attribute name="Health_status_functional_limitations" namespace="Mlstr_area" valueType="text">Act_daily_living</attribute>
      <attribute name="Target" namespace="Mlstr_additional" valueType="text">Participant</attribute>
      <attribute name="label" valueType="text" locale="en">Inability to find way about familiar streets</attribute>
      <attribute name="Source" namespace="Mlstr_additional" valueType="text">Questionnaire</attribute>
      <attribute name="Functional" namespace="Mlstr_genhealth" valueType="text">Blessed_Dementia_Scale</attribute>
    </attributes>
  </variable>
  <variable name="F6" valueType="integer" entityType="Participant" unit="" mimeType="" referencedEntityType="" index="0">
    <attributes>
      <attribute name="Health_status_functional_limitations" namespace="Mlstr_area" valueType="text">Act_daily_living</attribute>
      <attribute name="Target" namespace="Mlstr_additional" valueType="text">Participant</attribute>
      <attribute name="label" valueType="text" locale="en">Inability to interpret surroundings</attribute>
      <attribute name="Source" namespace="Mlstr_additional" valueType="text">Questionnaire</attribute>
      <attribute name="Functional" namespace="Mlstr_genhealth" valueType="text">Blessed_Dementia_Scale</attribute>
    </attributes>
  </variable>
  <variable name="F7" valueType="integer" entityType="Participant" unit="" mimeType="" referencedEntityType="" index="0">
    <attributes>
      <attribute name="Health_status_functional_limitations" namespace="Mlstr_area" valueType="text">Act_daily_living</attribute>
      <attribute name="Target" namespace="Mlstr_additional" valueType="text">Participant</attribute>
      <attribute name="label" valueType="text" locale="en">Inability to recall recent events</attribute>
      <attribute name="Source" namespace="Mlstr_additional" valueType="text">Questionnaire</attribute>
      <attribute name="Functional" namespace="Mlstr_genhealth" valueType="text">Blessed_Dementia_Scale</attribute>
    </attributes>
  </variable>
  <variable name="F8" valueType="integer" entityType="Participant" unit="" mimeType="" referencedEntityType="" index="0">
    <attributes>
      <attribute name="Health_status_functional_limitations" namespace="Mlstr_area" valueType="text">Act_daily_living</attribute>
      <attribute name="Target" namespace="Mlstr_additional" valueType="text">Participant</attribute>
      <attribute name="label" valueType="text" locale="en">Tendency to dwell in the past</attribute>
      <attribute name="Source" namespace="Mlstr_additional" valueType="text">Questionnaire</attribute>
      <attribute name="Functional" namespace="Mlstr_genhealth" valueType="text">Blessed_Dementia_Scale</attribute>
    </attributes>
  </variable>
</variables>