<valueSet valueTable="CNSIM2" entityType="Participant" entityIdentifier="9866672807">
  <variableValue variable="LAB_TSC">
    <value valueType="decimal">6.279</value>
  </variableValue>
  <variableValue variable="LAB_TRIG">
    <value valueType="decimal">1.087</value>
  </variableValue>
  <variableValue variable="LAB_HDL">
    <value valueType="decimal">1.878</value>
  </variableValue>
  <variableValue variable="DIS_CVA">
    <value valueType="integer">0</value>
  </variableValue>
  <variableValue variable="MEDI_LPD">
    <value valueType="integer">0</value>
  </variableValue>
  <variableValue variable="DIS_DIAB">
    <value valueType="integer">0</value>
  </variableValue>
  <variableValue variable="DIS_AMI">
    <value valueType="integer">0</value>
  </variableValue>
  <variableValue variable="GENDER">
    <value valueType="integer">1</value>
  </variableValue>
</valueSet>