<valueSet valueTable="CNSIM2" entityType="Participant" entityIdentifier="7401853248">
  <variableValue variable="LAB_TSC">
    <value valueType="decimal">7.044</value>
  </variableValue>
  <variableValue variable="LAB_TRIG">
    <value valueType="decimal">3.07</value>
  </variableValue>
  <variableValue variable="LAB_HDL">
    <value valueType="decimal">0.3875</value>
  </variableValue>
  <variableValue variable="LAB_GLUC_ADJUSTED">
    <value valueType="decimal">6.436</value>
  </variableValue>
  <variableValue variable="PM_BMI_CONTINUOUS">
    <value valueType="decimal">32.64</value>
  </variableValue>
  <variableValue variable="DIS_CVA">
    <value valueType="integer">0</value>
  </variableValue>
  <variableValue variable="MEDI_LPD">
    <value valueType="integer">0</value>
  </variableValue>
  <variableValue variable="DIS_DIAB">
    <value valueType="integer">0</value>
  </variableValue>
  <variableValue variable="DIS_AMI">
    <value valueType="integer">0</value>
  </variableValue>
  <variableValue variable="GENDER">
    <value valueType="integer">0</value>
  </variableValue>
  <variableValue variable="PM_BMI_CATEGORICAL">
    <value valueType="integer">3</value>
  </variableValue>
</valueSet>