<valueSet valueTable="CNSIM2" entityType="Participant" entityIdentifier="1614876817">
  <variableValue variable="LAB_TSC">
    <value valueType="decimal">3.507</value>
  </variableValue>
  <variableValue variable="LAB_TRIG">
    <value valueType="decimal">1.282</value>
  </variableValue>
  <variableValue variable="LAB_HDL">
    <value valueType="decimal">1.656</value>
  </variableValue>
  <variableValue variable="LAB_GLUC_ADJUSTED">
    <value valueType="decimal">6.4</value>
  </variableValue>
  <variableValue variable="PM_BMI_CONTINUOUS">
    <value valueType="decimal">31.62</value>
  </variableValue>
  <variableValue variable="DIS_CVA">
    <value valueType="integer">0</value>
  </variableValue>
  <variableValue variable="MEDI_LPD">
    <value valueType="integer">0</value>
  </variableValue>
  <variableValue variable="DIS_DIAB">
    <value valueType="integer">0</value>
  </variableValue>
  <variableValue variable="DIS_AMI">
    <value valueType="integer">0</value>
  </variableValue>
  <variableValue variable="GENDER">
    <value valueType="integer">1</value>
  </variableValue>
  <variableValue variable="PM_BMI_CATEGORICAL">
    <value valueType="integer">3</value>
  </variableValue>
</valueSet>