<valueSet valueTable="CNSIM2" entityType="Participant" entityIdentifier="9850853589">
  <variableValue variable="LAB_TSC">
    <value valueType="decimal">8.072</value>
  </variableValue>
  <variableValue variable="LAB_TRIG">
    <value valueType="decimal">2.249</value>
  </variableValue>
  <variableValue variable="LAB_HDL">
    <value valueType="decimal">0.7811</value>
  </variableValue>
  <variableValue variable="LAB_GLUC_ADJUSTED">
    <value valueType="decimal">7.811</value>
  </variableValue>
  <variableValue variable="PM_BMI_CONTINUOUS">
    <value valueType="decimal">25.65</value>
  </variableValue>
  <variableValue variable="DIS_CVA">
    <value valueType="integer">0</value>
  </variableValue>
  <variableValue variable="MEDI_LPD">
    <value valueType="integer">0</value>
  </variableValue>
  <variableValue variable="DIS_DIAB">
    <value valueType="integer">0</value>
  </variableValue>
  <variableValue variable="DIS_AMI">
    <value valueType="integer">0</value>
  </variableValue>
  <variableValue variable="GENDER">
    <value valueType="integer">0</value>
  </variableValue>
  <variableValue variable="PM_BMI_CATEGORICAL">
    <value valueType="integer">2</value>
  </variableValue>
</valueSet>