<valueSet valueTable="CNSIM2" entityType="Participant" entityIdentifier="4348689256">
  <variableValue variable="LAB_TSC">
    <value valueType="decimal">7.201</value>
  </variableValue>
  <variableValue variable="LAB_TRIG">
    <value valueType="decimal">4.064</value>
  </variableValue>
  <variableValue variable="LAB_HDL">
    <value valueType="decimal">1.308</value>
  </variableValue>
  <variableValue variable="LAB_GLUC_ADJUSTED">
    <value valueType="decimal">6.163</value>
  </variableValue>
  <variableValue variable="PM_BMI_CONTINUOUS">
    <value valueType="decimal">33.78</value>
  </variableValue>
  <variableValue variable="DIS_CVA">
    <value valueType="integer">0</value>
  </variableValue>
  <variableValue variable="MEDI_LPD">
    <value valueType="integer">0</value>
  </variableValue>
  <variableValue variable="DIS_DIAB">
    <value valueType="integer">0</value>
  </variableValue>
  <variableValue variable="DIS_AMI">
    <value valueType="integer">0</value>
  </variableValue>
  <variableValue variable="GENDER">
    <value valueType="integer">1</value>
  </variableValue>
  <variableValue variable="PM_BMI_CATEGORICAL">
    <value valueType="integer">3</value>
  </variableValue>
</valueSet>