<valueSet valueTable="CNSIM2" entityType="Participant" entityIdentifier="8327324088">
  <variableValue variable="LAB_TSC">
    <value valueType="decimal">5.721</value>
  </variableValue>
  <variableValue variable="LAB_TRIG">
    <value valueType="decimal">2.549</value>
  </variableValue>
  <variableValue variable="LAB_HDL">
    <value valueType="decimal">1.032</value>
  </variableValue>
  <variableValue variable="LAB_GLUC_ADJUSTED">
    <value valueType="decimal">7.086</value>
  </variableValue>
  <variableValue variable="DIS_CVA">
    <value valueType="integer">0</value>
  </variableValue>
  <variableValue variable="MEDI_LPD">
    <value valueType="integer">0</value>
  </variableValue>
  <variableValue variable="DIS_DIAB">
    <value valueType="integer">0</value>
  </variableValue>
  <variableValue variable="DIS_AMI">
    <value valueType="integer">0</value>
  </variableValue>
  <variableValue variable="GENDER">
    <value valueType="integer">0</value>
  </variableValue>
</valueSet>