<valueSet valueTable="CNSIM2" entityType="Participant" entityIdentifier="6236238444">
  <variableValue variable="LAB_TSC">
    <value valueType="decimal">6.346</value>
  </variableValue>
  <variableValue variable="LAB_TRIG">
    <value valueType="decimal">2.217</value>
  </variableValue>
  <variableValue variable="LAB_HDL">
    <value valueType="decimal">1.523</value>
  </variableValue>
  <variableValue variable="LAB_GLUC_ADJUSTED">
    <value valueType="decimal">3.725</value>
  </variableValue>
  <variableValue variable="PM_BMI_CONTINUOUS">
    <value valueType="decimal">31.67</value>
  </variableValue>
  <variableValue variable="DIS_CVA">
    <value valueType="integer">0</value>
  </variableValue>
  <variableValue variable="MEDI_LPD">
    <value valueType="integer">0</value>
  </variableValue>
  <variableValue variable="DIS_DIAB">
    <value valueType="integer">0</value>
  </variableValue>
  <variableValue variable="DIS_AMI">
    <value valueType="integer">0</value>
  </variableValue>
  <variableValue variable="GENDER">
    <value valueType="integer">1</value>
  </variableValue>
  <variableValue variable="PM_BMI_CATEGORICAL">
    <value valueType="integer">3</value>
  </variableValue>
</valueSet>