<valueSet valueTable="CNSIM2" entityType="Participant" entityIdentifier="4087099561">
  <variableValue variable="LAB_TSC">
    <value valueType="decimal">5.506</value>
  </variableValue>
  <variableValue variable="LAB_TRIG">
    <value valueType="decimal">0.1514</value>
  </variableValue>
  <variableValue variable="LAB_HDL">
    <value valueType="decimal">1.416</value>
  </variableValue>
  <variableValue variable="LAB_GLUC_ADJUSTED">
    <value valueType="decimal">8.413</value>
  </variableValue>
  <variableValue variable="PM_BMI_CONTINUOUS">
    <value valueType="decimal">31.69</value>
  </variableValue>
  <variableValue variable="DIS_CVA">
    <value valueType="integer">0</value>
  </variableValue>
  <variableValue variable="MEDI_LPD">
    <value valueType="integer">0</value>
  </variableValue>
  <variableValue variable="DIS_DIAB">
    <value valueType="integer">0</value>
  </variableValue>
  <variableValue variable="DIS_AMI">
    <value valueType="integer">0</value>
  </variableValue>
  <variableValue variable="GENDER">
    <value valueType="integer">1</value>
  </variableValue>
  <variableValue variable="PM_BMI_CATEGORICAL">
    <value valueType="integer">3</value>
  </variableValue>
</valueSet>