<valueSet valueTable="CNSIM2" entityType="Participant" entityIdentifier="5597169317">
  <variableValue variable="LAB_TSC">
    <value valueType="decimal">5.383</value>
  </variableValue>
  <variableValue variable="LAB_TRIG">
    <value valueType="decimal">1.416</value>
  </variableValue>
  <variableValue variable="LAB_HDL">
    <value valueType="decimal">1.606</value>
  </variableValue>
  <variableValue variable="LAB_GLUC_ADJUSTED">
    <value valueType="decimal">5.327</value>
  </variableValue>
  <variableValue variable="DIS_CVA">
    <value valueType="integer">0</value>
  </variableValue>
  <variableValue variable="MEDI_LPD">
    <value valueType="integer">0</value>
  </variableValue>
  <variableValue variable="DIS_DIAB">
    <value valueType="integer">0</value>
  </variableValue>
  <variableValue variable="DIS_AMI">
    <value valueType="integer">0</value>
  </variableValue>
  <variableValue variable="GENDER">
    <value valueType="integer">1</value>
  </variableValue>
</valueSet>