<valueSet valueTable="CNSIM2" entityType="Participant" entityIdentifier="7443241669">
  <variableValue variable="LAB_TSC">
    <value valueType="decimal">4.087</value>
  </variableValue>
  <variableValue variable="LAB_TRIG">
    <value valueType="decimal">1.604</value>
  </variableValue>
  <variableValue variable="LAB_HDL">
    <value valueType="decimal">1.668</value>
  </variableValue>
  <variableValue variable="LAB_GLUC_ADJUSTED">
    <value valueType="decimal">6.242</value>
  </variableValue>
  <variableValue variable="DIS_CVA">
    <value valueType="integer">0</value>
  </variableValue>
  <variableValue variable="MEDI_LPD">
    <value valueType="integer">0</value>
  </variableValue>
  <variableValue variable="DIS_DIAB">
    <value valueType="integer">0</value>
  </variableValue>
  <variableValue variable="DIS_AMI">
    <value valueType="integer">0</value>
  </variableValue>
  <variableValue variable="GENDER">
    <value valueType="integer">0</value>
  </variableValue>
</valueSet>