<valueSet valueTable="CNSIM2" entityType="Participant" entityIdentifier="3811042806">
  <variableValue variable="LAB_TSC">
    <value valueType="decimal">5.804</value>
  </variableValue>
  <variableValue variable="LAB_TRIG">
    <value valueType="decimal">4.117</value>
  </variableValue>
  <variableValue variable="LAB_HDL">
    <value valueType="decimal">1.851</value>
  </variableValue>
  <variableValue variable="LAB_GLUC_ADJUSTED">
    <value valueType="decimal">7.325</value>
  </variableValue>
  <variableValue variable="PM_BMI_CONTINUOUS">
    <value valueType="decimal">26.67</value>
  </variableValue>
  <variableValue variable="DIS_CVA">
    <value valueType="integer">0</value>
  </variableValue>
  <variableValue variable="MEDI_LPD">
    <value valueType="integer">0</value>
  </variableValue>
  <variableValue variable="DIS_DIAB">
    <value valueType="integer">0</value>
  </variableValue>
  <variableValue variable="DIS_AMI">
    <value valueType="integer">0</value>
  </variableValue>
  <variableValue variable="GENDER">
    <value valueType="integer">1</value>
  </variableValue>
  <variableValue variable="PM_BMI_CATEGORICAL">
    <value valueType="integer">2</value>
  </variableValue>
</valueSet>