<valueSet valueTable="CNSIM2" entityType="Participant" entityIdentifier="2026112523">
  <variableValue variable="LAB_TSC">
    <value valueType="decimal">5.276</value>
  </variableValue>
  <variableValue variable="LAB_TRIG">
    <value valueType="decimal">1.661</value>
  </variableValue>
  <variableValue variable="LAB_HDL">
    <value valueType="decimal">1.487</value>
  </variableValue>
  <variableValue variable="LAB_GLUC_ADJUSTED">
    <value valueType="decimal">4.247</value>
  </variableValue>
  <variableValue variable="DIS_CVA">
    <value valueType="integer">0</value>
  </variableValue>
  <variableValue variable="MEDI_LPD">
    <value valueType="integer">0</value>
  </variableValue>
  <variableValue variable="DIS_DIAB">
    <value valueType="integer">0</value>
  </variableValue>
  <variableValue variable="DIS_AMI">
    <value valueType="integer">0</value>
  </variableValue>
  <variableValue variable="GENDER">
    <value valueType="integer">0</value>
  </variableValue>
</valueSet>