<valueSet valueTable="CNSIM2" entityType="Participant" entityIdentifier="3102986901">
  <variableValue variable="LAB_TSC">
    <value valueType="decimal">6.845</value>
  </variableValue>
  <variableValue variable="LAB_TRIG">
    <value valueType="decimal">2.163</value>
  </variableValue>
  <variableValue variable="LAB_HDL">
    <value valueType="decimal">1.428</value>
  </variableValue>
  <variableValue variable="LAB_GLUC_ADJUSTED">
    <value valueType="decimal">5.837</value>
  </variableValue>
  <variableValue variable="PM_BMI_CONTINUOUS">
    <value valueType="decimal">34.01</value>
  </variableValue>
  <variableValue variable="DIS_CVA">
    <value valueType="integer">0</value>
  </variableValue>
  <variableValue variable="MEDI_LPD">
    <value valueType="integer">0</value>
  </variableValue>
  <variableValue variable="DIS_DIAB">
    <value valueType="integer">0</value>
  </variableValue>
  <variableValue variable="DIS_AMI">
    <value valueType="integer">0</value>
  </variableValue>
  <variableValue variable="GENDER">
    <value valueType="integer">0</value>
  </variableValue>
  <variableValue variable="PM_BMI_CATEGORICAL">
    <value valueType="integer">3</value>
  </variableValue>
</valueSet>