<variables>
  <variable name="J23" valueType="boolean" entityType="Participant" unit="" mimeType="" referencedEntityType="" index="0">
    <attributes>
      <attribute name="Target" namespace="Mlstr_additional" valueType="text">Participant</attribute>
      <attribute name="Symptoms_signs" namespace="Mlstr_area" valueType="text">Cognitive_perc_emotional_sympt</attribute>
      <attribute name="label" valueType="text" locale="en">Delusions in general (strange ideas or unusual beliefs)</attribute>
      <attribute name="Source" namespace="Mlstr_additional" valueType="text">Questionnaire</attribute>
    </attributes>
  </variable>
  <variable name="J24a" valueType="boolean" entityType="Participant" unit="" mimeType="" referencedEntityType="" index="0">
    <attributes>
      <attribute name="Target" namespace="Mlstr_additional" valueType="text">Participant</attribute>
      <attribute name="Symptoms_signs" namespace="Mlstr_area" valueType="text">Cognitive_perc_emotional_sympt</attribute>
      <attribute name="label" valueType="text" locale="en">Paranoid delusions (the others are stealing things from him)</attribute>
      <attribute name="Source" namespace="Mlstr_additional" valueType="text">Questionnaire</attribute>
    </attributes>
  </variable>
  <variable name="J24b" valueType="integer" entityType="Participant" unit="" mimeType="" referencedEntityType="" index="0">
    <attributes>
      <attribute name="Target" namespace="Mlstr_additional" valueType="text">Participant</attribute>
      <attribute name="Symptoms_signs" namespace="Mlstr_area" valueType="text">Cognitive_perc_emotional_sympt</attribute>
      <attribute name="label" valueType="text" locale="en">Paranoid delusions (his/her wife/husband is unfaithful)</attribute>
      <attribute name="Source" namespace="Mlstr_additional" valueType="text">Questionnaire</attribute>
    </attributes>
  </variable>
  <variable name="J24c" valueType="boolean" entityType="Participant" unit="" mimeType="" referencedEntityType="" index="0">
    <attributes>
      <attribute name="Target" namespace="Mlstr_additional" valueType="text">Participant</attribute>
      <attribute name="Symptoms_signs" namespace="Mlstr_area" valueType="text">Cognitive_perc_emotional_sympt</attribute>
      <attribute name="label" valueType="text" locale="en">Paranoid delusions (any other unfounded suspicions)</attribute>
      <attribute name="Source" namespace="Mlstr_additional" valueType="text">Questionnaire</attribute>
    </attributes>
  </variable>
  <variable name="J25" valueType="boolean" entityType="Participant" unit="" mimeType="" referencedEntityType="" index="0">
    <attributes>
      <attribute name="Target" namespace="Mlstr_additional" valueType="text">Participant</attribute>
      <attribute name="Symptoms_signs" namespace="Mlstr_area" valueType="text">Cognitive_perc_emotional_sympt</attribute>
      <attribute name="label" valueType="text" locale="en">Delusions of abandonment</attribute>
      <attribute name="Source" namespace="Mlstr_additional" valueType="text">Questionnaire</attribute>
    </attributes>
  </variable>
  <variable name="J26" valueType="boolean" entityType="Participant" unit="" mimeType="" referencedEntityType="" index="0">
    <attributes>
      <attribute name="Target" namespace="Mlstr_additional" valueType="text">Participant</attribute>
      <attribute name="Symptoms_signs" namespace="Mlstr_area" valueType="text">Cognitive_perc_emotional_sympt</attribute>
      <attribute name="label" valueType="text" locale="en">Somatic delusions</attribute>
      <attribute name="Source" namespace="Mlstr_additional" valueType="text">Questionnaire</attribute>
    </attributes>
  </variable>
  <variable name="J27a" valueType="boolean" entityType="Participant" unit="" mimeType="" referencedEntityType="" index="0">
    <attributes>
      <attribute name="Target" namespace="Mlstr_additional" valueType="text">Participant</attribute>
      <attribute name="Symptoms_signs" namespace="Mlstr_area" valueType="text">Cognitive_perc_emotional_sympt</attribute>
      <attribute name="label" valueType="text" locale="en">Misidentification (people are in the house)</attribute>
      <attribute name="Source" namespace="Mlstr_additional" valueType="text">Questionnaire</attribute>
    </attributes>
  </variable>
  <variable name="J27b" valueType="boolean" entityType="Participant" unit="" mimeType="" referencedEntityType="" index="0">
    <attributes>
      <attribute name="Target" namespace="Mlstr_additional" valueType="text">Participant</attribute>
      <attribute name="Symptoms_signs" namespace="Mlstr_area" valueType="text">Cognitive_perc_emotional_sympt</attribute>
      <attribute name="label" valueType="text" locale="en">Misidentification (someone else is in the mirror)</attribute>
      <attribute name="Source" namespace="Mlstr_additional" valueType="text">Questionnaire</attribute>
    </attributes>
  </variable>
  <variable name="J27c" valueType="boolean" entityType="Participant" unit="" mimeType="" referencedEntityType="" index="0">
    <attributes>
      <attribute name="Target" namespace="Mlstr_additional" valueType="text">Participant</attribute>
      <attribute name="Symptoms_signs" namespace="Mlstr_area" valueType="text">Cognitive_perc_emotional_sympt</attribute>
      <attribute name="label" valueType="text" locale="en">Misidentification (the spouse is an imposter)</attribute>
      <attribute name="Source" namespace="Mlstr_additional" valueType="text">Questionnaire</attribute>
    </attributes>
  </variable>
  <variable name="J27d" valueType="boolean" entityType="Participant" unit="" mimeType="" referencedEntityType="" index="0">
    <attributes>
      <attribute name="Target" namespace="Mlstr_additional" valueType="text">Participant</attribute>
      <attribute name="Symptoms_signs" namespace="Mlstr_area" valueType="text">Cognitive_perc_emotional_sympt</attribute>
      <attribute name="label" valueType="text" locale="en">Misidentification (his home is not his home)</attribute>
      <attribute name="Source" namespace="Mlstr_additional" valueType="text">Questionnaire</attribute>
    </attributes>
  </variable>
  <variable name="J27e" valueType="boolean" entityType="Participant" unit="" mimeType="" referencedEntityType="" index="0">
    <attributes>
      <attribute name="Target" namespace="Mlstr_additional" valueType="text">Participant</attribute>
      <attribute name="Symptoms_signs" namespace="Mlstr_area" valueType="text">Cognitive_perc_emotional_sympt</attribute>
      <attribute name="label" valueType="text" locale="en">Misidentification (the characters on television are real)</attribute>
      <attribute name="Source" namespace="Mlstr_additional" valueType="text">Questionnaire</attribute>
    </attributes>
  </variable>
  <variable name="J28" valueType="boolean" entityType="Participant" unit="" mimeType="" referencedEntityType="" index="0">
    <attributes>
      <attribute name="Target" namespace="Mlstr_additional" valueType="text">Participant</attribute>
      <attribute name="Symptoms_signs" namespace="Mlstr_area" valueType="text">Cognitive_perc_emotional_sympt</attribute>
      <attribute name="label" valueType="text" locale="en">Other delusions</attribute>
      <attribute name="Source" namespace="Mlstr_additional" valueType="text">Questionnaire</attribute>
    </attributes>
  </variable>
  <variable name="J29a" valueType="integer" entityType="Participant" unit="" mimeType="" referencedEntityType="" index="0">
    <attributes>
      <attribute name="Target" namespace="Mlstr_additional" valueType="text">Participant</attribute>
      <attribute name="Symptoms_signs" namespace="Mlstr_area" valueType="text">Cognitive_perc_emotional_sympt</attribute>
      <attribute name="label" valueType="text" locale="en">Auditory hallucinations</attribute>
      <attribute name="Source" namespace="Mlstr_additional" valueType="text">Questionnaire</attribute>
    </attributes>
  </variable>
  <variable name="J29b" valueType="integer" entityType="Participant" unit="" mimeType="" referencedEntityType="" index="0">
    <attributes>
      <attribute name="Target" namespace="Mlstr_additional" valueType="text">Participant</attribute>
      <attribute name="Symptoms_signs" namespace="Mlstr_area" valueType="text">Cognitive_perc_emotional_sympt</attribute>
      <attribute name="label" valueType="text" locale="en">Visual hallucinations</attribute>
      <attribute name="Source" namespace="Mlstr_additional" valueType="text">Questionnaire</attribute>
    </attributes>
  </variable>
  <variable name="J29c" valueType="integer" entityType="Participant" unit="" mimeType="" referencedEntityType="" index="0">
    <attributes>
      <attribute name="Target" namespace="Mlstr_additional" valueType="text">Participant</attribute>
      <attribute name="Symptoms_signs" namespace="Mlstr_area" valueType="text">Cognitive_perc_emotional_sympt</attribute>
      <attribute name="label" valueType="text" locale="en">Olfactory hallucinations</attribute>
      <attribute name="Source" namespace="Mlstr_additional" valueType="text">Questionnaire</attribute>
    </attributes>
  </variable>
  <variable name="J29d" valueType="integer" entityType="Participant" unit="" mimeType="" referencedEntityType="" index="0">
    <attributes>
      <attribute name="Target" namespace="Mlstr_additional" valueType="text">Participant</attribute>
      <attribute name="Symptoms_signs" namespace="Mlstr_area" valueType="text">Cognitive_perc_emotional_sympt</attribute>
      <attribute name="label" valueType="text" locale="en">Tactile hallucinations</attribute>
      <attribute name="Source" namespace="Mlstr_additional" valueType="text">Questionnaire</attribute>
    </attributes>
  </variable>
  <variable name="J29e" valueType="integer" entityType="Participant" unit="" mimeType="" referencedEntityType="" index="0">
    <attributes>
      <attribute name="Target" namespace="Mlstr_additional" valueType="text">Participant</attribute>
      <attribute name="Symptoms_signs" namespace="Mlstr_area" valueType="text">Cognitive_perc_emotional_sympt</attribute>
      <attribute name="label" valueType="text" locale="en">Other hallucinations</attribute>
      <attribute name="Source" namespace="Mlstr_additional" valueType="text">Questionnaire</attribute>
    </attributes>
  </variable>
  <variable name="J30" valueType="integer" entityType="Participant" unit="" mimeType="" referencedEntityType="" index="0">
    <attributes>
      <attribute name="Target" namespace="Mlstr_additional" valueType="text">Participant</attribute>
      <attribute name="Symptoms_signs" namespace="Mlstr_area" valueType="text">Cognitive_perc_emotional_sympt</attribute>
      <attribute name="label" valueType="text" locale="en">Illusions</attribute>
      <attribute name="Source" namespace="Mlstr_additional" valueType="text">Questionnaire</attribute>
    </attributes>
  </variable>
  <variable name="J31a" valueType="boolean" entityType="Participant" unit="" mimeType="" referencedEntityType="" index="0">
    <attributes>
      <attribute name="Target" namespace="Mlstr_additional" valueType="text">Participant</attribute>
      <attribute name="Symptoms_signs" namespace="Mlstr_area" valueType="text">Cognitive_perc_emotional_sympt</attribute>
      <attribute name="label" valueType="text" locale="en">Behavior (wandered away from home)</attribute>
      <attribute name="Source" namespace="Mlstr_additional" valueType="text">Questionnaire</attribute>
    </attributes>
  </variable>
  <variable name="J31b" valueType="boolean" entityType="Participant" unit="" mimeType="" referencedEntityType="" index="0">
    <attributes>
      <attribute name="Target" namespace="Mlstr_additional" valueType="text">Participant</attribute>
      <attribute name="Symptoms_signs" namespace="Mlstr_area" valueType="text">Cognitive_perc_emotional_sympt</attribute>
      <attribute name="label" valueType="text" locale="en">Behavior (verbal outbursts)</attribute>
      <attribute name="Source" namespace="Mlstr_additional" valueType="text">Questionnaire</attribute>
    </attributes>
  </variable>
  <variable name="J31c" valueType="integer" entityType="Participant" unit="" mimeType="" referencedEntityType="" index="0">
    <attributes>
      <attribute name="Target" namespace="Mlstr_additional" valueType="text">Participant</attribute>
      <attribute name="Symptoms_signs" namespace="Mlstr_area" valueType="text">Cognitive_perc_emotional_sympt</attribute>
      <attribute name="label" valueType="text" locale="en">Behavior (physical threats and/or violence)</attribute>
      <attribute name="Source" namespace="Mlstr_additional" valueType="text">Questionnaire</attribute>
    </attributes>
  </variable>
  <variable name="J31d" valueType="boolean" entityType="Participant" unit="" mimeType="" referencedEntityType="" index="0">
    <attributes>
      <attribute name="Target" namespace="Mlstr_additional" valueType="text">Participant</attribute>
      <attribute name="Symptoms_signs" namespace="Mlstr_area" valueType="text">Cognitive_perc_emotional_sympt</attribute>
      <attribute name="label" valueType="text" locale="en">Behavior (agitation or restlessness)</attribute>
      <attribute name="Source" namespace="Mlstr_additional" valueType="text">Questionnaire</attribute>
    </attributes>
  </variable>
  <variable name="J31e" valueType="boolean" entityType="Participant" unit="" mimeType="" referencedEntityType="" index="0">
    <attributes>
      <attribute name="Target" namespace="Mlstr_additional" valueType="text">Participant</attribute>
      <attribute name="Symptoms_signs" namespace="Mlstr_area" valueType="text">Cognitive_perc_emotional_sympt</attribute>
      <attribute name="label" valueType="text" locale="en">Behavior (confused at night)</attribute>
      <attribute name="Source" namespace="Mlstr_additional" valueType="text">Questionnaire</attribute>
    </attributes>
  </variable>
</variables>