<variables>
  <variable name="H1" valueType="integer" entityType="Participant" unit="" mimeType="" referencedEntityType="" index="0">
    <attributes>
      <attribute name="Lifestyle_behaviours" namespace="Mlstr_area" valueType="text">Sleep</attribute>
      <attribute name="Target" namespace="Mlstr_additional" valueType="text">Participant</attribute>
      <attribute name="Sleep" namespace="Mlstr_habits" valueType="text">WHI_Sleep</attribute>
      <attribute name="label" valueType="text" locale="en">Time to fall asleep</attribute>
      <attribute name="Source" namespace="Mlstr_additional" valueType="text">Questionnaire</attribute>
    </attributes>
  </variable>
  <variable name="H2a" valueType="text" entityType="Participant" unit="" mimeType="" referencedEntityType="" index="0">
    <attributes>
      <attribute name="Lifestyle_behaviours" namespace="Mlstr_area" valueType="text">Sleep</attribute>
      <attribute name="Target" namespace="Mlstr_additional" valueType="text">Participant</attribute>
      <attribute name="Sleep" namespace="Mlstr_habits" valueType="text">WHI_Sleep</attribute>
      <attribute name="label" valueType="text" locale="en">Duration of sleep hours</attribute>
      <attribute name="Source" namespace="Mlstr_additional" valueType="text">Questionnaire</attribute>
    </attributes>
  </variable>
  <variable name="H2b" valueType="text" entityType="Participant" unit="" mimeType="" referencedEntityType="" index="0">
    <attributes>
      <attribute name="Lifestyle_behaviours" namespace="Mlstr_area" valueType="text">Sleep</attribute>
      <attribute name="Target" namespace="Mlstr_additional" valueType="text">Participant</attribute>
      <attribute name="Sleep" namespace="Mlstr_habits" valueType="text">WHI_Sleep</attribute>
      <attribute name="label" valueType="text" locale="en">Duration of sleep minutes</attribute>
      <attribute name="Source" namespace="Mlstr_additional" valueType="text">Questionnaire</attribute>
    </attributes>
  </variable>
  <variable name="H3" valueType="integer" entityType="Participant" unit="" mimeType="" referencedEntityType="" index="0">
    <attributes>
      <attribute name="Lifestyle_behaviours" namespace="Mlstr_area" valueType="text">Sleep</attribute>
      <attribute name="Target" namespace="Mlstr_additional" valueType="text">Participant</attribute>
      <attribute name="Sleep" namespace="Mlstr_habits" valueType="text">WHI_Sleep</attribute>
      <attribute name="label" valueType="text" locale="en">Frequency of not quiet sleep</attribute>
      <attribute name="Source" namespace="Mlstr_additional" valueType="text">Questionnaire</attribute>
    </attributes>
  </variable>
  <variable name="H4" valueType="integer" entityType="Participant" unit="" mimeType="" referencedEntityType="" index="0">
    <attributes>
      <attribute name="Lifestyle_behaviours" namespace="Mlstr_area" valueType="text">Sleep</attribute>
      <attribute name="Target" namespace="Mlstr_additional" valueType="text">Participant</attribute>
      <attribute name="Sleep" namespace="Mlstr_habits" valueType="text">WHI_Sleep</attribute>
      <attribute name="label" valueType="text" locale="en">Felt rested in the morning</attribute>
      <attribute name="Source" namespace="Mlstr_additional" valueType="text">Questionnaire</attribute>
    </attributes>
  </variable>
  <variable name="H5" valueType="integer" entityType="Participant" unit="" mimeType="" referencedEntityType="" index="0">
    <attributes>
      <attribute name="Lifestyle_behaviours" namespace="Mlstr_area" valueType="text">Sleep</attribute>
      <attribute name="Target" namespace="Mlstr_additional" valueType="text">Participant</attribute>
      <attribute name="Sleep" namespace="Mlstr_habits" valueType="text">WHI_Sleep</attribute>
      <attribute name="label" valueType="text" locale="en">Awaken short of breath or with a headache</attribute>
      <attribute name="Source" namespace="Mlstr_additional" valueType="text">Questionnaire</attribute>
    </attributes>
  </variable>
  <variable name="H6" valueType="integer" entityType="Participant" unit="" mimeType="" referencedEntityType="" index="0">
    <attributes>
      <attribute name="Lifestyle_behaviours" namespace="Mlstr_area" valueType="text">Sleep</attribute>
      <attribute name="Target" namespace="Mlstr_additional" valueType="text">Participant</attribute>
      <attribute name="Sleep" namespace="Mlstr_habits" valueType="text">WHI_Sleep</attribute>
      <attribute name="label" valueType="text" locale="en">Felt drowsy or sleepy during the day</attribute>
      <attribute name="Source" namespace="Mlstr_additional" valueType="text">Questionnaire</attribute>
    </attributes>
  </variable>
  <variable name="H7" valueType="integer" entityType="Participant" unit="" mimeType="" referencedEntityType="" index="0">
    <attributes>
      <attribute name="Lifestyle_behaviours" namespace="Mlstr_area" valueType="text">Sleep</attribute>
      <attribute name="Target" namespace="Mlstr_additional" valueType="text">Participant</attribute>
      <attribute name="Sleep" namespace="Mlstr_habits" valueType="text">WHI_Sleep</attribute>
      <attribute name="label" valueType="text" locale="en">Trouble falling asleep</attribute>
      <attribute name="Source" namespace="Mlstr_additional" valueType="text">Questionnaire</attribute>
    </attributes>
  </variable>
  <variable name="H8" valueType="integer" entityType="Participant" unit="" mimeType="" referencedEntityType="" index="0">
    <attributes>
      <attribute name="Lifestyle_behaviours" namespace="Mlstr_area" valueType="text">Sleep</attribute>
      <attribute name="Target" namespace="Mlstr_additional" valueType="text">Participant</attribute>
      <attribute name="Sleep" namespace="Mlstr_habits" valueType="text">WHI_Sleep</attribute>
      <attribute name="label" valueType="text" locale="en">Awaken during the sleep and have trouble falling asleep again</attribute>
      <attribute name="Source" namespace="Mlstr_additional" valueType="text">Questionnaire</attribute>
    </attributes>
  </variable>
  <variable name="H9" valueType="integer" entityType="Participant" unit="" mimeType="" referencedEntityType="" index="0">
    <attributes>
      <attribute name="Lifestyle_behaviours" namespace="Mlstr_area" valueType="text">Sleep</attribute>
      <attribute name="Target" namespace="Mlstr_additional" valueType="text">Participant</attribute>
      <attribute name="Sleep" namespace="Mlstr_habits" valueType="text">WHI_Sleep</attribute>
      <attribute name="label" valueType="text" locale="en">Trouble staying awake during the day</attribute>
      <attribute name="Source" namespace="Mlstr_additional" valueType="text">Questionnaire</attribute>
    </attributes>
  </variable>
  <variable name="H10" valueType="integer" entityType="Participant" unit="" mimeType="" referencedEntityType="" index="0">
    <attributes>
      <attribute name="Lifestyle_behaviours" namespace="Mlstr_area" valueType="text">Sleep</attribute>
      <attribute name="Target" namespace="Mlstr_additional" valueType="text">Participant</attribute>
      <attribute name="Sleep" namespace="Mlstr_habits" valueType="text">WHI_Sleep</attribute>
      <attribute name="label" valueType="text" locale="en">Snore during the sleep</attribute>
      <attribute name="Source" namespace="Mlstr_additional" valueType="text">Questionnaire</attribute>
    </attributes>
  </variable>
  <variable name="H11" valueType="integer" entityType="Participant" unit="" mimeType="" referencedEntityType="" index="0">
    <attributes>
      <attribute name="Lifestyle_behaviours" namespace="Mlstr_area" valueType="text">Sleep</attribute>
      <attribute name="Target" namespace="Mlstr_additional" valueType="text">Participant</attribute>
      <attribute name="Sleep" namespace="Mlstr_habits" valueType="text">WHI_Sleep</attribute>
      <attribute name="label" valueType="text" locale="en">Take naps</attribute>
      <attribute name="Source" namespace="Mlstr_additional" valueType="text">Questionnaire</attribute>
    </attributes>
  </variable>
  <variable name="H12" valueType="integer" entityType="Participant" unit="" mimeType="" referencedEntityType="" index="0">
    <attributes>
      <attribute name="Lifestyle_behaviours" namespace="Mlstr_area" valueType="text">Sleep</attribute>
      <attribute name="Target" namespace="Mlstr_additional" valueType="text">Participant</attribute>
      <attribute name="Sleep" namespace="Mlstr_habits" valueType="text">WHI_Sleep</attribute>
      <attribute name="label" valueType="text" locale="en">Get the amount of sleep he needed</attribute>
      <attribute name="Source" namespace="Mlstr_additional" valueType="text">Questionnaire</attribute>
    </attributes>
  </variable>
</variables>