{"id":"e1296ea9-f7fb-469f-aeaa-d8ba7c25bef0","name":[{"lang":"en","value":"CLS Wave 1 variables"}],"description":[{"lang":"en","value":"<p>Canberra longitudinal study wave 1 variables. The dataset contains 1040&nbsp;variables.<\/p>\r\n"}],"entityType":"Participant","published":false,"obiba.mica.StudyDatasetDto.type":{"studyTable":{"studyId":"072b8428-db96-43cf-a1f5-7f6452b2a44c","populationId":"d69724e9-b26c-4c6f-bf3b-3206851858ee","dataCollectionEventId":"124d90bb-ec38-4406-a9e6-072c9b1b209e","project":"CLS","table":"Wave1"}}}