<valueSet valueTable="CAPostalCodes" entityType="PostalCode" entityIdentifier="V3A">
  <variableValue variable="Place">
    <value valueType="text">Langley City</value>
  </variableValue>
  <variableValue variable="Province">
    <value valueType="text">British Columbia</value>
  </variableValue>
  <variableValue variable="ProvinceCode">
    <value valueType="text">BC</value>
  </variableValue>
  <variableValue variable="Coordinate">
    <value valueType="point">[-122.6526,49.0997]</value>
  </variableValue>
</valueSet>