<valueSet valueTable="CAPostalCodes" entityType="PostalCode" entityIdentifier="V4P">
  <variableValue variable="Place">
    <value valueType="text">Surrey South</value>
  </variableValue>
  <variableValue variable="Province">
    <value valueType="text">British Columbia</value>
  </variableValue>
  <variableValue variable="ProvinceCode">
    <value valueType="text">BC</value>
  </variableValue>
  <variableValue variable="Coordinate">
    <value valueType="point">[-122.8302,49.0561]</value>
  </variableValue>
</valueSet>