<valueSet valueTable="CAPostalCodes" entityType="PostalCode" entityIdentifier="V4G">
  <variableValue variable="Place">
    <value valueType="text">Delta East Central</value>
  </variableValue>
  <variableValue variable="Province">
    <value valueType="text">British Columbia</value>
  </variableValue>
  <variableValue variable="ProvinceCode">
    <value valueType="text">BC</value>
  </variableValue>
  <variableValue variable="Coordinate">
    <value valueType="point">[-122.995,49.1448]</value>
  </variableValue>
</valueSet>