<valueSet valueTable="CAPostalCodes" entityType="PostalCode" entityIdentifier="V2R">
  <variableValue variable="Place">
    <value valueType="text">Chilliwack West</value>
  </variableValue>
  <variableValue variable="Province">
    <value valueType="text">British Columbia</value>
  </variableValue>
  <variableValue variable="ProvinceCode">
    <value valueType="text">BC</value>
  </variableValue>
  <variableValue variable="Coordinate">
    <value valueType="point">[-121.9883,49.076]</value>
  </variableValue>
</valueSet>