<valueSet valueTable="CAPostalCodes" entityType="PostalCode" entityIdentifier="V1P">
  <variableValue variable="Place">
    <value valueType="text">Kelowna East</value>
  </variableValue>
  <variableValue variable="Province">
    <value valueType="text">British Columbia</value>
  </variableValue>
  <variableValue variable="ProvinceCode">
    <value valueType="text">BC</value>
  </variableValue>
  <variableValue variable="Coordinate">
    <value valueType="point">[-119.1724,49.8959]</value>
  </variableValue>
</valueSet>