<valueSet valueTable="CAPostalCodes" entityType="PostalCode" entityIdentifier="V7W">
  <variableValue variable="Place">
    <value valueType="text">West Vancouver West</value>
  </variableValue>
  <variableValue variable="Province">
    <value valueType="text">British Columbia</value>
  </variableValue>
  <variableValue variable="ProvinceCode">
    <value valueType="text">BC</value>
  </variableValue>
  <variableValue variable="Coordinate">
    <value valueType="point">[-123.2627,49.3615]</value>
  </variableValue>
</valueSet>