<valueSet valueTable="CAPostalCodes" entityType="PostalCode" entityIdentifier="R3V">
  <variableValue variable="Place">
    <value valueType="text">Winnipeg (Fort Garry South)</value>
  </variableValue>
  <variableValue variable="Province">
    <value valueType="text">Manitoba</value>
  </variableValue>
  <variableValue variable="ProvinceCode">
    <value valueType="text">MB</value>
  </variableValue>
  <variableValue variable="Coordinate">
    <value valueType="point">[-97.1745,49.7462]</value>
  </variableValue>
</valueSet>