<valueSet valueTable="CAPostalCodes" entityType="PostalCode" entityIdentifier="E7G">
  <variableValue variable="Place">
    <value valueType="text">Plaster Rock</value>
  </variableValue>
  <variableValue variable="Province">
    <value valueType="text">New Brunswick</value>
  </variableValue>
  <variableValue variable="ProvinceCode">
    <value valueType="text">NB</value>
  </variableValue>
  <variableValue variable="Coordinate">
    <value valueType="point">[-67.39,46.9065]</value>
  </variableValue>
</valueSet>