<valueSet valueTable="CAPostalCodes" entityType="PostalCode" entityIdentifier="R3E">
  <variableValue variable="Place">
    <value valueType="text">Winnipeg (Sargent Park / Daniel McIntyre / Inkster SE)</value>
  </variableValue>
  <variableValue variable="Province">
    <value valueType="text">Manitoba</value>
  </variableValue>
  <variableValue variable="ProvinceCode">
    <value valueType="text">MB</value>
  </variableValue>
  <variableValue variable="Coordinate">
    <value valueType="point">[-97.1779,49.9081]</value>
  </variableValue>
</valueSet>