<valueSet valueTable="CAPostalCodes" entityType="PostalCode" entityIdentifier="E5P">
  <variableValue variable="Place">
    <value valueType="text">Apohaqui</value>
  </variableValue>
  <variableValue variable="Province">
    <value valueType="text">New Brunswick</value>
  </variableValue>
  <variableValue variable="ProvinceCode">
    <value valueType="text">NB</value>
  </variableValue>
  <variableValue variable="Coordinate">
    <value valueType="point">[-65.6704,45.7599]</value>
  </variableValue>
</valueSet>