<valueSet valueTable="CAPostalCodes" entityType="PostalCode" entityIdentifier="T5Y">
  <variableValue variable="Place">
    <value valueType="text">Edmonton (Landbank / Oliver / East Lake District)</value>
  </variableValue>
  <variableValue variable="Province">
    <value valueType="text">Alberta</value>
  </variableValue>
  <variableValue variable="ProvinceCode">
    <value valueType="text">AB</value>
  </variableValue>
  <variableValue variable="Coordinate">
    <value valueType="point">[-113.3614,53.6585]</value>
  </variableValue>
</valueSet>