<valueSet valueTable="CAPostalCodes" entityType="PostalCode" entityIdentifier="T6C">
  <variableValue variable="Place">
    <value valueType="text">Edmonton (Central Bonnie Doon)</value>
  </variableValue>
  <variableValue variable="Province">
    <value valueType="text">Alberta</value>
  </variableValue>
  <variableValue variable="ProvinceCode">
    <value valueType="text">AB</value>
  </variableValue>
  <variableValue variable="Coordinate">
    <value valueType="point">[-113.459,53.522]</value>
  </variableValue>
</valueSet>