<valueSet valueTable="CAPostalCodes" entityType="PostalCode" entityIdentifier="E6H">
  <variableValue variable="Place">
    <value valueType="text">Canterbury</value>
  </variableValue>
  <variableValue variable="Province">
    <value valueType="text">New Brunswick</value>
  </variableValue>
  <variableValue variable="ProvinceCode">
    <value valueType="text">NB</value>
  </variableValue>
  <variableValue variable="Coordinate">
    <value valueType="point">[-67.4678,45.8954]</value>
  </variableValue>
</valueSet>