<valueSet valueTable="CAPostalCodes" entityType="PostalCode" entityIdentifier="V5J">
  <variableValue variable="Place">
    <value valueType="text">Burnaby (Suncrest / Sussex-Nelson / Clinton-Glenwood / West Big Bend)</value>
  </variableValue>
  <variableValue variable="Province">
    <value valueType="text">British Columbia</value>
  </variableValue>
  <variableValue variable="ProvinceCode">
    <value valueType="text">BC</value>
  </variableValue>
  <variableValue variable="Coordinate">
    <value valueType="point">[-122.9921,49.2038]</value>
  </variableValue>
</valueSet>