<valueSet valueTable="CAPostalCodes" entityType="PostalCode" entityIdentifier="T3N">
  <variableValue variable="Place">
    <value valueType="text">Calgary Northeast</value>
  </variableValue>
  <variableValue variable="Province">
    <value valueType="text">Alberta</value>
  </variableValue>
  <variableValue variable="ProvinceCode">
    <value valueType="text">AB</value>
  </variableValue>
  <variableValue variable="Coordinate">
    <value valueType="point">[-113.9537,51.1626]</value>
  </variableValue>
</valueSet>