<valueSet valueTable="CAPostalCodes" entityType="PostalCode" entityIdentifier="V1R">
  <variableValue variable="Place">
    <value valueType="text">Trail</value>
  </variableValue>
  <variableValue variable="Province">
    <value valueType="text">British Columbia</value>
  </variableValue>
  <variableValue variable="ProvinceCode">
    <value valueType="text">BC</value>
  </variableValue>
  <variableValue variable="Coordinate">
    <value valueType="point">[-117.7022,49.0998]</value>
  </variableValue>
</valueSet>