<valueSet valueTable="CAPostalCodes" entityType="PostalCode" entityIdentifier="E3B">
  <variableValue variable="Place">
    <value valueType="text">Fredericton South New Brunswick Provincial Government</value>
  </variableValue>
  <variableValue variable="Province">
    <value valueType="text">New Brunswick</value>
  </variableValue>
  <variableValue variable="ProvinceCode">
    <value valueType="text">NB</value>
  </variableValue>
  <variableValue variable="Coordinate">
    <value valueType="point">[-66.6763,45.8119]</value>
  </variableValue>
</valueSet>