<valueSet valueTable="CAPostalCodes" entityType="PostalCode" entityIdentifier="R3Y">
  <variableValue variable="Place">
    <value valueType="text">Winnipeg (Fort Garry West)</value>
  </variableValue>
  <variableValue variable="Province">
    <value valueType="text">Manitoba</value>
  </variableValue>
  <variableValue variable="ProvinceCode">
    <value valueType="text">MB</value>
  </variableValue>
  <variableValue variable="Coordinate">
    <value valueType="point">[-97.2147,49.7885]</value>
  </variableValue>
</valueSet>