<valueSet valueTable="CAPostalCodes" entityType="PostalCode" entityIdentifier="V5H">
  <variableValue variable="Place">
    <value valueType="text">Burnaby (Maywood / Marlborough / Oakalla / Windsor)</value>
  </variableValue>
  <variableValue variable="Province">
    <value valueType="text">British Columbia</value>
  </variableValue>
  <variableValue variable="ProvinceCode">
    <value valueType="text">BC</value>
  </variableValue>
  <variableValue variable="Coordinate">
    <value valueType="point">[-122.9952,49.2302]</value>
  </variableValue>
</valueSet>