<valueSet valueTable="CAPostalCodes" entityType="PostalCode" entityIdentifier="V2L">
  <variableValue variable="Place">
    <value valueType="text">Prince George East Central</value>
  </variableValue>
  <variableValue variable="Province">
    <value valueType="text">British Columbia</value>
  </variableValue>
  <variableValue variable="ProvinceCode">
    <value valueType="text">BC</value>
  </variableValue>
  <variableValue variable="Coordinate">
    <value valueType="point">[-122.7473,53.9078]</value>
  </variableValue>
</valueSet>