<valueSet valueTable="CAPostalCodes" entityType="PostalCode" entityIdentifier="E3Y">
  <variableValue variable="Place">
    <value valueType="text">Grand Falls Northeast</value>
  </variableValue>
  <variableValue variable="Province">
    <value valueType="text">New Brunswick</value>
  </variableValue>
  <variableValue variable="ProvinceCode">
    <value valueType="text">NB</value>
  </variableValue>
  <variableValue variable="Coordinate">
    <value valueType="point">[-67.6207,47.1683]</value>
  </variableValue>
</valueSet>