<valueSet valueTable="CAPostalCodes" entityType="PostalCode" entityIdentifier="V2Y">
  <variableValue variable="Place">
    <value valueType="text">Langley Township Northwest</value>
  </variableValue>
  <variableValue variable="Province">
    <value valueType="text">British Columbia</value>
  </variableValue>
  <variableValue variable="ProvinceCode">
    <value valueType="text">BC</value>
  </variableValue>
  <variableValue variable="Coordinate">
    <value valueType="point">[-122.6236,49.1285]</value>
  </variableValue>
</valueSet>