<valueSet valueTable="CAPostalCodes" entityType="PostalCode" entityIdentifier="T7X">
  <variableValue variable="Place">
    <value valueType="text">Spruce Grove North</value>
  </variableValue>
  <variableValue variable="Province">
    <value valueType="text">Alberta</value>
  </variableValue>
  <variableValue variable="ProvinceCode">
    <value valueType="text">AB</value>
  </variableValue>
  <variableValue variable="Coordinate">
    <value valueType="point">[-113.9187,53.5334]</value>
  </variableValue>
</valueSet>