<valueSet valueTable="CAPostalCodes" entityType="PostalCode" entityIdentifier="R2Y">
  <variableValue variable="Place">
    <value valueType="text">Winnipeg (St. James-Assiniboia NW)</value>
  </variableValue>
  <variableValue variable="Province">
    <value valueType="text">Manitoba</value>
  </variableValue>
  <variableValue variable="ProvinceCode">
    <value valueType="text">MB</value>
  </variableValue>
  <variableValue variable="Coordinate">
    <value valueType="point">[-97.2945,49.9073]</value>
  </variableValue>
</valueSet>