<valueSet valueTable="CAPostalCodes" entityType="PostalCode" entityIdentifier="T8N">
  <variableValue variable="Place">
    <value valueType="text">St. Albert</value>
  </variableValue>
  <variableValue variable="Province">
    <value valueType="text">Alberta</value>
  </variableValue>
  <variableValue variable="ProvinceCode">
    <value valueType="text">AB</value>
  </variableValue>
  <variableValue variable="Coordinate">
    <value valueType="point">[-113.6353,53.6334]</value>
  </variableValue>
</valueSet>