<valueSet valueTable="CAPostalCodes" entityType="PostalCode" entityIdentifier="E4G">
  <variableValue variable="Place">
    <value valueType="text">Smiths Creek</value>
  </variableValue>
  <variableValue variable="Province">
    <value valueType="text">New Brunswick</value>
  </variableValue>
  <variableValue variable="ProvinceCode">
    <value valueType="text">NB</value>
  </variableValue>
  <variableValue variable="Coordinate">
    <value valueType="point">[-65.4795,45.8552]</value>
  </variableValue>
</valueSet>