<valueSet valueTable="CAPostalCodes" entityType="PostalCode" entityIdentifier="R1A">
  <variableValue variable="Place">
    <value valueType="text">Selkirk</value>
  </variableValue>
  <variableValue variable="Province">
    <value valueType="text">Manitoba</value>
  </variableValue>
  <variableValue variable="ProvinceCode">
    <value valueType="text">MB</value>
  </variableValue>
  <variableValue variable="Coordinate">
    <value valueType="point">[-96.8845,50.1436]</value>
  </variableValue>
</valueSet>