<valueSet valueTable="CAPostalCodes" entityType="PostalCode" entityIdentifier="V5K">
  <variableValue variable="Place">
    <value valueType="text">Vancouver (North Hastings- Sunrise)</value>
  </variableValue>
  <variableValue variable="Province">
    <value valueType="text">British Columbia</value>
  </variableValue>
  <variableValue variable="ProvinceCode">
    <value valueType="text">BC</value>
  </variableValue>
  <variableValue variable="Coordinate">
    <value valueType="point">[-123.0397,49.2807]</value>
  </variableValue>
</valueSet>