<valueSet valueTable="CAPostalCodes" entityType="PostalCode" entityIdentifier="T5R">
  <variableValue variable="Place">
    <value valueType="text">Edmonton (Central Jasper Place / Buena Vista)</value>
  </variableValue>
  <variableValue variable="Province">
    <value valueType="text">Alberta</value>
  </variableValue>
  <variableValue variable="ProvinceCode">
    <value valueType="text">AB</value>
  </variableValue>
  <variableValue variable="Coordinate">
    <value valueType="point">[-113.5797,53.5181]</value>
  </variableValue>
</valueSet>