<valueSet valueTable="CAPostalCodes" entityType="PostalCode" entityIdentifier="R7B">
  <variableValue variable="Place">
    <value valueType="text">Brandon Southwest</value>
  </variableValue>
  <variableValue variable="Province">
    <value valueType="text">Manitoba</value>
  </variableValue>
  <variableValue variable="ProvinceCode">
    <value valueType="text">MB</value>
  </variableValue>
  <variableValue variable="Coordinate">
    <value valueType="point">[-99.9831,49.842]</value>
  </variableValue>
</valueSet>