<valueSet valueTable="CAPostalCodes" entityType="PostalCode" entityIdentifier="R7N">
  <variableValue variable="Place">
    <value valueType="text">Dauphin</value>
  </variableValue>
  <variableValue variable="Province">
    <value valueType="text">Manitoba</value>
  </variableValue>
  <variableValue variable="ProvinceCode">
    <value valueType="text">MB</value>
  </variableValue>
  <variableValue variable="Coordinate">
    <value valueType="point">[-100.0502,51.1494]</value>
  </variableValue>
</valueSet>