<valueSet valueTable="CAPostalCodes" entityType="PostalCode" entityIdentifier="T4X">
  <variableValue variable="Place">
    <value valueType="text">Beaumont</value>
  </variableValue>
  <variableValue variable="Province">
    <value valueType="text">Alberta</value>
  </variableValue>
  <variableValue variable="ProvinceCode">
    <value valueType="text">AB</value>
  </variableValue>
  <variableValue variable="Coordinate">
    <value valueType="point">[-113.4187,53.3501]</value>
  </variableValue>
</valueSet>