<valueSet valueTable="CAPostalCodes" entityType="PostalCode" entityIdentifier="V7J">
  <variableValue variable="Place">
    <value valueType="text">North Vancouver East Central</value>
  </variableValue>
  <variableValue variable="Province">
    <value valueType="text">British Columbia</value>
  </variableValue>
  <variableValue variable="ProvinceCode">
    <value valueType="text">BC</value>
  </variableValue>
  <variableValue variable="Coordinate">
    <value valueType="point">[-123.0178,49.3622]</value>
  </variableValue>
</valueSet>