<valueSet valueTable="CAPostalCodes" entityType="PostalCode" entityIdentifier="T0L">
  <variableValue variable="Place">
    <value valueType="text">Kananaskis Country (Claresholm)</value>
  </variableValue>
  <variableValue variable="Province">
    <value valueType="text">Alberta</value>
  </variableValue>
  <variableValue variable="ProvinceCode">
    <value valueType="text">AB</value>
  </variableValue>
  <variableValue variable="Coordinate">
    <value valueType="point">[-114.4089,50.6314]</value>
  </variableValue>
</valueSet>