<valueSet valueTable="CAPostalCodes" entityType="PostalCode" entityIdentifier="V3L">
  <variableValue variable="Place">
    <value valueType="text">New Westminster Northeast</value>
  </variableValue>
  <variableValue variable="Province">
    <value valueType="text">British Columbia</value>
  </variableValue>
  <variableValue variable="ProvinceCode">
    <value valueType="text">BC</value>
  </variableValue>
  <variableValue variable="Coordinate">
    <value valueType="point">[-122.8998,49.2201]</value>
  </variableValue>
</valueSet>