<valueSet valueTable="CAPostalCodes" entityType="PostalCode" entityIdentifier="T2Y">
  <variableValue variable="Place">
    <value valueType="text">Calgary (Millrise / Somerset / Bridlewood / Evergreen)</value>
  </variableValue>
  <variableValue variable="Province">
    <value valueType="text">Alberta</value>
  </variableValue>
  <variableValue variable="ProvinceCode">
    <value valueType="text">AB</value>
  </variableValue>
  <variableValue variable="Coordinate">
    <value valueType="point">[-114.1028,50.9093]</value>
  </variableValue>
</valueSet>