<valueSet valueTable="CAPostalCodes" entityType="PostalCode" entityIdentifier="V9J">
  <variableValue variable="Place">
    <value valueType="text">Courtenay Northern Outskirts</value>
  </variableValue>
  <variableValue variable="Province">
    <value valueType="text">British Columbia</value>
  </variableValue>
  <variableValue variable="ProvinceCode">
    <value valueType="text">BC</value>
  </variableValue>
  <variableValue variable="Coordinate">
    <value valueType="point">[-125.2604,49.7242]</value>
  </variableValue>
</valueSet>