<valueSet valueTable="CAPostalCodes" entityType="PostalCode" entityIdentifier="E4W">
  <variableValue variable="Place">
    <value valueType="text">Richibucto</value>
  </variableValue>
  <variableValue variable="Province">
    <value valueType="text">New Brunswick</value>
  </variableValue>
  <variableValue variable="ProvinceCode">
    <value valueType="text">NB</value>
  </variableValue>
  <variableValue variable="Coordinate">
    <value valueType="point">[-64.8804,46.6807]</value>
  </variableValue>
</valueSet>