<valueSet valueTable="CAPostalCodes" entityType="PostalCode" entityIdentifier="V8N">
  <variableValue variable="Place">
    <value valueType="text">Saanich East</value>
  </variableValue>
  <variableValue variable="Province">
    <value valueType="text">British Columbia</value>
  </variableValue>
  <variableValue variable="ProvinceCode">
    <value valueType="text">BC</value>
  </variableValue>
  <variableValue variable="Coordinate">
    <value valueType="point">[-123.3145,48.4765]</value>
  </variableValue>
</valueSet>