<valueSet valueTable="CAPostalCodes" entityType="PostalCode" entityIdentifier="V8P">
  <variableValue variable="Place">
    <value valueType="text">Saanich Southeast</value>
  </variableValue>
  <variableValue variable="Province">
    <value valueType="text">British Columbia</value>
  </variableValue>
  <variableValue variable="ProvinceCode">
    <value valueType="text">BC</value>
  </variableValue>
  <variableValue variable="Coordinate">
    <value valueType="point">[-123.3325,48.4583]</value>
  </variableValue>
</valueSet>