<valueSet valueTable="CAPostalCodes" entityType="PostalCode" entityIdentifier="T6X">
  <variableValue variable="Place">
    <value valueType="text">Edmonton (Ellerslie)</value>
  </variableValue>
  <variableValue variable="Province">
    <value valueType="text">Alberta</value>
  </variableValue>
  <variableValue variable="ProvinceCode">
    <value valueType="text">AB</value>
  </variableValue>
  <variableValue variable="Coordinate">
    <value valueType="point">[-113.4178,53.4154]</value>
  </variableValue>
</valueSet>