<valueSet valueTable="CAPostalCodes" entityType="PostalCode" entityIdentifier="R2K">
  <variableValue variable="Place">
    <value valueType="text">Winnipeg (River East Central)</value>
  </variableValue>
  <variableValue variable="Province">
    <value valueType="text">Manitoba</value>
  </variableValue>
  <variableValue variable="ProvinceCode">
    <value valueType="text">MB</value>
  </variableValue>
  <variableValue variable="Coordinate">
    <value valueType="point">[-97.083,49.9203]</value>
  </variableValue>
</valueSet>