<valueSet valueTable="CAPostalCodes" entityType="PostalCode" entityIdentifier="T6R">
  <variableValue variable="Place">
    <value valueType="text">Edmonton (Riverbend)</value>
  </variableValue>
  <variableValue variable="Province">
    <value valueType="text">Alberta</value>
  </variableValue>
  <variableValue variable="ProvinceCode">
    <value valueType="text">AB</value>
  </variableValue>
  <variableValue variable="Coordinate">
    <value valueType="point">[-113.5801,53.4567]</value>
  </variableValue>
</valueSet>