<valueSet valueTable="CAPostalCodes" entityType="PostalCode" entityIdentifier="V6X">
  <variableValue variable="Place">
    <value valueType="text">Richmond North</value>
  </variableValue>
  <variableValue variable="Province">
    <value valueType="text">British Columbia</value>
  </variableValue>
  <variableValue variable="ProvinceCode">
    <value valueType="text">BC</value>
  </variableValue>
  <variableValue variable="Coordinate">
    <value valueType="point">[-123.1168,49.1836]</value>
  </variableValue>
</valueSet>