<valueSet valueTable="CAPostalCodes" entityType="PostalCode" entityIdentifier="V2T">
  <variableValue variable="Place">
    <value valueType="text">Abbotsford Southwest</value>
  </variableValue>
  <variableValue variable="Province">
    <value valueType="text">British Columbia</value>
  </variableValue>
  <variableValue variable="ProvinceCode">
    <value valueType="text">BC</value>
  </variableValue>
  <variableValue variable="Coordinate">
    <value valueType="point">[-122.3485,49.0384]</value>
  </variableValue>
</valueSet>