<valueSet valueTable="CAPostalCodes" entityType="PostalCode" entityIdentifier="T5M">
  <variableValue variable="Place">
    <value valueType="text">Edmonton (South Westmount / Groat Estate / East Northwest Industrial)</value>
  </variableValue>
  <variableValue variable="Province">
    <value valueType="text">Alberta</value>
  </variableValue>
  <variableValue variable="ProvinceCode">
    <value valueType="text">AB</value>
  </variableValue>
  <variableValue variable="Coordinate">
    <value valueType="point">[-113.5662,53.563]</value>
  </variableValue>
</valueSet>