<valueSet valueTable="CAPostalCodes" entityType="PostalCode" entityIdentifier="T9G">
  <variableValue variable="Place">
    <value valueType="text">Devon</value>
  </variableValue>
  <variableValue variable="Province">
    <value valueType="text">Alberta</value>
  </variableValue>
  <variableValue variable="ProvinceCode">
    <value valueType="text">AB</value>
  </variableValue>
  <variableValue variable="Coordinate">
    <value valueType="point">[-113.7353,53.3668]</value>
  </variableValue>
</valueSet>