<valueSet valueTable="CAPostalCodes" entityType="PostalCode" entityIdentifier="R1N">
  <variableValue variable="Place">
    <value valueType="text">Portage la Prairie</value>
  </variableValue>
  <variableValue variable="Province">
    <value valueType="text">Manitoba</value>
  </variableValue>
  <variableValue variable="ProvinceCode">
    <value valueType="text">MB</value>
  </variableValue>
  <variableValue variable="Coordinate">
    <value valueType="point">[-98.2926,49.9728]</value>
  </variableValue>
</valueSet>