<valueSet valueTable="CAPostalCodes" entityType="PostalCode" entityIdentifier="T4T">
  <variableValue variable="Place">
    <value valueType="text">Rocky Mountain House</value>
  </variableValue>
  <variableValue variable="Province">
    <value valueType="text">Alberta</value>
  </variableValue>
  <variableValue variable="ProvinceCode">
    <value valueType="text">AB</value>
  </variableValue>
  <variableValue variable="Coordinate">
    <value valueType="point">[-114.9188,52.3668]</value>
  </variableValue>
</valueSet>