<valueSet valueTable="CAPostalCodes" entityType="PostalCode" entityIdentifier="V3T">
  <variableValue variable="Place">
    <value valueType="text">Surrey Inner Northwest</value>
  </variableValue>
  <variableValue variable="Province">
    <value valueType="text">British Columbia</value>
  </variableValue>
  <variableValue variable="ProvinceCode">
    <value valueType="text">BC</value>
  </variableValue>
  <variableValue variable="Coordinate">
    <value valueType="point">[-122.8454,49.1894]</value>
  </variableValue>
</valueSet>