<valueSet valueTable="CAPostalCodes" entityType="PostalCode" entityIdentifier="E1V">
  <variableValue variable="Place">
    <value valueType="text">Miramichi North</value>
  </variableValue>
  <variableValue variable="Province">
    <value valueType="text">New Brunswick</value>
  </variableValue>
  <variableValue variable="ProvinceCode">
    <value valueType="text">NB</value>
  </variableValue>
  <variableValue variable="Coordinate">
    <value valueType="point">[-65.9381,47.1942]</value>
  </variableValue>
</valueSet>