<valueSet valueTable="CAPostalCodes" entityType="PostalCode" entityIdentifier="T9K">
  <variableValue variable="Place">
    <value valueType="text">Fort McMurray Northwest</value>
  </variableValue>
  <variableValue variable="Province">
    <value valueType="text">Alberta</value>
  </variableValue>
  <variableValue variable="ProvinceCode">
    <value valueType="text">AB</value>
  </variableValue>
  <variableValue variable="Coordinate">
    <value valueType="point">[-111.435,56.7538]</value>
  </variableValue>
</valueSet>