<valueSet valueTable="CAPostalCodes" entityType="PostalCode" entityIdentifier="R0H">
  <variableValue variable="Place">
    <value valueType="text">South Interlake (MacGregor)</value>
  </variableValue>
  <variableValue variable="Province">
    <value valueType="text">Manitoba</value>
  </variableValue>
  <variableValue variable="ProvinceCode">
    <value valueType="text">MB</value>
  </variableValue>
  <variableValue variable="Coordinate">
    <value valueType="point">[-98.5152,50.3458]</value>
  </variableValue>
</valueSet>