<valueSet valueTable="CAPostalCodes" entityType="PostalCode" entityIdentifier="V7L">
  <variableValue variable="Place">
    <value valueType="text">North Vancouver South Central</value>
  </variableValue>
  <variableValue variable="Province">
    <value valueType="text">British Columbia</value>
  </variableValue>
  <variableValue variable="ProvinceCode">
    <value valueType="text">BC</value>
  </variableValue>
  <variableValue variable="Coordinate">
    <value valueType="point">[-123.0576,49.316]</value>
  </variableValue>
</valueSet>