<valueSet valueTable="CAPostalCodes" entityType="PostalCode" entityIdentifier="T7V">
  <variableValue variable="Place">
    <value valueType="text">Hinton</value>
  </variableValue>
  <variableValue variable="Province">
    <value valueType="text">Alberta</value>
  </variableValue>
  <variableValue variable="ProvinceCode">
    <value valueType="text">AB</value>
  </variableValue>
  <variableValue variable="Coordinate">
    <value valueType="point">[-117.5857,53.4001]</value>
  </variableValue>
</valueSet>