<valueSet valueTable="CAPostalCodes" entityType="PostalCode" entityIdentifier="T4L">
  <variableValue variable="Place">
    <value valueType="text">Lacombe</value>
  </variableValue>
  <variableValue variable="Province">
    <value valueType="text">Alberta</value>
  </variableValue>
  <variableValue variable="ProvinceCode">
    <value valueType="text">AB</value>
  </variableValue>
  <variableValue variable="Coordinate">
    <value valueType="point">[-113.7353,52.4668]</value>
  </variableValue>
</valueSet>