<valueSet valueTable="CAPostalCodes" entityType="PostalCode" entityIdentifier="T2S">
  <variableValue variable="Place">
    <value valueType="text">Calgary (Elbow Park / Britannia / Parkhill / Mission)</value>
  </variableValue>
  <variableValue variable="Province">
    <value valueType="text">Alberta</value>
  </variableValue>
  <variableValue variable="ProvinceCode">
    <value valueType="text">AB</value>
  </variableValue>
  <variableValue variable="Coordinate">
    <value valueType="point">[-114.071,51.0233]</value>
  </variableValue>
</valueSet>