<valueSet valueTable="CAPostalCodes" entityType="PostalCode" entityIdentifier="V0S">
  <variableValue variable="Place">
    <value valueType="text">Juan de Fuca Shore (Sooke)</value>
  </variableValue>
  <variableValue variable="Province">
    <value valueType="text">British Columbia</value>
  </variableValue>
  <variableValue variable="ProvinceCode">
    <value valueType="text">BC</value>
  </variableValue>
  <variableValue variable="Coordinate">
    <value valueType="point">[-124.1515,48.557]</value>
  </variableValue>
</valueSet>