<valueSet valueTable="CAPostalCodes" entityType="PostalCode" entityIdentifier="V0W">
  <variableValue variable="Place">
    <value valueType="text">Atlin Region (Atlin)</value>
  </variableValue>
  <variableValue variable="Province">
    <value valueType="text">British Columbia</value>
  </variableValue>
  <variableValue variable="ProvinceCode">
    <value valueType="text">BC</value>
  </variableValue>
  <variableValue variable="Coordinate">
    <value valueType="point">[-133.5433,59.6378]</value>
  </variableValue>
</valueSet>