<valueSet valueTable="CAPostalCodes" entityType="PostalCode" entityIdentifier="R2G">
  <variableValue variable="Place">
    <value valueType="text">Winnipeg (River East North)</value>
  </variableValue>
  <variableValue variable="Province">
    <value valueType="text">Manitoba</value>
  </variableValue>
  <variableValue variable="ProvinceCode">
    <value valueType="text">MB</value>
  </variableValue>
  <variableValue variable="Coordinate">
    <value valueType="point">[-97.0571,49.9413]</value>
  </variableValue>
</valueSet>