<valueSet valueTable="CAPostalCodes" entityType="PostalCode" entityIdentifier="R0B">
  <variableValue variable="Place">
    <value valueType="text">Northern Manitoba (Norway House)</value>
  </variableValue>
  <variableValue variable="Province">
    <value valueType="text">Manitoba</value>
  </variableValue>
  <variableValue variable="ProvinceCode">
    <value valueType="text">MB</value>
  </variableValue>
  <variableValue variable="Coordinate">
    <value valueType="point">[-96.9118,56.2701]</value>
  </variableValue>
</valueSet>