<valueSet valueTable="CAPostalCodes" entityType="PostalCode" entityIdentifier="T9X">
  <variableValue variable="Place">
    <value valueType="text">Vermilion</value>
  </variableValue>
  <variableValue variable="Province">
    <value valueType="text">Alberta</value>
  </variableValue>
  <variableValue variable="ProvinceCode">
    <value valueType="text">AB</value>
  </variableValue>
  <variableValue variable="Coordinate">
    <value valueType="point">[-110.8517,53.3669]</value>
  </variableValue>
</valueSet>