<valueSet valueTable="CAPostalCodes" entityType="PostalCode" entityIdentifier="V6P">
  <variableValue variable="Place">
    <value valueType="text">Vancouver (SE Kerrisdale / SW Oakridge / West Marpole)</value>
  </variableValue>
  <variableValue variable="Province">
    <value valueType="text">British Columbia</value>
  </variableValue>
  <variableValue variable="ProvinceCode">
    <value valueType="text">BC</value>
  </variableValue>
  <variableValue variable="Coordinate">
    <value valueType="point">[-123.1396,49.2151]</value>
  </variableValue>
</valueSet>