<valueSet valueTable="CAPostalCodes" entityType="PostalCode" entityIdentifier="R0M">
  <variableValue variable="Place">
    <value valueType="text">Southwestern Manitoba (Virden)</value>
  </variableValue>
  <variableValue variable="Province">
    <value valueType="text">Manitoba</value>
  </variableValue>
  <variableValue variable="ProvinceCode">
    <value valueType="text">MB</value>
  </variableValue>
  <variableValue variable="Coordinate">
    <value valueType="point">[-100.9263,49.711]</value>
  </variableValue>
</valueSet>