<valueSet valueTable="CAPostalCodes" entityType="PostalCode" entityIdentifier="R2L">
  <variableValue variable="Place">
    <value valueType="text">Winnipeg (River East South)</value>
  </variableValue>
  <variableValue variable="Province">
    <value valueType="text">Manitoba</value>
  </variableValue>
  <variableValue variable="ProvinceCode">
    <value valueType="text">MB</value>
  </variableValue>
  <variableValue variable="Coordinate">
    <value valueType="point">[-97.0996,49.9075]</value>
  </variableValue>
</valueSet>