<valueSet valueTable="CAPostalCodes" entityType="PostalCode" entityIdentifier="T5S">
  <variableValue variable="Place">
    <value valueType="text">Edmonton (West Northwest Industrial / Winterburn)</value>
  </variableValue>
  <variableValue variable="Province">
    <value valueType="text">Alberta</value>
  </variableValue>
  <variableValue variable="ProvinceCode">
    <value valueType="text">AB</value>
  </variableValue>
  <variableValue variable="Coordinate">
    <value valueType="point">[-113.6697,53.5634]</value>
  </variableValue>
</valueSet>