<valueSet valueTable="CAPostalCodes" entityType="PostalCode" entityIdentifier="V9R">
  <variableValue variable="Place">
    <value valueType="text">Nanaimo South</value>
  </variableValue>
  <variableValue variable="Province">
    <value valueType="text">British Columbia</value>
  </variableValue>
  <variableValue variable="ProvinceCode">
    <value valueType="text">BC</value>
  </variableValue>
  <variableValue variable="Coordinate">
    <value valueType="point">[-123.9825,49.1609]</value>
  </variableValue>
</valueSet>