<valueSet valueTable="CAPostalCodes" entityType="PostalCode" entityIdentifier="E1W">
  <variableValue variable="Place">
    <value valueType="text">Caraquet</value>
  </variableValue>
  <variableValue variable="Province">
    <value valueType="text">New Brunswick</value>
  </variableValue>
  <variableValue variable="ProvinceCode">
    <value valueType="text">NB</value>
  </variableValue>
  <variableValue variable="Coordinate">
    <value valueType="point">[-64.9386,47.7941]</value>
  </variableValue>
</valueSet>