<valueSet valueTable="CAPostalCodes" entityType="PostalCode" entityIdentifier="V6S">
  <variableValue variable="Place">
    <value valueType="text">Vancouver (Chaldecutt / South University Endowment Lands)</value>
  </variableValue>
  <variableValue variable="Province">
    <value valueType="text">British Columbia</value>
  </variableValue>
  <variableValue variable="ProvinceCode">
    <value valueType="text">BC</value>
  </variableValue>
  <variableValue variable="Coordinate">
    <value valueType="point">[-123.2088,49.2491]</value>
  </variableValue>
</valueSet>