<valueSet valueTable="CAPostalCodes" entityType="PostalCode" entityIdentifier="T5C">
  <variableValue variable="Place">
    <value valueType="text">Edmonton (Central Londonderry)</value>
  </variableValue>
  <variableValue variable="Province">
    <value valueType="text">Alberta</value>
  </variableValue>
  <variableValue variable="ProvinceCode">
    <value valueType="text">AB</value>
  </variableValue>
  <variableValue variable="Coordinate">
    <value valueType="point">[-113.4549,53.5996]</value>
  </variableValue>
</valueSet>