<valueSet valueTable="CAPostalCodes" entityType="PostalCode" entityIdentifier="T9V">
  <variableValue variable="Place">
    <value valueType="text">Lloydminster</value>
  </variableValue>
  <variableValue variable="Province">
    <value valueType="text">Alberta</value>
  </variableValue>
  <variableValue variable="ProvinceCode">
    <value valueType="text">AB</value>
  </variableValue>
  <variableValue variable="Coordinate">
    <value valueType="point">[-110.0853,53.2717]</value>
  </variableValue>
</valueSet>