<valueSet valueTable="CAPostalCodes" entityType="PostalCode" entityIdentifier="V3V">
  <variableValue variable="Place">
    <value valueType="text">Surrey Outer Northwest</value>
  </variableValue>
  <variableValue variable="Province">
    <value valueType="text">British Columbia</value>
  </variableValue>
  <variableValue variable="ProvinceCode">
    <value valueType="text">BC</value>
  </variableValue>
  <variableValue variable="Coordinate">
    <value valueType="point">[-122.873,49.1889]</value>
  </variableValue>
</valueSet>