<valueSet valueTable="CAPostalCodes" entityType="PostalCode" entityIdentifier="V4E">
  <variableValue variable="Place">
    <value valueType="text">Delta East</value>
  </variableValue>
  <variableValue variable="Province">
    <value valueType="text">British Columbia</value>
  </variableValue>
  <variableValue variable="ProvinceCode">
    <value valueType="text">BC</value>
  </variableValue>
  <variableValue variable="Coordinate">
    <value valueType="point">[-122.9056,49.1197]</value>
  </variableValue>
</valueSet>