<valueSet valueTable="CAPostalCodes" entityType="PostalCode" entityIdentifier="V5N">
  <variableValue variable="Place">
    <value valueType="text">Vancouver (South Grandview- Woodlands / NE Kensington)</value>
  </variableValue>
  <variableValue variable="Province">
    <value valueType="text">British Columbia</value>
  </variableValue>
  <variableValue variable="ProvinceCode">
    <value valueType="text">BC</value>
  </variableValue>
  <variableValue variable="Coordinate">
    <value valueType="point">[-123.0667,49.2551]</value>
  </variableValue>
</valueSet>