<valueSet valueTable="CAPostalCodes" entityType="PostalCode" entityIdentifier="V6C">
  <variableValue variable="Place">
    <value valueType="text">Vancouver (Waterfront / Coal Harbour / Canada Place)</value>
  </variableValue>
  <variableValue variable="Province">
    <value valueType="text">British Columbia</value>
  </variableValue>
  <variableValue variable="ProvinceCode">
    <value valueType="text">BC</value>
  </variableValue>
  <variableValue variable="Coordinate">
    <value valueType="point">[-123.1177,49.2869]</value>
  </variableValue>
</valueSet>