<valueSet valueTable="CAPostalCodes" entityType="PostalCode" entityIdentifier="V6W">
  <variableValue variable="Place">
    <value valueType="text">Richmond Southeast</value>
  </variableValue>
  <variableValue variable="Province">
    <value valueType="text">British Columbia</value>
  </variableValue>
  <variableValue variable="ProvinceCode">
    <value valueType="text">BC</value>
  </variableValue>
  <variableValue variable="Coordinate">
    <value valueType="point">[-123.048,49.1534]</value>
  </variableValue>
</valueSet>