<valueSet valueTable="CAPostalCodes" entityType="PostalCode" entityIdentifier="E6K">
  <variableValue variable="Place">
    <value valueType="text">Harvey</value>
  </variableValue>
  <variableValue variable="Province">
    <value valueType="text">New Brunswick</value>
  </variableValue>
  <variableValue variable="ProvinceCode">
    <value valueType="text">NB</value>
  </variableValue>
  <variableValue variable="Coordinate">
    <value valueType="point">[-67.0064,45.729]</value>
  </variableValue>
</valueSet>