<valueSet valueTable="CAPostalCodes" entityType="PostalCode" entityIdentifier="T2C">
  <variableValue variable="Place">
    <value valueType="text">Calgary (Lynnwood Ridge / Ogden / Foothills Industrial / Great Plains)</value>
  </variableValue>
  <variableValue variable="Province">
    <value valueType="text">Alberta</value>
  </variableValue>
  <variableValue variable="ProvinceCode">
    <value valueType="text">AB</value>
  </variableValue>
  <variableValue variable="Coordinate">
    <value valueType="point">[-113.9634,50.987]</value>
  </variableValue>
</valueSet>