<valueSet valueTable="CAPostalCodes" entityType="PostalCode" entityIdentifier="V9H">
  <variableValue variable="Place">
    <value valueType="text">Campbell River Outskirts</value>
  </variableValue>
  <variableValue variable="Province">
    <value valueType="text">British Columbia</value>
  </variableValue>
  <variableValue variable="ProvinceCode">
    <value valueType="text">BC</value>
  </variableValue>
  <variableValue variable="Coordinate">
    <value valueType="point">[-125.5862,49.9088]</value>
  </variableValue>
</valueSet>