<valueSet valueTable="CAPostalCodes" entityType="PostalCode" entityIdentifier="E6G">
  <variableValue variable="Place">
    <value valueType="text">Nackawic</value>
  </variableValue>
  <variableValue variable="Province">
    <value valueType="text">New Brunswick</value>
  </variableValue>
  <variableValue variable="ProvinceCode">
    <value valueType="text">NB</value>
  </variableValue>
  <variableValue variable="Coordinate">
    <value valueType="point">[-67.2403,45.9967]</value>
  </variableValue>
</valueSet>