<valueSet valueTable="CAPostalCodes" entityType="PostalCode" entityIdentifier="R3M">
  <variableValue variable="Place">
    <value valueType="text">Winnipeg (River Heights Central)</value>
  </variableValue>
  <variableValue variable="Province">
    <value valueType="text">Manitoba</value>
  </variableValue>
  <variableValue variable="ProvinceCode">
    <value valueType="text">MB</value>
  </variableValue>
  <variableValue variable="Coordinate">
    <value valueType="point">[-97.1665,49.8625]</value>
  </variableValue>
</valueSet>