<valueSet valueTable="CAPostalCodes" entityType="PostalCode" entityIdentifier="E5C">
  <variableValue variable="Place">
    <value valueType="text">St. George</value>
  </variableValue>
  <variableValue variable="Province">
    <value valueType="text">New Brunswick</value>
  </variableValue>
  <variableValue variable="ProvinceCode">
    <value valueType="text">NB</value>
  </variableValue>
  <variableValue variable="Coordinate">
    <value valueType="point">[-66.8314,45.1265]</value>
  </variableValue>
</valueSet>