<valueSet valueTable="CAPostalCodes" entityType="PostalCode" entityIdentifier="R2E">
  <variableValue variable="Place">
    <value valueType="text">East St. Paul</value>
  </variableValue>
  <variableValue variable="Province">
    <value valueType="text">Manitoba</value>
  </variableValue>
  <variableValue variable="ProvinceCode">
    <value valueType="text">MB</value>
  </variableValue>
  <variableValue variable="Coordinate">
    <value valueType="point">[-97.0128,49.9791]</value>
  </variableValue>
</valueSet>