<valueSet valueTable="CAPostalCodes" entityType="PostalCode" entityIdentifier="V5V">
  <variableValue variable="Place">
    <value valueType="text">Vancouver (West Kensington / NE Riley Park- Little Mountain)</value>
  </variableValue>
  <variableValue variable="Province">
    <value valueType="text">British Columbia</value>
  </variableValue>
  <variableValue variable="ProvinceCode">
    <value valueType="text">BC</value>
  </variableValue>
  <variableValue variable="Coordinate">
    <value valueType="point">[-123.0913,49.248]</value>
  </variableValue>
</valueSet>