<valueSet valueTable="CAPostalCodes" entityType="PostalCode" entityIdentifier="V1W">
  <variableValue variable="Place">
    <value valueType="text">Kelowna Southwest</value>
  </variableValue>
  <variableValue variable="Province">
    <value valueType="text">British Columbia</value>
  </variableValue>
  <variableValue variable="ProvinceCode">
    <value valueType="text">BC</value>
  </variableValue>
  <variableValue variable="Coordinate">
    <value valueType="point">[-119.5076,49.812]</value>
  </variableValue>
</valueSet>