<valueSet valueTable="CAPostalCodes" entityType="PostalCode" entityIdentifier="V2H">
  <variableValue variable="Place">
    <value valueType="text">Kamloops North</value>
  </variableValue>
  <variableValue variable="Province">
    <value valueType="text">British Columbia</value>
  </variableValue>
  <variableValue variable="ProvinceCode">
    <value valueType="text">BC</value>
  </variableValue>
  <variableValue variable="Coordinate">
    <value valueType="point">[-120.1659,50.7262]</value>
  </variableValue>
</valueSet>