<valueSet valueTable="CAPostalCodes" entityType="PostalCode" entityIdentifier="E4B">
  <variableValue variable="Place">
    <value valueType="text">Minto</value>
  </variableValue>
  <variableValue variable="Province">
    <value valueType="text">New Brunswick</value>
  </variableValue>
  <variableValue variable="ProvinceCode">
    <value valueType="text">NB</value>
  </variableValue>
  <variableValue variable="Coordinate">
    <value valueType="point">[-66.0622,46.0848]</value>
  </variableValue>
</valueSet>