<valueSet valueTable="CAPostalCodes" entityType="PostalCode" entityIdentifier="T4R">
  <variableValue variable="Place">
    <value valueType="text">Red Deer South</value>
  </variableValue>
  <variableValue variable="Province">
    <value valueType="text">Alberta</value>
  </variableValue>
  <variableValue variable="ProvinceCode">
    <value valueType="text">AB</value>
  </variableValue>
  <variableValue variable="Coordinate">
    <value valueType="point">[-113.7784,52.2424]</value>
  </variableValue>
</valueSet>