<valueSet valueTable="CAPostalCodes" entityType="PostalCode" entityIdentifier="T4B">
  <variableValue variable="Place">
    <value valueType="text">Airdrie West</value>
  </variableValue>
  <variableValue variable="Province">
    <value valueType="text">Alberta</value>
  </variableValue>
  <variableValue variable="ProvinceCode">
    <value valueType="text">AB</value>
  </variableValue>
  <variableValue variable="Coordinate">
    <value valueType="point">[-114.0398,51.3082]</value>
  </variableValue>
</valueSet>