<valueSet valueTable="CAPostalCodes" entityType="PostalCode" entityIdentifier="V7X">
  <variableValue variable="Place">
    <value valueType="text">Vancouver (Bentall Centre)</value>
  </variableValue>
  <variableValue variable="Province">
    <value valueType="text">British Columbia</value>
  </variableValue>
  <variableValue variable="ProvinceCode">
    <value valueType="text">BC</value>
  </variableValue>
  <variableValue variable="Coordinate">
    <value valueType="point">[-123.1162,49.2935]</value>
  </variableValue>
</valueSet>