<valueSet valueTable="CAPostalCodes" entityType="PostalCode" entityIdentifier="V7H">
  <variableValue variable="Place">
    <value valueType="text">North Vancouver Inner East</value>
  </variableValue>
  <variableValue variable="Province">
    <value valueType="text">British Columbia</value>
  </variableValue>
  <variableValue variable="ProvinceCode">
    <value valueType="text">BC</value>
  </variableValue>
  <variableValue variable="Coordinate">
    <value valueType="point">[-122.9802,49.3551]</value>
  </variableValue>
</valueSet>