<valueSet valueTable="CAPostalCodes" entityType="PostalCode" entityIdentifier="R3W">
  <variableValue variable="Place">
    <value valueType="text">Winnipeg (Grassie / Pequis)</value>
  </variableValue>
  <variableValue variable="Province">
    <value valueType="text">Manitoba</value>
  </variableValue>
  <variableValue variable="ProvinceCode">
    <value valueType="text">MB</value>
  </variableValue>
  <variableValue variable="Coordinate">
    <value valueType="point">[-97.0401,49.9141]</value>
  </variableValue>
</valueSet>