<valueSet valueTable="CAPostalCodes" entityType="PostalCode" entityIdentifier="E2M">
  <variableValue variable="Place">
    <value valueType="text">Saint John West</value>
  </variableValue>
  <variableValue variable="Province">
    <value valueType="text">New Brunswick</value>
  </variableValue>
  <variableValue variable="ProvinceCode">
    <value valueType="text">NB</value>
  </variableValue>
  <variableValue variable="Coordinate">
    <value valueType="point">[-66.1749,45.2347]</value>
  </variableValue>
</valueSet>