<valueSet valueTable="CAPostalCodes" entityType="PostalCode" entityIdentifier="V1L">
  <variableValue variable="Place">
    <value valueType="text">Nelson</value>
  </variableValue>
  <variableValue variable="Province">
    <value valueType="text">British Columbia</value>
  </variableValue>
  <variableValue variable="ProvinceCode">
    <value valueType="text">BC</value>
  </variableValue>
  <variableValue variable="Coordinate">
    <value valueType="point">[-117.2855,49.4999]</value>
  </variableValue>
</valueSet>