<valueSet valueTable="CAPostalCodes" entityType="PostalCode" entityIdentifier="E4M">
  <variableValue variable="Place">
    <value valueType="text">Bayfield</value>
  </variableValue>
  <variableValue variable="Province">
    <value valueType="text">New Brunswick</value>
  </variableValue>
  <variableValue variable="ProvinceCode">
    <value valueType="text">NB</value>
  </variableValue>
  <variableValue variable="Coordinate">
    <value valueType="point">[-64.0173,46.0919]</value>
  </variableValue>
</valueSet>