<valueSet valueTable="CAPostalCodes" entityType="PostalCode" entityIdentifier="T1K">
  <variableValue variable="Place">
    <value valueType="text">Lethbridge Southeast</value>
  </variableValue>
  <variableValue variable="Province">
    <value valueType="text">Alberta</value>
  </variableValue>
  <variableValue variable="ProvinceCode">
    <value valueType="text">AB</value>
  </variableValue>
  <variableValue variable="Coordinate">
    <value valueType="point">[-112.8351,49.6511]</value>
  </variableValue>
</valueSet>