<valueSet valueTable="CAPostalCodes" entityType="PostalCode" entityIdentifier="V9S">
  <variableValue variable="Place">
    <value valueType="text">Nanaimo Central</value>
  </variableValue>
  <variableValue variable="Province">
    <value valueType="text">British Columbia</value>
  </variableValue>
  <variableValue variable="ProvinceCode">
    <value valueType="text">BC</value>
  </variableValue>
  <variableValue variable="Coordinate">
    <value valueType="point">[-123.963,49.1886]</value>
  </variableValue>
</valueSet>