<valueSet valueTable="CAPostalCodes" entityType="PostalCode" entityIdentifier="V1T">
  <variableValue variable="Place">
    <value valueType="text">Vernon Central</value>
  </variableValue>
  <variableValue variable="Province">
    <value valueType="text">British Columbia</value>
  </variableValue>
  <variableValue variable="ProvinceCode">
    <value valueType="text">BC</value>
  </variableValue>
  <variableValue variable="Coordinate">
    <value valueType="point">[-119.2774,50.2604]</value>
  </variableValue>
</valueSet>