<valueSet valueTable="CAPostalCodes" entityType="PostalCode" entityIdentifier="T8G">
  <variableValue variable="Place">
    <value valueType="text">Sherwood Park East</value>
  </variableValue>
  <variableValue variable="Province">
    <value valueType="text">Alberta</value>
  </variableValue>
  <variableValue variable="ProvinceCode">
    <value valueType="text">AB</value>
  </variableValue>
  <variableValue variable="Coordinate">
    <value valueType="point">[-112.9529,53.5052]</value>
  </variableValue>
</valueSet>