<valueSet valueTable="CAPostalCodes" entityType="PostalCode" entityIdentifier="T0G">
  <variableValue variable="Place">
    <value valueType="text">North Central Alberta (Slave Lake)</value>
  </variableValue>
  <variableValue variable="Province">
    <value valueType="text">Alberta</value>
  </variableValue>
  <variableValue variable="ProvinceCode">
    <value valueType="text">AB</value>
  </variableValue>
  <variableValue variable="Coordinate">
    <value valueType="point">[-114.4529,55.6993]</value>
  </variableValue>
</valueSet>