<valueSet valueTable="CAPostalCodes" entityType="PostalCode" entityIdentifier="V0N">
  <variableValue variable="Place">
    <value valueType="text">North Island, Sunshine Coast, and Southern Gulf Islands (Whistler)</value>
  </variableValue>
  <variableValue variable="Province">
    <value valueType="text">British Columbia</value>
  </variableValue>
  <variableValue variable="ProvinceCode">
    <value valueType="text">BC</value>
  </variableValue>
  <variableValue variable="Coordinate">
    <value valueType="point">[-125.1793,50.5838]</value>
  </variableValue>
</valueSet>