<valueSet valueTable="CAPostalCodes" entityType="PostalCode" entityIdentifier="V9P">
  <variableValue variable="Place">
    <value valueType="text">Parksville</value>
  </variableValue>
  <variableValue variable="Province">
    <value valueType="text">British Columbia</value>
  </variableValue>
  <variableValue variable="ProvinceCode">
    <value valueType="text">BC</value>
  </variableValue>
  <variableValue variable="Coordinate">
    <value valueType="point">[-124.3194,49.3163]</value>
  </variableValue>
</valueSet>