<valueSet valueTable="CAPostalCodes" entityType="PostalCode" entityIdentifier="V4C">
  <variableValue variable="Place">
    <value valueType="text">Delta Northeast</value>
  </variableValue>
  <variableValue variable="Province">
    <value valueType="text">British Columbia</value>
  </variableValue>
  <variableValue variable="ProvinceCode">
    <value valueType="text">BC</value>
  </variableValue>
  <variableValue variable="Coordinate">
    <value valueType="point">[-122.9124,49.1551]</value>
  </variableValue>
</valueSet>