<valueSet valueTable="CAPostalCodes" entityType="PostalCode" entityIdentifier="T4V">
  <variableValue variable="Place">
    <value valueType="text">Camrose</value>
  </variableValue>
  <variableValue variable="Province">
    <value valueType="text">Alberta</value>
  </variableValue>
  <variableValue variable="ProvinceCode">
    <value valueType="text">AB</value>
  </variableValue>
  <variableValue variable="Coordinate">
    <value valueType="point">[-112.8353,53.0168]</value>
  </variableValue>
</valueSet>