<valueSet valueTable="CAPostalCodes" entityType="PostalCode" entityIdentifier="E5V">
  <variableValue variable="Place">
    <value valueType="text">Deer Island</value>
  </variableValue>
  <variableValue variable="Province">
    <value valueType="text">New Brunswick</value>
  </variableValue>
  <variableValue variable="ProvinceCode">
    <value valueType="text">NB</value>
  </variableValue>
  <variableValue variable="Coordinate">
    <value valueType="point">[-66.9694,44.9862]</value>
  </variableValue>
</valueSet>