<valueSet valueTable="CAPostalCodes" entityType="PostalCode" entityIdentifier="V2K">
  <variableValue variable="Place">
    <value valueType="text">Prince George North</value>
  </variableValue>
  <variableValue variable="Province">
    <value valueType="text">British Columbia</value>
  </variableValue>
  <variableValue variable="ProvinceCode">
    <value valueType="text">BC</value>
  </variableValue>
  <variableValue variable="Coordinate">
    <value valueType="point">[-122.9221,54.0508]</value>
  </variableValue>
</valueSet>