<valueSet valueTable="CAPostalCodes" entityType="PostalCode" entityIdentifier="E5H">
  <variableValue variable="Place">
    <value valueType="text">Pennfield</value>
  </variableValue>
  <variableValue variable="Province">
    <value valueType="text">New Brunswick</value>
  </variableValue>
  <variableValue variable="ProvinceCode">
    <value valueType="text">NB</value>
  </variableValue>
  <variableValue variable="Coordinate">
    <value valueType="point">[-66.6822,45.1168]</value>
  </variableValue>
</valueSet>