<valueSet valueTable="CAPostalCodes" entityType="PostalCode" entityIdentifier="V6B">
  <variableValue variable="Place">
    <value valueType="text">Vancouver (NE Downtown / Harbour Centre / Gastown / Yaletown)</value>
  </variableValue>
  <variableValue variable="Province">
    <value valueType="text">British Columbia</value>
  </variableValue>
  <variableValue variable="ProvinceCode">
    <value valueType="text">BC</value>
  </variableValue>
  <variableValue variable="Coordinate">
    <value valueType="point">[-123.1139,49.2788]</value>
  </variableValue>
</valueSet>