<valueSet valueTable="CAPostalCodes" entityType="PostalCode" entityIdentifier="E2E">
  <variableValue variable="Place">
    <value valueType="text">Rothesay, Quispamsis</value>
  </variableValue>
  <variableValue variable="Province">
    <value valueType="text">New Brunswick</value>
  </variableValue>
  <variableValue variable="ProvinceCode">
    <value valueType="text">NB</value>
  </variableValue>
  <variableValue variable="Coordinate">
    <value valueType="point">[-65.982,45.4137]</value>
  </variableValue>
</valueSet>