<valueSet valueTable="CAPostalCodes" entityType="PostalCode" entityIdentifier="T1A">
  <variableValue variable="Place">
    <value valueType="text">Medicine Hat Central</value>
  </variableValue>
  <variableValue variable="Province">
    <value valueType="text">Alberta</value>
  </variableValue>
  <variableValue variable="ProvinceCode">
    <value valueType="text">AB</value>
  </variableValue>
  <variableValue variable="Coordinate">
    <value valueType="point">[-110.5788,50.0816]</value>
  </variableValue>
</valueSet>