<valueSet valueTable="CAPostalCodes" entityType="PostalCode" entityIdentifier="V8M">
  <variableValue variable="Place">
    <value valueType="text">Central Saanich</value>
  </variableValue>
  <variableValue variable="Province">
    <value valueType="text">British Columbia</value>
  </variableValue>
  <variableValue variable="ProvinceCode">
    <value valueType="text">BC</value>
  </variableValue>
  <variableValue variable="Coordinate">
    <value valueType="point">[-123.4193,48.5663]</value>
  </variableValue>
</valueSet>