<valueSet valueTable="CAPostalCodes" entityType="PostalCode" entityIdentifier="E2G">
  <variableValue variable="Place">
    <value valueType="text">Quispamsis</value>
  </variableValue>
  <variableValue variable="Province">
    <value valueType="text">New Brunswick</value>
  </variableValue>
  <variableValue variable="ProvinceCode">
    <value valueType="text">NB</value>
  </variableValue>
  <variableValue variable="Coordinate">
    <value valueType="point">[-65.931,45.4534]</value>
  </variableValue>
</valueSet>