<valueSet valueTable="CAPostalCodes" entityType="PostalCode" entityIdentifier="T9H">
  <variableValue variable="Place">
    <value valueType="text">Fort McMurray Outer Central</value>
  </variableValue>
  <variableValue variable="Province">
    <value valueType="text">Alberta</value>
  </variableValue>
  <variableValue variable="ProvinceCode">
    <value valueType="text">AB</value>
  </variableValue>
  <variableValue variable="Coordinate">
    <value valueType="point">[-111.1357,56.664]</value>
  </variableValue>
</valueSet>