<valueSet valueTable="CAPostalCodes" entityType="PostalCode" entityIdentifier="T5X">
  <variableValue variable="Place">
    <value valueType="text">Edmonton (East Castledowns)</value>
  </variableValue>
  <variableValue variable="Province">
    <value valueType="text">Alberta</value>
  </variableValue>
  <variableValue variable="ProvinceCode">
    <value valueType="text">AB</value>
  </variableValue>
  <variableValue variable="Coordinate">
    <value valueType="point">[-113.5245,53.6313]</value>
  </variableValue>
</valueSet>