<valueSet valueTable="CAPostalCodes" entityType="PostalCode" entityIdentifier="E1B">
  <variableValue variable="Place">
    <value valueType="text">Riverview</value>
  </variableValue>
  <variableValue variable="Province">
    <value valueType="text">New Brunswick</value>
  </variableValue>
  <variableValue variable="ProvinceCode">
    <value valueType="text">NB</value>
  </variableValue>
  <variableValue variable="Coordinate">
    <value valueType="point">[-64.816,46.0545]</value>
  </variableValue>
</valueSet>