<valueSet valueTable="CAPostalCodes" entityType="PostalCode" entityIdentifier="E2A">
  <variableValue variable="Place">
    <value valueType="text">Bathurst</value>
  </variableValue>
  <variableValue variable="Province">
    <value valueType="text">New Brunswick</value>
  </variableValue>
  <variableValue variable="ProvinceCode">
    <value valueType="text">NB</value>
  </variableValue>
  <variableValue variable="Coordinate">
    <value valueType="point">[-65.6511,47.6181]</value>
  </variableValue>
</valueSet>