<valueSet valueTable="CAPostalCodes" entityType="PostalCode" entityIdentifier="T2T">
  <variableValue variable="Place">
    <value valueType="text">Calgary South (Altadore / Bankview / Richmond)</value>
  </variableValue>
  <variableValue variable="Province">
    <value valueType="text">Alberta</value>
  </variableValue>
  <variableValue variable="ProvinceCode">
    <value valueType="text">AB</value>
  </variableValue>
  <variableValue variable="Coordinate">
    <value valueType="point">[-114.1004,51.0242]</value>
  </variableValue>
</valueSet>