<valueSet valueTable="CAPostalCodes" entityType="PostalCode" entityIdentifier="R3N">
  <variableValue variable="Place">
    <value valueType="text">Winnipeg (River Heights West)</value>
  </variableValue>
  <variableValue variable="Province">
    <value valueType="text">Manitoba</value>
  </variableValue>
  <variableValue variable="ProvinceCode">
    <value valueType="text">MB</value>
  </variableValue>
  <variableValue variable="Coordinate">
    <value valueType="point">[-97.1959,49.8629]</value>
  </variableValue>
</valueSet>