<valueSet valueTable="CAPostalCodes" entityType="PostalCode" entityIdentifier="T3B">
  <variableValue variable="Place">
    <value valueType="text">Calgary (Montgomery / Bowness / Silver Springs / Greenwood)</value>
  </variableValue>
  <variableValue variable="Province">
    <value valueType="text">Alberta</value>
  </variableValue>
  <variableValue variable="ProvinceCode">
    <value valueType="text">AB</value>
  </variableValue>
  <variableValue variable="Coordinate">
    <value valueType="point">[-114.2073,51.0915]</value>
  </variableValue>
</valueSet>