<valueSet valueTable="CAPostalCodes" entityType="PostalCode" entityIdentifier="T5K">
  <variableValue variable="Place">
    <value valueType="text">Edmonton (South Downtown / South Downtown Fringe)</value>
  </variableValue>
  <variableValue variable="Province">
    <value valueType="text">Alberta</value>
  </variableValue>
  <variableValue variable="ProvinceCode">
    <value valueType="text">AB</value>
  </variableValue>
  <variableValue variable="Coordinate">
    <value valueType="point">[-113.5103,53.5366]</value>
  </variableValue>
</valueSet>