<valueSet valueTable="CAPostalCodes" entityType="PostalCode" entityIdentifier="T3H">
  <variableValue variable="Place">
    <value valueType="text">Calgary (Discovery Ridge / Signal Hill / Aspen Woods / Patterson / Cougar Ridge)</value>
  </variableValue>
  <variableValue variable="Province">
    <value valueType="text">Alberta</value>
  </variableValue>
  <variableValue variable="ProvinceCode">
    <value valueType="text">AB</value>
  </variableValue>
  <variableValue variable="Coordinate">
    <value valueType="point">[-114.2,51.0419]</value>
  </variableValue>
</valueSet>