<valueSet valueTable="CAPostalCodes" entityType="PostalCode" entityIdentifier="T3M">
  <variableValue variable="Place">
    <value valueType="text">Calgary (Cranston)</value>
  </variableValue>
  <variableValue variable="Province">
    <value valueType="text">Alberta</value>
  </variableValue>
  <variableValue variable="ProvinceCode">
    <value valueType="text">AB</value>
  </variableValue>
  <variableValue variable="Coordinate">
    <value valueType="point">[-113.9555,50.8796]</value>
  </variableValue>
</valueSet>