<valueSet valueTable="CAPostalCodes" entityType="PostalCode" entityIdentifier="T6G">
  <variableValue variable="Place">
    <value valueType="text">Edmonton (West University / Strathcona Place)</value>
  </variableValue>
  <variableValue variable="Province">
    <value valueType="text">Alberta</value>
  </variableValue>
  <variableValue variable="ProvinceCode">
    <value valueType="text">AB</value>
  </variableValue>
  <variableValue variable="Coordinate">
    <value valueType="point">[-113.5324,53.521]</value>
  </variableValue>
</valueSet>