<valueSet valueTable="CAPostalCodes" entityType="PostalCode" entityIdentifier="R3A">
  <variableValue variable="Place">
    <value valueType="text">Winnipeg (Centennial)</value>
  </variableValue>
  <variableValue variable="Province">
    <value valueType="text">Manitoba</value>
  </variableValue>
  <variableValue variable="ProvinceCode">
    <value valueType="text">MB</value>
  </variableValue>
  <variableValue variable="Coordinate">
    <value valueType="point">[-97.1489,49.9038]</value>
  </variableValue>
</valueSet>