<valueSet valueTable="CAPostalCodes" entityType="PostalCode" entityIdentifier="V7C">
  <variableValue variable="Place">
    <value valueType="text">Richmond West</value>
  </variableValue>
  <variableValue variable="Province">
    <value valueType="text">British Columbia</value>
  </variableValue>
  <variableValue variable="ProvinceCode">
    <value valueType="text">BC</value>
  </variableValue>
  <variableValue variable="Coordinate">
    <value valueType="point">[-123.1721,49.1626]</value>
  </variableValue>
</valueSet>