<valueSet valueTable="CAPostalCodes" entityType="PostalCode" entityIdentifier="R5H">
  <variableValue variable="Place">
    <value valueType="text">Ste. Anne</value>
  </variableValue>
  <variableValue variable="Province">
    <value valueType="text">Manitoba</value>
  </variableValue>
  <variableValue variable="ProvinceCode">
    <value valueType="text">MB</value>
  </variableValue>
  <variableValue variable="Coordinate">
    <value valueType="point">[-96.65,49.6697]</value>
  </variableValue>
</valueSet>