<valueSet valueTable="CAPostalCodes" entityType="PostalCode" entityIdentifier="V1M">
  <variableValue variable="Place">
    <value valueType="text">Langley Township North</value>
  </variableValue>
  <variableValue variable="Province">
    <value valueType="text">British Columbia</value>
  </variableValue>
  <variableValue variable="ProvinceCode">
    <value valueType="text">BC</value>
  </variableValue>
  <variableValue variable="Coordinate">
    <value valueType="point">[-122.5792,49.1661]</value>
  </variableValue>
</valueSet>