<valueSet valueTable="CAPostalCodes" entityType="PostalCode" entityIdentifier="T8R">
  <variableValue variable="Place">
    <value valueType="text">Morinville</value>
  </variableValue>
  <variableValue variable="Province">
    <value valueType="text">Alberta</value>
  </variableValue>
  <variableValue variable="ProvinceCode">
    <value valueType="text">AB</value>
  </variableValue>
  <variableValue variable="Coordinate">
    <value valueType="point">[-113.652,53.8001]</value>
  </variableValue>
</valueSet>