<valueSet valueTable="CAPostalCodes" entityType="PostalCode" entityIdentifier="R3T">
  <variableValue variable="Place">
    <value valueType="text">Winnipeg (Fort Garry NE / University of Manitoba)</value>
  </variableValue>
  <variableValue variable="Province">
    <value valueType="text">Manitoba</value>
  </variableValue>
  <variableValue variable="ProvinceCode">
    <value valueType="text">MB</value>
  </variableValue>
  <variableValue variable="Coordinate">
    <value valueType="point">[-97.1531,49.8143]</value>
  </variableValue>
</valueSet>