<valueSet valueTable="CAPostalCodes" entityType="PostalCode" entityIdentifier="E5R">
  <variableValue variable="Place">
    <value valueType="text">St. Martins</value>
  </variableValue>
  <variableValue variable="Province">
    <value valueType="text">New Brunswick</value>
  </variableValue>
  <variableValue variable="ProvinceCode">
    <value valueType="text">NB</value>
  </variableValue>
  <variableValue variable="Coordinate">
    <value valueType="point">[-65.5457,45.351]</value>
  </variableValue>
</valueSet>