<valueSet valueTable="CAPostalCodes" entityType="PostalCode" entityIdentifier="V8W">
  <variableValue variable="Place">
    <value valueType="text">Victoria Central British Columbia Provincial Government</value>
  </variableValue>
  <variableValue variable="Province">
    <value valueType="text">British Columbia</value>
  </variableValue>
  <variableValue variable="ProvinceCode">
    <value valueType="text">BC</value>
  </variableValue>
  <variableValue variable="Coordinate">
    <value valueType="point">[-123.3655,48.4267]</value>
  </variableValue>
</valueSet>