<valueSet valueTable="CAPostalCodes" entityType="PostalCode" entityIdentifier="V1H">
  <variableValue variable="Place">
    <value valueType="text">Vernon West</value>
  </variableValue>
  <variableValue variable="Province">
    <value valueType="text">British Columbia</value>
  </variableValue>
  <variableValue variable="ProvinceCode">
    <value valueType="text">BC</value>
  </variableValue>
  <variableValue variable="Coordinate">
    <value valueType="point">[-119.4975,50.2868]</value>
  </variableValue>
</valueSet>