<valueSet valueTable="CAPostalCodes" entityType="PostalCode" entityIdentifier="V4B">
  <variableValue variable="Place">
    <value valueType="text">White Rock</value>
  </variableValue>
  <variableValue variable="Province">
    <value valueType="text">British Columbia</value>
  </variableValue>
  <variableValue variable="ProvinceCode">
    <value valueType="text">BC</value>
  </variableValue>
  <variableValue variable="Coordinate">
    <value valueType="point">[-122.8058,49.0259]</value>
  </variableValue>
</valueSet>