<valueSet valueTable="CAPostalCodes" entityType="PostalCode" entityIdentifier="R2C">
  <variableValue variable="Place">
    <value valueType="text">Winnipeg (Transcona)</value>
  </variableValue>
  <variableValue variable="Province">
    <value valueType="text">Manitoba</value>
  </variableValue>
  <variableValue variable="ProvinceCode">
    <value valueType="text">MB</value>
  </variableValue>
  <variableValue variable="Coordinate">
    <value valueType="point">[-96.9563,49.9247]</value>
  </variableValue>
</valueSet>