<valueSet valueTable="CAPostalCodes" entityType="PostalCode" entityIdentifier="E4K">
  <variableValue variable="Place">
    <value valueType="text">Dorchester</value>
  </variableValue>
  <variableValue variable="Province">
    <value valueType="text">New Brunswick</value>
  </variableValue>
  <variableValue variable="ProvinceCode">
    <value valueType="text">NB</value>
  </variableValue>
  <variableValue variable="Coordinate">
    <value valueType="point">[-64.508,45.9016]</value>
  </variableValue>
</valueSet>