<valueSet valueTable="CAPostalCodes" entityType="PostalCode" entityIdentifier="V9V">
  <variableValue variable="Place">
    <value valueType="text">Nanaimo Northwest</value>
  </variableValue>
  <variableValue variable="Province">
    <value valueType="text">British Columbia</value>
  </variableValue>
  <variableValue variable="ProvinceCode">
    <value valueType="text">BC</value>
  </variableValue>
  <variableValue variable="Coordinate">
    <value valueType="point">[-124.0227,49.2391]</value>
  </variableValue>
</valueSet>