<valueSet valueTable="CAPostalCodes" entityType="PostalCode" entityIdentifier="T6W">
  <variableValue variable="Place">
    <value valueType="text">Edmonton (Heritage Valley)</value>
  </variableValue>
  <variableValue variable="Province">
    <value valueType="text">Alberta</value>
  </variableValue>
  <variableValue variable="ProvinceCode">
    <value valueType="text">AB</value>
  </variableValue>
  <variableValue variable="Coordinate">
    <value valueType="point">[-113.5785,53.4179]</value>
  </variableValue>
</valueSet>