<valueSet valueTable="CAPostalCodes" entityType="PostalCode" entityIdentifier="T7P">
  <variableValue variable="Place">
    <value valueType="text">Westlock</value>
  </variableValue>
  <variableValue variable="Province">
    <value valueType="text">Alberta</value>
  </variableValue>
  <variableValue variable="ProvinceCode">
    <value valueType="text">AB</value>
  </variableValue>
  <variableValue variable="Coordinate">
    <value valueType="point">[-113.8688,54.1502]</value>
  </variableValue>
</valueSet>