<valueSet valueTable="CAPostalCodes" entityType="PostalCode" entityIdentifier="R3P">
  <variableValue variable="Place">
    <value valueType="text">Winnipeg (Fort Garry NW / Tuxedo)</value>
  </variableValue>
  <variableValue variable="Province">
    <value valueType="text">Manitoba</value>
  </variableValue>
  <variableValue variable="ProvinceCode">
    <value valueType="text">MB</value>
  </variableValue>
  <variableValue variable="Coordinate">
    <value valueType="point">[-97.2182,49.8425]</value>
  </variableValue>
</valueSet>