<valueSet valueTable="CAPostalCodes" entityType="PostalCode" entityIdentifier="T3J">
  <variableValue variable="Place">
    <value valueType="text">Calgary (Martindale / Taradale / Falconridge / Saddle Ridge)</value>
  </variableValue>
  <variableValue variable="Province">
    <value valueType="text">Alberta</value>
  </variableValue>
  <variableValue variable="ProvinceCode">
    <value valueType="text">AB</value>
  </variableValue>
  <variableValue variable="Coordinate">
    <value valueType="point">[-113.9471,51.1188]</value>
  </variableValue>
</valueSet>