<valueSet valueTable="CAPostalCodes" entityType="PostalCode" entityIdentifier="T6M">
  <variableValue variable="Place">
    <value valueType="text">Edmonton Southwest</value>
  </variableValue>
  <variableValue variable="Province">
    <value valueType="text">Alberta</value>
  </variableValue>
  <variableValue variable="ProvinceCode">
    <value valueType="text">AB</value>
  </variableValue>
  <variableValue variable="Coordinate">
    <value valueType="point">[-113.6546,53.4593]</value>
  </variableValue>
</valueSet>