<valueSet valueTable="CAPostalCodes" entityType="PostalCode" entityIdentifier="V3Y">
  <variableValue variable="Place">
    <value valueType="text">Pitt Meadows</value>
  </variableValue>
  <variableValue variable="Province">
    <value valueType="text">British Columbia</value>
  </variableValue>
  <variableValue variable="ProvinceCode">
    <value valueType="text">BC</value>
  </variableValue>
  <variableValue variable="Coordinate">
    <value valueType="point">[-122.6896,49.2212]</value>
  </variableValue>
</valueSet>