<valueSet valueTable="CAPostalCodes" entityType="PostalCode" entityIdentifier="V0E">
  <variableValue variable="Place">
    <value valueType="text">Central Okanagan and High Country (Revelstoke)</value>
  </variableValue>
  <variableValue variable="Province">
    <value valueType="text">British Columbia</value>
  </variableValue>
  <variableValue variable="ProvinceCode">
    <value valueType="text">BC</value>
  </variableValue>
  <variableValue variable="Coordinate">
    <value valueType="point">[-119.2034,51.505]</value>
  </variableValue>
</valueSet>