<valueSet valueTable="CAPostalCodes" entityType="PostalCode" entityIdentifier="R2N">
  <variableValue variable="Place">
    <value valueType="text">Winnipeg (St. Vital SW)</value>
  </variableValue>
  <variableValue variable="Province">
    <value valueType="text">Manitoba</value>
  </variableValue>
  <variableValue variable="ProvinceCode">
    <value valueType="text">MB</value>
  </variableValue>
  <variableValue variable="Coordinate">
    <value valueType="point">[-97.0973,49.7838]</value>
  </variableValue>
</valueSet>