<valueSet valueTable="CAPostalCodes" entityType="PostalCode" entityIdentifier="V0X">
  <variableValue variable="Place">
    <value valueType="text">Similkameen (Hope)</value>
  </variableValue>
  <variableValue variable="Province">
    <value valueType="text">British Columbia</value>
  </variableValue>
  <variableValue variable="ProvinceCode">
    <value valueType="text">BC</value>
  </variableValue>
  <variableValue variable="Coordinate">
    <value valueType="point">[-120.6569,49.3688]</value>
  </variableValue>
</valueSet>