<valueSet valueTable="CAPostalCodes" entityType="PostalCode" entityIdentifier="T3G">
  <variableValue variable="Place">
    <value valueType="text">Calgary (Hawkwood / Arbour Lake / Royal Oak / Rocky Ridge)</value>
  </variableValue>
  <variableValue variable="Province">
    <value valueType="text">Alberta</value>
  </variableValue>
  <variableValue variable="ProvinceCode">
    <value valueType="text">AB</value>
  </variableValue>
  <variableValue variable="Coordinate">
    <value valueType="point">[-114.2015,51.1387]</value>
  </variableValue>
</valueSet>