<valueSet valueTable="CAPostalCodes" entityType="PostalCode" entityIdentifier="V6K">
  <variableValue variable="Place">
    <value valueType="text">Vancouver (Central Kitsilano)</value>
  </variableValue>
  <variableValue variable="Province">
    <value valueType="text">British Columbia</value>
  </variableValue>
  <variableValue variable="ProvinceCode">
    <value valueType="text">BC</value>
  </variableValue>
  <variableValue variable="Coordinate">
    <value valueType="point">[-123.1648,49.2646]</value>
  </variableValue>
</valueSet>