<valueSet valueTable="CAPostalCodes" entityType="PostalCode" entityIdentifier="T8T">
  <variableValue variable="Place">
    <value valueType="text">St. Albert</value>
  </variableValue>
  <variableValue variable="Province">
    <value valueType="text">Alberta</value>
  </variableValue>
  <variableValue variable="ProvinceCode">
    <value valueType="text">AB</value>
  </variableValue>
  <variableValue variable="Coordinate">
    <value valueType="point">[-113.7102,53.6867]</value>
  </variableValue>
</valueSet>