<valueSet valueTable="CAPostalCodes" entityType="PostalCode" entityIdentifier="T8E">
  <variableValue variable="Place">
    <value valueType="text">Sherwood Park Central</value>
  </variableValue>
  <variableValue variable="Province">
    <value valueType="text">Alberta</value>
  </variableValue>
  <variableValue variable="ProvinceCode">
    <value valueType="text">AB</value>
  </variableValue>
  <variableValue variable="Coordinate">
    <value valueType="point">[-113.1022,53.5225]</value>
  </variableValue>
</valueSet>