<valueSet valueTable="CAPostalCodes" entityType="PostalCode" entityIdentifier="V8C">
  <variableValue variable="Place">
    <value valueType="text">Kitimat</value>
  </variableValue>
  <variableValue variable="Province">
    <value valueType="text">British Columbia</value>
  </variableValue>
  <variableValue variable="ProvinceCode">
    <value valueType="text">BC</value>
  </variableValue>
  <variableValue variable="Coordinate">
    <value valueType="point">[-128.6534,54.0524]</value>
  </variableValue>
</valueSet>