<valueSet valueTable="CAPostalCodes" entityType="PostalCode" entityIdentifier="V4L">
  <variableValue variable="Place">
    <value valueType="text">Delta Southeast</value>
  </variableValue>
  <variableValue variable="Province">
    <value valueType="text">British Columbia</value>
  </variableValue>
  <variableValue variable="ProvinceCode">
    <value valueType="text">BC</value>
  </variableValue>
  <variableValue variable="Coordinate">
    <value valueType="point">[-123.0456,49.0449]</value>
  </variableValue>
</valueSet>