<valueSet valueTable="CAPostalCodes" entityType="PostalCode" entityIdentifier="V8G">
  <variableValue variable="Place">
    <value valueType="text">Terrace</value>
  </variableValue>
  <variableValue variable="Province">
    <value valueType="text">British Columbia</value>
  </variableValue>
  <variableValue variable="ProvinceCode">
    <value valueType="text">BC</value>
  </variableValue>
  <variableValue variable="Coordinate">
    <value valueType="point">[-128.6035,54.5163]</value>
  </variableValue>
</valueSet>