<valueSet valueTable="CAPostalCodes" entityType="PostalCode" entityIdentifier="R6M">
  <variableValue variable="Place">
    <value valueType="text">Morden</value>
  </variableValue>
  <variableValue variable="Province">
    <value valueType="text">Manitoba</value>
  </variableValue>
  <variableValue variable="ProvinceCode">
    <value valueType="text">MB</value>
  </variableValue>
  <variableValue variable="Coordinate">
    <value valueType="point">[-98.1014,49.1919]</value>
  </variableValue>
</valueSet>