<valueSet valueTable="CAPostalCodes" entityType="PostalCode" entityIdentifier="T9W">
  <variableValue variable="Place">
    <value valueType="text">Wainwright</value>
  </variableValue>
  <variableValue variable="Province">
    <value valueType="text">Alberta</value>
  </variableValue>
  <variableValue variable="ProvinceCode">
    <value valueType="text">AB</value>
  </variableValue>
  <variableValue variable="Coordinate">
    <value valueType="point">[-110.8572,52.839]</value>
  </variableValue>
</valueSet>