<valueSet valueTable="CAPostalCodes" entityType="PostalCode" entityIdentifier="V1Y">
  <variableValue variable="Place">
    <value valueType="text">Kelowna Central</value>
  </variableValue>
  <variableValue variable="Province">
    <value valueType="text">British Columbia</value>
  </variableValue>
  <variableValue variable="ProvinceCode">
    <value valueType="text">BC</value>
  </variableValue>
  <variableValue variable="Coordinate">
    <value valueType="point">[-119.4852,49.8928]</value>
  </variableValue>
</valueSet>