<valueSet valueTable="CAPostalCodes" entityType="PostalCode" entityIdentifier="V6R">
  <variableValue variable="Place">
    <value valueType="text">Vancouver (West Kitsilano / Jericho)</value>
  </variableValue>
  <variableValue variable="Province">
    <value valueType="text">British Columbia</value>
  </variableValue>
  <variableValue variable="ProvinceCode">
    <value valueType="text">BC</value>
  </variableValue>
  <variableValue variable="Coordinate">
    <value valueType="point">[-123.1976,49.2666]</value>
  </variableValue>
</valueSet>