<valueSet valueTable="CAPostalCodes" entityType="PostalCode" entityIdentifier="R4H">
  <variableValue variable="Place">
    <value valueType="text">Headingley East</value>
  </variableValue>
  <variableValue variable="Province">
    <value valueType="text">Manitoba</value>
  </variableValue>
  <variableValue variable="ProvinceCode">
    <value valueType="text">MB</value>
  </variableValue>
  <variableValue variable="Coordinate">
    <value valueType="point">[-97.3812,49.8761]</value>
  </variableValue>
</valueSet>