<valueSet valueTable="CAPostalCodes" entityType="PostalCode" entityIdentifier="E3E">
  <variableValue variable="Place">
    <value valueType="text">Kingsclear</value>
  </variableValue>
  <variableValue variable="Province">
    <value valueType="text">New Brunswick</value>
  </variableValue>
  <variableValue variable="ProvinceCode">
    <value valueType="text">NB</value>
  </variableValue>
  <variableValue variable="Coordinate">
    <value valueType="point">[-66.9156,45.8834]</value>
  </variableValue>
</valueSet>