<valueSet valueTable="CAPostalCodes" entityType="PostalCode" entityIdentifier="E4V">
  <variableValue variable="Place">
    <value valueType="text">Saint-Antoine</value>
  </variableValue>
  <variableValue variable="Province">
    <value valueType="text">New Brunswick</value>
  </variableValue>
  <variableValue variable="ProvinceCode">
    <value valueType="text">NB</value>
  </variableValue>
  <variableValue variable="Coordinate">
    <value valueType="point">[-64.7499,46.3629]</value>
  </variableValue>
</valueSet>