<valueSet valueTable="CAPostalCodes" entityType="PostalCode" entityIdentifier="E3N">
  <variableValue variable="Place">
    <value valueType="text">Campbellton</value>
  </variableValue>
  <variableValue variable="Province">
    <value valueType="text">New Brunswick</value>
  </variableValue>
  <variableValue variable="ProvinceCode">
    <value valueType="text">NB</value>
  </variableValue>
  <variableValue variable="Coordinate">
    <value valueType="point">[-66.6727,48.0075]</value>
  </variableValue>
</valueSet>