<valueSet valueTable="CAPostalCodes" entityType="PostalCode" entityIdentifier="E4Z">
  <variableValue variable="Place">
    <value valueType="text">Petitcodiac</value>
  </variableValue>
  <variableValue variable="Province">
    <value valueType="text">New Brunswick</value>
  </variableValue>
  <variableValue variable="ProvinceCode">
    <value valueType="text">NB</value>
  </variableValue>
  <variableValue variable="Coordinate">
    <value valueType="point">[-65.1802,45.9394]</value>
  </variableValue>
</valueSet>