<valueSet valueTable="CAPostalCodes" entityType="PostalCode" entityIdentifier="E4S">
  <variableValue variable="Place">
    <value valueType="text">Bouctouche</value>
  </variableValue>
  <variableValue variable="Province">
    <value valueType="text">New Brunswick</value>
  </variableValue>
  <variableValue variable="ProvinceCode">
    <value valueType="text">NB</value>
  </variableValue>
  <variableValue variable="Coordinate">
    <value valueType="point">[-64.739,46.4684]</value>
  </variableValue>
</valueSet>