<valueSet valueTable="CAPostalCodes" entityType="PostalCode" entityIdentifier="E4E">
  <variableValue variable="Place">
    <value valueType="text">Sussex</value>
  </variableValue>
  <variableValue variable="Province">
    <value valueType="text">New Brunswick</value>
  </variableValue>
  <variableValue variable="ProvinceCode">
    <value valueType="text">NB</value>
  </variableValue>
  <variableValue variable="Coordinate">
    <value valueType="point">[-65.5066,45.7227]</value>
  </variableValue>
</valueSet>