<valueSet valueTable="CAPostalCodes" entityType="PostalCode" entityIdentifier="V2N">
  <variableValue variable="Place">
    <value valueType="text">Prince George South</value>
  </variableValue>
  <variableValue variable="Province">
    <value valueType="text">British Columbia</value>
  </variableValue>
  <variableValue variable="ProvinceCode">
    <value valueType="text">BC</value>
  </variableValue>
  <variableValue variable="Coordinate">
    <value valueType="point">[-122.954,53.6408]</value>
  </variableValue>
</valueSet>