<valueSet valueTable="CAPostalCodes" entityType="PostalCode" entityIdentifier="V4N">
  <variableValue variable="Place">
    <value valueType="text">Surrey Northeast</value>
  </variableValue>
  <variableValue variable="Province">
    <value valueType="text">British Columbia</value>
  </variableValue>
  <variableValue variable="ProvinceCode">
    <value valueType="text">BC</value>
  </variableValue>
  <variableValue variable="Coordinate">
    <value valueType="point">[-122.7326,49.1707]</value>
  </variableValue>
</valueSet>