<valueSet valueTable="CAPostalCodes" entityType="PostalCode" entityIdentifier="V4Z">
  <variableValue variable="Place">
    <value valueType="text">Chilliwack East</value>
  </variableValue>
  <variableValue variable="Province">
    <value valueType="text">British Columbia</value>
  </variableValue>
  <variableValue variable="ProvinceCode">
    <value valueType="text">BC</value>
  </variableValue>
  <variableValue variable="Coordinate">
    <value valueType="point">[-121.6098,49.0787]</value>
  </variableValue>
</valueSet>