<valueSet valueTable="CAPostalCodes" entityType="PostalCode" entityIdentifier="R3G">
  <variableValue variable="Place">
    <value valueType="text">Winnipeg (Minto / St. Mathews / Wolseley)</value>
  </variableValue>
  <variableValue variable="Province">
    <value valueType="text">Manitoba</value>
  </variableValue>
  <variableValue variable="ProvinceCode">
    <value valueType="text">MB</value>
  </variableValue>
  <variableValue variable="Coordinate">
    <value valueType="point">[-97.1807,49.8876]</value>
  </variableValue>
</valueSet>