<valueSet valueTable="CAPostalCodes" entityType="PostalCode" entityIdentifier="T5A">
  <variableValue variable="Place">
    <value valueType="text">Edmonton (West Clareview / East Londonderry)</value>
  </variableValue>
  <variableValue variable="Province">
    <value valueType="text">Alberta</value>
  </variableValue>
  <variableValue variable="ProvinceCode">
    <value valueType="text">AB</value>
  </variableValue>
  <variableValue variable="Coordinate">
    <value valueType="point">[-113.4077,53.5931]</value>
  </variableValue>
</valueSet>