<valueSet valueTable="CAPostalCodes" entityType="PostalCode" entityIdentifier="E1J">
  <variableValue variable="Place">
    <value valueType="text">Coverdale</value>
  </variableValue>
  <variableValue variable="Province">
    <value valueType="text">New Brunswick</value>
  </variableValue>
  <variableValue variable="ProvinceCode">
    <value valueType="text">NB</value>
  </variableValue>
  <variableValue variable="Coordinate">
    <value valueType="point">[-64.8483,45.9976]</value>
  </variableValue>
</valueSet>