<valueSet valueTable="CAPostalCodes" entityType="PostalCode" entityIdentifier="T4H">
  <variableValue variable="Place">
    <value valueType="text">Olds</value>
  </variableValue>
  <variableValue variable="Province">
    <value valueType="text">Alberta</value>
  </variableValue>
  <variableValue variable="ProvinceCode">
    <value valueType="text">AB</value>
  </variableValue>
  <variableValue variable="Coordinate">
    <value valueType="point">[-114.102,51.7834]</value>
  </variableValue>
</valueSet>