<valueSet valueTable="CAPostalCodes" entityType="PostalCode" entityIdentifier="V8B">
  <variableValue variable="Place">
    <value valueType="text">Squamish</value>
  </variableValue>
  <variableValue variable="Province">
    <value valueType="text">British Columbia</value>
  </variableValue>
  <variableValue variable="ProvinceCode">
    <value valueType="text">BC</value>
  </variableValue>
  <variableValue variable="Coordinate">
    <value valueType="point">[-123.156,49.7002]</value>
  </variableValue>
</valueSet>