<valueSet valueTable="CAPostalCodes" entityType="PostalCode" entityIdentifier="V9Y">
  <variableValue variable="Place">
    <value valueType="text">Port Alberni</value>
  </variableValue>
  <variableValue variable="Province">
    <value valueType="text">British Columbia</value>
  </variableValue>
  <variableValue variable="ProvinceCode">
    <value valueType="text">BC</value>
  </variableValue>
  <variableValue variable="Coordinate">
    <value valueType="point">[-124.8028,49.2413]</value>
  </variableValue>
</valueSet>