<valueSet valueTable="CAPostalCodes" entityType="PostalCode" entityIdentifier="V6G">
  <variableValue variable="Place">
    <value valueType="text">Vancouver (North West End / Stanley Park)</value>
  </variableValue>
  <variableValue variable="Province">
    <value valueType="text">British Columbia</value>
  </variableValue>
  <variableValue variable="ProvinceCode">
    <value valueType="text">BC</value>
  </variableValue>
  <variableValue variable="Coordinate">
    <value valueType="point">[-123.1408,49.299]</value>
  </variableValue>
</valueSet>