<valueSet valueTable="CAPostalCodes" entityType="PostalCode" entityIdentifier="E7P">
  <variableValue variable="Place">
    <value valueType="text">Hartland</value>
  </variableValue>
  <variableValue variable="Province">
    <value valueType="text">New Brunswick</value>
  </variableValue>
  <variableValue variable="ProvinceCode">
    <value valueType="text">NB</value>
  </variableValue>
  <variableValue variable="Coordinate">
    <value valueType="point">[-67.5167,46.2999]</value>
  </variableValue>
</valueSet>