<valueSet valueTable="CAPostalCodes" entityType="PostalCode" entityIdentifier="T0V">
  <variableValue variable="Place">
    <value valueType="text">Remote Northeast (Fitzgerald)</value>
  </variableValue>
  <variableValue variable="Province">
    <value valueType="text">Alberta</value>
  </variableValue>
  <variableValue variable="ProvinceCode">
    <value valueType="text">AB</value>
  </variableValue>
  <variableValue variable="Coordinate">
    <value valueType="point">[-111.6717,59.9049]</value>
  </variableValue>
</valueSet>