<valueSet valueTable="CAPostalCodes" entityType="PostalCode" entityIdentifier="V7P">
  <variableValue variable="Place">
    <value valueType="text">North Vancouver Southwest</value>
  </variableValue>
  <variableValue variable="Province">
    <value valueType="text">British Columbia</value>
  </variableValue>
  <variableValue variable="ProvinceCode">
    <value valueType="text">BC</value>
  </variableValue>
  <variableValue variable="Coordinate">
    <value valueType="point">[-123.1149,49.322]</value>
  </variableValue>
</valueSet>