<valueSet valueTable="CAPostalCodes" entityType="PostalCode" entityIdentifier="T1J">
  <variableValue variable="Place">
    <value valueType="text">Lethbridge West and Central</value>
  </variableValue>
  <variableValue variable="Province">
    <value valueType="text">Alberta</value>
  </variableValue>
  <variableValue variable="ProvinceCode">
    <value valueType="text">AB</value>
  </variableValue>
  <variableValue variable="Coordinate">
    <value valueType="point">[-112.7484,49.6581]</value>
  </variableValue>
</valueSet>