<valueSet valueTable="CAPostalCodes" entityType="PostalCode" entityIdentifier="R3R">
  <variableValue variable="Place">
    <value valueType="text">Winnipeg (Assiniboine South / Betsworth)</value>
  </variableValue>
  <variableValue variable="Province">
    <value valueType="text">Manitoba</value>
  </variableValue>
  <variableValue variable="ProvinceCode">
    <value valueType="text">MB</value>
  </variableValue>
  <variableValue variable="Coordinate">
    <value valueType="point">[-97.2874,49.8546]</value>
  </variableValue>
</valueSet>