<valueSet valueTable="CAPostalCodes" entityType="PostalCode" entityIdentifier="E3L">
  <variableValue variable="Place">
    <value valueType="text">St. Stephen</value>
  </variableValue>
  <variableValue variable="Province">
    <value valueType="text">New Brunswick</value>
  </variableValue>
  <variableValue variable="ProvinceCode">
    <value valueType="text">NB</value>
  </variableValue>
  <variableValue variable="Coordinate">
    <value valueType="point">[-67.2953,45.1804]</value>
  </variableValue>
</valueSet>