<valueSet valueTable="CAPostalCodes" entityType="PostalCode" entityIdentifier="V5B">
  <variableValue variable="Place">
    <value valueType="text">Burnaby (Parkcrest-Aubrey / Ardingley-Sprott)</value>
  </variableValue>
  <variableValue variable="Province">
    <value valueType="text">British Columbia</value>
  </variableValue>
  <variableValue variable="ProvinceCode">
    <value valueType="text">BC</value>
  </variableValue>
  <variableValue variable="Coordinate">
    <value valueType="point">[-122.9761,49.2769]</value>
  </variableValue>
</valueSet>