<valueSet valueTable="CAPostalCodes" entityType="PostalCode" entityIdentifier="R5A">
  <variableValue variable="Place">
    <value valueType="text">St. Adolphe</value>
  </variableValue>
  <variableValue variable="Province">
    <value valueType="text">Manitoba</value>
  </variableValue>
  <variableValue variable="ProvinceCode">
    <value valueType="text">MB</value>
  </variableValue>
  <variableValue variable="Coordinate">
    <value valueType="point">[-97.0836,49.712]</value>
  </variableValue>
</valueSet>