<valueSet valueTable="CAPostalCodes" entityType="PostalCode" entityIdentifier="V0H">
  <variableValue variable="Place">
    <value valueType="text">South Okanagan (Summerland)</value>
  </variableValue>
  <variableValue variable="Province">
    <value valueType="text">British Columbia</value>
  </variableValue>
  <variableValue variable="ProvinceCode">
    <value valueType="text">BC</value>
  </variableValue>
  <variableValue variable="Coordinate">
    <value valueType="point">[-119.0054,49.4089]</value>
  </variableValue>
</valueSet>