<valueSet valueTable="CAPostalCodes" entityType="PostalCode" entityIdentifier="T3C">
  <variableValue variable="Place">
    <value valueType="text">Calgary (Rosscarrock / Wildwood / Shaganappi / Sunalta)</value>
  </variableValue>
  <variableValue variable="Province">
    <value valueType="text">Alberta</value>
  </variableValue>
  <variableValue variable="ProvinceCode">
    <value valueType="text">AB</value>
  </variableValue>
  <variableValue variable="Coordinate">
    <value valueType="point">[-114.1394,51.0497]</value>
  </variableValue>
</valueSet>