<valueSet valueTable="CAPostalCodes" entityType="PostalCode" entityIdentifier="V2X">
  <variableValue variable="Place">
    <value valueType="text">Maple Ridge West</value>
  </variableValue>
  <variableValue variable="Province">
    <value valueType="text">British Columbia</value>
  </variableValue>
  <variableValue variable="ProvinceCode">
    <value valueType="text">BC</value>
  </variableValue>
  <variableValue variable="Coordinate">
    <value valueType="point">[-122.6164,49.2196]</value>
  </variableValue>
</valueSet>