<valueSet valueTable="CAPostalCodes" entityType="PostalCode" entityIdentifier="V8A">
  <variableValue variable="Place">
    <value valueType="text">Powell River</value>
  </variableValue>
  <variableValue variable="Province">
    <value valueType="text">British Columbia</value>
  </variableValue>
  <variableValue variable="ProvinceCode">
    <value valueType="text">BC</value>
  </variableValue>
  <variableValue variable="Coordinate">
    <value valueType="point">[-124.3226,50.0163]</value>
  </variableValue>
</valueSet>