<valueSet valueTable="CAPostalCodes" entityType="PostalCode" entityIdentifier="T6S">
  <variableValue variable="Place">
    <value valueType="text">Edmonton (North Clover Bar)</value>
  </variableValue>
  <variableValue variable="Province">
    <value valueType="text">Alberta</value>
  </variableValue>
  <variableValue variable="ProvinceCode">
    <value valueType="text">AB</value>
  </variableValue>
  <variableValue variable="Coordinate">
    <value valueType="point">[-113.3374,53.5806]</value>
  </variableValue>
</valueSet>