<valueSet valueTable="CAPostalCodes" entityType="PostalCode" entityIdentifier="T8V">
  <variableValue variable="Place">
    <value valueType="text">Grande Prairie Central</value>
  </variableValue>
  <variableValue variable="Province">
    <value valueType="text">Alberta</value>
  </variableValue>
  <variableValue variable="ProvinceCode">
    <value valueType="text">AB</value>
  </variableValue>
  <variableValue variable="Coordinate">
    <value valueType="point">[-118.7582,55.173]</value>
  </variableValue>
</valueSet>