<valueSet valueTable="CAPostalCodes" entityType="PostalCode" entityIdentifier="V1E">
  <variableValue variable="Place">
    <value valueType="text">Salmon Arm</value>
  </variableValue>
  <variableValue variable="Province">
    <value valueType="text">British Columbia</value>
  </variableValue>
  <variableValue variable="ProvinceCode">
    <value valueType="text">BC</value>
  </variableValue>
  <variableValue variable="Coordinate">
    <value valueType="point">[-119.2691,50.6998]</value>
  </variableValue>
</valueSet>