<valueSet valueTable="CAPostalCodes" entityType="PostalCode" entityIdentifier="R0L">
  <variableValue variable="Place">
    <value valueType="text">Western Manitoba (Swan River)</value>
  </variableValue>
  <variableValue variable="Province">
    <value valueType="text">Manitoba</value>
  </variableValue>
  <variableValue variable="ProvinceCode">
    <value valueType="text">MB</value>
  </variableValue>
  <variableValue variable="Coordinate">
    <value valueType="point">[-100.2901,52.0092]</value>
  </variableValue>
</valueSet>