<valueSet valueTable="CAPostalCodes" entityType="PostalCode" entityIdentifier="T2L">
  <variableValue variable="Place">
    <value valueType="text">Calgary (Brentwood / Collingwood / Nose Hill)</value>
  </variableValue>
  <variableValue variable="Province">
    <value valueType="text">Alberta</value>
  </variableValue>
  <variableValue variable="ProvinceCode">
    <value valueType="text">AB</value>
  </variableValue>
  <variableValue variable="Coordinate">
    <value valueType="point">[-114.1148,51.1047]</value>
  </variableValue>
</valueSet>