<valueSet valueTable="CAPostalCodes" entityType="PostalCode" entityIdentifier="V3J">
  <variableValue variable="Place">
    <value valueType="text">Coquitlam North</value>
  </variableValue>
  <variableValue variable="Province">
    <value valueType="text">British Columbia</value>
  </variableValue>
  <variableValue variable="ProvinceCode">
    <value valueType="text">BC</value>
  </variableValue>
  <variableValue variable="Coordinate">
    <value valueType="point">[-122.8716,49.265]</value>
  </variableValue>
</valueSet>