<valueSet valueTable="CAPostalCodes" entityType="PostalCode" entityIdentifier="T6K">
  <variableValue variable="Place">
    <value valueType="text">Edmonton (West Mill Woods)</value>
  </variableValue>
  <variableValue variable="Province">
    <value valueType="text">Alberta</value>
  </variableValue>
  <variableValue variable="ProvinceCode">
    <value valueType="text">AB</value>
  </variableValue>
  <variableValue variable="Coordinate">
    <value valueType="point">[-113.4519,53.4609]</value>
  </variableValue>
</valueSet>