<valueSet valueTable="CAPostalCodes" entityType="PostalCode" entityIdentifier="T6V">
  <variableValue variable="Place">
    <value valueType="text">Edmonton (West Castledowns)</value>
  </variableValue>
  <variableValue variable="Province">
    <value valueType="text">Alberta</value>
  </variableValue>
  <variableValue variable="ProvinceCode">
    <value valueType="text">AB</value>
  </variableValue>
  <variableValue variable="Coordinate">
    <value valueType="point">[-113.5746,53.6112]</value>
  </variableValue>
</valueSet>