<valueSet valueTable="CAPostalCodes" entityType="PostalCode" entityIdentifier="E1G">
  <variableValue variable="Place">
    <value valueType="text">Moncton Northwest</value>
  </variableValue>
  <variableValue variable="Province">
    <value valueType="text">New Brunswick</value>
  </variableValue>
  <variableValue variable="ProvinceCode">
    <value valueType="text">NB</value>
  </variableValue>
  <variableValue variable="Coordinate">
    <value valueType="point">[-64.9484,46.1797]</value>
  </variableValue>
</valueSet>