<valueSet valueTable="CAPostalCodes" entityType="PostalCode" entityIdentifier="R3B">
  <variableValue variable="Place">
    <value valueType="text">Winnipeg (Chinatown / Civic Centre / Exchange District)</value>
  </variableValue>
  <variableValue variable="Province">
    <value valueType="text">Manitoba</value>
  </variableValue>
  <variableValue variable="ProvinceCode">
    <value valueType="text">MB</value>
  </variableValue>
  <variableValue variable="Coordinate">
    <value valueType="point">[-97.1401,49.898]</value>
  </variableValue>
</valueSet>