<valueSet valueTable="CAPostalCodes" entityType="PostalCode" entityIdentifier="R2X">
  <variableValue variable="Place">
    <value valueType="text">Winnipeg (Point Douglas West / Inkster East)</value>
  </variableValue>
  <variableValue variable="Province">
    <value valueType="text">Manitoba</value>
  </variableValue>
  <variableValue variable="ProvinceCode">
    <value valueType="text">MB</value>
  </variableValue>
  <variableValue variable="Coordinate">
    <value valueType="point">[-97.1733,49.9322]</value>
  </variableValue>
</valueSet>