<valueSet valueTable="CAPostalCodes" entityType="PostalCode" entityIdentifier="T4E">
  <variableValue variable="Place">
    <value valueType="text">Red Deer County</value>
  </variableValue>
  <variableValue variable="Province">
    <value valueType="text">Alberta</value>
  </variableValue>
  <variableValue variable="ProvinceCode">
    <value valueType="text">AB</value>
  </variableValue>
  <variableValue variable="Coordinate">
    <value valueType="point">[-113.7239,52.212]</value>
  </variableValue>
</valueSet>