<valueSet valueTable="CAPostalCodes" entityType="PostalCode" entityIdentifier="T7E">
  <variableValue variable="Place">
    <value valueType="text">Edson</value>
  </variableValue>
  <variableValue variable="Province">
    <value valueType="text">Alberta</value>
  </variableValue>
  <variableValue variable="ProvinceCode">
    <value valueType="text">AB</value>
  </variableValue>
  <variableValue variable="Coordinate">
    <value valueType="point">[-116.4356,53.5834]</value>
  </variableValue>
</valueSet>