<valueSet valueTable="CAPostalCodes" entityType="PostalCode" entityIdentifier="V5Y">
  <variableValue variable="Place">
    <value valueType="text">Vancouver (West Mount Pleasant / West Riley Park- Little Mountain)</value>
  </variableValue>
  <variableValue variable="Province">
    <value valueType="text">British Columbia</value>
  </variableValue>
  <variableValue variable="ProvinceCode">
    <value valueType="text">BC</value>
  </variableValue>
  <variableValue variable="Coordinate">
    <value valueType="point">[-123.1104,49.2492]</value>
  </variableValue>
</valueSet>