<valueSet valueTable="CAPostalCodes" entityType="PostalCode" entityIdentifier="V5M">
  <variableValue variable="Place">
    <value valueType="text">Vancouver (South Hastings-Sunrise / North Renfrew- Collingwood)</value>
  </variableValue>
  <variableValue variable="Province">
    <value valueType="text">British Columbia</value>
  </variableValue>
  <variableValue variable="ProvinceCode">
    <value valueType="text">BC</value>
  </variableValue>
  <variableValue variable="Coordinate">
    <value valueType="point">[-123.0398,49.26]</value>
  </variableValue>
</valueSet>