<valueSet valueTable="CAPostalCodes" entityType="PostalCode" entityIdentifier="V7N">
  <variableValue variable="Place">
    <value valueType="text">North Vancouver Northwest Central</value>
  </variableValue>
  <variableValue variable="Province">
    <value valueType="text">British Columbia</value>
  </variableValue>
  <variableValue variable="ProvinceCode">
    <value valueType="text">BC</value>
  </variableValue>
  <variableValue variable="Coordinate">
    <value valueType="point">[-123.0679,49.35]</value>
  </variableValue>
</valueSet>