<valueSet valueTable="CAPostalCodes" entityType="PostalCode" entityIdentifier="T6T">
  <variableValue variable="Place">
    <value valueType="text">Edmonton (Meadows)</value>
  </variableValue>
  <variableValue variable="Province">
    <value valueType="text">Alberta</value>
  </variableValue>
  <variableValue variable="ProvinceCode">
    <value valueType="text">AB</value>
  </variableValue>
  <variableValue variable="Coordinate">
    <value valueType="point">[-113.371,53.4617]</value>
  </variableValue>
</valueSet>