<valueSet valueTable="CAPostalCodes" entityType="PostalCode" entityIdentifier="V8V">
  <variableValue variable="Place">
    <value valueType="text">Victoria South</value>
  </variableValue>
  <variableValue variable="Province">
    <value valueType="text">British Columbia</value>
  </variableValue>
  <variableValue variable="ProvinceCode">
    <value valueType="text">BC</value>
  </variableValue>
  <variableValue variable="Coordinate">
    <value valueType="point">[-123.365,48.4167]</value>
  </variableValue>
</valueSet>