<valueSet valueTable="CAPostalCodes" entityType="PostalCode" entityIdentifier="R7C">
  <variableValue variable="Place">
    <value valueType="text">Brandon North</value>
  </variableValue>
  <variableValue variable="Province">
    <value valueType="text">Manitoba</value>
  </variableValue>
  <variableValue variable="ProvinceCode">
    <value valueType="text">MB</value>
  </variableValue>
  <variableValue variable="Coordinate">
    <value valueType="point">[-99.965,49.8817]</value>
  </variableValue>
</valueSet>