<valueSet valueTable="CAPostalCodes" entityType="PostalCode" entityIdentifier="T3E">
  <variableValue variable="Place">
    <value valueType="text">Calgary (Lakeview / Glendale / Killarney / Glamorgan)</value>
  </variableValue>
  <variableValue variable="Province">
    <value valueType="text">Alberta</value>
  </variableValue>
  <variableValue variable="ProvinceCode">
    <value valueType="text">AB</value>
  </variableValue>
  <variableValue variable="Coordinate">
    <value valueType="point">[-114.1574,50.9899]</value>
  </variableValue>
</valueSet>