<valueSet valueTable="CAPostalCodes" entityType="PostalCode" entityIdentifier="V6E">
  <variableValue variable="Place">
    <value valueType="text">Vancouver (South West End)</value>
  </variableValue>
  <variableValue variable="Province">
    <value valueType="text">British Columbia</value>
  </variableValue>
  <variableValue variable="ProvinceCode">
    <value valueType="text">BC</value>
  </variableValue>
  <variableValue variable="Coordinate">
    <value valueType="point">[-123.1298,49.2833]</value>
  </variableValue>
</valueSet>