<valueSet valueTable="CAPostalCodes" entityType="PostalCode" entityIdentifier="V0P">
  <variableValue variable="Place">
    <value valueType="text">North Central Island and Bute Inlet Region (Gold River)</value>
  </variableValue>
  <variableValue variable="Province">
    <value valueType="text">British Columbia</value>
  </variableValue>
  <variableValue variable="ProvinceCode">
    <value valueType="text">BC</value>
  </variableValue>
  <variableValue variable="Coordinate">
    <value valueType="point">[-125.6093,50.3885]</value>
  </variableValue>
</valueSet>