<valueSet valueTable="CAPostalCodes" entityType="PostalCode" entityIdentifier="T6H">
  <variableValue variable="Place">
    <value valueType="text">Edmonton (Southgate / North Riverbend)</value>
  </variableValue>
  <variableValue variable="Province">
    <value valueType="text">Alberta</value>
  </variableValue>
  <variableValue variable="ProvinceCode">
    <value valueType="text">AB</value>
  </variableValue>
  <variableValue variable="Coordinate">
    <value valueType="point">[-113.4585,53.3753]</value>
  </variableValue>
</valueSet>