<valueSet valueTable="CAPostalCodes" entityType="PostalCode" entityIdentifier="V0M">
  <variableValue variable="Place">
    <value valueType="text">Harrison Lake Region (Agassiz)</value>
  </variableValue>
  <variableValue variable="Province">
    <value valueType="text">British Columbia</value>
  </variableValue>
  <variableValue variable="ProvinceCode">
    <value valueType="text">BC</value>
  </variableValue>
  <variableValue variable="Coordinate">
    <value valueType="point">[-122.038,49.6346]</value>
  </variableValue>
</valueSet>