<valueSet valueTable="CAPostalCodes" entityType="PostalCode" entityIdentifier="R0A">
  <variableValue variable="Place">
    <value valueType="text">Southeastern Manitoba (Lorette)</value>
  </variableValue>
  <variableValue variable="Province">
    <value valueType="text">Manitoba</value>
  </variableValue>
  <variableValue variable="ProvinceCode">
    <value valueType="text">MB</value>
  </variableValue>
  <variableValue variable="Coordinate">
    <value valueType="point">[-96.2985,49.2911]</value>
  </variableValue>
</valueSet>