<valueSet valueTable="CAPostalCodes" entityType="PostalCode" entityIdentifier="E4C">
  <variableValue variable="Place">
    <value valueType="text">Youngs Cove</value>
  </variableValue>
  <variableValue variable="Province">
    <value valueType="text">New Brunswick</value>
  </variableValue>
  <variableValue variable="ProvinceCode">
    <value valueType="text">NB</value>
  </variableValue>
  <variableValue variable="Coordinate">
    <value valueType="point">[-65.9006,45.8693]</value>
  </variableValue>
</valueSet>