<valueSet valueTable="CAPostalCodes" entityType="PostalCode" entityIdentifier="T9S">
  <variableValue variable="Place">
    <value valueType="text">Athabasca</value>
  </variableValue>
  <variableValue variable="Province">
    <value valueType="text">Alberta</value>
  </variableValue>
  <variableValue variable="ProvinceCode">
    <value valueType="text">AB</value>
  </variableValue>
  <variableValue variable="Coordinate">
    <value valueType="point">[-113.2854,54.7169]</value>
  </variableValue>
</valueSet>