<valueSet valueTable="CAPostalCodes" entityType="PostalCode" entityIdentifier="V5C">
  <variableValue variable="Place">
    <value valueType="text">Burnaby (Burnaby Heights / Willingdon Heights / West Central Valley)</value>
  </variableValue>
  <variableValue variable="Province">
    <value valueType="text">British Columbia</value>
  </variableValue>
  <variableValue variable="ProvinceCode">
    <value valueType="text">BC</value>
  </variableValue>
  <variableValue variable="Coordinate">
    <value valueType="point">[-123.0074,49.274]</value>
  </variableValue>
</valueSet>