<valueSet valueTable="CAPostalCodes" entityType="PostalCode" entityIdentifier="T5E">
  <variableValue variable="Place">
    <value valueType="text">Edmonton (West Londonderry / East Calder)</value>
  </variableValue>
  <variableValue variable="Province">
    <value valueType="text">Alberta</value>
  </variableValue>
  <variableValue variable="ProvinceCode">
    <value valueType="text">AB</value>
  </variableValue>
  <variableValue variable="Coordinate">
    <value valueType="point">[-113.4524,53.7358]</value>
  </variableValue>
</valueSet>