<valueSet valueTable="CAPostalCodes" entityType="PostalCode" entityIdentifier="V4R">
  <variableValue variable="Place">
    <value valueType="text">Maple Ridge Northwest</value>
  </variableValue>
  <variableValue variable="Province">
    <value valueType="text">British Columbia</value>
  </variableValue>
  <variableValue variable="ProvinceCode">
    <value valueType="text">BC</value>
  </variableValue>
  <variableValue variable="Coordinate">
    <value valueType="point">[-122.5169,49.2903]</value>
  </variableValue>
</valueSet>