<valueSet valueTable="CAPostalCodes" entityType="PostalCode" entityIdentifier="E1C">
  <variableValue variable="Place">
    <value valueType="text">Moncton Central</value>
  </variableValue>
  <variableValue variable="Province">
    <value valueType="text">New Brunswick</value>
  </variableValue>
  <variableValue variable="ProvinceCode">
    <value valueType="text">NB</value>
  </variableValue>
  <variableValue variable="Coordinate">
    <value valueType="point">[-64.8036,46.0987]</value>
  </variableValue>
</valueSet>