<valueSet valueTable="CAPostalCodes" entityType="PostalCode" entityIdentifier="T5P">
  <variableValue variable="Place">
    <value valueType="text">Edmonton (North Jasper Place)</value>
  </variableValue>
  <variableValue variable="Province">
    <value valueType="text">Alberta</value>
  </variableValue>
  <variableValue variable="ProvinceCode">
    <value valueType="text">AB</value>
  </variableValue>
  <variableValue variable="Coordinate">
    <value valueType="point">[-113.5957,53.5463]</value>
  </variableValue>
</valueSet>