<valueSet valueTable="CAPostalCodes" entityType="PostalCode" entityIdentifier="V0B">
  <variableValue variable="Place">
    <value valueType="text">East Kootenays (Fernie)</value>
  </variableValue>
  <variableValue variable="Province">
    <value valueType="text">British Columbia</value>
  </variableValue>
  <variableValue variable="ProvinceCode">
    <value valueType="text">BC</value>
  </variableValue>
  <variableValue variable="Coordinate">
    <value valueType="point">[-115.5636,49.6775]</value>
  </variableValue>
</valueSet>