<valueSet valueTable="CAPostalCodes" entityType="PostalCode" entityIdentifier="V2B">
  <variableValue variable="Place">
    <value valueType="text">Kamloops Northwest</value>
  </variableValue>
  <variableValue variable="Province">
    <value valueType="text">British Columbia</value>
  </variableValue>
  <variableValue variable="ProvinceCode">
    <value valueType="text">BC</value>
  </variableValue>
  <variableValue variable="Coordinate">
    <value valueType="point">[-120.5071,50.8349]</value>
  </variableValue>
</valueSet>