<valueSet valueTable="CAPostalCodes" entityType="PostalCode" entityIdentifier="T3L">
  <variableValue variable="Place">
    <value valueType="text">Calgary (Tuscany / Scenic Acres)</value>
  </variableValue>
  <variableValue variable="Province">
    <value valueType="text">Alberta</value>
  </variableValue>
  <variableValue variable="ProvinceCode">
    <value valueType="text">AB</value>
  </variableValue>
  <variableValue variable="Coordinate">
    <value valueType="point">[-114.3133,51.1467]</value>
  </variableValue>
</valueSet>