<valueSet valueTable="CAPostalCodes" entityType="PostalCode" entityIdentifier="E4L">
  <variableValue variable="Place">
    <value valueType="text">Sackville</value>
  </variableValue>
  <variableValue variable="Province">
    <value valueType="text">New Brunswick</value>
  </variableValue>
  <variableValue variable="ProvinceCode">
    <value valueType="text">NB</value>
  </variableValue>
  <variableValue variable="Coordinate">
    <value valueType="point">[-64.3845,45.9188]</value>
  </variableValue>
</valueSet>