<valueSet valueTable="CAPostalCodes" entityType="PostalCode" entityIdentifier="T9N">
  <variableValue variable="Place">
    <value valueType="text">Bonnyville</value>
  </variableValue>
  <variableValue variable="Province">
    <value valueType="text">Alberta</value>
  </variableValue>
  <variableValue variable="ProvinceCode">
    <value valueType="text">AB</value>
  </variableValue>
  <variableValue variable="Coordinate">
    <value valueType="point">[-110.7351,54.2668]</value>
  </variableValue>
</valueSet>