<valueSet valueTable="CAPostalCodes" entityType="PostalCode" entityIdentifier="V1G">
  <variableValue variable="Place">
    <value valueType="text">Dawson Creek</value>
  </variableValue>
  <variableValue variable="Province">
    <value valueType="text">British Columbia</value>
  </variableValue>
  <variableValue variable="ProvinceCode">
    <value valueType="text">BC</value>
  </variableValue>
  <variableValue variable="Coordinate">
    <value valueType="point">[-120.2362,55.7666]</value>
  </variableValue>
</valueSet>