<valueSet valueTable="CAPostalCodes" entityType="PostalCode" entityIdentifier="E3Z">
  <variableValue variable="Place">
    <value valueType="text">Grand Falls Central</value>
  </variableValue>
  <variableValue variable="Province">
    <value valueType="text">New Brunswick</value>
  </variableValue>
  <variableValue variable="ProvinceCode">
    <value valueType="text">NB</value>
  </variableValue>
  <variableValue variable="Coordinate">
    <value valueType="point">[-67.7466,46.9266]</value>
  </variableValue>
</valueSet>