<valueSet valueTable="CAPostalCodes" entityType="PostalCode" entityIdentifier="E2S">
  <variableValue variable="Place">
    <value valueType="text">Saint John Loch Lomond</value>
  </variableValue>
  <variableValue variable="Province">
    <value valueType="text">New Brunswick</value>
  </variableValue>
  <variableValue variable="ProvinceCode">
    <value valueType="text">NB</value>
  </variableValue>
  <variableValue variable="Coordinate">
    <value valueType="point">[-65.8133,45.3371]</value>
  </variableValue>
</valueSet>