<valueSet valueTable="CAPostalCodes" entityType="PostalCode" entityIdentifier="T4G">
  <variableValue variable="Place">
    <value valueType="text">Innisfail</value>
  </variableValue>
  <variableValue variable="Province">
    <value valueType="text">Alberta</value>
  </variableValue>
  <variableValue variable="ProvinceCode">
    <value valueType="text">AB</value>
  </variableValue>
  <variableValue variable="Coordinate">
    <value valueType="point">[-113.9507,52.0269]</value>
  </variableValue>
</valueSet>