<valueSet valueTable="CAPostalCodes" entityType="PostalCode" entityIdentifier="T2H">
  <variableValue variable="Place">
    <value valueType="text">Calgary (Highfield / Burns Industrial)</value>
  </variableValue>
  <variableValue variable="Province">
    <value valueType="text">Alberta</value>
  </variableValue>
  <variableValue variable="ProvinceCode">
    <value valueType="text">AB</value>
  </variableValue>
  <variableValue variable="Coordinate">
    <value valueType="point">[-114.052,50.9894]</value>
  </variableValue>
</valueSet>