<valueSet valueTable="CAPostalCodes" entityType="PostalCode" entityIdentifier="T6J">
  <variableValue variable="Place">
    <value valueType="text">Edmonton (Kaskitayo)</value>
  </variableValue>
  <variableValue variable="Province">
    <value valueType="text">Alberta</value>
  </variableValue>
  <variableValue variable="ProvinceCode">
    <value valueType="text">AB</value>
  </variableValue>
  <variableValue variable="Coordinate">
    <value valueType="point">[-113.521,53.4564]</value>
  </variableValue>
</valueSet>