<valueSet valueTable="CAPostalCodes" entityType="PostalCode" entityIdentifier="T5T">
  <variableValue variable="Place">
    <value valueType="text">Edmonton West (West Jasper Place / West Edmonton Mall)</value>
  </variableValue>
  <variableValue variable="Province">
    <value valueType="text">Alberta</value>
  </variableValue>
  <variableValue variable="ProvinceCode">
    <value valueType="text">AB</value>
  </variableValue>
  <variableValue variable="Coordinate">
    <value valueType="point">[-113.6579,53.5185]</value>
  </variableValue>
</valueSet>