<valueSet valueTable="CAPostalCodes" entityType="PostalCode" entityIdentifier="R8N">
  <variableValue variable="Place">
    <value valueType="text">Thompson</value>
  </variableValue>
  <variableValue variable="Province">
    <value valueType="text">Manitoba</value>
  </variableValue>
  <variableValue variable="ProvinceCode">
    <value valueType="text">MB</value>
  </variableValue>
  <variableValue variable="Coordinate">
    <value valueType="point">[-97.8558,55.7435]</value>
  </variableValue>
</valueSet>