<valueSet valueTable="CAPostalCodes" entityType="PostalCode" entityIdentifier="E1X">
  <variableValue variable="Place">
    <value valueType="text">Tracadie-Sheila</value>
  </variableValue>
  <variableValue variable="Province">
    <value valueType="text">New Brunswick</value>
  </variableValue>
  <variableValue variable="ProvinceCode">
    <value valueType="text">NB</value>
  </variableValue>
  <variableValue variable="Coordinate">
    <value valueType="point">[-64.9181,47.5144]</value>
  </variableValue>
</valueSet>