<valueSet valueTable="CAPostalCodes" entityType="PostalCode" entityIdentifier="T6A">
  <variableValue variable="Place">
    <value valueType="text">Edmonton (North Capilano)</value>
  </variableValue>
  <variableValue variable="Province">
    <value valueType="text">Alberta</value>
  </variableValue>
  <variableValue variable="ProvinceCode">
    <value valueType="text">AB</value>
  </variableValue>
  <variableValue variable="Coordinate">
    <value valueType="point">[-113.4318,53.5482]</value>
  </variableValue>
</valueSet>