<valueSet valueTable="CAPostalCodes" entityType="PostalCode" entityIdentifier="V5Z">
  <variableValue variable="Place">
    <value valueType="text">Vancouver (East Fairview / South Cambie)</value>
  </variableValue>
  <variableValue variable="Province">
    <value valueType="text">British Columbia</value>
  </variableValue>
  <variableValue variable="ProvinceCode">
    <value valueType="text">BC</value>
  </variableValue>
  <variableValue variable="Coordinate">
    <value valueType="point">[-123.121,49.2475]</value>
  </variableValue>
</valueSet>