<valueSet valueTable="CAPostalCodes" entityType="PostalCode" entityIdentifier="E7M">
  <variableValue variable="Place">
    <value valueType="text">Woodstock</value>
  </variableValue>
  <variableValue variable="Province">
    <value valueType="text">New Brunswick</value>
  </variableValue>
  <variableValue variable="ProvinceCode">
    <value valueType="text">NB</value>
  </variableValue>
  <variableValue variable="Coordinate">
    <value valueType="point">[-67.5838,46.158]</value>
  </variableValue>
</valueSet>