<valueSet valueTable="OHS2_coreqx" entityType="Participant" entityIdentifier="59458697">
  <variableValue variable="A_ADM_STUDY_ID">
    <value valueType="integer">2</value>
  </variableValue>
  <variableValue variable="A_ADM_STUDY_DATASET">
    <value valueType="text"/>
  </variableValue>
  <variableValue variable="A_ADM_QX_VERSION">
    <value valueType="text"/>
  </variableValue>
  <variableValue variable="A_ADM_QX_LANGUAGE">
    <value valueType="integer">2</value>
  </variableValue>
  <variableValue variable="A_ADM_QX_FORMAT">
    <value valueType="integer">4</value>
  </variableValue>
  <variableValue variable="A_ADM_QX_COMPLETION">
    <value valueType="date">1975-03-28</value>
  </variableValue>
  <variableValue variable="A_SDC_GENDER">
    <value valueType="integer">1</value>
  </variableValue>
  <variableValue variable="A_SDC_RECRUITMENT_AGE_CALC">
    <value valueType="integer">77</value>
  </variableValue>
  <variableValue variable="S_SDC_BROTHERS_NB">
    <value valueType="integer">31</value>
  </variableValue>
  <variableValue variable="S_SDC_SISTERS_NB">
    <value valueType="integer">43</value>
  </variableValue>
  <variableValue variable="A_SDC_SIB_NB">
    <value valueType="integer">90</value>
  </variableValue>
  <variableValue variable="A_SDC_SIB_OLDER_NB">
    <value valueType="integer">13</value>
  </variableValue>
  <variableValue variable="A_SDC_MULTIPLE_BIRTH">
    <value valueType="integer">1</value>
  </variableValue>
  <variableValue variable="A_SDC_ADOPTED_CHILD">
    <value valueType="integer">0</value>
  </variableValue>
  <variableValue variable="A_SDC_MARITAL_STATUS">
    <value valueType="integer">4</value>
  </variableValue>
  <variableValue variable="A_SDC_EDU_LEVEL">
    <value valueType="integer">7</value>
  </variableValue>
  <variableValue variable="A_SDC_EDU_LEVEL_AGE">
    <value valueType="integer">68</value>
  </variableValue>
  <variableValue variable="A_SDC_INCOME">
    <value valueType="integer">7</value>
  </variableValue>
  <variableValue variable="A_SDC_INCOME_IND_NB">
    <value valueType="integer">96</value>
  </variableValue>
  <variableValue variable="A_SDC_HOUSEHOLD_ADULTS_NB">
    <value valueType="integer">8</value>
  </variableValue>
  <variableValue variable="A_SDC_HOUSEHOLD_CHILDREN_NB">
    <value valueType="integer">51</value>
  </variableValue>
  <variableValue variable="A_HS_GEN_HEALTH">
    <value valueType="integer">3</value>
  </variableValue>
  <variableValue variable="A_HS_ROUTINE_VISIT_EVER">
    <value valueType="integer">0</value>
  </variableValue>
  <variableValue variable="A_HS_ROUTINE_VISIT_LAST">
    <value valueType="integer">4</value>
  </variableValue>
  <variableValue variable="A_HS_DENTAL_VISIT_EVER">
    <value valueType="integer">0</value>
  </variableValue>
  <variableValue variable="A_HS_DENTAL_VISIT_LAST">
    <value valueType="integer">4</value>
  </variableValue>
  <variableValue variable="A_HS_FOBT_EVER">
    <value valueType="integer">1</value>
  </variableValue>
  <variableValue variable="A_HS_FOBT_LAST">
    <value valueType="integer">5</value>
  </variableValue>
  <variableValue variable="S_HS_COL_EVER">
    <value valueType="integer">1</value>
  </variableValue>
  <variableValue variable="S_HS_COL_LAST">
    <value valueType="integer">4</value>
  </variableValue>
  <variableValue variable="S_HS_SIG_EVER">
    <value valueType="integer">1</value>
  </variableValue>
  <variableValue variable="S_HS_SIG_LAST">
    <value valueType="integer">5</value>
  </variableValue>
  <variableValue variable="A_HS_SIG_COL_EVER">
    <value valueType="integer">72</value>
  </variableValue>
  <variableValue variable="A_HS_SIG_COL_LAST">
    <value valueType="integer">82</value>
  </variableValue>
  <variableValue variable="S_HS_POLYP_EVER">
    <value valueType="integer">0</value>
  </variableValue>
  <variableValue variable="A_HS_PSA_EVER">
    <value valueType="integer">0</value>
  </variableValue>
  <variableValue variable="A_HS_PSA_LAST">
    <value valueType="integer">2</value>
  </variableValue>
  <variableValue variable="A_MH_CHILDREN_FATHERED">
    <value valueType="integer">81</value>
  </variableValue>
  <variableValue variable="A_WH_MENSTRUATION_AGE">
    <value valueType="integer">74</value>
  </variableValue>
  <variableValue variable="A_WH_CONTRACEPTIVES_EVER">
    <value valueType="integer">1</value>
  </variableValue>
  <variableValue variable="A_WH_CONTRACEPTIVES_AGE">
    <value valueType="integer">68</value>
  </variableValue>
  <variableValue variable="S_WH_CONTRACEPTIVES_DURATION">
    <value valueType="integer">12</value>
  </variableValue>
  <variableValue variable="A_WH_GRAVIDITY">
    <value valueType="integer">13</value>
  </variableValue>
  <variableValue variable="A_WH_PREG_FIRST_AGE">
    <value valueType="integer">61</value>
  </variableValue>
  <variableValue variable="S_WH_PREG_CUR">
    <value valueType="integer">0</value>
  </variableValue>
  <variableValue variable="S_WH_PREG_CUR_WK">
    <value valueType="integer">77</value>
  </variableValue>
  <variableValue variable="A_WH_PREG_20WK">
    <value valueType="integer">62</value>
  </variableValue>
  <variableValue variable="S_WH_LIVE_BIRTHS">
    <value valueType="integer">34</value>
  </variableValue>
  <variableValue variable="A_WH_PREG_LAST_AGE">
    <value valueType="integer">37</value>
  </variableValue>
  <variableValue variable="S_WH_BREASTFEEDING_DURATION">
    <value valueType="integer">6</value>
  </variableValue>
  <variableValue variable="A_WH_HFT_EVER">
    <value valueType="integer">0</value>
  </variableValue>
  <variableValue variable="A_WH_MENOPAUSE_EVER">
    <value valueType="integer">1</value>
  </variableValue>
  <variableValue variable="S_WH_MENOPAUSE_REASON">
    <value valueType="integer">2</value>
  </variableValue>
  <variableValue variable="A_WH_MENOPAUSE_AGE">
    <value valueType="integer">17</value>
  </variableValue>
  <variableValue variable="A_WH_HRT_EVER">
    <value valueType="integer">0</value>
  </variableValue>
  <variableValue variable="A_WH_HRT_AGE">
    <value valueType="integer">47</value>
  </variableValue>
  <variableValue variable="A_WH_HRT_DURATION">
    <value valueType="integer">66</value>
  </variableValue>
  <variableValue variable="S_WH_HYSTERECTOMY_EVER">
    <value valueType="integer">0</value>
  </variableValue>
  <variableValue variable="S_WH_HYSTERECTOMY_AGE">
    <value valueType="integer">55</value>
  </variableValue>
  <variableValue variable="A_WH_OOPHORECTOMY_EVER">
    <value valueType="integer">0</value>
  </variableValue>
  <variableValue variable="A_WH_OVARIES_REMOVED_NB">
    <value valueType="integer">1</value>
  </variableValue>
  <variableValue variable="S_WH_BI_OOPHORECTOMY">
    <value valueType="integer">0</value>
  </variableValue>
  <variableValue variable="S_WH_OVARIES_LAST_AGE">
    <value valueType="integer">64</value>
  </variableValue>
  <variableValue variable="A_HS_MMG_EVER">
    <value valueType="integer">0</value>
  </variableValue>
  <variableValue variable="A_HS_MMG_LAST">
    <value valueType="integer">3</value>
  </variableValue>
  <variableValue variable="A_HS_PAP_EVER">
    <value valueType="integer">1</value>
  </variableValue>
  <variableValue variable="A_HS_PAP_LAST">
    <value valueType="integer">3</value>
  </variableValue>
  <variableValue variable="A_DIS_HBP_EVER">
    <value valueType="integer">1</value>
  </variableValue>
  <variableValue variable="A_DIS_HBP_AGE">
    <value valueType="integer">-7</value>
  </variableValue>
  <variableValue variable="S_DIS_HBP_TX">
    <value valueType="integer">1</value>
  </variableValue>
  <variableValue variable="A_DIS_MI_EVER">
    <value valueType="integer">0</value>
  </variableValue>
  <variableValue variable="A_DIS_MI_AGE">
    <value valueType="integer">48</value>
  </variableValue>
  <variableValue variable="S_DIS_MI_TX">
    <value valueType="integer">-7</value>
  </variableValue>
  <variableValue variable="A_DIS_STROKE_EVER">
    <value valueType="integer">0</value>
  </variableValue>
  <variableValue variable="A_DIS_STROKE_AGE">
    <value valueType="integer">89</value>
  </variableValue>
  <variableValue variable="S_DIS_STROKE_TX">
    <value valueType="integer">0</value>
  </variableValue>
  <variableValue variable="A_DIS_ASTHMA_EVER">
    <value valueType="integer">1</value>
  </variableValue>
  <variableValue variable="A_DIS_ASTHMA_AGE">
    <value valueType="integer">83</value>
  </variableValue>
  <variableValue variable="S_DIS_ASTHMA_TX">
    <value valueType="integer">1</value>
  </variableValue>
  <variableValue variable="S_DIS_EMPHYSEMA_EVER">
    <value valueType="integer">0</value>
  </variableValue>
  <variableValue variable="S_DIS_EMPHYSEMA_AGE">
    <value valueType="integer">53</value>
  </variableValue>
  <variableValue variable="S_DIS_EMPHYSEMA_TX">
    <value valueType="integer">1</value>
  </variableValue>
  <variableValue variable="S_DIS_CB_EVER">
    <value valueType="integer">1</value>
  </variableValue>
  <variableValue variable="S_DIS_CB_AGE">
    <value valueType="integer">70</value>
  </variableValue>
  <variableValue variable="S_DIS_CB_TX">
    <value valueType="integer">1</value>
  </variableValue>
  <variableValue variable="S_DIS_COPD_EVER">
    <value valueType="integer">1</value>
  </variableValue>
  <variableValue variable="S_DIS_COPD_AGE">
    <value valueType="integer">19</value>
  </variableValue>
  <variableValue variable="S_DIS_DEP_EVER">
    <value valueType="integer">1</value>
  </variableValue>
  <variableValue variable="S_DIS_DEP_AGE">
    <value valueType="integer">89</value>
  </variableValue>
  <variableValue variable="A_DIS_DIAB_EVER">
    <value valueType="integer">0</value>
  </variableValue>
  <variableValue variable="A_DIS_DIAB_TYPE">
    <value valueType="integer">2</value>
  </variableValue>
  <variableValue variable="A_DIS_DIAB_AGE">
    <value valueType="integer">98</value>
  </variableValue>
  <variableValue variable="S_DIS_DIAB_TX">
    <value valueType="integer">0</value>
  </variableValue>
  <variableValue variable="A_DIS_LC_EVER">
    <value valueType="integer">0</value>
  </variableValue>
  <variableValue variable="S_DIS_LC_AGE">
    <value valueType="integer">2</value>
  </variableValue>
  <variableValue variable="A_DIS_CH_EVER">
    <value valueType="integer">1</value>
  </variableValue>
  <variableValue variable="S_DIS_CH_AGE">
    <value valueType="integer">15</value>
  </variableValue>
  <variableValue variable="A_DIS_CROHN_EVER">
    <value valueType="integer">0</value>
  </variableValue>
  <variableValue variable="S_DIS_CROHN_AGE">
    <value valueType="integer">80</value>
  </variableValue>
  <variableValue variable="A_DIS_UC_EVER">
    <value valueType="integer">1</value>
  </variableValue>
  <variableValue variable="S_DIS_UC_AGE">
    <value valueType="integer">52</value>
  </variableValue>
  <variableValue variable="A_DIS_IBS_EVER">
    <value valueType="integer">1</value>
  </variableValue>
  <variableValue variable="S_DIS_IBS_AGE">
    <value valueType="integer">54</value>
  </variableValue>
  <variableValue variable="A_DIS_ECZEMA_EVER">
    <value valueType="integer">1</value>
  </variableValue>
  <variableValue variable="S_DIS_ECZEMA_AGE">
    <value valueType="integer">15</value>
  </variableValue>
  <variableValue variable="A_DIS_SLE_EVER">
    <value valueType="integer">1</value>
  </variableValue>
  <variableValue variable="S_DIS_SLE_AGE">
    <value valueType="integer">9</value>
  </variableValue>
  <variableValue variable="A_DIS_PS_EVER">
    <value valueType="integer">0</value>
  </variableValue>
  <variableValue variable="S_DIS_PS_AGE">
    <value valueType="integer">82</value>
  </variableValue>
  <variableValue variable="A_DIS_MS_EVER">
    <value valueType="integer">0</value>
  </variableValue>
  <variableValue variable="A_DIS_MS_AGE">
    <value valueType="integer">12</value>
  </variableValue>
  <variableValue variable="A_DIS_OP_EVER">
    <value valueType="integer">1</value>
  </variableValue>
  <variableValue variable="S_DIS_OP_AGE">
    <value valueType="integer">3</value>
  </variableValue>
  <variableValue variable="A_DIS_ARTHRITIS_EVER">
    <value valueType="integer">1</value>
  </variableValue>
  <variableValue variable="S_DIS_ARTHRITIS_AGE">
    <value valueType="integer">71</value>
  </variableValue>
  <variableValue variable="S_DIS_ARTHRITIS_TYPE">
    <value valueType="integer">3</value>
  </variableValue>
  <variableValue variable="S_DIS_ARTHRITIS_TYPE_OTSP">
    <value valueType="text">Fames eleifend lobortis leo massa.  Vestibulum porta aliquet porttitor erat ac primis curae.  Cras porttitor nisi vitae.</value>
  </variableValue>
  <variableValue variable="S_DIS_ARTHRITIS_OSTEO">
    <value valueType="integer">1</value>
  </variableValue>
  <variableValue variable="S_DIS_ARTHRITIS_RA">
    <value valueType="integer">1</value>
  </variableValue>
  <variableValue variable="S_DIS_ARTHRITIS_OTHER">
    <value valueType="integer">1</value>
  </variableValue>
  <variableValue variable="S_DIS_ARTHRITIS_OTSP">
    <value valueType="text"/>
  </variableValue>
  <variableValue variable="A_DIS_CANCER_EVER">
    <value valueType="integer">1</value>
  </variableValue>
  <variableValue variable="A_DIS_CANCER1">
    <value valueType="integer">13</value>
  </variableValue>
  <variableValue variable="S_DIS_CANCER1_OTSP">
    <value valueType="text"/>
  </variableValue>
  <variableValue variable="A_DIS_CANCER1_AGE">
    <value valueType="integer">79</value>
  </variableValue>
  <variableValue variable="A_DIS_CANCER1_TX">
    <value valueType="integer">1</value>
  </variableValue>
  <variableValue variable="A_DIS_CANCER1_TX_CHEMO">
    <value valueType="integer">1</value>
  </variableValue>
  <variableValue variable="A_DIS_CANCER1_TX_RAD">
    <value valueType="integer">1</value>
  </variableValue>
  <variableValue variable="A_DIS_CANCER1_TX_SURG">
    <value valueType="integer">1</value>
  </variableValue>
  <variableValue variable="S_DIS_CANCER1_TX_OTHER">
    <value valueType="integer">1</value>
  </variableValue>
  <variableValue variable="S_DIS_CANCER1_TX_OTSP">
    <value valueType="text">Lorem ipsum dolor sit amet, consectetur adipisicing elit, sed do eiusmod tempor incididunt ut labore et dolore magna aliqua. Ut enim ad minim veniam, quis nostrud exercitation ullamco laboris nisi ut aliquip ex ea commodo consequat. Duis aute irure dolor in reprehenderit in voluptate velit esse cillum dolore eu fugiat nulla pariatur. Excepteur sint occaecat cupidatat non proident, sunt in culpa qui officia deserunt mollit anim id est laborum.</value>
  </variableValue>
  <variableValue variable="A_DIS_CANCER2">
    <value valueType="integer">15</value>
  </variableValue>
  <variableValue variable="S_DIS_CANCER2_OTSP">
    <value valueType="text"/>
  </variableValue>
  <variableValue variable="A_DIS_CANCER2_AGE">
    <value valueType="integer">81</value>
  </variableValue>
  <variableValue variable="A_DIS_CANCER2_TX">
    <value valueType="integer">0</value>
  </variableValue>
  <variableValue variable="A_DIS_CANCER2_TX_CHEMO">
    <value valueType="integer">1</value>
  </variableValue>
  <variableValue variable="A_DIS_CANCER2_TX_RAD">
    <value valueType="integer">1</value>
  </variableValue>
  <variableValue variable="A_DIS_CANCER2_TX_SURG">
    <value valueType="integer">1</value>
  </variableValue>
  <variableValue variable="S_DIS_CANCER2_TX_OTHER">
    <value valueType="integer">1</value>
  </variableValue>
  <variableValue variable="S_DIS_CANCER2_TX_OTSP">
    <value valueType="text"/>
  </variableValue>
  <variableValue variable="A_DIS_CANCER3">
    <value valueType="integer">5</value>
  </variableValue>
  <variableValue variable="S_DIS_CANCER3_OTSP">
    <value valueType="text">In convallis curae sodales etiam magna facilisi facilisis.  Potenti habitant amet libero aenean class enim mus.  Lobortis et cras massa molestie sollicitudin libero, cum consectetur himenaeos auctor pretium posuere magnis sollicitudin.  Malesuada ut leo curabitur netus nibh interdum netus faucibus, in amet ante hac in.</value>
  </variableValue>
  <variableValue variable="A_DIS_CANCER3_AGE">
    <value valueType="integer">62</value>
  </variableValue>
  <variableValue variable="A_DIS_CANCER3_TX">
    <value valueType="integer">1</value>
  </variableValue>
  <variableValue variable="A_DIS_CANCER3_TX_CHEMO">
    <value valueType="integer">1</value>
  </variableValue>
  <variableValue variable="A_DIS_CANCER3_TX_RAD">
    <value valueType="integer">1</value>
  </variableValue>
  <variableValue variable="A_DIS_CANCER3_TX_SURG">
    <value valueType="integer">1</value>
  </variableValue>
  <variableValue variable="S_DIS_CANCER3_TX_OTHER">
    <value valueType="integer">1</value>
  </variableValue>
  <variableValue variable="S_DIS_CANCER3_TX_OTSP">
    <value valueType="text"/>
  </variableValue>
  <variableValue variable="S_DIS_CANCER4">
    <value valueType="integer">22</value>
  </variableValue>
  <variableValue variable="S_DIS_CANCER4_OTSP">
    <value valueType="text">Elementum lectus proin congue pharetra parturient quisque mattis erat mus montes litora.  Nam justo pulvinar class, odio magnis semper morbi senectus pretium blandit phasellus mi fringilla purus tristique, feugiat hac diam curabitur sit neque primis, quis auctor cum sollicitudin sodales magnis.  Tellus placerat mattis hendrerit scelerisque, class turpis mauris cras dis penatibus blandit facilisis.  Cubilia sagittis quis tellus felis volutpat mauris ac quisque nam imperdiet, at commodo cubilia natoque sagittis libero.</value>
  </variableValue>
  <variableValue variable="S_DIS_CANCER4_AGE">
    <value valueType="integer">11</value>
  </variableValue>
  <variableValue variable="S_DIS_CANCER4_TX">
    <value valueType="integer">1</value>
  </variableValue>
  <variableValue variable="S_DIS_CANCER4_TX_CHEMO">
    <value valueType="integer">1</value>
  </variableValue>
  <variableValue variable="S_DIS_CANCER4_TX_RAD">
    <value valueType="integer">1</value>
  </variableValue>
  <variableValue variable="S_DIS_CANCER4_TX_SURG">
    <value valueType="integer">1</value>
  </variableValue>
  <variableValue variable="S_DIS_CANCER4_TX_OTHER">
    <value valueType="integer">1</value>
  </variableValue>
  <variableValue variable="S_DIS_CANCER4_TX_OTSP">
    <value valueType="text"/>
  </variableValue>
  <variableValue variable="S_DIS_CANCER5">
    <value valueType="integer">16</value>
  </variableValue>
  <variableValue variable="S_DIS_CANCER5_OTSP">
    <value valueType="text"/>
  </variableValue>
  <variableValue variable="S_DIS_CANCER5_AGE">
    <value valueType="integer">68</value>
  </variableValue>
  <variableValue variable="S_DIS_CANCER5_TX">
    <value valueType="integer">1</value>
  </variableValue>
  <variableValue variable="S_DIS_CANCER5_TX_CHEMO">
    <value valueType="integer">1</value>
  </variableValue>
  <variableValue variable="S_DIS_CANCER5_TX_RAD">
    <value valueType="integer">1</value>
  </variableValue>
  <variableValue variable="S_DIS_CANCER5_TX_SURG">
    <value valueType="integer">1</value>
  </variableValue>
  <variableValue variable="S_DIS_CANCER5_TX_OTHER">
    <value valueType="integer">1</value>
  </variableValue>
  <variableValue variable="S_DIS_CANCER5_TX_OTSP">
    <value valueType="text"/>
  </variableValue>
  <variableValue variable="S_DIS_CANCER6">
    <value valueType="integer">22</value>
  </variableValue>
  <variableValue variable="S_DIS_CANCER6_OTSP">
    <value valueType="text"/>
  </variableValue>
  <variableValue variable="S_DIS_CANCER6_AGE">
    <value valueType="integer">66</value>
  </variableValue>
  <variableValue variable="S_DIS_CANCER6_TX">
    <value valueType="integer">1</value>
  </variableValue>
  <variableValue variable="S_DIS_CANCER6_TX_CHEMO">
    <value valueType="integer">1</value>
  </variableValue>
  <variableValue variable="S_DIS_CANCER6_TX_RAD">
    <value valueType="integer">1</value>
  </variableValue>
  <variableValue variable="S_DIS_CANCER6_TX_SURG">
    <value valueType="integer">1</value>
  </variableValue>
  <variableValue variable="S_DIS_CANCER6_TX_OTHER">
    <value valueType="integer">1</value>
  </variableValue>
  <variableValue variable="S_DIS_CANCER6_TX_OTSP">
    <value valueType="text">Aliquet nascetur purus imperdiet vehicula mus nec mauris congue nibh.  Inceptos platea hendrerit varius sagittis orci purus mi curabitur neque.  Feugiat laoreet nec phasellus ridiculus facilisis aliquet ac.  Cubilia morbi at porta id porta dolor laoreet sodales faucibus.</value>
  </variableValue>
  <variableValue variable="S_DIS_HBP_F_EVER">
    <value valueType="integer">0</value>
  </variableValue>
  <variableValue variable="S_DIS_HBP_F_EVER_Y">
    <value valueType="integer">1</value>
  </variableValue>
  <variableValue variable="S_DIS_MI_F_EVER">
    <value valueType="integer">1</value>
  </variableValue>
  <variableValue variable="S_DIS_MI_F_EVER_Y">
    <value valueType="integer">1</value>
  </variableValue>
  <variableValue variable="S_DIS_STROKE_F_EVER">
    <value valueType="integer">1</value>
  </variableValue>
  <variableValue variable="S_DIS_STROKE_F_EVER_Y">
    <value valueType="integer">1</value>
  </variableValue>
  <variableValue variable="S_DIS_ASTHMA_F_EVER">
    <value valueType="integer">1</value>
  </variableValue>
  <variableValue variable="S_DIS_ASTHMA_F_EVER_Y">
    <value valueType="integer">1</value>
  </variableValue>
  <variableValue variable="S_DIS_COPD_F_EVER">
    <value valueType="integer">1</value>
  </variableValue>
  <variableValue variable="S_DIS_COPD_F_EVER_Y">
    <value valueType="integer">1</value>
  </variableValue>
  <variableValue variable="S_DIS_DEP_F_EVER">
    <value valueType="integer">0</value>
  </variableValue>
  <variableValue variable="S_DIS_DEP_F_EVER_Y">
    <value valueType="integer">1</value>
  </variableValue>
  <variableValue variable="S_DIS_DIAB_F_EVER">
    <value valueType="integer">1</value>
  </variableValue>
  <variableValue variable="S_DIS_DIAB_F_EVER_Y">
    <value valueType="integer">1</value>
  </variableValue>
  <variableValue variable="S_DIS_LC_F_EVER">
    <value valueType="integer">1</value>
  </variableValue>
  <variableValue variable="S_DIS_LC_F_EVER_Y">
    <value valueType="integer">1</value>
  </variableValue>
  <variableValue variable="S_DIS_CH_F_EVER">
    <value valueType="integer">1</value>
  </variableValue>
  <variableValue variable="S_DIS_CH_F_EVER_Y">
    <value valueType="integer">1</value>
  </variableValue>
  <variableValue variable="S_DIS_CROHN_F_EVER">
    <value valueType="integer">1</value>
  </variableValue>
  <variableValue variable="S_DIS_CROHN_F_EVER_Y">
    <value valueType="integer">1</value>
  </variableValue>
  <variableValue variable="S_DIS_UC_F_EVER">
    <value valueType="integer">1</value>
  </variableValue>
  <variableValue variable="S_DIS_UC_F_EVER_Y">
    <value valueType="integer">1</value>
  </variableValue>
  <variableValue variable="S_DIS_IBS_F_EVER">
    <value valueType="integer">0</value>
  </variableValue>
  <variableValue variable="S_DIS_IBS_F_EVER_Y">
    <value valueType="integer">1</value>
  </variableValue>
  <variableValue variable="S_DIS_ECZEMA_F_EVER">
    <value valueType="integer">1</value>
  </variableValue>
  <variableValue variable="S_DIS_ECZEMA_F_EVER_Y">
    <value valueType="integer">1</value>
  </variableValue>
  <variableValue variable="S_DIS_SLE_F_EVER">
    <value valueType="integer">0</value>
  </variableValue>
  <variableValue variable="S_DIS_SLE_F_EVER_Y">
    <value valueType="integer">1</value>
  </variableValue>
  <variableValue variable="S_DIS_PS_F_EVER">
    <value valueType="integer">1</value>
  </variableValue>
  <variableValue variable="S_DIS_PS_F_EVER_Y">
    <value valueType="integer">1</value>
  </variableValue>
  <variableValue variable="S_DIS_MS_F_EVER">
    <value valueType="integer">0</value>
  </variableValue>
  <variableValue variable="S_DIS_MS_F_EVER_Y">
    <value valueType="integer">1</value>
  </variableValue>
  <variableValue variable="S_DIS_OP_F_EVER">
    <value valueType="integer">1</value>
  </variableValue>
  <variableValue variable="S_DIS_OP_F_EVER_Y">
    <value valueType="integer">1</value>
  </variableValue>
  <variableValue variable="S_DIS_ARTHRITIS_F_EVER">
    <value valueType="integer">1</value>
  </variableValue>
  <variableValue variable="S_DIS_ARTHRITIS_F_EVER_Y">
    <value valueType="integer">1</value>
  </variableValue>
  <variableValue variable="S_DIS_HBP_M_EVER">
    <value valueType="integer">0</value>
  </variableValue>
  <variableValue variable="S_DIS_HBP_M_EVER_Y">
    <value valueType="integer">1</value>
  </variableValue>
  <variableValue variable="S_DIS_MI_M_EVER">
    <value valueType="integer">0</value>
  </variableValue>
  <variableValue variable="S_DIS_MI_M_EVER_Y">
    <value valueType="integer">1</value>
  </variableValue>
  <variableValue variable="S_DIS_STROKE_M_EVER">
    <value valueType="integer">0</value>
  </variableValue>
  <variableValue variable="S_DIS_STROKE_M_EVER_Y">
    <value valueType="integer">1</value>
  </variableValue>
  <variableValue variable="S_DIS_ASTHMA_M_EVER">
    <value valueType="integer">1</value>
  </variableValue>
  <variableValue variable="S_DIS_ASTHMA_M_EVER_Y">
    <value valueType="integer">1</value>
  </variableValue>
  <variableValue variable="S_DIS_COPD_M_EVER">
    <value valueType="integer">1</value>
  </variableValue>
  <variableValue variable="S_DIS_COPD_M_EVER_Y">
    <value valueType="integer">1</value>
  </variableValue>
  <variableValue variable="S_DIS_DEP_M_EVER">
    <value valueType="integer">0</value>
  </variableValue>
  <variableValue variable="S_DIS_DEP_M_EVER_Y">
    <value valueType="integer">1</value>
  </variableValue>
  <variableValue variable="S_DIS_DIAB_M_EVER">
    <value valueType="integer">1</value>
  </variableValue>
  <variableValue variable="S_DIS_DIAB_M_EVER_Y">
    <value valueType="integer">1</value>
  </variableValue>
  <variableValue variable="S_DIS_LC_M_EVER">
    <value valueType="integer">1</value>
  </variableValue>
  <variableValue variable="S_DIS_LC_M_EVER_Y">
    <value valueType="integer">1</value>
  </variableValue>
  <variableValue variable="S_DIS_CH_M_EVER">
    <value valueType="integer">1</value>
  </variableValue>
  <variableValue variable="S_DIS_CH_M_EVER_Y">
    <value valueType="integer">1</value>
  </variableValue>
  <variableValue variable="S_DIS_CROHN_M_EVER">
    <value valueType="integer">0</value>
  </variableValue>
  <variableValue variable="S_DIS_CROHN_M_EVER_Y">
    <value valueType="integer">1</value>
  </variableValue>
  <variableValue variable="S_DIS_UC_M_EVER">
    <value valueType="integer">0</value>
  </variableValue>
  <variableValue variable="S_DIS_UC_M_EVER_Y">
    <value valueType="integer">1</value>
  </variableValue>
  <variableValue variable="S_DIS_IBS_M_EVER">
    <value valueType="integer">0</value>
  </variableValue>
  <variableValue variable="S_DIS_IBS_M_EVER_Y">
    <value valueType="integer">1</value>
  </variableValue>
  <variableValue variable="S_DIS_ECZEMA_M_EVER">
    <value valueType="integer">0</value>
  </variableValue>
  <variableValue variable="S_DIS_ECZEMA_M_EVER_Y">
    <value valueType="integer">1</value>
  </variableValue>
  <variableValue variable="S_DIS_SLE_M_EVER">
    <value valueType="integer">0</value>
  </variableValue>
  <variableValue variable="S_DIS_SLE_M_EVER_Y">
    <value valueType="integer">1</value>
  </variableValue>
  <variableValue variable="S_DIS_PS_M_EVER">
    <value valueType="integer">0</value>
  </variableValue>
  <variableValue variable="S_DIS_PS_M_EVER_Y">
    <value valueType="integer">1</value>
  </variableValue>
  <variableValue variable="S_DIS_MS_M_EVER">
    <value valueType="integer">1</value>
  </variableValue>
  <variableValue variable="S_DIS_MS_M_EVER_Y">
    <value valueType="integer">1</value>
  </variableValue>
  <variableValue variable="S_DIS_OP_M_EVER">
    <value valueType="integer">0</value>
  </variableValue>
  <variableValue variable="S_DIS_OP_M_EVER_Y">
    <value valueType="integer">1</value>
  </variableValue>
  <variableValue variable="S_DIS_ARTHRITIS_M_EVER">
    <value valueType="integer">1</value>
  </variableValue>
  <variableValue variable="S_DIS_ARTHRITIS_M_EVER_Y">
    <value valueType="integer">1</value>
  </variableValue>
  <variableValue variable="S_DIS_HBP_SIB_EVER">
    <value valueType="integer">0</value>
  </variableValue>
  <variableValue variable="S_DIS_HBP_SIB_EVER_Y">
    <value valueType="integer">1</value>
  </variableValue>
  <variableValue variable="S_DIS_HBP_SIB_EVER_NUM">
    <value valueType="integer">75</value>
  </variableValue>
  <variableValue variable="S_DIS_MI_SIB_EVER">
    <value valueType="integer">1</value>
  </variableValue>
  <variableValue variable="S_DIS_MI_SIB_EVER_Y">
    <value valueType="integer">1</value>
  </variableValue>
  <variableValue variable="A_DIS_MI_SIB_NUM">
    <value valueType="integer">69</value>
  </variableValue>
  <variableValue variable="S_DIS_STROKE_SIB_EVER">
    <value valueType="integer">0</value>
  </variableValue>
  <variableValue variable="S_DIS_STROKE_SIB_EVER_Y">
    <value valueType="integer">1</value>
  </variableValue>
  <variableValue variable="A_DIS_STROKE_SIB_NUM">
    <value valueType="integer">24</value>
  </variableValue>
  <variableValue variable="S_DIS_ASTHMA_SIB_EVER">
    <value valueType="integer">1</value>
  </variableValue>
  <variableValue variable="S_DIS_ASTHMA_SIB_EVER_Y">
    <value valueType="integer">1</value>
  </variableValue>
  <variableValue variable="S_DIS_ASTHMA_SIB_NUM">
    <value valueType="integer">18</value>
  </variableValue>
  <variableValue variable="S_DIS_COPD_SIB_EVER">
    <value valueType="integer">0</value>
  </variableValue>
  <variableValue variable="S_DIS_COPD_SIB_EVER_Y">
    <value valueType="integer">1</value>
  </variableValue>
  <variableValue variable="A_DIS_COPD_SIB_NUM">
    <value valueType="integer">10</value>
  </variableValue>
  <variableValue variable="S_DIS_DEP_SIB_EVER">
    <value valueType="integer">0</value>
  </variableValue>
  <variableValue variable="S_DIS_DEP_SIB_EVER_Y">
    <value valueType="integer">1</value>
  </variableValue>
  <variableValue variable="S_DIS_DEP_SIB_NUM">
    <value valueType="integer">17</value>
  </variableValue>
  <variableValue variable="S_DIS_DIAB_SIB_EVER">
    <value valueType="integer">0</value>
  </variableValue>
  <variableValue variable="S_DIS_DIAB_SIB_EVER_Y">
    <value valueType="integer">1</value>
  </variableValue>
  <variableValue variable="A_DIS_DIAB_SIB_NUM">
    <value valueType="integer">35</value>
  </variableValue>
  <variableValue variable="S_DIS_LC_SIB_EVER">
    <value valueType="integer">1</value>
  </variableValue>
  <variableValue variable="S_DIS_LC_SIB_EVER_Y">
    <value valueType="integer">1</value>
  </variableValue>
  <variableValue variable="S_DIS_LC_SIB_NUM">
    <value valueType="integer">22</value>
  </variableValue>
  <variableValue variable="S_DIS_CH_SIB_EVER">
    <value valueType="integer">0</value>
  </variableValue>
  <variableValue variable="S_DIS_CH_SIB_EVER_Y">
    <value valueType="integer">1</value>
  </variableValue>
  <variableValue variable="S_DIS_CH_SIB_NUM">
    <value valueType="integer">58</value>
  </variableValue>
  <variableValue variable="S_DIS_CROHN_SIB_EVER">
    <value valueType="integer">0</value>
  </variableValue>
  <variableValue variable="S_DIS_CROHN_SIB_EVER_Y">
    <value valueType="integer">1</value>
  </variableValue>
  <variableValue variable="S_DIS_CROHN_SIB_NUM">
    <value valueType="integer">62</value>
  </variableValue>
  <variableValue variable="S_DIS_UC_SIB_EVER">
    <value valueType="integer">1</value>
  </variableValue>
  <variableValue variable="S_DIS_UC_SIB_EVER_Y">
    <value valueType="integer">1</value>
  </variableValue>
  <variableValue variable="S_DIS_UC_SIB_NUM">
    <value valueType="integer">57</value>
  </variableValue>
  <variableValue variable="S_DIS_IBS_SIB_EVER">
    <value valueType="integer">1</value>
  </variableValue>
  <variableValue variable="S_DIS_IBS_SIB_EVER_Y">
    <value valueType="integer">1</value>
  </variableValue>
  <variableValue variable="S_DIS_IBS_SIB_NUM">
    <value valueType="integer">86</value>
  </variableValue>
  <variableValue variable="S_DIS_ECZEMA_SIB_EVER">
    <value valueType="integer">0</value>
  </variableValue>
  <variableValue variable="S_DIS_ECZEMA_SIB_EVER_Y">
    <value valueType="integer">1</value>
  </variableValue>
  <variableValue variable="S_DIS_ECZEMA_SIB_NUM">
    <value valueType="integer">64</value>
  </variableValue>
  <variableValue variable="S_DIS_SLE_SIB_EVER">
    <value valueType="integer">1</value>
  </variableValue>
  <variableValue variable="S_DIS_SLE_SIB_EVER_Y">
    <value valueType="integer">1</value>
  </variableValue>
  <variableValue variable="S_DIS_SLE_SIB_NUM">
    <value valueType="integer">96</value>
  </variableValue>
  <variableValue variable="S_DIS_PS_SIB_EVER">
    <value valueType="integer">1</value>
  </variableValue>
  <variableValue variable="S_DIS_PS_SIB_EVER_Y">
    <value valueType="integer">1</value>
  </variableValue>
  <variableValue variable="S_DIS_PS_SIB_NUM">
    <value valueType="integer">47</value>
  </variableValue>
  <variableValue variable="S_DIS_MS_SIB_EVER">
    <value valueType="integer">1</value>
  </variableValue>
  <variableValue variable="S_DIS_MS_SIB_EVER_Y">
    <value valueType="integer">1</value>
  </variableValue>
  <variableValue variable="S_DIS_MS_SIB_NUM">
    <value valueType="integer">55</value>
  </variableValue>
  <variableValue variable="S_DIS_OP_SIB_EVER">
    <value valueType="integer">0</value>
  </variableValue>
  <variableValue variable="S_DIS_OP_SIB_EVER_Y">
    <value valueType="integer">1</value>
  </variableValue>
  <variableValue variable="S_DIS_OP_SIB_NUM">
    <value valueType="integer">1</value>
  </variableValue>
  <variableValue variable="S_DIS_ARTHRITIS_SIB_EVER">
    <value valueType="integer">0</value>
  </variableValue>
  <variableValue variable="S_DIS_ARTHRITIS_SIB_EVER_Y">
    <value valueType="integer">1</value>
  </variableValue>
  <variableValue variable="S_DIS_ARTHRITIS_SIB_NUM">
    <value valueType="integer">73</value>
  </variableValue>
  <variableValue variable="S_DIS_HBP_CHILD_EVER">
    <value valueType="integer">1</value>
  </variableValue>
  <variableValue variable="S_DIS_HBP_CHILD_EVER_Y">
    <value valueType="integer">1</value>
  </variableValue>
  <variableValue variable="S_DIS_HBP_CHILD_NUM">
    <value valueType="integer">49</value>
  </variableValue>
  <variableValue variable="S_DIS_MI_CHILD_EVER">
    <value valueType="integer">0</value>
  </variableValue>
  <variableValue variable="S_DIS_MI_CHILD_EVER_Y">
    <value valueType="integer">1</value>
  </variableValue>
  <variableValue variable="A_DIS_MI_CHILD_NUM">
    <value valueType="integer">95</value>
  </variableValue>
  <variableValue variable="S_DIS_STROKE_CHILD_EVER">
    <value valueType="integer">1</value>
  </variableValue>
  <variableValue variable="S_DIS_STROKE_CHILD_EVER_Y">
    <value valueType="integer">1</value>
  </variableValue>
  <variableValue variable="A_DIS_STROKE_CHILD_NUM">
    <value valueType="integer">42</value>
  </variableValue>
  <variableValue variable="S_DIS_ASTHMA_CHILD_EVER">
    <value valueType="integer">0</value>
  </variableValue>
  <variableValue variable="S_DIS_ASTHMA_CHILD_EVER_Y">
    <value valueType="integer">1</value>
  </variableValue>
  <variableValue variable="S_DIS_ASTHMA_CHILD_NUM">
    <value valueType="integer">90</value>
  </variableValue>
  <variableValue variable="S_DIS_COPD_CHILD_EVER">
    <value valueType="integer">0</value>
  </variableValue>
  <variableValue variable="S_DIS_COPD_CHILD_EVER_Y">
    <value valueType="integer">1</value>
  </variableValue>
  <variableValue variable="A_DIS_COPD_CHILD_NUM">
    <value valueType="integer">4</value>
  </variableValue>
  <variableValue variable="S_DIS_DEP_CHILD_EVER">
    <value valueType="integer">0</value>
  </variableValue>
  <variableValue variable="S_DIS_DEP_CHILD_EVER_Y">
    <value valueType="integer">1</value>
  </variableValue>
  <variableValue variable="S_DIS_DEP_CHILD_NUM">
    <value valueType="integer">90</value>
  </variableValue>
  <variableValue variable="S_DIS_DIAB_CHILD_EVER">
    <value valueType="integer">0</value>
  </variableValue>
  <variableValue variable="S_DIS_DIAB_CHILD_EVER_Y">
    <value valueType="integer">1</value>
  </variableValue>
  <variableValue variable="A_DIS_DIAB_CHILD_NUM">
    <value valueType="integer">0</value>
  </variableValue>
  <variableValue variable="S_DIS_LC_CHILD_EVER">
    <value valueType="integer">0</value>
  </variableValue>
  <variableValue variable="S_DIS_LC_CHILD_EVER_Y">
    <value valueType="integer">1</value>
  </variableValue>
  <variableValue variable="S_DIS_LC_CHILD_NUM">
    <value valueType="integer">68</value>
  </variableValue>
  <variableValue variable="S_DIS_CH_CHILD_EVER">
    <value valueType="integer">0</value>
  </variableValue>
  <variableValue variable="S_DIS_CH_CHILD_EVER_Y">
    <value valueType="integer">1</value>
  </variableValue>
  <variableValue variable="S_DIS_CH_CHILD_NUM">
    <value valueType="integer">76</value>
  </variableValue>
  <variableValue variable="S_DIS_CROHN_CHILD_EVER">
    <value valueType="integer">1</value>
  </variableValue>
  <variableValue variable="S_DIS_CROHN_CHILD_EVER_Y">
    <value valueType="integer">1</value>
  </variableValue>
  <variableValue variable="S_DIS_CROHN_CHILD_NUM">
    <value valueType="integer">92</value>
  </variableValue>
  <variableValue variable="S_DIS_UC_CHILD_EVER">
    <value valueType="integer">0</value>
  </variableValue>
  <variableValue variable="S_DIS_UC_CHILD_EVER_Y">
    <value valueType="integer">1</value>
  </variableValue>
  <variableValue variable="S_DIS_UC_CHILD_NUM">
    <value valueType="integer">84</value>
  </variableValue>
  <variableValue variable="S_DIS_IBS_CHILD_EVER">
    <value valueType="integer">0</value>
  </variableValue>
  <variableValue variable="S_DIS_IBS_CHILD_EVER_Y">
    <value valueType="integer">1</value>
  </variableValue>
  <variableValue variable="S_DIS_IBS_CHILD_NUM">
    <value valueType="integer">65</value>
  </variableValue>
  <variableValue variable="S_DIS_ECZEMA_CHILD_EVER">
    <value valueType="integer">1</value>
  </variableValue>
  <variableValue variable="S_DIS_ECZEMA_CHILD_EVER_Y">
    <value valueType="integer">1</value>
  </variableValue>
  <variableValue variable="S_DIS_ECZEMA_CHILD_NUM">
    <value valueType="integer">66</value>
  </variableValue>
  <variableValue variable="S_DIS_SLE_CHILD_EVER">
    <value valueType="integer">1</value>
  </variableValue>
  <variableValue variable="S_DIS_SLE_CHILD_EVER_Y">
    <value valueType="integer">1</value>
  </variableValue>
  <variableValue variable="S_DIS_SLE_CHILD_NUM">
    <value valueType="integer">14</value>
  </variableValue>
  <variableValue variable="S_DIS_PS_CHILD_EVER">
    <value valueType="integer">1</value>
  </variableValue>
  <variableValue variable="S_DIS_PS_CHILD_EVER_Y">
    <value valueType="integer">1</value>
  </variableValue>
  <variableValue variable="S_DIS_PS_CHILD_NUM">
    <value valueType="integer">90</value>
  </variableValue>
  <variableValue variable="S_DIS_MS_CHILD_EVER">
    <value valueType="integer">0</value>
  </variableValue>
  <variableValue variable="S_DIS_MS_CHILD_EVER_Y">
    <value valueType="integer">1</value>
  </variableValue>
  <variableValue variable="S_DIS_MS_CHILD_NUM">
    <value valueType="integer">19</value>
  </variableValue>
  <variableValue variable="S_DIS_OP_CHILD_EVER">
    <value valueType="integer">0</value>
  </variableValue>
  <variableValue variable="S_DIS_OP_CHILD_EVER_Y">
    <value valueType="integer">1</value>
  </variableValue>
  <variableValue variable="S_DIS_OP_CHILD_NUM">
    <value valueType="integer">77</value>
  </variableValue>
  <variableValue variable="S_DIS_ARTHRITIS_CHILD_EVER">
    <value valueType="integer">1</value>
  </variableValue>
  <variableValue variable="S_DIS_ARTHRITIS_CHILD_EVER_Y">
    <value valueType="integer">1</value>
  </variableValue>
  <variableValue variable="S_DIS_ARTHRITIS_CHILD_NUM">
    <value valueType="integer">60</value>
  </variableValue>
  <variableValue variable="A_DIS_CANCER_FAM_EVER">
    <value valueType="integer">0</value>
  </variableValue>
  <variableValue variable="S_DIS_CANCER_F_EVER">
    <value valueType="integer">1</value>
  </variableValue>
  <variableValue variable="S_DIS_CANCER_M_EVER">
    <value valueType="integer">0</value>
  </variableValue>
  <variableValue variable="S_DIS_CANCER_SIB_EVER">
    <value valueType="integer">0</value>
  </variableValue>
  <variableValue variable="S_DIS_CANCER_CHILD_EVER">
    <value valueType="integer">0</value>
  </variableValue>
  <variableValue variable="A_DIS_CANCER_F_BREAST">
    <value valueType="integer">1</value>
  </variableValue>
  <variableValue variable="A_DIS_CANCER_F_COLON">
    <value valueType="integer">1</value>
  </variableValue>
  <variableValue variable="A_DIS_CANCER_F_LUNG">
    <value valueType="integer">1</value>
  </variableValue>
  <variableValue variable="A_DIS_CANCER_F_LIVER">
    <value valueType="integer">1</value>
  </variableValue>
  <variableValue variable="A_DIS_CANCER_F_PROSTATE">
    <value valueType="integer">1</value>
  </variableValue>
  <variableValue variable="A_DIS_CANCER_F_PANCREAS">
    <value valueType="integer">1</value>
  </variableValue>
  <variableValue variable="A_DIS_CANCER_F_STOMACH">
    <value valueType="integer">1</value>
  </variableValue>
  <variableValue variable="A_DIS_CANCER_F_ESOPHAGUS">
    <value valueType="integer">1</value>
  </variableValue>
  <variableValue variable="A_DIS_CANCER_F_LARYNX">
    <value valueType="integer">1</value>
  </variableValue>
  <variableValue variable="A_DIS_CANCER_F_TRACHEA">
    <value valueType="integer">1</value>
  </variableValue>
  <variableValue variable="A_DIS_CANCER_F_RECTUM">
    <value valueType="integer">1</value>
  </variableValue>
  <variableValue variable="A_DIS_CANCER_F_SKIN">
    <value valueType="integer">1</value>
  </variableValue>
  <variableValue variable="A_DIS_CANCER_F_KIDNEY">
    <value valueType="integer">1</value>
  </variableValue>
  <variableValue variable="A_DIS_CANCER_F_BLADDER">
    <value valueType="integer">1</value>
  </variableValue>
  <variableValue variable="A_DIS_CANCER_F_BRAIN">
    <value valueType="integer">1</value>
  </variableValue>
  <variableValue variable="A_DIS_CANCER_F_THYROID">
    <value valueType="integer">1</value>
  </variableValue>
  <variableValue variable="A_DIS_CANCER_F_NHL">
    <value valueType="integer">1</value>
  </variableValue>
  <variableValue variable="S_DIS_CANCER_F_LYMPHOMA">
    <value valueType="integer">1</value>
  </variableValue>
  <variableValue variable="A_DIS_CANCER_F_LEUKEMIA">
    <value valueType="integer">1</value>
  </variableValue>
  <variableValue variable="S_DIS_CANCER_F_OTHER">
    <value valueType="integer">1</value>
  </variableValue>
  <variableValue variable="S_DIS_CANCER_F_OTSP">
    <value valueType="text"/>
  </variableValue>
  <variableValue variable="A_DIS_CANCER_M_BREAST">
    <value valueType="integer">1</value>
  </variableValue>
  <variableValue variable="A_DIS_CANCER_M_COLON">
    <value valueType="integer">1</value>
  </variableValue>
  <variableValue variable="A_DIS_CANCER_M_LUNG">
    <value valueType="integer">1</value>
  </variableValue>
  <variableValue variable="A_DIS_CANCER_M_LIVER">
    <value valueType="integer">1</value>
  </variableValue>
  <variableValue variable="A_DIS_CANCER_M_OVARY">
    <value valueType="integer">1</value>
  </variableValue>
  <variableValue variable="A_DIS_CANCER_M_PANCREAS">
    <value valueType="integer">1</value>
  </variableValue>
  <variableValue variable="A_DIS_CANCER_M_STOMACH">
    <value valueType="integer">1</value>
  </variableValue>
  <variableValue variable="A_DIS_CANCER_M_ESOPHAGUS">
    <value valueType="integer">1</value>
  </variableValue>
  <variableValue variable="A_DIS_CANCER_M_LARYNX">
    <value valueType="integer">1</value>
  </variableValue>
  <variableValue variable="A_DIS_CANCER_M_TRACHEA">
    <value valueType="integer">1</value>
  </variableValue>
  <variableValue variable="A_DIS_CANCER_M_RECTUM">
    <value valueType="integer">1</value>
  </variableValue>
  <variableValue variable="A_DIS_CANCER_M_SKIN">
    <value valueType="integer">1</value>
  </variableValue>
  <variableValue variable="A_DIS_CANCER_M_CERVIX">
    <value valueType="integer">1</value>
  </variableValue>
  <variableValue variable="A_DIS_CANCER_M_UTERUS">
    <value valueType="integer">1</value>
  </variableValue>
  <variableValue variable="A_DIS_CANCER_M_KIDNEY">
    <value valueType="integer">1</value>
  </variableValue>
  <variableValue variable="A_DIS_CANCER_M_BLADDER">
    <value valueType="integer">1</value>
  </variableValue>
  <variableValue variable="A_DIS_CANCER_M_BRAIN">
    <value valueType="integer">1</value>
  </variableValue>
  <variableValue variable="A_DIS_CANCER_M_THYROID">
    <value valueType="integer">1</value>
  </variableValue>
  <variableValue variable="A_DIS_CANCER_M_NHL">
    <value valueType="integer">1</value>
  </variableValue>
  <variableValue variable="S_DIS_CANCER_M_LYMPHOMA">
    <value valueType="integer">1</value>
  </variableValue>
  <variableValue variable="A_DIS_CANCER_M_LEUKEMIA">
    <value valueType="integer">1</value>
  </variableValue>
  <variableValue variable="S_DIS_CANCER_M_OTHER">
    <value valueType="integer">1</value>
  </variableValue>
  <variableValue variable="S_DIS_CANCER_M_OTSP">
    <value valueType="text">Lorem ipsum dolor sit amet, consectetur adipisicing elit, sed do eiusmod tempor incididunt ut labore et dolore magna aliqua. Ut enim ad minim veniam, quis nostrud exercitation ullamco laboris nisi ut aliquip ex ea commodo consequat. Duis aute irure dolor in reprehenderit in voluptate velit esse cillum dolore eu fugiat nulla pariatur. Excepteur sint occaecat cupidatat non proident, sunt in culpa qui officia deserunt mollit anim id est laborum.</value>
  </variableValue>
  <variableValue variable="A_DIS_CANCER_SIB_BREAST">
    <value valueType="integer">1</value>
  </variableValue>
  <variableValue variable="A_DIS_CANCER_SIB_BREAST_NUM">
    <value valueType="integer">8</value>
  </variableValue>
  <variableValue variable="A_DIS_CANCER_SIB_COLON">
    <value valueType="integer">1</value>
  </variableValue>
  <variableValue variable="A_DIS_CANCER_SIB_COLON_NUM">
    <value valueType="integer">53</value>
  </variableValue>
  <variableValue variable="A_DIS_CANCER_SIB_LUNG">
    <value valueType="integer">1</value>
  </variableValue>
  <variableValue variable="A_DIS_CANCER_SIB_LUNG_NUM">
    <value valueType="integer">34</value>
  </variableValue>
  <variableValue variable="A_DIS_CANCER_SIB_LIVER">
    <value valueType="integer">1</value>
  </variableValue>
  <variableValue variable="A_DIS_CANCER_SIB_LIVER_NUM">
    <value valueType="integer">74</value>
  </variableValue>
  <variableValue variable="A_DIS_CANCER_SIB_PROSTATE">
    <value valueType="integer">1</value>
  </variableValue>
  <variableValue variable="A_DIS_CANCER_SIB_PROSTATE_NUM">
    <value valueType="integer">83</value>
  </variableValue>
  <variableValue variable="A_DIS_CANCER_SIB_OVARY">
    <value valueType="integer">1</value>
  </variableValue>
  <variableValue variable="A_DIS_CANCER_SIB_OVARY_NUM">
    <value valueType="integer">30</value>
  </variableValue>
  <variableValue variable="A_DIS_CANCER_SIB_PANCREAS">
    <value valueType="integer">1</value>
  </variableValue>
  <variableValue variable="A_DIS_CANCER_SIB_PANCREAS_NUM">
    <value valueType="integer">33</value>
  </variableValue>
  <variableValue variable="A_DIS_CANCER_SIB_STOMACH">
    <value valueType="integer">1</value>
  </variableValue>
  <variableValue variable="A_DIS_CANCER_SIB_STOMACH_NUM">
    <value valueType="integer">32</value>
  </variableValue>
  <variableValue variable="A_DIS_CANCER_SIB_ESOPHAGUS">
    <value valueType="integer">1</value>
  </variableValue>
  <variableValue variable="A_DIS_CANCER_SIB_ESOPHAGUS_NUM">
    <value valueType="integer">82</value>
  </variableValue>
  <variableValue variable="A_DIS_CANCER_SIB_LARYNX">
    <value valueType="integer">1</value>
  </variableValue>
  <variableValue variable="A_DIS_CANCER_SIB_LARYNX_NUM">
    <value valueType="integer">52</value>
  </variableValue>
  <variableValue variable="A_DIS_CANCER_SIB_TRACHEA">
    <value valueType="integer">1</value>
  </variableValue>
  <variableValue variable="A_DIS_CANCER_SIB_TRACHEA_NUM">
    <value valueType="integer">75</value>
  </variableValue>
  <variableValue variable="A_DIS_CANCER_SIB_RECTUM">
    <value valueType="integer">1</value>
  </variableValue>
  <variableValue variable="A_DIS_CANCER_SIB_RECTUM_NUM">
    <value valueType="integer">18</value>
  </variableValue>
  <variableValue variable="A_DIS_CANCER_SIB_SKIN">
    <value valueType="integer">1</value>
  </variableValue>
  <variableValue variable="A_DIS_CANCER_SIB_SKIN_NUM">
    <value valueType="integer">68</value>
  </variableValue>
  <variableValue variable="A_DIS_CANCER_SIB_CERVIX">
    <value valueType="integer">1</value>
  </variableValue>
  <variableValue variable="A_DIS_CANCER_SIB_CERVIX_NUM">
    <value valueType="integer">25</value>
  </variableValue>
  <variableValue variable="A_DIS_CANCER_SIB_UTERUS">
    <value valueType="integer">1</value>
  </variableValue>
  <variableValue variable="A_DIS_CANCER_SIB_UTERUS_NUM">
    <value valueType="integer">94</value>
  </variableValue>
  <variableValue variable="A_DIS_CANCER_SIB_KIDNEY">
    <value valueType="integer">1</value>
  </variableValue>
  <variableValue variable="A_DIS_CANCER_SIB_KIDNEY_NUM">
    <value valueType="integer">51</value>
  </variableValue>
  <variableValue variable="A_DIS_CANCER_SIB_BLADDER">
    <value valueType="integer">1</value>
  </variableValue>
  <variableValue variable="A_DIS_CANCER_SIB_BLADDER_NUM">
    <value valueType="integer">78</value>
  </variableValue>
  <variableValue variable="A_DIS_CANCER_SIB_BRAIN">
    <value valueType="integer">1</value>
  </variableValue>
  <variableValue variable="A_DIS_CANCER_SIB_BRAIN_NUM">
    <value valueType="integer">93</value>
  </variableValue>
  <variableValue variable="A_DIS_CANCER_SIB_THYROID">
    <value valueType="integer">1</value>
  </variableValue>
  <variableValue variable="A_DIS_CANCER_SIB_THYROID_NUM">
    <value valueType="integer">39</value>
  </variableValue>
  <variableValue variable="A_DIS_CANCER_SIB_NHL">
    <value valueType="integer">1</value>
  </variableValue>
  <variableValue variable="A_DIS_CANCER_SIB_NHL_NUM">
    <value valueType="integer">72</value>
  </variableValue>
  <variableValue variable="S_DIS_CANCER_SIB_LYMPHOMA">
    <value valueType="integer">1</value>
  </variableValue>
  <variableValue variable="S_DIS_CANCER_SIB_LYMPHOMA_NUM">
    <value valueType="integer">65</value>
  </variableValue>
  <variableValue variable="A_DIS_CANCER_SIB_LEUKEMIA">
    <value valueType="integer">1</value>
  </variableValue>
  <variableValue variable="A_DIS_CANCER_SIB_LEUKEMIA_NUM">
    <value valueType="integer">43</value>
  </variableValue>
  <variableValue variable="A_DIS_CANCER_SIB_OTHER">
    <value valueType="integer">1</value>
  </variableValue>
  <variableValue variable="A_DIS_CANCER_SIB_OTHER_NUM">
    <value valueType="integer">0</value>
  </variableValue>
  <variableValue variable="S_DIS_CANCER_SIB_OTSP">
    <value valueType="text">Lorem ipsum dolor sit amet, consectetur adipisicing elit, sed do eiusmod tempor incididunt ut labore et dolore magna aliqua. Ut enim ad minim veniam, quis nostrud exercitation ullamco laboris nisi ut aliquip ex ea commodo consequat. Duis aute irure dolor in reprehenderit in voluptate velit esse cillum dolore eu fugiat nulla pariatur. Excepteur sint occaecat cupidatat non proident, sunt in culpa qui officia deserunt mollit anim id est laborum.</value>
  </variableValue>
  <variableValue variable="A_DIS_CANCER_CHILD_BREAST">
    <value valueType="integer">1</value>
  </variableValue>
  <variableValue variable="A_DIS_CANCER_CHILD_BREAST_NUM">
    <value valueType="integer">92</value>
  </variableValue>
  <variableValue variable="A_DIS_CANCER_CHILD_COLON">
    <value valueType="integer">1</value>
  </variableValue>
  <variableValue variable="A_DIS_CANCER_CHILD_COLON_NUM">
    <value valueType="integer">44</value>
  </variableValue>
  <variableValue variable="A_DIS_CANCER_CHILD_LUNG">
    <value valueType="integer">1</value>
  </variableValue>
  <variableValue variable="A_DIS_CANCER_CHILD_LUNG_NUM">
    <value valueType="integer">77</value>
  </variableValue>
  <variableValue variable="A_DIS_CANCER_CHILD_LIVER">
    <value valueType="integer">1</value>
  </variableValue>
  <variableValue variable="A_DIS_CANCER_CHILD_LIVER_NUM">
    <value valueType="integer">31</value>
  </variableValue>
  <variableValue variable="A_DIS_CANCER_CHILD_PROSTATE">
    <value valueType="integer">1</value>
  </variableValue>
  <variableValue variable="A_DIS_CANCER_CHILD_PROSTATE_NUM">
    <value valueType="integer">69</value>
  </variableValue>
  <variableValue variable="A_DIS_CANCER_CHILD_OVARY">
    <value valueType="integer">1</value>
  </variableValue>
  <variableValue variable="A_DIS_CANCER_CHILD_OVARY_NUM">
    <value valueType="integer">98</value>
  </variableValue>
  <variableValue variable="A_DIS_CANCER_CHILD_PANCREAS">
    <value valueType="integer">1</value>
  </variableValue>
  <variableValue variable="A_DIS_CANCER_CHILD_PANCREAS_NUM">
    <value valueType="integer">1</value>
  </variableValue>
  <variableValue variable="A_DIS_CANCER_CHILD_STOMACH">
    <value valueType="integer">1</value>
  </variableValue>
  <variableValue variable="A_DIS_CANCER_CHILD_STOMACH_NUM">
    <value valueType="integer">72</value>
  </variableValue>
  <variableValue variable="A_DIS_CANCER_CHILD_ESOPHAGUS">
    <value valueType="integer">1</value>
  </variableValue>
  <variableValue variable="A_DIS_CANCER_CHILD_ESOPHAGUS_NUM">
    <value valueType="integer">48</value>
  </variableValue>
  <variableValue variable="A_DIS_CANCER_CHILD_LARYNX">
    <value valueType="integer">1</value>
  </variableValue>
  <variableValue variable="A_DIS_CANCER_CHILD_LARYNX_NUM">
    <value valueType="integer">43</value>
  </variableValue>
  <variableValue variable="A_DIS_CANCER_CHILD_TRACHEA">
    <value valueType="integer">1</value>
  </variableValue>
  <variableValue variable="A_DIS_CANCER_CHILD_TRACHEA_NUM">
    <value valueType="integer">29</value>
  </variableValue>
  <variableValue variable="A_DIS_CANCER_CHILD_RECTUM">
    <value valueType="integer">1</value>
  </variableValue>
  <variableValue variable="A_DIS_CANCER_CHILD_RECTUM_NUM">
    <value valueType="integer">76</value>
  </variableValue>
  <variableValue variable="A_DIS_CANCER_CHILD_SKIN">
    <value valueType="integer">1</value>
  </variableValue>
  <variableValue variable="A_DIS_CANCER_CHILD_SKIN_NUM">
    <value valueType="integer">47</value>
  </variableValue>
  <variableValue variable="A_DIS_CANCER_CHILD_CERVIX">
    <value valueType="integer">1</value>
  </variableValue>
  <variableValue variable="A_DIS_CANCER_CHILD_CERVIX_NUM">
    <value valueType="integer">11</value>
  </variableValue>
  <variableValue variable="A_DIS_CANCER_CHILD_UTERUS">
    <value valueType="integer">1</value>
  </variableValue>
  <variableValue variable="A_DIS_CANCER_CHILD_UTERUS_NUM">
    <value valueType="integer">36</value>
  </variableValue>
  <variableValue variable="A_DIS_CANCER_CHILD_KIDNEY">
    <value valueType="integer">1</value>
  </variableValue>
  <variableValue variable="A_DIS_CANCER_CHILD_KIDNEY_NUM">
    <value valueType="integer">33</value>
  </variableValue>
  <variableValue variable="A_DIS_CANCER_CHILD_BLADDER">
    <value valueType="integer">1</value>
  </variableValue>
  <variableValue variable="A_DIS_CANCER_CHILD_BLADDER_NUM">
    <value valueType="integer">92</value>
  </variableValue>
  <variableValue variable="A_DIS_CANCER_CHILD_BRAIN">
    <value valueType="integer">1</value>
  </variableValue>
  <variableValue variable="A_DIS_CANCER_CHILD_BRAIN_NUM">
    <value valueType="integer">11</value>
  </variableValue>
  <variableValue variable="A_DIS_CANCER_CHILD_THYROID">
    <value valueType="integer">1</value>
  </variableValue>
  <variableValue variable="A_DIS_CANCER_CHILD_THYROID_NUM">
    <value valueType="integer">5</value>
  </variableValue>
  <variableValue variable="A_DIS_CANCER_CHILD_NHL">
    <value valueType="integer">1</value>
  </variableValue>
  <variableValue variable="A_DIS_CANCER_CHILD_NHL_NUM">
    <value valueType="integer">15</value>
  </variableValue>
  <variableValue variable="S_DIS_CANCER_CHILD_LYMPHOMA">
    <value valueType="integer">1</value>
  </variableValue>
  <variableValue variable="S_DIS_CANCER_CHILD_LYMPHOMA_NUM">
    <value valueType="integer">7</value>
  </variableValue>
  <variableValue variable="A_DIS_CANCER_CHILD_LEUKEMIA">
    <value valueType="integer">1</value>
  </variableValue>
  <variableValue variable="A_DIS_CANCER_CHILD_LEUKEMIA_NUM">
    <value valueType="integer">0</value>
  </variableValue>
  <variableValue variable="A_DIS_CANCER_CHILD_OTHER">
    <value valueType="integer">1</value>
  </variableValue>
  <variableValue variable="A_DIS_CANCER_CHILD_OTHER_NUM">
    <value valueType="integer">3</value>
  </variableValue>
  <variableValue variable="S_DIS_CANCER_CHILD_OTSP">
    <value valueType="text"/>
  </variableValue>
  <variableValue variable="A_SLE_TIME">
    <value valueType="integer">17</value>
  </variableValue>
  <variableValue variable="A_SLE_TROUBLE_FREQ">
    <value valueType="integer">1</value>
  </variableValue>
  <variableValue variable="A_SLE_LIGHT_EXP">
    <value valueType="integer">1</value>
  </variableValue>
  <variableValue variable="S_UVE_TANNING_CUR">
    <value valueType="integer">11</value>
  </variableValue>
  <variableValue variable="A_UVE_SKIN_REACTION">
    <value valueType="integer">5</value>
  </variableValue>
  <variableValue variable="S_UVE_TIME_WKDAY">
    <value valueType="integer">2</value>
  </variableValue>
  <variableValue variable="S_UVE_TIME_WKEND">
    <value valueType="integer">3</value>
  </variableValue>
  <variableValue variable="S_UVE_PROTECTION">
    <value valueType="integer">1</value>
  </variableValue>
  <variableValue variable="A_UVE_HAIR">
    <value valueType="integer">2</value>
  </variableValue>
  <variableValue variable="S_UVE_EYE">
    <value valueType="integer">1</value>
  </variableValue>
  <variableValue variable="A_NUT_VEG_QTY">
    <value valueType="integer">81</value>
  </variableValue>
  <variableValue variable="A_NUT_FRUITS_QTY">
    <value valueType="integer">33</value>
  </variableValue>
  <variableValue variable="S_NUT_JUICE_QTY">
    <value valueType="integer">29</value>
  </variableValue>
  <variableValue variable="A_ALC_EVER">
    <value valueType="integer">0</value>
  </variableValue>
  <variableValue variable="A_ALC_CUR_FREQ">
    <value valueType="integer">2</value>
  </variableValue>
  <variableValue variable="S_ALC_RED_WINE_WKDAY">
    <value valueType="decimal">92.22128623400863</value>
  </variableValue>
  <variableValue variable="S_ALC_RED_WINE_WKEND">
    <value valueType="decimal">46.69203361381715</value>
  </variableValue>
  <variableValue variable="A_ALC_RED_WINE_WEEK">
    <value valueType="decimal">17.098216870371452</value>
  </variableValue>
  <variableValue variable="S_ALC_WHITE_WINE_WKDAY">
    <value valueType="decimal">78.33983211228622</value>
  </variableValue>
  <variableValue variable="S_ALC_WHITE_WINE_WKEND">
    <value valueType="decimal">41.49763431492494</value>
  </variableValue>
  <variableValue variable="A_ALC_WHITE_WINE_WEEK">
    <value valueType="decimal">89.5678201139558</value>
  </variableValue>
  <variableValue variable="S_ALC_BEER_WKDAY">
    <value valueType="decimal">19.624158796922465</value>
  </variableValue>
  <variableValue variable="S_ALC_BEER_WKEND">
    <value valueType="decimal">94.83588861888131</value>
  </variableValue>
  <variableValue variable="A_ALC_BEER_WEEK">
    <value valueType="decimal">36.949668809669674</value>
  </variableValue>
  <variableValue variable="S_ALC_LIQUOR_WKDAY">
    <value valueType="decimal">46.87539478791246</value>
  </variableValue>
  <variableValue variable="S_ALC_LIQUOR_WKEND">
    <value valueType="decimal">14.625828851443268</value>
  </variableValue>
  <variableValue variable="A_ALC_LIQUOR_WEEK">
    <value valueType="decimal">37.29602380928091</value>
  </variableValue>
  <variableValue variable="S_ALC_OTHER_WKDAY">
    <value valueType="decimal">10.900738690551437</value>
  </variableValue>
  <variableValue variable="S_ALC_OTHER_WKEND">
    <value valueType="decimal">7.21449777437223</value>
  </variableValue>
  <variableValue variable="A_ALC_OTHER_WEEK">
    <value valueType="decimal">63.52582552610156</value>
  </variableValue>
  <variableValue variable="S_ALC_WKEND">
    <value valueType="integer">1</value>
  </variableValue>
  <variableValue variable="A_ALC_BINGE_FREQ_MALE">
    <value valueType="integer">3</value>
  </variableValue>
  <variableValue variable="A_ALC_BINGE_FREQ_FEMALE">
    <value valueType="integer">1</value>
  </variableValue>
  <variableValue variable="S_ALC_HEAVIEST_INTAKE">
    <value valueType="integer">0</value>
  </variableValue>
  <variableValue variable="A_SMK_CIG_EVER">
    <value valueType="integer">0</value>
  </variableValue>
  <variableValue variable="S_SMK_CIG_WHOLE_EVER">
    <value valueType="integer">1</value>
  </variableValue>
  <variableValue variable="S_SMK_CIG_WHOLE_ONSET">
    <value valueType="integer">6</value>
  </variableValue>
  <variableValue variable="A_SMK_CIG_CUR_FREQ">
    <value valueType="integer">2</value>
  </variableValue>
  <variableValue variable="A_SMK_CIG_DAILY_CUR_ONSET">
    <value valueType="integer">15</value>
  </variableValue>
  <variableValue variable="A_SMK_CIG_DAILY_CUR_QTY">
    <value valueType="integer">5</value>
  </variableValue>
  <variableValue variable="A_SMK_CIG_DAILY_CUR_QTY_26">
    <value valueType="integer">8</value>
  </variableValue>
  <variableValue variable="S_SMK_CIG_DAILY_CUR_DUR">
    <value valueType="decimal">16.63295316352582</value>
  </variableValue>
  <variableValue variable="S_SMK_CIG_DAILY_AVG_QTY">
    <value valueType="integer">4</value>
  </variableValue>
  <variableValue variable="S_SMK_CIG_DAILY_AVG_QTY_26">
    <value valueType="integer">58</value>
  </variableValue>
  <variableValue variable="S_SMK_CIG_OCC_CUR_FREQ">
    <value valueType="integer">4</value>
  </variableValue>
  <variableValue variable="S_SMK_CIG_OCC_CUR_QTY">
    <value valueType="integer">4</value>
  </variableValue>
  <variableValue variable="A_SMK_CIG_FORMER_DAILY">
    <value valueType="integer">1</value>
  </variableValue>
  <variableValue variable="A_SMK_CIG_FORMER_DAILY_ONSET">
    <value valueType="integer">14</value>
  </variableValue>
  <variableValue variable="S_SMK_CIG_FORMER_DAILY_QTY">
    <value valueType="integer">4</value>
  </variableValue>
  <variableValue variable="S_SMK_CIG_FORMER_DAILY_QTY_26">
    <value valueType="integer">6</value>
  </variableValue>
  <variableValue variable="S_SMK_CIG_FORMER_DAILY_DUR">
    <value valueType="decimal">3.423654546754673</value>
  </variableValue>
  <variableValue variable="S_SMK_CIG_FORMER_DAILY_CESSATION">
    <value valueType="integer">1</value>
  </variableValue>
  <variableValue variable="S_SMK_CIG_LAST_AGE">
    <value valueType="integer">20</value>
  </variableValue>
  <variableValue variable="S_SMK_CIG_HEAVIEST_QTY">
    <value valueType="integer">6</value>
  </variableValue>
  <variableValue variable="S_SMK_CIG_HEAVIEST_QTY_26">
    <value valueType="integer">9</value>
  </variableValue>
  <variableValue variable="S_SMK_CIG_HEAVIEST_DUR">
    <value valueType="decimal">93.6923227894569</value>
  </variableValue>
  <variableValue variable="A_SMK_CIGAR_EVER">
    <value valueType="integer">0</value>
  </variableValue>
  <variableValue variable="A_SMK_SMALL_CIGAR_EVER">
    <value valueType="integer">0</value>
  </variableValue>
  <variableValue variable="A_SMK_PIPE_EVER">
    <value valueType="integer">0</value>
  </variableValue>
  <variableValue variable="A_SMK_SNUFF_EVER">
    <value valueType="integer">0</value>
  </variableValue>
  <variableValue variable="S_SMK_PATCH_EVER">
    <value valueType="integer">0</value>
  </variableValue>
  <variableValue variable="S_SMK_GUM_EVER">
    <value valueType="integer">1</value>
  </variableValue>
  <variableValue variable="A_SMK_BETEL_EVER">
    <value valueType="integer">1</value>
  </variableValue>
  <variableValue variable="A_SMK_PAAN_EVER">
    <value valueType="integer">0</value>
  </variableValue>
  <variableValue variable="A_SMK_SHEESHA_EVER">
    <value valueType="integer">1</value>
  </variableValue>
  <variableValue variable="A_SMK_OTHER_TOB_EVER">
    <value valueType="integer">1</value>
  </variableValue>
  <variableValue variable="S_SMK_OTHER_TOB_EVER_OTSP">
    <value valueType="text"/>
  </variableValue>
  <variableValue variable="A_SMK_CIGAR_CUR">
    <value valueType="integer">0</value>
  </variableValue>
  <variableValue variable="A_SMK_SMALL_CIGAR_CUR">
    <value valueType="integer">0</value>
  </variableValue>
  <variableValue variable="A_SMK_PIPE_CUR">
    <value valueType="integer">0</value>
  </variableValue>
  <variableValue variable="A_SMK_SNUFF_CUR">
    <value valueType="integer">0</value>
  </variableValue>
  <variableValue variable="S_SMK_PATCH_CUR">
    <value valueType="integer">0</value>
  </variableValue>
  <variableValue variable="S_SMK_GUM_CUR">
    <value valueType="integer">1</value>
  </variableValue>
  <variableValue variable="A_SMK_BETEL_CUR">
    <value valueType="integer">1</value>
  </variableValue>
  <variableValue variable="A_SMK_PAAN_CUR">
    <value valueType="integer">1</value>
  </variableValue>
  <variableValue variable="A_SMK_SHEESHA_CUR">
    <value valueType="integer">1</value>
  </variableValue>
  <variableValue variable="A_SMK_OTHER_TOB_CUR">
    <value valueType="integer">1</value>
  </variableValue>
  <variableValue variable="S_SMK_OTHER_TOB_CUR_OTSP">
    <value valueType="text">Ridiculus hendrerit venenatis orci purus amet quis, sodales ligula erat ornare dui id tortor egestas, facilisis litora habitant venenatis netus tempor, id tincidunt non convallis nascetur nam proin auctor montes ad non convallis.  Aliquam rhoncus magnis donec lorem dapibus proin, in blandit gravida mi eu duis amet taciti taciti egestas nisl suscipit, auctor dictumst pulvinar semper sociis justo suscipit netus taciti, sem risus accumsan tempus sociosqu gravida habitant sapien ad.</value>
  </variableValue>
  <variableValue variable="A_PSE_CHILDHOOD_DURATION">
    <value valueType="integer">95</value>
  </variableValue>
  <variableValue variable="A_PSE_ADULT_HOME_DURATION">
    <value valueType="integer">35</value>
  </variableValue>
  <variableValue variable="A_PSE_ADULT_WRK_DURATION">
    <value valueType="integer">22</value>
  </variableValue>
  <variableValue variable="A_PSE_HOME_FREQ">
    <value valueType="integer">2</value>
  </variableValue>
  <variableValue variable="A_PSE_LEISURE_FREQ">
    <value valueType="integer">0</value>
  </variableValue>
  <variableValue variable="A_PSE_WRK_FREQ">
    <value valueType="integer">2</value>
  </variableValue>
  <variableValue variable="A_PA_IPAQ_VERSION">
    <value valueType="integer">2</value>
  </variableValue>
  <variableValue variable="S_PA_VIG_FREQ">
    <value valueType="integer">74</value>
  </variableValue>
  <variableValue variable="S_PA_VIG_TIME">
    <value valueType="integer">84</value>
  </variableValue>
  <variableValue variable="S_PA_MOD_FREQ">
    <value valueType="integer">12</value>
  </variableValue>
  <variableValue variable="S_PA_MOD_TIME">
    <value valueType="integer">52</value>
  </variableValue>
  <variableValue variable="S_PA_WALK_FREQ">
    <value valueType="integer">23</value>
  </variableValue>
  <variableValue variable="S_PA_WALK_TIME">
    <value valueType="integer">71</value>
  </variableValue>
  <variableValue variable="S_PA_TOTAL_VIG_SHORT">
    <value valueType="decimal">99.62011543108432</value>
  </variableValue>
  <variableValue variable="S_PA_TOTAL_MOD_SHORT">
    <value valueType="decimal">76.02687846181986</value>
  </variableValue>
  <variableValue variable="S_PA_TOTAL_WALK_SHORT">
    <value valueType="decimal">13.445441532507962</value>
  </variableValue>
  <variableValue variable="S_PA_TOTAL_SHORT">
    <value valueType="decimal">65.98370235313763</value>
  </variableValue>
  <variableValue variable="S_PA_LEVEL_SHORT">
    <value valueType="integer">1</value>
  </variableValue>
  <variableValue variable="S_PA_JOB_UNPAID_WRK">
    <value valueType="integer">1</value>
  </variableValue>
  <variableValue variable="S_PA_WRK_VIG_FREQ">
    <value valueType="integer">62</value>
  </variableValue>
  <variableValue variable="S_PA_WRK_VIG_TIME">
    <value valueType="integer">74</value>
  </variableValue>
  <variableValue variable="S_PA_WRK_VIG">
    <value valueType="decimal">27.51999184476147</value>
  </variableValue>
  <variableValue variable="S_PA_WRK_MOD_FREQ">
    <value valueType="integer">50</value>
  </variableValue>
  <variableValue variable="S_PA_WRK_MOD_TIME">
    <value valueType="integer">87</value>
  </variableValue>
  <variableValue variable="S_PA_WRK_MOD">
    <value valueType="decimal">86.55915462552635</value>
  </variableValue>
  <variableValue variable="S_PA_WRK_WALK_FREQ">
    <value valueType="integer">91</value>
  </variableValue>
  <variableValue variable="S_PA_WRK_WALK_TIME">
    <value valueType="integer">75</value>
  </variableValue>
  <variableValue variable="S_PA_WRK_WALK">
    <value valueType="decimal">70.11697932977259</value>
  </variableValue>
  <variableValue variable="S_PA_TOTAL_WRK">
    <value valueType="decimal">31.165890205891756</value>
  </variableValue>
  <variableValue variable="S_PA_MOTOR_VEHICLE_FREQ">
    <value valueType="integer">21</value>
  </variableValue>
  <variableValue variable="S_PA_MOTOR_VEHICLE_TIME">
    <value valueType="integer">8</value>
  </variableValue>
  <variableValue variable="S_PA_CYCLING_FREQ">
    <value valueType="integer">54</value>
  </variableValue>
  <variableValue variable="S_PA_CYCLING_TIME">
    <value valueType="integer">88</value>
  </variableValue>
  <variableValue variable="S_PA_CYCLING">
    <value valueType="decimal">89.18355938835919</value>
  </variableValue>
  <variableValue variable="S_PA_TRANS_WALK_FREQ">
    <value valueType="integer">12</value>
  </variableValue>
  <variableValue variable="S_PA_TRANS_WALK_TIME">
    <value valueType="integer">29</value>
  </variableValue>
  <variableValue variable="S_PA_TRANS_WALK">
    <value valueType="decimal">62.65818063045325</value>
  </variableValue>
  <variableValue variable="S_PA_TOTAL_TRANS">
    <value valueType="decimal">7.217581917428162</value>
  </variableValue>
  <variableValue variable="S_PA_GARDEN_VIG_FREQ">
    <value valueType="integer">95</value>
  </variableValue>
  <variableValue variable="S_PA_GARDEN_VIG_TIME">
    <value valueType="integer">57</value>
  </variableValue>
  <variableValue variable="S_PA_GARDEN_VIG">
    <value valueType="decimal">28.767668028590055</value>
  </variableValue>
  <variableValue variable="S_PA_GARDEN_MOD_FREQ">
    <value valueType="integer">25</value>
  </variableValue>
  <variableValue variable="S_PA_GARDEN_MOD_TIME">
    <value valueType="integer">3</value>
  </variableValue>
  <variableValue variable="S_PA_GARDEN_MOD">
    <value valueType="decimal">28.226421827128878</value>
  </variableValue>
  <variableValue variable="S_PA_INSIDE_MOD_FREQ">
    <value valueType="integer">52</value>
  </variableValue>
  <variableValue variable="S_PA_INSIDE_MOD_TIME">
    <value valueType="integer">89</value>
  </variableValue>
  <variableValue variable="S_PA_INSIDE_MOD">
    <value valueType="decimal">35.54561421874875</value>
  </variableValue>
  <variableValue variable="S_PA_TOTAL_DOMESTIC_GARDEN">
    <value valueType="decimal">40.73530727024674</value>
  </variableValue>
  <variableValue variable="S_PA_LEISURE_WALK_FREQ">
    <value valueType="integer">15</value>
  </variableValue>
  <variableValue variable="S_PA_LEISURE_WALK_TIME">
    <value valueType="integer">76</value>
  </variableValue>
  <variableValue variable="S_PA_LEISURE_WALK">
    <value valueType="decimal">55.73676476987419</value>
  </variableValue>
  <variableValue variable="S_PA_LEISURE_VIG_FREQ">
    <value valueType="integer">49</value>
  </variableValue>
  <variableValue variable="S_PA_LEISURE_VIG_TIME">
    <value valueType="integer">29</value>
  </variableValue>
  <variableValue variable="S_PA_LEISURE_VIG">
    <value valueType="decimal">51.35312997214827</value>
  </variableValue>
  <variableValue variable="S_PA_LEISURE_MOD_FREQ">
    <value valueType="integer">59</value>
  </variableValue>
  <variableValue variable="S_PA_LEISURE_MOD_TIME">
    <value valueType="integer">4</value>
  </variableValue>
  <variableValue variable="S_PA_LEISURE_MOD">
    <value valueType="decimal">49.642958896710844</value>
  </variableValue>
  <variableValue variable="S_PA_TOTAL_LEISURE">
    <value valueType="decimal">93.88430659177662</value>
  </variableValue>
  <variableValue variable="S_PA_TOTAL_VIG_LONG">
    <value valueType="decimal">31.904165764637902</value>
  </variableValue>
  <variableValue variable="S_PA_TOTAL_MOD_LONG">
    <value valueType="decimal">30.73798289608922</value>
  </variableValue>
  <variableValue variable="S_PA_TOTAL_WALK_LONG">
    <value valueType="decimal">4.090511584654932</value>
  </variableValue>
  <variableValue variable="S_PA_TOTAL_LONG">
    <value valueType="decimal">81.2782051331797</value>
  </variableValue>
  <variableValue variable="S_PA_LEVEL_LONG">
    <value valueType="integer">1</value>
  </variableValue>
  <variableValue variable="A_PA_SIT_TIME_WKDAY">
    <value valueType="integer">53</value>
  </variableValue>
  <variableValue variable="A_PA_SIT_TIME_WKEND">
    <value valueType="integer">16</value>
  </variableValue>
  <variableValue variable="A_PA_TOTAL_SIT_TIME">
    <value valueType="integer">43</value>
  </variableValue>
  <variableValue variable="A_PA_SIT_AVG_TIME_DAY">
    <value valueType="decimal">98.22935835585618</value>
  </variableValue>
  <variableValue variable="S_SDC_EB_ABORIGINAL">
    <value valueType="integer">1</value>
  </variableValue>
  <variableValue variable="S_SDC_EB_ARAB">
    <value valueType="integer">0</value>
  </variableValue>
  <variableValue variable="S_SDC_EB_BLACK">
    <value valueType="integer">1</value>
  </variableValue>
  <variableValue variable="S_SDC_EB_E_ASIAN">
    <value valueType="integer">1</value>
  </variableValue>
  <variableValue variable="S_SDC_EB_FILIPINO">
    <value valueType="integer">0</value>
  </variableValue>
  <variableValue variable="S_SDC_EB_JEWISH">
    <value valueType="integer">1</value>
  </variableValue>
  <variableValue variable="S_SDC_EB_LATIN">
    <value valueType="integer">0</value>
  </variableValue>
  <variableValue variable="S_SDC_EB_S_ASIAN">
    <value valueType="integer">1</value>
  </variableValue>
  <variableValue variable="S_SDC_EB_SE_ASIAN">
    <value valueType="integer">0</value>
  </variableValue>
  <variableValue variable="S_SDC_EB_W_ASIAN">
    <value valueType="integer">1</value>
  </variableValue>
  <variableValue variable="S_SDC_EB_WHITE">
    <value valueType="integer">0</value>
  </variableValue>
  <variableValue variable="S_SDC_EB_OTHER">
    <value valueType="integer">0</value>
  </variableValue>
  <variableValue variable="S_SDC_EB_ABORIGINAL_M">
    <value valueType="integer">1</value>
  </variableValue>
  <variableValue variable="S_SDC_EB_ARAB_M">
    <value valueType="integer">1</value>
  </variableValue>
  <variableValue variable="S_SDC_EB_BLACK_M">
    <value valueType="integer">1</value>
  </variableValue>
  <variableValue variable="S_SDC_EB_E_ASIAN_M">
    <value valueType="integer">1</value>
  </variableValue>
  <variableValue variable="S_SDC_EB_FILIPINO_M">
    <value valueType="integer">1</value>
  </variableValue>
  <variableValue variable="S_SDC_EB_JEWISH_M">
    <value valueType="integer">0</value>
  </variableValue>
  <variableValue variable="S_SDC_EB_LATIN_M">
    <value valueType="integer">0</value>
  </variableValue>
  <variableValue variable="S_SDC_EB_S_ASIAN_M">
    <value valueType="integer">1</value>
  </variableValue>
  <variableValue variable="S_SDC_EB_SE_ASIAN_M">
    <value valueType="integer">0</value>
  </variableValue>
  <variableValue variable="S_SDC_EB_W_ASIAN_M">
    <value valueType="integer">0</value>
  </variableValue>
  <variableValue variable="S_SDC_EB_WHITE_M">
    <value valueType="integer">1</value>
  </variableValue>
  <variableValue variable="S_SDC_EB_OTHER_M">
    <value valueType="integer">1</value>
  </variableValue>
  <variableValue variable="S_SDC_EB_ABORIGINAL_F">
    <value valueType="integer">1</value>
  </variableValue>
  <variableValue variable="S_SDC_EB_ARAB_F">
    <value valueType="integer">1</value>
  </variableValue>
  <variableValue variable="S_SDC_EB_BLACK_F">
    <value valueType="integer">0</value>
  </variableValue>
  <variableValue variable="S_SDC_EB_E_ASIAN_F">
    <value valueType="integer">1</value>
  </variableValue>
  <variableValue variable="S_SDC_EB_FILIPINO_F">
    <value valueType="integer">0</value>
  </variableValue>
  <variableValue variable="S_SDC_EB_JEWISH_F">
    <value valueType="integer">1</value>
  </variableValue>
  <variableValue variable="S_SDC_EB_LATIN_F">
    <value valueType="integer">0</value>
  </variableValue>
  <variableValue variable="S_SDC_EB_S_ASIAN_F">
    <value valueType="integer">0</value>
  </variableValue>
  <variableValue variable="S_SDC_EB_SE_ASIAN_F">
    <value valueType="integer">1</value>
  </variableValue>
  <variableValue variable="S_SDC_EB_W_ASIAN_F">
    <value valueType="integer">0</value>
  </variableValue>
  <variableValue variable="S_SDC_EB_WHITE_F">
    <value valueType="integer">0</value>
  </variableValue>
  <variableValue variable="S_SDC_EB_OTHER_F">
    <value valueType="integer">1</value>
  </variableValue>
  <variableValue variable="A_SDC_BIRTH_COUNTRY">
    <value valueType="integer">4</value>
  </variableValue>
  <variableValue variable="A_SDC_BIRTH_COUNTRY_OTSP">
    <value valueType="text"/>
  </variableValue>
  <variableValue variable="A_SDC_BIRTH_COUNTRY_M">
    <value valueType="integer">19</value>
  </variableValue>
  <variableValue variable="A_SDC_BIRTH_COUNTRY_M_OTSP">
    <value valueType="text"/>
  </variableValue>
  <variableValue variable="A_SDC_BIRTH_COUNTRY_F">
    <value valueType="integer">16</value>
  </variableValue>
  <variableValue variable="A_SDC_BIRTH_COUNTRY_F_OTSP">
    <value valueType="text"/>
  </variableValue>
  <variableValue variable="S_SDC_BIRTH_COUNTRY_MM">
    <value valueType="integer">14</value>
  </variableValue>
  <variableValue variable="S_SDC_BIRTH_COUNTRY_MM_OTSP">
    <value valueType="text"/>
  </variableValue>
  <variableValue variable="S_SDC_BIRTH_COUNTRY_MF">
    <value valueType="integer">4</value>
  </variableValue>
  <variableValue variable="S_SDC_BIRTH_COUNTRY_MF_OTSP">
    <value valueType="text"/>
  </variableValue>
  <variableValue variable="S_SDC_BIRTH_COUNTRY_FM">
    <value valueType="integer">18</value>
  </variableValue>
  <variableValue variable="S_SDC_BIRTH_COUNTRY_FM_OTSP">
    <value valueType="text"/>
  </variableValue>
  <variableValue variable="S_SDC_BIRTH_COUNTRY_FF">
    <value valueType="integer">17</value>
  </variableValue>
  <variableValue variable="S_SDC_BIRTH_COUNTRY_FF_OTSP">
    <value valueType="text">Lorem ipsum dolor sit amet, consectetur adipisicing elit, sed do eiusmod tempor incididunt ut labore et dolore magna aliqua. Ut enim ad minim veniam, quis nostrud exercitation ullamco laboris nisi ut aliquip ex ea commodo consequat. Duis aute irure dolor in reprehenderit in voluptate velit esse cillum dolore eu fugiat nulla pariatur. Excepteur sint occaecat cupidatat non proident, sunt in culpa qui officia deserunt mollit anim id est laborum.</value>
  </variableValue>
  <variableValue variable="A_SDC_ARRIVAL_AGE">
    <value valueType="integer">75</value>
  </variableValue>
  <variableValue variable="A_SDC_LANG_ENGLISH">
    <value valueType="integer">1</value>
  </variableValue>
  <variableValue variable="A_SDC_LANG_FRENCH">
    <value valueType="integer">1</value>
  </variableValue>
  <variableValue variable="A_SDC_LANG_ARABIC">
    <value valueType="integer">1</value>
  </variableValue>
  <variableValue variable="A_SDC_LANG_ABORIGINAL">
    <value valueType="integer">0</value>
  </variableValue>
  <variableValue variable="A_SDC_LANG_BENGALI">
    <value valueType="integer">0</value>
  </variableValue>
  <variableValue variable="A_SDC_LANG_CANTONESE">
    <value valueType="integer">1</value>
  </variableValue>
  <variableValue variable="A_SDC_LANG_DANISH">
    <value valueType="integer">1</value>
  </variableValue>
  <variableValue variable="A_SDC_LANG_DUTCH">
    <value valueType="integer">1</value>
  </variableValue>
  <variableValue variable="A_SDC_LANG_FARSI_PERSIAN">
    <value valueType="integer">1</value>
  </variableValue>
  <variableValue variable="A_SDC_LANG_TAGALOG_FILIPINO">
    <value valueType="integer">1</value>
  </variableValue>
  <variableValue variable="A_SDC_LANG_FINNISH">
    <value valueType="integer">1</value>
  </variableValue>
  <variableValue variable="A_SDC_LANG_GAELIC">
    <value valueType="integer">0</value>
  </variableValue>
  <variableValue variable="A_SDC_LANG_GERMAN">
    <value valueType="integer">0</value>
  </variableValue>
  <variableValue variable="A_SDC_LANG_GREEK">
    <value valueType="integer">0</value>
  </variableValue>
  <variableValue variable="A_SDC_LANG_HINDI">
    <value valueType="integer">1</value>
  </variableValue>
  <variableValue variable="A_SDC_LANG_HUNGARIAN">
    <value valueType="integer">1</value>
  </variableValue>
  <variableValue variable="A_SDC_LANG_ICELANDIC">
    <value valueType="integer">1</value>
  </variableValue>
  <variableValue variable="A_SDC_LANG_ITALIAN">
    <value valueType="integer">1</value>
  </variableValue>
  <variableValue variable="A_SDC_LANG_KOREAN">
    <value valueType="integer">1</value>
  </variableValue>
  <variableValue variable="A_SDC_LANG_MANDARIN">
    <value valueType="integer">0</value>
  </variableValue>
  <variableValue variable="A_SDC_LANG_NORWEGIAN">
    <value valueType="integer">1</value>
  </variableValue>
  <variableValue variable="A_SDC_LANG_POLISH">
    <value valueType="integer">0</value>
  </variableValue>
  <variableValue variable="A_SDC_LANG_PORTUGESE">
    <value valueType="integer">0</value>
  </variableValue>
  <variableValue variable="A_SDC_LANG_PUNJABI">
    <value valueType="integer">0</value>
  </variableValue>
  <variableValue variable="A_SDC_LANG_RUSSIAN">
    <value valueType="integer">1</value>
  </variableValue>
  <variableValue variable="A_SDC_LANG_SPANISH">
    <value valueType="integer">0</value>
  </variableValue>
  <variableValue variable="A_SDC_LANG_SWEDISH">
    <value valueType="integer">1</value>
  </variableValue>
  <variableValue variable="A_SDC_LANG_TAMIL">
    <value valueType="integer">0</value>
  </variableValue>
  <variableValue variable="A_SDC_LANG_UKRAINIAN">
    <value valueType="integer">0</value>
  </variableValue>
  <variableValue variable="A_SDC_LANG_URDU">
    <value valueType="integer">0</value>
  </variableValue>
  <variableValue variable="A_SDC_LANG_VIETNAMESE">
    <value valueType="integer">1</value>
  </variableValue>
  <variableValue variable="A_SDC_LANG_WELSH">
    <value valueType="integer">0</value>
  </variableValue>
  <variableValue variable="A_SDC_LANG_OTHER">
    <value valueType="integer">0</value>
  </variableValue>
  <variableValue variable="S_SDC_LANG_OTSP">
    <value valueType="text">Lorem ipsum dolor sit amet, consectetur adipisicing elit, sed do eiusmod tempor incididunt ut labore et dolore magna aliqua. Ut enim ad minim veniam, quis nostrud exercitation ullamco laboris nisi ut aliquip ex ea commodo consequat. Duis aute irure dolor in reprehenderit in voluptate velit esse cillum dolore eu fugiat nulla pariatur. Excepteur sint occaecat cupidatat non proident, sunt in culpa qui officia deserunt mollit anim id est laborum.</value>
  </variableValue>
  <variableValue variable="S_WRK_EMPLOYMENT_STATUS_CAT">
    <value valueType="integer">43</value>
  </variableValue>
  <variableValue variable="S_WRK_FULL_TIME">
    <value valueType="integer">94</value>
  </variableValue>
  <variableValue variable="S_WRK_PART_TIME">
    <value valueType="integer">37</value>
  </variableValue>
  <variableValue variable="S_WRK_RETIREMENT">
    <value valueType="integer">18</value>
  </variableValue>
  <variableValue variable="S_WRK_HOME_FAMILY">
    <value valueType="integer">30</value>
  </variableValue>
  <variableValue variable="S_WRK_UNABLE">
    <value valueType="integer">43</value>
  </variableValue>
  <variableValue variable="S_WRK_UNEMPLOYED">
    <value valueType="integer">50</value>
  </variableValue>
  <variableValue variable="S_WRK_UNPAID">
    <value valueType="integer">20</value>
  </variableValue>
  <variableValue variable="S_WRK_STUDENT">
    <value valueType="integer">100</value>
  </variableValue>
  <variableValue variable="A_WRK_EMPLOYMENT">
    <value valueType="integer">0</value>
  </variableValue>
  <variableValue variable="S_WRK_IND_TYPE_CUR_CAT">
    <value valueType="integer">13</value>
  </variableValue>
  <variableValue variable="S_WRK_IND_TYPE_CUR_CAT_OTSP">
    <value valueType="text"/>
  </variableValue>
  <variableValue variable="S_WRK_IND_TYPE_CUR_OPEN">
    <value valueType="text"/>
  </variableValue>
  <variableValue variable="S_WRK_JOB_TYPE_CUR_CAT">
    <value valueType="integer">10</value>
  </variableValue>
  <variableValue variable="S_WRK_JOB_TITLE_CUR_OPEN">
    <value valueType="text"/>
  </variableValue>
  <variableValue variable="S_WRK_JOB_AGE_CUR">
    <value valueType="integer">17</value>
  </variableValue>
  <variableValue variable="A_WRK_SCHEDULE_CUR_CAT">
    <value valueType="integer">3</value>
  </variableValue>
  <variableValue variable="S_WRK_SCHEDULE_CUR_OTSP">
    <value valueType="text"/>
  </variableValue>
  <variableValue variable="S_WRK_JOB_CUR_LONGEST">
    <value valueType="integer">26</value>
  </variableValue>
  <variableValue variable="S_WRK_IND_TYPE_LONGEST_CAT">
    <value valueType="integer">21</value>
  </variableValue>
  <variableValue variable="S_WRK_IND_TYPE_LONGEST_OPEN">
    <value valueType="text"/>
  </variableValue>
  <variableValue variable="S_WRK_JOB_TYPE_LONGEST_CAT">
    <value valueType="integer">7</value>
  </variableValue>
  <variableValue variable="S_WRK_JOB_TITLE_LONGEST_OPEN">
    <value valueType="text"/>
  </variableValue>
  <variableValue variable="S_WRK_SCHEDULE_LONGEST_CAT">
    <value valueType="integer">74</value>
  </variableValue>
  <variableValue variable="S_WRK_SCHEDULE_LONGEST_OTSP">
    <value valueType="text"/>
  </variableValue>
  <variableValue variable="S_WRK_JOB_LONGEST_AGE_START">
    <value valueType="integer">87</value>
  </variableValue>
  <variableValue variable="S_WRK_JOB_LONGEST_AGE_STOP">
    <value valueType="integer">86</value>
  </variableValue>
  <variableValue variable="S_PM_HANDEDNESS">
    <value valueType="integer">3</value>
  </variableValue>
  <variableValue variable="S_PM_ABLE_STAND">
    <value valueType="integer">0</value>
  </variableValue>
  <variableValue variable="S_PM_STAND_HEIGHT_SR1">
    <value valueType="decimal">95.64322106121047</value>
  </variableValue>
  <variableValue variable="S_PM_STAND_HEIGHT_SR2">
    <value valueType="decimal">16.09299900019122</value>
  </variableValue>
  <variableValue variable="S_PM_STAND_HEIGHT_SR_AVG">
    <value valueType="decimal">85.91710739305074</value>
  </variableValue>
  <variableValue variable="S_PM_WEIGHT_SR1">
    <value valueType="decimal">89.04042643384696</value>
  </variableValue>
  <variableValue variable="S_PM_WEIGHT_SR2">
    <value valueType="decimal">99.28932206327816</value>
  </variableValue>
  <variableValue variable="S_PM_WEIGHT_SR_AVG">
    <value valueType="decimal">34.52066641973496</value>
  </variableValue>
  <variableValue variable="S_PM_HIP_SR1">
    <value valueType="decimal">79.50516688949088</value>
  </variableValue>
  <variableValue variable="S_PM_HIP_SR2">
    <value valueType="decimal">83.42730606099813</value>
  </variableValue>
  <variableValue variable="S_PM_HIP_SR_AVG">
    <value valueType="decimal">35.70681491955795</value>
  </variableValue>
  <variableValue variable="S_PM_WAIST_SR1">
    <value valueType="decimal">84.13043255504817</value>
  </variableValue>
  <variableValue variable="S_PM_WAIST_SR2">
    <value valueType="decimal">99.903883598117</value>
  </variableValue>
  <variableValue variable="S_PM_WAIST_SR_AVG">
    <value valueType="decimal">9.00821341794632</value>
  </variableValue>
  <variableValue variable="S_PM_WAIST_HIP_RATIO_SR">
    <value valueType="decimal">17.034265334358135</value>
  </variableValue>
  <variableValue variable="S_PM_BMI_SR">
    <value valueType="decimal">23.363580066062507</value>
  </variableValue>
</valueSet>