<entities>
  <string>Participant</string>
  <map>
    <entry>
      <string>08</string>
      <string>0000010.xml</string>
    </entry>
    <entry>
      <string>09</string>
      <string>0000007.xml</string>
    </entry>
    <entry>
      <string>04</string>
      <string>0000004.xml</string>
    </entry>
    <entry>
      <string>05</string>
      <string>0000003.xml</string>
    </entry>
    <entry>
      <string>15</string>
      <string>0000013.xml</string>
    </entry>
    <entry>
      <string>06</string>
      <string>0000008.xml</string>
    </entry>
    <entry>
      <string>07</string>
      <string>0000006.xml</string>
    </entry>
    <entry>
      <string>13</string>
      <string>0000015.xml</string>
    </entry>
    <entry>
      <string>14</string>
      <string>0000014.xml</string>
    </entry>
    <entry>
      <string>01</string>
      <string>0000002.xml</string>
    </entry>
    <entry>
      <string>02</string>
      <string>0000001.xml</string>
    </entry>
    <entry>
      <string>11</string>
      <string>0000011.xml</string>
    </entry>
    <entry>
      <string>03</string>
      <string>0000005.xml</string>
    </entry>
    <entry>
      <string>12</string>
      <string>0000009.xml</string>
    </entry>
    <entry>
      <string>10</string>
      <string>0000012.xml</string>
    </entry>
  </map>
</entities>