<entities>
  <string>Martian</string>
  <map>
    <entry>
      <string>3</string>
      <string>0000011.xml</string>
    </entry>
    <entry>
      <string>2</string>
      <string>0000001.xml</string>
    </entry>
    <entry>
      <string>10</string>
      <string>0000008.xml</string>
    </entry>
    <entry>
      <string>1</string>
      <string>0000004.xml</string>
    </entry>
    <entry>
      <string>7</string>
      <string>0000005.xml</string>
    </entry>
    <entry>
      <string>6</string>
      <string>0000003.xml</string>
    </entry>
    <entry>
      <string>5</string>
      <string>0000007.xml</string>
    </entry>
    <entry>
      <string>4</string>
      <string>0000002.xml</string>
    </entry>
    <entry>
      <string>9</string>
      <string>0000009.xml</string>
    </entry>
    <entry>
      <string>8</string>
      <string>0000006.xml</string>
    </entry>
    <entry>
      <string>11</string>
      <string>0000010.xml</string>
    </entry>
  </map>
</entities>