{"id":"82f903d2-1946-4f68-99aa-ca47c3aa9279","name":[{"lang":"en","value":"Ontario Health Study"}],"acronym":[{"lang":"en","value":"OHS"}],"logo":{"id":"fdbc4e5f-ae6a-41db-87be-eebbc3139900","fileName":"logo.gif","type":"logo","description":[{"lang":"en"}],"lang":"en","justUploaded":true},"investigators":[{"title":"Dr.","firstName":"Vivek","lastName":"Goel ","email":"vivek.goel@ontariohealthstudy.ca","dataAccessCommitteeMember":false,"institution":{"name":[{"lang":"en","value":"Ontario Institute for Cancer Research"}],"department":[{"lang":"en","value":"MaRS Centre, Heritage Building"}],"address":{"street":[{"lang":"en","value":"661 University Avenue, Suite 510"}],"city":[{"lang":"en","value":"Toronto"}],"zip":"M5G 0A3","state":"Ontario","country":{"iso":"CA","name":[{"lang":"en","value":"Canada"}]}}}}],"contacts":[{"title":"Dr.","firstName":"Karen","lastName":"Menard","email":"Karen.Menard@ontariohealthstudy.ca","dataAccessCommitteeMember":false,"institution":{"name":[{"lang":"en","value":"Ontario Institute for Cancer Research"}],"department":[{"lang":"en","value":"MaRS Centre, Heritage Building"}],"address":{"street":[{"lang":"en","value":"661 University Avenue, Suite 510"}],"city":[{"lang":"en","value":"Toronto"}],"zip":"M5G 0A3","state":"Ontario","country":{"iso":"CA","name":[{"lang":"en","value":"Canada"}]}}}}],"objectives":[{"lang":"en","value":"<p><span>The Ontario Health Study (OHS) is a longitudinal prospective cohort study that will serve as an integrated platform for investigating the complex interplay of environmental, lifestyle and genetic factors that increase individual and community risk of developing cancer, heart disease, diabetes, asthma, depression and other common adult diseases. All adult residents of Ontario are eligible to participate, and the intent is to follow participants for their entire lifespan. The OHS is committed to allowing access to data and samples for all bona fide researchers with the appropriate scientific and ethical approvals.<\/span><\/p>\r\n"}],"website":"http:\/\/www.ontariohealthstudy.ca\/","specificAuthorization":{"authorized":false,"date":"1969-12-31T19:00:00-05:00"},"maelstromAuthorization":{"authorized":true,"date":"1969-12-31T19:00:00-05:00"},"methods":{"designs":["cohort_study"],"recruitments":["individuals"]},"numberOfParticipants":{"participant":{"noLimit":false,"number":150000},"sample":{"noLimit":false,"number":78000}},"startYear":2009,"access":["data","biosamples"],"populations":[{"id":"af4d8724-10f9-4029-baa4-935bef359e4d","name":[{"lang":"en","value":"OHS population"}],"description":[{"lang":"en","value":"<p>The OHS cohort consists of men and women aged 18 and over residing in the Province of Ontario.<\/p>\r\n"}],"recruitment":{"dataSources":["general"],"generalPopulationSources":["volunteer"]},"selectionCriteria":{"ageMin":18,"countriesIso":["CAN"],"info":[{"lang":"en","value":"<p>Only exclusion noted to date is incarceration.<\/p>\r\n"}]},"numberOfParticipants":{"participant":{"noLimit":false},"sample":{"noLimit":false}},"dataCollectionEvents":[{"id":"b733ca29-c275-4ce1-b96f-8998da23088f","name":[{"lang":"en","value":"OHS - Baseline Recruitment"}],"description":[{"lang":"en","value":"<p>The baseline recruitment is ongoing.<\/p>\r\n\r\n<p>Enrichment of resource is ongoing:&nbsp;<span>1. Biospecimen collection&nbsp;<\/span><span>2. Assessment centre visits 3. Follow-up questionnaires 4. Data linkage to administrative health data 5. Strategic partnerships with institutions and communities in Ontario.<\/span><\/p>\r\n\r\n<p><span>September 2010 \u2013 present: Questionnaire data collected online.<\/span><\/p>\r\n\r\n<p><span>July 2012 \u2013 present: Physical measures and blood and urine samples collected in urban assessment centre. <\/span><\/p>\r\n\r\n<p><span>October 2012 \u2013 present: Blood samples collected from current participants in private labs across the province.<\/span><\/p>\r\n"}],"startYear":2010,"startMonth":9,"endYear":2015,"dataSources":["questionnaires","physical_measures","biological_samples"],"bioSamples":["blood","urine"]},{"id":"b6b7b94c-7b48-4693-a57d-2ea619ab4fba","name":[{"lang":"en","value":"OHS - Pilot Phase"}],"description":[{"lang":"en","value":"<p>March 2009 \u2013 July 2010: Questionnaire and physical measures data, and blood and urine samples collected from 8,205 pilot participants in three assessment centres.<\/p>\r\n"}],"startYear":2009,"startMonth":3,"endYear":2010,"endMonth":7,"dataSources":["questionnaires","physical_measures","biological_samples"],"bioSamples":["blood","urine"]}]}]}