<variables>
  <variable name="K42" valueType="decimal" entityType="Participant" unit="" mimeType="" referencedEntityType="" index="1">
    <attributes>
      <attribute name="Target" namespace="Mlstr_additional" valueType="text">Participant</attribute>
      <attribute name="Muscles" namespace="Mlstr_physmeas" valueType="text">Hand_Grip_Strength</attribute>
      <attribute name="Physical_measures" namespace="Mlstr_area" valueType="text">Muscles_skeleton_mobility</attribute>
      <attribute name="label" valueType="text" locale="en">Dynamometer 1st effort</attribute>
      <attribute name="Source" namespace="Mlstr_additional" valueType="text">Physical_measure</attribute>
    </attributes>
  </variable>
  <variable name="K43" valueType="decimal" entityType="Participant" unit="" mimeType="" referencedEntityType="" index="2">
    <attributes>
      <attribute name="Target" namespace="Mlstr_additional" valueType="text">Participant</attribute>
      <attribute name="Muscles" namespace="Mlstr_physmeas" valueType="text">Hand_Grip_Strength</attribute>
      <attribute name="Physical_measures" namespace="Mlstr_area" valueType="text">Muscles_skeleton_mobility</attribute>
      <attribute name="label" valueType="text" locale="en">Dynamometer 2nd effort</attribute>
      <attribute name="Source" namespace="Mlstr_additional" valueType="text">Physical_measure</attribute>
    </attributes>
  </variable>
  <variable name="K44" valueType="decimal" entityType="Participant" unit="" mimeType="" referencedEntityType="" index="3">
    <attributes>
      <attribute name="Target" namespace="Mlstr_additional" valueType="text">Participant</attribute>
      <attribute name="Muscles" namespace="Mlstr_physmeas" valueType="text">Hand_Grip_Strength</attribute>
      <attribute name="Physical_measures" namespace="Mlstr_area" valueType="text">Muscles_skeleton_mobility</attribute>
      <attribute name="label" valueType="text" locale="en">Dynamometer 3nd effort</attribute>
      <attribute name="Source" namespace="Mlstr_additional" valueType="text">Physical_measure</attribute>
    </attributes>
  </variable>
  <variable name="K45" valueType="decimal" entityType="Participant" unit="" mimeType="" referencedEntityType="" index="4">
    <attributes>
      <attribute name="Target" namespace="Mlstr_additional" valueType="text">Participant</attribute>
      <attribute name="Muscles" namespace="Mlstr_physmeas" valueType="text">Hand_Grip_Strength</attribute>
      <attribute name="Physical_measures" namespace="Mlstr_area" valueType="text">Muscles_skeleton_mobility</attribute>
      <attribute name="label" valueType="text" locale="en">Dynamometer 4th effort</attribute>
      <attribute name="Source" namespace="Mlstr_additional" valueType="text">Physical_measure</attribute>
    </attributes>
  </variable>
</variables>