<variables>
  <variable name="C1" valueType="integer" entityType="Participant" unit="" mimeType="" referencedEntityType="" index="0">
    <attributes>
      <attribute name="Target" namespace="Mlstr_additional" valueType="text">Participant</attribute>
      <attribute name="Diseases" namespace="Mlstr_area" valueType="text">Circulatory_sys_dis</attribute>
      <attribute name="label" valueType="text" locale="en">Hypertension</attribute>
      <attribute name="Source" namespace="Mlstr_additional" valueType="text">Questionnaire</attribute>
    </attributes>
  </variable>
  <variable name="C2" valueType="integer" entityType="Participant" unit="" mimeType="" referencedEntityType="" index="0">
    <attributes>
      <attribute name="Target" namespace="Mlstr_additional" valueType="text">Participant</attribute>
      <attribute name="Diseases" namespace="Mlstr_area" valueType="text">Endocrine_metabolic_dis</attribute>
      <attribute name="label" valueType="text" locale="en">Diabetes Mellitus</attribute>
      <attribute name="Source" namespace="Mlstr_additional" valueType="text">Questionnaire</attribute>
    </attributes>
  </variable>
  <variable name="C3" valueType="integer" entityType="Participant" unit="" mimeType="" referencedEntityType="" index="0">
    <attributes>
      <attribute name="Target" namespace="Mlstr_additional" valueType="text">Participant</attribute>
      <attribute name="Diseases" namespace="Mlstr_area" valueType="text">Circulatory_sys_dis</attribute>
      <attribute name="label" valueType="text" locale="en">Coronary disease</attribute>
      <attribute name="Source" namespace="Mlstr_additional" valueType="text">Questionnaire</attribute>
    </attributes>
  </variable>
  <variable name="C3a" valueType="integer" entityType="Participant" unit="" mimeType="" referencedEntityType="" index="0">
    <attributes>
      <attribute name="Target" namespace="Mlstr_additional" valueType="text">Participant</attribute>
      <attribute name="Diseases" namespace="Mlstr_area" valueType="text">Circulatory_sys_dis</attribute>
      <attribute name="label" valueType="text" locale="en">Myocardial Infarction</attribute>
      <attribute name="Source" namespace="Mlstr_additional" valueType="text">Questionnaire</attribute>
    </attributes>
  </variable>
  <variable name="C4" valueType="integer" entityType="Participant" unit="" mimeType="" referencedEntityType="" index="0">
    <attributes>
      <attribute name="Target" namespace="Mlstr_additional" valueType="text">Participant</attribute>
      <attribute name="Diseases" namespace="Mlstr_area" valueType="text">Circulatory_sys_dis</attribute>
      <attribute name="label" valueType="text" locale="en">Congestive heart failure</attribute>
      <attribute name="Source" namespace="Mlstr_additional" valueType="text">Questionnaire</attribute>
    </attributes>
  </variable>
  <variable name="C4a" valueType="integer" entityType="Participant" unit="" mimeType="" referencedEntityType="" index="0">
    <attributes>
      <attribute name="Target" namespace="Mlstr_additional" valueType="text">Participant</attribute>
      <attribute name="Diseases" namespace="Mlstr_area" valueType="text">Circulatory_sys_dis</attribute>
      <attribute name="label" valueType="text" locale="en">Arrhythmia- irregular heartbeat</attribute>
      <attribute name="Source" namespace="Mlstr_additional" valueType="text">Questionnaire</attribute>
    </attributes>
  </variable>
  <variable name="C5" valueType="integer" entityType="Participant" unit="" mimeType="" referencedEntityType="" index="0">
    <attributes>
      <attribute name="Target" namespace="Mlstr_additional" valueType="text">Participant</attribute>
      <attribute name="Diseases" namespace="Mlstr_area" valueType="text">Circulatory_sys_dis</attribute>
      <attribute name="label" valueType="text" locale="en">Other heart disease</attribute>
      <attribute name="Source" namespace="Mlstr_additional" valueType="text">Questionnaire</attribute>
    </attributes>
  </variable>
  <variable name="C5a" valueType="integer" entityType="Participant" unit="" mimeType="" referencedEntityType="" index="0">
    <attributes>
      <attribute name="Target" namespace="Mlstr_additional" valueType="text">Participant</attribute>
      <attribute name="Diseases" namespace="Mlstr_area" valueType="text">Endocrine_metabolic_dis</attribute>
      <attribute name="label" valueType="text" locale="en">Dyslipidemia</attribute>
      <attribute name="Source" namespace="Mlstr_additional" valueType="text">Questionnaire</attribute>
    </attributes>
  </variable>
  <variable name="C6" valueType="integer" entityType="Participant" unit="" mimeType="" referencedEntityType="" index="0">
    <attributes>
      <attribute name="Target" namespace="Mlstr_additional" valueType="text">Participant</attribute>
      <attribute name="Diseases" namespace="Mlstr_area" valueType="text">Respiratory_sys_dis</attribute>
      <attribute name="label" valueType="text" locale="en">COPD or other pulmonary disease</attribute>
      <attribute name="Source" namespace="Mlstr_additional" valueType="text">Questionnaire</attribute>
    </attributes>
  </variable>
  <variable name="C7" valueType="integer" entityType="Participant" unit="" mimeType="" referencedEntityType="" index="0">
    <attributes>
      <attribute name="Target" namespace="Mlstr_additional" valueType="text">Participant</attribute>
      <attribute name="Diseases" namespace="Mlstr_area" valueType="text">Endocrine_metabolic_dis</attribute>
      <attribute name="label" valueType="text" locale="en">Thyroid disease</attribute>
      <attribute name="Source" namespace="Mlstr_additional" valueType="text">Questionnaire</attribute>
    </attributes>
  </variable>
  <variable name="C7a" valueType="integer" entityType="Participant" unit="" mimeType="" referencedEntityType="" index="0">
    <attributes>
      <attribute name="Target" namespace="Mlstr_additional" valueType="text">Participant</attribute>
      <attribute name="Diseases" namespace="Mlstr_area" valueType="text">Endocrine_metabolic_dis</attribute>
      <attribute name="label" valueType="text" locale="en">Hyperthyroidism</attribute>
      <attribute name="Source" namespace="Mlstr_additional" valueType="text">Questionnaire</attribute>
    </attributes>
  </variable>
  <variable name="C7b" valueType="integer" entityType="Participant" unit="" mimeType="" referencedEntityType="" index="0">
    <attributes>
      <attribute name="Target" namespace="Mlstr_additional" valueType="text">Participant</attribute>
      <attribute name="Diseases" namespace="Mlstr_area" valueType="text">Endocrine_metabolic_dis</attribute>
      <attribute name="label" valueType="text" locale="en">Hypothyroidism</attribute>
      <attribute name="Source" namespace="Mlstr_additional" valueType="text">Questionnaire</attribute>
    </attributes>
  </variable>
  <variable name="C8" valueType="integer" entityType="Participant" unit="" mimeType="" referencedEntityType="" index="0">
    <attributes>
      <attribute name="Target" namespace="Mlstr_additional" valueType="text">Participant</attribute>
      <attribute name="Diseases" namespace="Mlstr_area" valueType="text">Digestive_sys_dis</attribute>
      <attribute name="label" valueType="text" locale="en">Liver disease</attribute>
      <attribute name="Source" namespace="Mlstr_additional" valueType="text">Questionnaire</attribute>
    </attributes>
  </variable>
  <variable name="C9" valueType="integer" entityType="Participant" unit="" mimeType="" referencedEntityType="" index="0">
    <attributes>
      <attribute name="Target" namespace="Mlstr_additional" valueType="text">Participant</attribute>
      <attribute name="Diseases" namespace="Mlstr_area" valueType="text">Genitourinary_sys_dis</attribute>
      <attribute name="label" valueType="text" locale="en">Renal insufficiency</attribute>
      <attribute name="Source" namespace="Mlstr_additional" valueType="text">Questionnaire</attribute>
    </attributes>
  </variable>
  <variable name="C10" valueType="integer" entityType="Participant" unit="" mimeType="" referencedEntityType="" index="0">
    <attributes>
      <attribute name="Target" namespace="Mlstr_additional" valueType="text">Participant</attribute>
      <attribute name="Diseases" namespace="Mlstr_area" valueType="text">Digestive_sys_dis</attribute>
      <attribute name="label" valueType="text" locale="en">Peptic Ulcer disease</attribute>
      <attribute name="Source" namespace="Mlstr_additional" valueType="text">Questionnaire</attribute>
    </attributes>
  </variable>
  <variable name="C11" valueType="integer" entityType="Participant" unit="" mimeType="" referencedEntityType="" index="0">
    <attributes>
      <attribute name="Target" namespace="Mlstr_additional" valueType="text">Participant</attribute>
      <attribute name="Diseases" namespace="Mlstr_area" valueType="text">Circulatory_sys_dis</attribute>
      <attribute name="label" valueType="text" locale="en">Peripheral Vascular disease</attribute>
      <attribute name="Source" namespace="Mlstr_additional" valueType="text">Questionnaire</attribute>
    </attributes>
  </variable>
  <variable name="C12" valueType="integer" entityType="Participant" unit="" mimeType="" referencedEntityType="" index="0">
    <attributes>
      <attribute name="Target" namespace="Mlstr_additional" valueType="text">Participant</attribute>
      <attribute name="Diseases" namespace="Mlstr_area" valueType="text">Neoplasms</attribute>
      <attribute name="label" valueType="text" locale="en">Cancer</attribute>
      <attribute name="Source" namespace="Mlstr_additional" valueType="text">Questionnaire</attribute>
    </attributes>
  </variable>
  <variable name="C13" valueType="integer" entityType="Participant" unit="" mimeType="" referencedEntityType="" index="0">
    <attributes>
      <attribute name="Target" namespace="Mlstr_additional" valueType="text">Participant</attribute>
      <attribute name="Diseases" namespace="Mlstr_area" valueType="text">Musculoskeletal_sys_dis</attribute>
      <attribute name="label" valueType="text" locale="en">Arthritis</attribute>
      <attribute name="Source" namespace="Mlstr_additional" valueType="text">Questionnaire</attribute>
    </attributes>
  </variable>
  <variable name="C14" valueType="integer" entityType="Participant" unit="" mimeType="" referencedEntityType="" index="0">
    <attributes>
      <attribute name="Target" namespace="Mlstr_additional" valueType="text">Participant</attribute>
      <attribute name="Diseases" namespace="Mlstr_area" valueType="text">Mental_behav_dis</attribute>
      <attribute name="label" valueType="text" locale="en">Drug abuse</attribute>
      <attribute name="Source" namespace="Mlstr_additional" valueType="text">Questionnaire</attribute>
    </attributes>
  </variable>
  <variable name="C15" valueType="integer" entityType="Participant" unit="" mimeType="" referencedEntityType="" index="0">
    <attributes>
      <attribute name="Target" namespace="Mlstr_additional" valueType="text">Participant</attribute>
      <attribute name="Diseases" namespace="Mlstr_area" valueType="text">Injury_poisoning</attribute>
      <attribute name="label" valueType="text" locale="en">Traumatic brain injury</attribute>
      <attribute name="Source" namespace="Mlstr_additional" valueType="text">Questionnaire</attribute>
    </attributes>
  </variable>
  <variable name="C15a" valueType="integer" entityType="Participant" unit="" mimeType="" referencedEntityType="" index="0">
    <attributes>
      <attribute name="Target" namespace="Mlstr_additional" valueType="text">Participant</attribute>
      <attribute name="Diseases" namespace="Mlstr_area" valueType="text">Injury_poisoning</attribute>
      <attribute name="label" valueType="text" locale="en">Traumatic brain injury with loss of consciousness</attribute>
      <attribute name="Source" namespace="Mlstr_additional" valueType="text">Questionnaire</attribute>
    </attributes>
  </variable>
  <variable name="C15b" valueType="integer" entityType="Participant" unit="" mimeType="" referencedEntityType="" index="0">
    <attributes>
      <attribute name="Target" namespace="Mlstr_additional" valueType="text">Participant</attribute>
      <attribute name="Diseases" namespace="Mlstr_area" valueType="text">Injury_poisoning</attribute>
      <attribute name="label" valueType="text" locale="en">Duration of loss of conscience</attribute>
      <attribute name="Source" namespace="Mlstr_additional" valueType="text">Questionnaire</attribute>
    </attributes>
  </variable>
  <variable name="C16" valueType="integer" entityType="Participant" unit="" mimeType="" referencedEntityType="" index="0">
    <attributes>
      <attribute name="Target" namespace="Mlstr_additional" valueType="text">Participant</attribute>
      <attribute name="Diseases" namespace="Mlstr_area" valueType="text">Nervous_sys_dis</attribute>
      <attribute name="label" valueType="text" locale="en">Seizure</attribute>
      <attribute name="Source" namespace="Mlstr_additional" valueType="text">Questionnaire</attribute>
    </attributes>
  </variable>
  <variable name="C17" valueType="integer" entityType="Participant" unit="" mimeType="" referencedEntityType="" index="0">
    <attributes>
      <attribute name="Target" namespace="Mlstr_additional" valueType="text">Participant</attribute>
      <attribute name="Diseases" namespace="Mlstr_area" valueType="text">Infectious_dis</attribute>
      <attribute name="label" valueType="text" locale="en">Syphilis</attribute>
      <attribute name="Source" namespace="Mlstr_additional" valueType="text">Questionnaire</attribute>
    </attributes>
  </variable>
  <variable name="C18" valueType="integer" entityType="Participant" unit="" mimeType="" referencedEntityType="" index="0">
    <attributes>
      <attribute name="Target" namespace="Mlstr_additional" valueType="text">Participant</attribute>
      <attribute name="Diseases" namespace="Mlstr_area" valueType="text">Nervous_sys_dis</attribute>
      <attribute name="label" valueType="text" locale="en">Parkinson&apos;s disease</attribute>
      <attribute name="Source" namespace="Mlstr_additional" valueType="text">Questionnaire</attribute>
    </attributes>
  </variable>
  <variable name="C19" valueType="integer" entityType="Participant" unit="" mimeType="" referencedEntityType="" index="0">
    <attributes>
      <attribute name="Target" namespace="Mlstr_additional" valueType="text">Participant</attribute>
      <attribute name="Diseases" namespace="Mlstr_area" valueType="text">Nervous_sys_dis</attribute>
      <attribute name="label" valueType="text" locale="en">Huntington&apos;s disease</attribute>
      <attribute name="Source" namespace="Mlstr_additional" valueType="text">Questionnaire</attribute>
    </attributes>
  </variable>
  <variable name="C20" valueType="integer" entityType="Participant" unit="" mimeType="" referencedEntityType="" index="0">
    <attributes>
      <attribute name="Target" namespace="Mlstr_additional" valueType="text">Participant</attribute>
      <attribute name="Diseases" namespace="Mlstr_area" valueType="text">Nervous_sys_dis</attribute>
      <attribute name="label" valueType="text" locale="en">Multiple sclerosis</attribute>
      <attribute name="Source" namespace="Mlstr_additional" valueType="text">Questionnaire</attribute>
    </attributes>
  </variable>
  <variable name="C21" valueType="integer" entityType="Participant" unit="" mimeType="" referencedEntityType="" index="0">
    <attributes>
      <attribute name="Target" namespace="Mlstr_additional" valueType="text">Participant</attribute>
      <attribute name="Diseases" namespace="Mlstr_area" valueType="text">Endocrine_metabolic_dis</attribute>
      <attribute name="label" valueType="text" locale="en">B-12 deficiency</attribute>
      <attribute name="Source" namespace="Mlstr_additional" valueType="text">Questionnaire</attribute>
    </attributes>
  </variable>
  <variable name="C22" valueType="integer" entityType="Participant" unit="" mimeType="" referencedEntityType="" index="0">
    <attributes>
      <attribute name="Target" namespace="Mlstr_additional" valueType="text">Participant</attribute>
      <attribute name="Diseases" namespace="Mlstr_area" valueType="text">Nervous_sys_dis</attribute>
      <attribute name="label" valueType="text" locale="en">Normal pressure hydrocephalus</attribute>
      <attribute name="Source" namespace="Mlstr_additional" valueType="text">Questionnaire</attribute>
    </attributes>
  </variable>
  <variable name="C23" valueType="integer" entityType="Participant" unit="" mimeType="" referencedEntityType="" index="0">
    <attributes>
      <attribute name="Target" namespace="Mlstr_additional" valueType="text">Participant</attribute>
      <attribute name="Diseases" namespace="Mlstr_area" valueType="text">Cong_malform_chrom_abnor</attribute>
      <attribute name="label" valueType="text" locale="en">Down Syndrome</attribute>
      <attribute name="Source" namespace="Mlstr_additional" valueType="text">Questionnaire</attribute>
    </attributes>
  </variable>
  <variable name="C24a" valueType="text" entityType="Participant" unit="" mimeType="" referencedEntityType="" index="0">
    <attributes>
      <attribute name="Target" namespace="Mlstr_additional" valueType="text">Participant</attribute>
      <attribute name="Diseases" namespace="Mlstr_area" valueType="text">Other_dis</attribute>
      <attribute name="label" valueType="text" locale="en">Other medical condition</attribute>
      <attribute name="Source" namespace="Mlstr_additional" valueType="text">Questionnaire</attribute>
    </attributes>
  </variable>
  <variable name="C24b" valueType="text" entityType="Participant" unit="" mimeType="" referencedEntityType="" index="0">
    <attributes>
      <attribute name="Target" namespace="Mlstr_additional" valueType="text">Participant</attribute>
      <attribute name="Diseases" namespace="Mlstr_area" valueType="text">Other_dis</attribute>
      <attribute name="label" valueType="text" locale="en">Other medical condition</attribute>
      <attribute name="Source" namespace="Mlstr_additional" valueType="text">Questionnaire</attribute>
    </attributes>
  </variable>
  <variable name="C25a" valueType="text" entityType="Participant" unit="" mimeType="" referencedEntityType="" index="0">
    <attributes>
      <attribute name="Target" namespace="Mlstr_additional" valueType="text">Participant</attribute>
      <attribute name="Non_pharmacological_interventions" namespace="Mlstr_area" valueType="text">Surgical_inter</attribute>
      <attribute name="label" valueType="text" locale="en">Operations</attribute>
      <attribute name="Source" namespace="Mlstr_additional" valueType="text">Questionnaire</attribute>
    </attributes>
  </variable>
  <variable name="C25b" valueType="text" entityType="Participant" unit="" mimeType="" referencedEntityType="" index="0">
    <attributes>
      <attribute name="Target" namespace="Mlstr_additional" valueType="text">Participant</attribute>
      <attribute name="Non_pharmacological_interventions" namespace="Mlstr_area" valueType="text">Surgical_inter</attribute>
      <attribute name="label" valueType="text" locale="en">Operations</attribute>
      <attribute name="Source" namespace="Mlstr_additional" valueType="text">Questionnaire</attribute>
    </attributes>
  </variable>
  <variable name="C25c" valueType="text" entityType="Participant" unit="" mimeType="" referencedEntityType="" index="0">
    <attributes>
      <attribute name="Target" namespace="Mlstr_additional" valueType="text">Participant</attribute>
      <attribute name="Non_pharmacological_interventions" namespace="Mlstr_area" valueType="text">Surgical_inter</attribute>
      <attribute name="label" valueType="text" locale="en">Operations</attribute>
      <attribute name="Source" namespace="Mlstr_additional" valueType="text">Questionnaire</attribute>
    </attributes>
  </variable>
  <variable name="C25d" valueType="text" entityType="Participant" unit="" mimeType="" referencedEntityType="" index="0">
    <attributes>
      <attribute name="Target" namespace="Mlstr_additional" valueType="text">Participant</attribute>
      <attribute name="Non_pharmacological_interventions" namespace="Mlstr_area" valueType="text">Surgical_inter</attribute>
      <attribute name="label" valueType="text" locale="en">Operations</attribute>
      <attribute name="Source" namespace="Mlstr_additional" valueType="text">Questionnaire</attribute>
    </attributes>
  </variable>
  <variable name="C25e" valueType="text" entityType="Participant" unit="" mimeType="" referencedEntityType="" index="0">
    <attributes>
      <attribute name="Target" namespace="Mlstr_additional" valueType="text">Participant</attribute>
      <attribute name="Non_pharmacological_interventions" namespace="Mlstr_area" valueType="text">Surgical_inter</attribute>
      <attribute name="label" valueType="text" locale="en">Operations</attribute>
      <attribute name="Source" namespace="Mlstr_additional" valueType="text">Questionnaire</attribute>
    </attributes>
  </variable>
  <variable name="C26a" valueType="integer" entityType="Participant" unit="" mimeType="" referencedEntityType="" index="0">
    <attributes>
      <attribute name="Target" namespace="Mlstr_additional" valueType="text">Participant</attribute>
      <attribute name="Reproduction" namespace="Mlstr_area" valueType="text">Menstr_menop_andropause</attribute>
      <attribute name="label" valueType="text" locale="en">Age at onset of menstruation</attribute>
      <attribute name="Source" namespace="Mlstr_additional" valueType="text">Questionnaire</attribute>
    </attributes>
  </variable>
  <variable name="C26b" valueType="integer" entityType="Participant" unit="" mimeType="" referencedEntityType="" index="0">
    <attributes>
      <attribute name="Target" namespace="Mlstr_additional" valueType="text">Participant</attribute>
      <attribute name="Reproduction" namespace="Mlstr_area" valueType="text">Menstr_menop_andropause</attribute>
      <attribute name="label" valueType="text" locale="en">Age when menstruation stopped</attribute>
      <attribute name="Source" namespace="Mlstr_additional" valueType="text">Questionnaire</attribute>
    </attributes>
  </variable>
  <variable name="C26c" valueType="integer" entityType="Participant" unit="" mimeType="" referencedEntityType="" index="0">
    <attributes>
      <attribute name="Target" namespace="Mlstr_additional" valueType="text">Participant</attribute>
      <attribute name="Reproduction" namespace="Mlstr_area" valueType="text">Menstr_menop_andropause</attribute>
      <attribute name="label" valueType="text" locale="en">Total years of menstruation</attribute>
      <attribute name="Source" namespace="Mlstr_additional" valueType="text">Questionnaire</attribute>
    </attributes>
  </variable>
  <variable name="C26d" valueType="boolean" entityType="Participant" unit="" mimeType="" referencedEntityType="" index="0">
    <attributes>
      <attribute name="Target" namespace="Mlstr_additional" valueType="text">Participant</attribute>
      <attribute name="Reproduction" namespace="Mlstr_area" valueType="text">Menstr_menop_andropause</attribute>
      <attribute name="label" valueType="text" locale="en">Regular menstrual cycle</attribute>
      <attribute name="Source" namespace="Mlstr_additional" valueType="text">Questionnaire</attribute>
    </attributes>
  </variable>
  <variable name="C26e" valueType="integer" entityType="Participant" unit="" mimeType="" referencedEntityType="" index="0">
    <attributes>
      <attribute name="Target" namespace="Mlstr_additional" valueType="text">Participant</attribute>
      <attribute name="Reproduction" namespace="Mlstr_area" valueType="text">Gravidity_fertility</attribute>
      <attribute name="label" valueType="text" locale="en">Number of pregnancies</attribute>
      <attribute name="Source" namespace="Mlstr_additional" valueType="text">Questionnaire</attribute>
    </attributes>
  </variable>
  <variable name="C26g" valueType="integer" entityType="Participant" unit="" mimeType="" referencedEntityType="" index="0">
    <attributes>
      <attribute name="Target" namespace="Mlstr_additional" valueType="text">Participant</attribute>
      <attribute name="Reproduction" namespace="Mlstr_area" valueType="text">Gravidity_fertility</attribute>
      <attribute name="label" valueType="text" locale="en">Number of miscarriages</attribute>
      <attribute name="Source" namespace="Mlstr_additional" valueType="text">Questionnaire</attribute>
    </attributes>
  </variable>
  <variable name="C26h" valueType="integer" entityType="Participant" unit="" mimeType="" referencedEntityType="" index="0">
    <attributes>
      <attribute name="Target" namespace="Mlstr_additional" valueType="text">Participant</attribute>
      <attribute name="Reproduction" namespace="Mlstr_area" valueType="text">Gravidity_fertility</attribute>
      <attribute name="label" valueType="text" locale="en">Number of abortions</attribute>
      <attribute name="Source" namespace="Mlstr_additional" valueType="text">Questionnaire</attribute>
    </attributes>
  </variable>
  <variable name="C27" valueType="boolean" entityType="Participant" unit="" mimeType="" referencedEntityType="" index="0">
    <attributes>
      <attribute name="Lifestyle_behaviours" namespace="Mlstr_area" valueType="text">Tobacco</attribute>
      <attribute name="Target" namespace="Mlstr_additional" valueType="text">Participant</attribute>
      <attribute name="label" valueType="text" locale="en">Current smoking</attribute>
      <attribute name="Source" namespace="Mlstr_additional" valueType="text">Questionnaire</attribute>
    </attributes>
  </variable>
  <variable name="C28" valueType="boolean" entityType="Participant" unit="" mimeType="" referencedEntityType="" index="0">
    <attributes>
      <attribute name="Lifestyle_behaviours" namespace="Mlstr_area" valueType="text">Tobacco</attribute>
      <attribute name="Target" namespace="Mlstr_additional" valueType="text">Participant</attribute>
      <attribute name="label" valueType="text" locale="en">Smoking in the past</attribute>
      <attribute name="Source" namespace="Mlstr_additional" valueType="text">Questionnaire</attribute>
    </attributes>
  </variable>
  <variable name="C29" valueType="integer" entityType="Participant" unit="" mimeType="" referencedEntityType="" index="0">
    <attributes>
      <attribute name="Lifestyle_behaviours" namespace="Mlstr_area" valueType="text">Tobacco</attribute>
      <attribute name="Target" namespace="Mlstr_additional" valueType="text">Participant</attribute>
      <attribute name="label" valueType="text" locale="en">Number of cigarettes per day</attribute>
      <attribute name="Source" namespace="Mlstr_additional" valueType="text">Questionnaire</attribute>
    </attributes>
  </variable>
  <variable name="C30" valueType="integer" entityType="Participant" unit="" mimeType="" referencedEntityType="" index="0">
    <attributes>
      <attribute name="Lifestyle_behaviours" namespace="Mlstr_area" valueType="text">Tobacco</attribute>
      <attribute name="Target" namespace="Mlstr_additional" valueType="text">Participant</attribute>
      <attribute name="label" valueType="text" locale="en">Age the participant started smoking</attribute>
      <attribute name="Source" namespace="Mlstr_additional" valueType="text">Questionnaire</attribute>
    </attributes>
  </variable>
  <variable name="C31" valueType="integer" entityType="Participant" unit="" mimeType="" referencedEntityType="" index="0">
    <attributes>
      <attribute name="Lifestyle_behaviours" namespace="Mlstr_area" valueType="text">Tobacco</attribute>
      <attribute name="Target" namespace="Mlstr_additional" valueType="text">Participant</attribute>
      <attribute name="label" valueType="text" locale="en">Age participant stopped smoking</attribute>
      <attribute name="Source" namespace="Mlstr_additional" valueType="text">Questionnaire</attribute>
    </attributes>
  </variable>
  <variable name="C32" valueType="integer" entityType="Participant" unit="" mimeType="" referencedEntityType="" index="0">
    <attributes>
      <attribute name="Lifestyle_behaviours" namespace="Mlstr_area" valueType="text">Tobacco</attribute>
      <attribute name="Target" namespace="Mlstr_additional" valueType="text">Participant</attribute>
      <attribute name="label" valueType="text" locale="en">Years of smoking</attribute>
      <attribute name="Source" namespace="Mlstr_additional" valueType="text">Questionnaire</attribute>
    </attributes>
  </variable>
  <variable name="C33" valueType="boolean" entityType="Participant" unit="" mimeType="" referencedEntityType="" index="0">
    <attributes>
      <attribute name="Lifestyle_behaviours" namespace="Mlstr_area" valueType="text">Alcohol</attribute>
      <attribute name="Target" namespace="Mlstr_additional" valueType="text">Participant</attribute>
      <attribute name="label" valueType="text" locale="en">Current consumption of alcohol</attribute>
      <attribute name="Source" namespace="Mlstr_additional" valueType="text">Questionnaire</attribute>
    </attributes>
  </variable>
  <variable name="C39" valueType="boolean" entityType="Participant" unit="" mimeType="" referencedEntityType="" index="0">
    <attributes>
      <attribute name="Lifestyle_behaviours" namespace="Mlstr_area" valueType="text">Alcohol</attribute>
      <attribute name="Target" namespace="Mlstr_additional" valueType="text">Participant</attribute>
      <attribute name="label" valueType="text" locale="en">Consumption of alcohol in the past</attribute>
      <attribute name="Source" namespace="Mlstr_additional" valueType="text">Questionnaire</attribute>
    </attributes>
  </variable>
  <variable name="C41" valueType="boolean" entityType="Participant" unit="" mimeType="" referencedEntityType="" index="0">
    <attributes>
      <attribute name="Lifestyle_behaviours" namespace="Mlstr_area" valueType="text">Alcohol</attribute>
      <attribute name="Target" namespace="Mlstr_additional" valueType="text">Participant</attribute>
      <attribute name="label" valueType="text" locale="en">Consumption of tsipouro (local drink)</attribute>
      <attribute name="Source" namespace="Mlstr_additional" valueType="text">Questionnaire</attribute>
    </attributes>
  </variable>
  <variable name="C41a" valueType="integer" entityType="Participant" unit="" mimeType="" referencedEntityType="" index="0">
    <attributes>
      <attribute name="Lifestyle_behaviours" namespace="Mlstr_area" valueType="text">Alcohol</attribute>
      <attribute name="Target" namespace="Mlstr_additional" valueType="text">Participant</attribute>
      <attribute name="label" valueType="text" locale="en">Number of glasses</attribute>
      <attribute name="Source" namespace="Mlstr_additional" valueType="text">Questionnaire</attribute>
    </attributes>
  </variable>
  <variable name="C41b" valueType="integer" entityType="Participant" unit="" mimeType="" referencedEntityType="" index="0">
    <attributes>
      <attribute name="Lifestyle_behaviours" namespace="Mlstr_area" valueType="text">Alcohol</attribute>
      <attribute name="Target" namespace="Mlstr_additional" valueType="text">Participant</attribute>
      <attribute name="label" valueType="text" locale="en">Frequency of Tsipouro</attribute>
      <attribute name="Source" namespace="Mlstr_additional" valueType="text">Questionnaire</attribute>
    </attributes>
  </variable>
  <variable name="C42" valueType="boolean" entityType="Participant" unit="" mimeType="" referencedEntityType="" index="0">
    <attributes>
      <attribute name="Lifestyle_behaviours" namespace="Mlstr_area" valueType="text">Alcohol</attribute>
      <attribute name="Target" namespace="Mlstr_additional" valueType="text">Participant</attribute>
      <attribute name="label" valueType="text" locale="en">Whether the participant drunk beer</attribute>
      <attribute name="Source" namespace="Mlstr_additional" valueType="text">Questionnaire</attribute>
    </attributes>
  </variable>
  <variable name="C42a" valueType="integer" entityType="Participant" unit="" mimeType="" referencedEntityType="" index="0">
    <attributes>
      <attribute name="Lifestyle_behaviours" namespace="Mlstr_area" valueType="text">Alcohol</attribute>
      <attribute name="Target" namespace="Mlstr_additional" valueType="text">Participant</attribute>
      <attribute name="label" valueType="text" locale="en">Number of beer glasses</attribute>
      <attribute name="Source" namespace="Mlstr_additional" valueType="text">Questionnaire</attribute>
    </attributes>
  </variable>
  <variable name="C42b" valueType="integer" entityType="Participant" unit="" mimeType="" referencedEntityType="" index="0">
    <attributes>
      <attribute name="Lifestyle_behaviours" namespace="Mlstr_area" valueType="text">Alcohol</attribute>
      <attribute name="Target" namespace="Mlstr_additional" valueType="text">Participant</attribute>
      <attribute name="label" valueType="text" locale="en">Frequency of beer consumption</attribute>
      <attribute name="Source" namespace="Mlstr_additional" valueType="text">Questionnaire</attribute>
    </attributes>
  </variable>
  <variable name="C43" valueType="boolean" entityType="Participant" unit="" mimeType="" referencedEntityType="" index="0">
    <attributes>
      <attribute name="Lifestyle_behaviours" namespace="Mlstr_area" valueType="text">Alcohol</attribute>
      <attribute name="Target" namespace="Mlstr_additional" valueType="text">Participant</attribute>
      <attribute name="label" valueType="text" locale="en">Whether the participant drunk Wine</attribute>
      <attribute name="Source" namespace="Mlstr_additional" valueType="text">Questionnaire</attribute>
    </attributes>
  </variable>
  <variable name="C43a" valueType="integer" entityType="Participant" unit="" mimeType="" referencedEntityType="" index="0">
    <attributes>
      <attribute name="Lifestyle_behaviours" namespace="Mlstr_area" valueType="text">Alcohol</attribute>
      <attribute name="Target" namespace="Mlstr_additional" valueType="text">Participant</attribute>
      <attribute name="label" valueType="text" locale="en">Number of wine glasses</attribute>
      <attribute name="Source" namespace="Mlstr_additional" valueType="text">Questionnaire</attribute>
    </attributes>
  </variable>
  <variable name="C43b" valueType="integer" entityType="Participant" unit="" mimeType="" referencedEntityType="" index="0">
    <attributes>
      <attribute name="Lifestyle_behaviours" namespace="Mlstr_area" valueType="text">Alcohol</attribute>
      <attribute name="Target" namespace="Mlstr_additional" valueType="text">Participant</attribute>
      <attribute name="label" valueType="text" locale="en">Frequency of wine consumption</attribute>
      <attribute name="Source" namespace="Mlstr_additional" valueType="text">Questionnaire</attribute>
    </attributes>
  </variable>
  <variable name="C44" valueType="boolean" entityType="Participant" unit="" mimeType="" referencedEntityType="" index="0">
    <attributes>
      <attribute name="Lifestyle_behaviours" namespace="Mlstr_area" valueType="text">Alcohol</attribute>
      <attribute name="Target" namespace="Mlstr_additional" valueType="text">Participant</attribute>
      <attribute name="label" valueType="text" locale="en">Whether the participant drinks Whiskey</attribute>
      <attribute name="Source" namespace="Mlstr_additional" valueType="text">Questionnaire</attribute>
    </attributes>
  </variable>
  <variable name="C44a" valueType="integer" entityType="Participant" unit="" mimeType="" referencedEntityType="" index="0">
    <attributes>
      <attribute name="Lifestyle_behaviours" namespace="Mlstr_area" valueType="text">Alcohol</attribute>
      <attribute name="Target" namespace="Mlstr_additional" valueType="text">Participant</attribute>
      <attribute name="label" valueType="text" locale="en">Number of whiskey glasses</attribute>
      <attribute name="Source" namespace="Mlstr_additional" valueType="text">Questionnaire</attribute>
    </attributes>
  </variable>
  <variable name="C44b" valueType="integer" entityType="Participant" unit="" mimeType="" referencedEntityType="" index="0">
    <attributes>
      <attribute name="Lifestyle_behaviours" namespace="Mlstr_area" valueType="text">Alcohol</attribute>
      <attribute name="Target" namespace="Mlstr_additional" valueType="text">Participant</attribute>
      <attribute name="label" valueType="text" locale="en">Frequency of whiskey consumption</attribute>
      <attribute name="Source" namespace="Mlstr_additional" valueType="text">Questionnaire</attribute>
    </attributes>
  </variable>
  <variable name="C45" valueType="boolean" entityType="Participant" unit="" mimeType="" referencedEntityType="" index="0">
    <attributes>
      <attribute name="Lifestyle_behaviours" namespace="Mlstr_area" valueType="text">Alcohol</attribute>
      <attribute name="Target" namespace="Mlstr_additional" valueType="text">Participant</attribute>
      <attribute name="label" valueType="text" locale="en">Whether the participant considers himself to be a social drinker</attribute>
      <attribute name="Source" namespace="Mlstr_additional" valueType="text">Questionnaire</attribute>
    </attributes>
  </variable>
  <variable name="C46" valueType="boolean" entityType="Participant" unit="" mimeType="" referencedEntityType="" index="0">
    <attributes>
      <attribute name="Lifestyle_behaviours" namespace="Mlstr_area" valueType="text">Alcohol</attribute>
      <attribute name="Target" namespace="Mlstr_additional" valueType="text">Participant</attribute>
      <attribute name="label" valueType="text" locale="en">Whether others consider participant to be a social drinker</attribute>
      <attribute name="Source" namespace="Mlstr_additional" valueType="text">Questionnaire</attribute>
    </attributes>
  </variable>
  <variable name="C47" valueType="integer" entityType="Participant" unit="" mimeType="" referencedEntityType="" index="0">
    <attributes>
      <attribute name="Lifestyle_behaviours" namespace="Mlstr_area" valueType="text">Alcohol</attribute>
      <attribute name="Target" namespace="Mlstr_additional" valueType="text">Participant</attribute>
      <attribute name="label" valueType="text" locale="en">Whether participant drinks alone or with friends</attribute>
      <attribute name="Source" namespace="Mlstr_additional" valueType="text">Questionnaire</attribute>
    </attributes>
  </variable>
  <variable name="C48" valueType="boolean" entityType="Participant" unit="" mimeType="" referencedEntityType="" index="0">
    <attributes>
      <attribute name="Lifestyle_behaviours" namespace="Mlstr_area" valueType="text">Alcohol</attribute>
      <attribute name="Target" namespace="Mlstr_additional" valueType="text">Participant</attribute>
      <attribute name="label" valueType="text" locale="en">Whether participant used to drink in the morning</attribute>
      <attribute name="Source" namespace="Mlstr_additional" valueType="text">Questionnaire</attribute>
    </attributes>
  </variable>
  <variable name="C50a" valueType="integer" entityType="Participant" unit="" mimeType="" referencedEntityType="" index="0">
    <attributes>
      <attribute name="Target" namespace="Mlstr_additional" valueType="text">Participant</attribute>
      <attribute name="Diseases" namespace="Mlstr_area" valueType="text">Circulatory_sys_dis</attribute>
      <attribute name="label" valueType="text" locale="en">Stroke or CVA or TIA</attribute>
      <attribute name="Source" namespace="Mlstr_additional" valueType="text">Questionnaire</attribute>
    </attributes>
  </variable>
  <variable name="C50b" valueType="integer" entityType="Participant" unit="" mimeType="" referencedEntityType="" index="0">
    <attributes>
      <attribute name="Target" namespace="Mlstr_additional" valueType="text">Participant</attribute>
      <attribute name="Diseases" namespace="Mlstr_area" valueType="text">Circulatory_sys_dis</attribute>
      <attribute name="label" valueType="text" locale="en">Whether any doctor ever informed the participant that he/she had a stoke or a TIA</attribute>
      <attribute name="Source" namespace="Mlstr_additional" valueType="text">Questionnaire</attribute>
    </attributes>
  </variable>
  <variable name="C50c" valueType="integer" entityType="Participant" unit="" mimeType="" referencedEntityType="" index="0">
    <attributes>
      <attribute name="Target" namespace="Mlstr_additional" valueType="text">Participant</attribute>
      <attribute name="Diseases" namespace="Mlstr_area" valueType="text">Circulatory_sys_dis</attribute>
      <attribute name="label" valueType="text" locale="en">Stroke or TIA in the past year</attribute>
      <attribute name="Source" namespace="Mlstr_additional" valueType="text">Questionnaire</attribute>
    </attributes>
  </variable>
  <variable name="C50d" valueType="integer" entityType="Participant" unit="" mimeType="" referencedEntityType="" index="0">
    <attributes>
      <attribute name="Target" namespace="Mlstr_additional" valueType="text">Participant</attribute>
      <attribute name="Diseases" namespace="Mlstr_area" valueType="text">Circulatory_sys_dis</attribute>
      <attribute name="label" valueType="text" locale="en">Whether the duration of symptoms lasted for more than 24hours</attribute>
      <attribute name="Source" namespace="Mlstr_additional" valueType="text">Questionnaire</attribute>
    </attributes>
  </variable>
  <variable name="C50e" valueType="integer" entityType="Participant" unit="" mimeType="" referencedEntityType="" index="0">
    <attributes>
      <attribute name="Target" namespace="Mlstr_additional" valueType="text">Participant</attribute>
      <attribute name="Diseases" namespace="Mlstr_area" valueType="text">Circulatory_sys_dis</attribute>
      <attribute name="label" valueType="text" locale="en">Whether there are still symptoms of stroke</attribute>
      <attribute name="Source" namespace="Mlstr_additional" valueType="text">Questionnaire</attribute>
    </attributes>
  </variable>
  <variable name="C50f" valueType="integer" entityType="Participant" unit="" mimeType="" referencedEntityType="" index="0">
    <attributes>
      <attribute name="Target" namespace="Mlstr_additional" valueType="text">Participant</attribute>
      <attribute name="Symptoms_signs" namespace="Mlstr_area" valueType="text">General_sympt</attribute>
      <attribute name="label" valueType="text" locale="en">Episode of weakness or numbness</attribute>
      <attribute name="Source" namespace="Mlstr_additional" valueType="text">Questionnaire</attribute>
    </attributes>
  </variable>
  <variable name="C50g" valueType="integer" entityType="Participant" unit="" mimeType="" referencedEntityType="" index="0">
    <attributes>
      <attribute name="Target" namespace="Mlstr_additional" valueType="text">Participant</attribute>
      <attribute name="Symptoms_signs" namespace="Mlstr_area" valueType="text">Speech_voice_sympt</attribute>
      <attribute name="label" valueType="text" locale="en">Episode of dysarthria or aphasia</attribute>
      <attribute name="Source" namespace="Mlstr_additional" valueType="text">Questionnaire</attribute>
    </attributes>
  </variable>
  <variable name="C50h" valueType="integer" entityType="Participant" unit="" mimeType="" referencedEntityType="" index="0">
    <attributes>
      <attribute name="Target" namespace="Mlstr_additional" valueType="text">Participant</attribute>
      <attribute name="Symptoms_signs" namespace="Mlstr_area" valueType="text">General_sympt</attribute>
      <attribute name="label" valueType="text" locale="en">Episode of loss of consciousness with headache, nausea, vomiting</attribute>
      <attribute name="Source" namespace="Mlstr_additional" valueType="text">Questionnaire</attribute>
    </attributes>
  </variable>
  <variable name="C50i" valueType="boolean" entityType="Participant" unit="" mimeType="" referencedEntityType="" index="0">
    <attributes>
      <attribute name="Target" namespace="Mlstr_additional" valueType="text">Participant</attribute>
      <attribute name="Symptoms_signs" namespace="Mlstr_area" valueType="text">Other_sympt</attribute>
      <attribute name="label" valueType="text" locale="en">Sudden onset of symptoms</attribute>
      <attribute name="Source" namespace="Mlstr_additional" valueType="text">Questionnaire</attribute>
    </attributes>
  </variable>
  <variable name="C50j" valueType="integer" entityType="Participant" unit="" mimeType="" referencedEntityType="" index="0">
    <attributes>
      <attribute name="Target" namespace="Mlstr_additional" valueType="text">Participant</attribute>
      <attribute name="Symptoms_signs" namespace="Mlstr_area" valueType="text">Other_sympt</attribute>
      <attribute name="label" valueType="text" locale="en">Duration of symptoms</attribute>
      <attribute name="Source" namespace="Mlstr_additional" valueType="text">Questionnaire</attribute>
    </attributes>
  </variable>
  <variable name="C50k" valueType="integer" entityType="Participant" unit="" mimeType="" referencedEntityType="" index="0">
    <attributes>
      <attribute name="Target" namespace="Mlstr_additional" valueType="text">Participant</attribute>
      <attribute name="Symptoms_signs" namespace="Mlstr_area" valueType="text">Other_sympt</attribute>
      <attribute name="label" valueType="text" locale="en">How long after the stroke the symptoms improved</attribute>
      <attribute name="Source" namespace="Mlstr_additional" valueType="text">Questionnaire</attribute>
    </attributes>
  </variable>
  <variable name="C50l" valueType="boolean" entityType="Participant" unit="" mimeType="" referencedEntityType="" index="0">
    <attributes>
      <attribute name="Target" namespace="Mlstr_additional" valueType="text">Participant</attribute>
      <attribute name="Diseases" namespace="Mlstr_area" valueType="text">Eye_adnexa_dis</attribute>
      <attribute name="label" valueType="text" locale="en">Whether the participant had diplopia</attribute>
      <attribute name="Source" namespace="Mlstr_additional" valueType="text">Questionnaire</attribute>
    </attributes>
  </variable>
  <variable name="C50m" valueType="boolean" entityType="Participant" unit="" mimeType="" referencedEntityType="" index="0">
    <attributes>
      <attribute name="Health_community_care_utilization" namespace="Mlstr_area" valueType="text">Hospitalizations</attribute>
      <attribute name="Target" namespace="Mlstr_additional" valueType="text">Participant</attribute>
      <attribute name="label" valueType="text" locale="en">Admission to hospital</attribute>
      <attribute name="Source" namespace="Mlstr_additional" valueType="text">Questionnaire</attribute>
    </attributes>
  </variable>
  <variable name="C50n" valueType="integer" entityType="Participant" unit="" mimeType="" referencedEntityType="" index="0">
    <attributes>
      <attribute name="Health_community_care_utilization" namespace="Mlstr_area" valueType="text">Hospitalizations</attribute>
      <attribute name="Target" namespace="Mlstr_additional" valueType="text">Participant</attribute>
      <attribute name="label" valueType="text" locale="en">Duration of hospital admission</attribute>
      <attribute name="Source" namespace="Mlstr_additional" valueType="text">Questionnaire</attribute>
    </attributes>
  </variable>
  <variable name="C50o" valueType="boolean" entityType="Participant" unit="" mimeType="" referencedEntityType="" index="0">
    <attributes>
      <attribute name="Target" namespace="Mlstr_additional" valueType="text">Participant</attribute>
      <attribute name="Non_pharmacological_interventions" namespace="Mlstr_area" valueType="text">Other_non_pharmacological_inter</attribute>
      <attribute name="label" valueType="text" locale="en">Rehabilitation treatment</attribute>
      <attribute name="Source" namespace="Mlstr_additional" valueType="text">Questionnaire</attribute>
    </attributes>
  </variable>
  <variable name="C50p" valueType="boolean" entityType="Participant" unit="" mimeType="" referencedEntityType="" index="0">
    <attributes>
      <attribute name="Target" namespace="Mlstr_additional" valueType="text">Participant</attribute>
      <attribute name="label" valueType="text" locale="en">Whether the participant had a medical report</attribute>
      <attribute name="Administrative_information" namespace="Mlstr_area" valueType="text">Other_admin_info</attribute>
      <attribute name="Source" namespace="Mlstr_additional" valueType="text">Questionnaire</attribute>
    </attributes>
  </variable>
  <variable name="C50q" valueType="integer" entityType="Participant" unit="" mimeType="" referencedEntityType="" index="0">
    <attributes>
      <attribute name="Target" namespace="Mlstr_additional" valueType="text">Participant</attribute>
      <attribute name="label" valueType="text" locale="en">Whether the participant gave us any radiologic exams</attribute>
      <attribute name="Administrative_information" namespace="Mlstr_area" valueType="text">Other_admin_info</attribute>
      <attribute name="Source" namespace="Mlstr_additional" valueType="text">Questionnaire</attribute>
    </attributes>
  </variable>
  <variable name="C51" valueType="integer" entityType="Participant" unit="" mimeType="" referencedEntityType="" index="0">
    <attributes>
      <attribute name="Target" namespace="Mlstr_additional" valueType="text">Participant</attribute>
      <attribute name="label" valueType="text" locale="en">Warfarin</attribute>
      <attribute name="Source" namespace="Mlstr_additional" valueType="text">Questionnaire</attribute>
      <attribute name="Medication_supplements" namespace="Mlstr_area" valueType="text">Medication_suppl</attribute>
    </attributes>
  </variable>
  <variable name="C52" valueType="integer" entityType="Participant" unit="" mimeType="" referencedEntityType="" index="0">
    <attributes>
      <attribute name="Target" namespace="Mlstr_additional" valueType="text">Participant</attribute>
      <attribute name="label" valueType="text" locale="en">Aspirin</attribute>
      <attribute name="Source" namespace="Mlstr_additional" valueType="text">Questionnaire</attribute>
      <attribute name="Medication_supplements" namespace="Mlstr_area" valueType="text">Medication_suppl</attribute>
    </attributes>
  </variable>
  <variable name="C53" valueType="integer" entityType="Participant" unit="" mimeType="" referencedEntityType="" index="0">
    <attributes>
      <attribute name="Target" namespace="Mlstr_additional" valueType="text">Participant</attribute>
      <attribute name="label" valueType="text" locale="en">Other antiplatelets (Ticlopidine, ipyridamole, Clopidogrel)</attribute>
      <attribute name="Source" namespace="Mlstr_additional" valueType="text">Questionnaire</attribute>
      <attribute name="Medication_supplements" namespace="Mlstr_area" valueType="text">Medication_suppl</attribute>
    </attributes>
  </variable>
  <variable name="C54" valueType="integer" entityType="Participant" unit="" mimeType="" referencedEntityType="" index="0">
    <attributes>
      <attribute name="Target" namespace="Mlstr_additional" valueType="text">Participant</attribute>
      <attribute name="label" valueType="text" locale="en">Diuretics</attribute>
      <attribute name="Source" namespace="Mlstr_additional" valueType="text">Questionnaire</attribute>
      <attribute name="Medication_supplements" namespace="Mlstr_area" valueType="text">Medication_suppl</attribute>
    </attributes>
  </variable>
  <variable name="C55" valueType="integer" entityType="Participant" unit="" mimeType="" referencedEntityType="" index="0">
    <attributes>
      <attribute name="Target" namespace="Mlstr_additional" valueType="text">Participant</attribute>
      <attribute name="label" valueType="text" locale="en">Anticonvulsants</attribute>
      <attribute name="Source" namespace="Mlstr_additional" valueType="text">Questionnaire</attribute>
      <attribute name="Medication_supplements" namespace="Mlstr_area" valueType="text">Medication_suppl</attribute>
    </attributes>
  </variable>
  <variable name="C55a" valueType="integer" entityType="Participant" unit="" mimeType="" referencedEntityType="" index="0">
    <attributes>
      <attribute name="Target" namespace="Mlstr_additional" valueType="text">Participant</attribute>
      <attribute name="label" valueType="text" locale="en">Balproate</attribute>
      <attribute name="Source" namespace="Mlstr_additional" valueType="text">Questionnaire</attribute>
      <attribute name="Medication_supplements" namespace="Mlstr_area" valueType="text">Medication_suppl</attribute>
    </attributes>
  </variable>
  <variable name="C55b" valueType="integer" entityType="Participant" unit="" mimeType="" referencedEntityType="" index="0">
    <attributes>
      <attribute name="Target" namespace="Mlstr_additional" valueType="text">Participant</attribute>
      <attribute name="label" valueType="text" locale="en">Phenytoin</attribute>
      <attribute name="Source" namespace="Mlstr_additional" valueType="text">Questionnaire</attribute>
      <attribute name="Medication_supplements" namespace="Mlstr_area" valueType="text">Medication_suppl</attribute>
    </attributes>
  </variable>
  <variable name="C55c" valueType="integer" entityType="Participant" unit="" mimeType="" referencedEntityType="" index="0">
    <attributes>
      <attribute name="Target" namespace="Mlstr_additional" valueType="text">Participant</attribute>
      <attribute name="label" valueType="text" locale="en">Phenobarbital</attribute>
      <attribute name="Source" namespace="Mlstr_additional" valueType="text">Questionnaire</attribute>
      <attribute name="Medication_supplements" namespace="Mlstr_area" valueType="text">Medication_suppl</attribute>
    </attributes>
  </variable>
  <variable name="C55d" valueType="integer" entityType="Participant" unit="" mimeType="" referencedEntityType="" index="0">
    <attributes>
      <attribute name="Target" namespace="Mlstr_additional" valueType="text">Participant</attribute>
      <attribute name="label" valueType="text" locale="en">Topiramate</attribute>
      <attribute name="Source" namespace="Mlstr_additional" valueType="text">Questionnaire</attribute>
      <attribute name="Medication_supplements" namespace="Mlstr_area" valueType="text">Medication_suppl</attribute>
    </attributes>
  </variable>
  <variable name="C55e" valueType="integer" entityType="Participant" unit="" mimeType="" referencedEntityType="" index="0">
    <attributes>
      <attribute name="Target" namespace="Mlstr_additional" valueType="text">Participant</attribute>
      <attribute name="label" valueType="text" locale="en">Carbamazepine</attribute>
      <attribute name="Source" namespace="Mlstr_additional" valueType="text">Questionnaire</attribute>
      <attribute name="Medication_supplements" namespace="Mlstr_area" valueType="text">Medication_suppl</attribute>
    </attributes>
  </variable>
  <variable name="C55f" valueType="integer" entityType="Participant" unit="" mimeType="" referencedEntityType="" index="0">
    <attributes>
      <attribute name="Target" namespace="Mlstr_additional" valueType="text">Participant</attribute>
      <attribute name="label" valueType="text" locale="en">Lamotrigine</attribute>
      <attribute name="Source" namespace="Mlstr_additional" valueType="text">Questionnaire</attribute>
      <attribute name="Medication_supplements" namespace="Mlstr_area" valueType="text">Medication_suppl</attribute>
    </attributes>
  </variable>
  <variable name="C55h" valueType="integer" entityType="Participant" unit="" mimeType="" referencedEntityType="" index="0">
    <attributes>
      <attribute name="Target" namespace="Mlstr_additional" valueType="text">Participant</attribute>
      <attribute name="label" valueType="text" locale="en">Levetiracetam</attribute>
      <attribute name="Source" namespace="Mlstr_additional" valueType="text">Questionnaire</attribute>
      <attribute name="Medication_supplements" namespace="Mlstr_area" valueType="text">Medication_suppl</attribute>
    </attributes>
  </variable>
  <variable name="C55i" valueType="integer" entityType="Participant" unit="" mimeType="" referencedEntityType="" index="0">
    <attributes>
      <attribute name="Target" namespace="Mlstr_additional" valueType="text">Participant</attribute>
      <attribute name="label" valueType="text" locale="en">Oxcarbazepine</attribute>
      <attribute name="Source" namespace="Mlstr_additional" valueType="text">Questionnaire</attribute>
      <attribute name="Medication_supplements" namespace="Mlstr_area" valueType="text">Medication_suppl</attribute>
    </attributes>
  </variable>
  <variable name="C56" valueType="integer" entityType="Participant" unit="" mimeType="" referencedEntityType="" index="0">
    <attributes>
      <attribute name="Target" namespace="Mlstr_additional" valueType="text">Participant</attribute>
      <attribute name="label" valueType="text" locale="en">Insulin</attribute>
      <attribute name="Source" namespace="Mlstr_additional" valueType="text">Questionnaire</attribute>
      <attribute name="Medication_supplements" namespace="Mlstr_area" valueType="text">Medication_suppl</attribute>
    </attributes>
  </variable>
  <variable name="C57" valueType="integer" entityType="Participant" unit="" mimeType="" referencedEntityType="" index="0">
    <attributes>
      <attribute name="Target" namespace="Mlstr_additional" valueType="text">Participant</attribute>
      <attribute name="label" valueType="text" locale="en">Oral hypoglycemics</attribute>
      <attribute name="Source" namespace="Mlstr_additional" valueType="text">Questionnaire</attribute>
      <attribute name="Medication_supplements" namespace="Mlstr_area" valueType="text">Medication_suppl</attribute>
    </attributes>
  </variable>
  <variable name="C57a" valueType="integer" entityType="Participant" unit="" mimeType="" referencedEntityType="" index="0">
    <attributes>
      <attribute name="Target" namespace="Mlstr_additional" valueType="text">Participant</attribute>
      <attribute name="label" valueType="text" locale="en">Sulfonylurea</attribute>
      <attribute name="Source" namespace="Mlstr_additional" valueType="text">Questionnaire</attribute>
      <attribute name="Medication_supplements" namespace="Mlstr_area" valueType="text">Medication_suppl</attribute>
    </attributes>
  </variable>
  <variable name="C57b" valueType="integer" entityType="Participant" unit="" mimeType="" referencedEntityType="" index="0">
    <attributes>
      <attribute name="Target" namespace="Mlstr_additional" valueType="text">Participant</attribute>
      <attribute name="label" valueType="text" locale="en">Metformin</attribute>
      <attribute name="Source" namespace="Mlstr_additional" valueType="text">Questionnaire</attribute>
      <attribute name="Medication_supplements" namespace="Mlstr_area" valueType="text">Medication_suppl</attribute>
    </attributes>
  </variable>
  <variable name="C57c" valueType="integer" entityType="Participant" unit="" mimeType="" referencedEntityType="" index="0">
    <attributes>
      <attribute name="Target" namespace="Mlstr_additional" valueType="text">Participant</attribute>
      <attribute name="label" valueType="text" locale="en">Glitazones</attribute>
      <attribute name="Source" namespace="Mlstr_additional" valueType="text">Questionnaire</attribute>
      <attribute name="Medication_supplements" namespace="Mlstr_area" valueType="text">Medication_suppl</attribute>
    </attributes>
  </variable>
  <variable name="C58" valueType="integer" entityType="Participant" unit="" mimeType="" referencedEntityType="" index="0">
    <attributes>
      <attribute name="Target" namespace="Mlstr_additional" valueType="text">Participant</attribute>
      <attribute name="label" valueType="text" locale="en">Digoxin</attribute>
      <attribute name="Source" namespace="Mlstr_additional" valueType="text">Questionnaire</attribute>
      <attribute name="Medication_supplements" namespace="Mlstr_area" valueType="text">Medication_suppl</attribute>
    </attributes>
  </variable>
  <variable name="C59" valueType="integer" entityType="Participant" unit="" mimeType="" referencedEntityType="" index="0">
    <attributes>
      <attribute name="Target" namespace="Mlstr_additional" valueType="text">Participant</attribute>
      <attribute name="label" valueType="text" locale="en">Nitrates</attribute>
      <attribute name="Source" namespace="Mlstr_additional" valueType="text">Questionnaire</attribute>
      <attribute name="Medication_supplements" namespace="Mlstr_area" valueType="text">Medication_suppl</attribute>
    </attributes>
  </variable>
  <variable name="C60" valueType="integer" entityType="Participant" unit="" mimeType="" referencedEntityType="" index="0">
    <attributes>
      <attribute name="Target" namespace="Mlstr_additional" valueType="text">Participant</attribute>
      <attribute name="label" valueType="text" locale="en">Calcium-channel blocking agents</attribute>
      <attribute name="Source" namespace="Mlstr_additional" valueType="text">Questionnaire</attribute>
      <attribute name="Medication_supplements" namespace="Mlstr_area" valueType="text">Medication_suppl</attribute>
    </attributes>
  </variable>
  <variable name="C61" valueType="integer" entityType="Participant" unit="" mimeType="" referencedEntityType="" index="0">
    <attributes>
      <attribute name="Target" namespace="Mlstr_additional" valueType="text">Participant</attribute>
      <attribute name="label" valueType="text" locale="en">Beta-2 Agonist</attribute>
      <attribute name="Source" namespace="Mlstr_additional" valueType="text">Questionnaire</attribute>
      <attribute name="Medication_supplements" namespace="Mlstr_area" valueType="text">Medication_suppl</attribute>
    </attributes>
  </variable>
  <variable name="C62" valueType="integer" entityType="Participant" unit="" mimeType="" referencedEntityType="" index="0">
    <attributes>
      <attribute name="Target" namespace="Mlstr_additional" valueType="text">Participant</attribute>
      <attribute name="label" valueType="text" locale="en">Beta-Blockers</attribute>
      <attribute name="Source" namespace="Mlstr_additional" valueType="text">Questionnaire</attribute>
      <attribute name="Medication_supplements" namespace="Mlstr_area" valueType="text">Medication_suppl</attribute>
    </attributes>
  </variable>
  <variable name="C63" valueType="integer" entityType="Participant" unit="" mimeType="" referencedEntityType="" index="0">
    <attributes>
      <attribute name="Target" namespace="Mlstr_additional" valueType="text">Participant</attribute>
      <attribute name="label" valueType="text" locale="en">ACE Inhibitors</attribute>
      <attribute name="Source" namespace="Mlstr_additional" valueType="text">Questionnaire</attribute>
      <attribute name="Medication_supplements" namespace="Mlstr_area" valueType="text">Medication_suppl</attribute>
    </attributes>
  </variable>
  <variable name="C64" valueType="integer" entityType="Participant" unit="" mimeType="" referencedEntityType="" index="0">
    <attributes>
      <attribute name="Target" namespace="Mlstr_additional" valueType="text">Participant</attribute>
      <attribute name="label" valueType="text" locale="en">Angiotensin II inhibitors</attribute>
      <attribute name="Source" namespace="Mlstr_additional" valueType="text">Questionnaire</attribute>
      <attribute name="Medication_supplements" namespace="Mlstr_area" valueType="text">Medication_suppl</attribute>
    </attributes>
  </variable>
  <variable name="C65" valueType="integer" entityType="Participant" unit="" mimeType="" referencedEntityType="" index="0">
    <attributes>
      <attribute name="Target" namespace="Mlstr_additional" valueType="text">Participant</attribute>
      <attribute name="label" valueType="text" locale="en">Other anti-arrhythmics or antianginals</attribute>
      <attribute name="Source" namespace="Mlstr_additional" valueType="text">Questionnaire</attribute>
      <attribute name="Medication_supplements" namespace="Mlstr_area" valueType="text">Medication_suppl</attribute>
    </attributes>
  </variable>
  <variable name="C66" valueType="integer" entityType="Participant" unit="" mimeType="" referencedEntityType="" index="0">
    <attributes>
      <attribute name="Target" namespace="Mlstr_additional" valueType="text">Participant</attribute>
      <attribute name="label" valueType="text" locale="en">Anti-hyperlipidemics</attribute>
      <attribute name="Source" namespace="Mlstr_additional" valueType="text">Questionnaire</attribute>
      <attribute name="Medication_supplements" namespace="Mlstr_area" valueType="text">Medication_suppl</attribute>
    </attributes>
  </variable>
  <variable name="C66a" valueType="integer" entityType="Participant" unit="" mimeType="" referencedEntityType="" index="0">
    <attributes>
      <attribute name="Target" namespace="Mlstr_additional" valueType="text">Participant</attribute>
      <attribute name="label" valueType="text" locale="en">Statin</attribute>
      <attribute name="Source" namespace="Mlstr_additional" valueType="text">Questionnaire</attribute>
      <attribute name="Medication_supplements" namespace="Mlstr_area" valueType="text">Medication_suppl</attribute>
    </attributes>
  </variable>
  <variable name="C66b" valueType="integer" entityType="Participant" unit="" mimeType="" referencedEntityType="" index="0">
    <attributes>
      <attribute name="Target" namespace="Mlstr_additional" valueType="text">Participant</attribute>
      <attribute name="label" valueType="text" locale="en">Fibrate</attribute>
      <attribute name="Source" namespace="Mlstr_additional" valueType="text">Questionnaire</attribute>
      <attribute name="Medication_supplements" namespace="Mlstr_area" valueType="text">Medication_suppl</attribute>
    </attributes>
  </variable>
  <variable name="C67" valueType="integer" entityType="Participant" unit="" mimeType="" referencedEntityType="" index="0">
    <attributes>
      <attribute name="Target" namespace="Mlstr_additional" valueType="text">Participant</attribute>
      <attribute name="label" valueType="text" locale="en">Thyroid supplements</attribute>
      <attribute name="Source" namespace="Mlstr_additional" valueType="text">Questionnaire</attribute>
      <attribute name="Medication_supplements" namespace="Mlstr_area" valueType="text">Medication_suppl</attribute>
    </attributes>
  </variable>
  <variable name="C68" valueType="integer" entityType="Participant" unit="" mimeType="" referencedEntityType="" index="0">
    <attributes>
      <attribute name="Target" namespace="Mlstr_additional" valueType="text">Participant</attribute>
      <attribute name="label" valueType="text" locale="en">Anticholinergics</attribute>
      <attribute name="Source" namespace="Mlstr_additional" valueType="text">Questionnaire</attribute>
      <attribute name="Medication_supplements" namespace="Mlstr_area" valueType="text">Medication_suppl</attribute>
    </attributes>
  </variable>
  <variable name="C69" valueType="integer" entityType="Participant" unit="" mimeType="" referencedEntityType="" index="0">
    <attributes>
      <attribute name="Target" namespace="Mlstr_additional" valueType="text">Participant</attribute>
      <attribute name="label" valueType="text" locale="en">Levodopa/ sinemet</attribute>
      <attribute name="Source" namespace="Mlstr_additional" valueType="text">Questionnaire</attribute>
      <attribute name="Medication_supplements" namespace="Mlstr_area" valueType="text">Medication_suppl</attribute>
    </attributes>
  </variable>
  <variable name="C70" valueType="integer" entityType="Participant" unit="" mimeType="" referencedEntityType="" index="0">
    <attributes>
      <attribute name="Target" namespace="Mlstr_additional" valueType="text">Participant</attribute>
      <attribute name="label" valueType="text" locale="en">Dopamine agonists</attribute>
      <attribute name="Source" namespace="Mlstr_additional" valueType="text">Questionnaire</attribute>
      <attribute name="Medication_supplements" namespace="Mlstr_area" valueType="text">Medication_suppl</attribute>
    </attributes>
  </variable>
  <variable name="C71" valueType="integer" entityType="Participant" unit="" mimeType="" referencedEntityType="" index="0">
    <attributes>
      <attribute name="Target" namespace="Mlstr_additional" valueType="text">Participant</attribute>
      <attribute name="label" valueType="text" locale="en">Antidepressants</attribute>
      <attribute name="Source" namespace="Mlstr_additional" valueType="text">Questionnaire</attribute>
      <attribute name="Medication_supplements" namespace="Mlstr_area" valueType="text">Medication_suppl</attribute>
    </attributes>
  </variable>
  <variable name="C72" valueType="integer" entityType="Participant" unit="" mimeType="" referencedEntityType="" index="0">
    <attributes>
      <attribute name="Target" namespace="Mlstr_additional" valueType="text">Participant</attribute>
      <attribute name="label" valueType="text" locale="en">Antipsychotics</attribute>
      <attribute name="Source" namespace="Mlstr_additional" valueType="text">Questionnaire</attribute>
      <attribute name="Medication_supplements" namespace="Mlstr_area" valueType="text">Medication_suppl</attribute>
    </attributes>
  </variable>
  <variable name="C72a" valueType="integer" entityType="Participant" unit="" mimeType="" referencedEntityType="" index="0">
    <attributes>
      <attribute name="Target" namespace="Mlstr_additional" valueType="text">Participant</attribute>
      <attribute name="label" valueType="text" locale="en">Lithium</attribute>
      <attribute name="Source" namespace="Mlstr_additional" valueType="text">Questionnaire</attribute>
      <attribute name="Medication_supplements" namespace="Mlstr_area" valueType="text">Medication_suppl</attribute>
    </attributes>
  </variable>
  <variable name="C73" valueType="integer" entityType="Participant" unit="" mimeType="" referencedEntityType="" index="0">
    <attributes>
      <attribute name="Target" namespace="Mlstr_additional" valueType="text">Participant</attribute>
      <attribute name="label" valueType="text" locale="en">Anxiolytics</attribute>
      <attribute name="Source" namespace="Mlstr_additional" valueType="text">Questionnaire</attribute>
      <attribute name="Medication_supplements" namespace="Mlstr_area" valueType="text">Medication_suppl</attribute>
    </attributes>
  </variable>
  <variable name="C74" valueType="integer" entityType="Participant" unit="" mimeType="" referencedEntityType="" index="0">
    <attributes>
      <attribute name="Target" namespace="Mlstr_additional" valueType="text">Participant</attribute>
      <attribute name="label" valueType="text" locale="en">Oral cholinesterase inhibitors</attribute>
      <attribute name="Source" namespace="Mlstr_additional" valueType="text">Questionnaire</attribute>
      <attribute name="Medication_supplements" namespace="Mlstr_area" valueType="text">Medication_suppl</attribute>
    </attributes>
  </variable>
  <variable name="C74a" valueType="integer" entityType="Participant" unit="" mimeType="" referencedEntityType="" index="0">
    <attributes>
      <attribute name="Target" namespace="Mlstr_additional" valueType="text">Participant</attribute>
      <attribute name="label" valueType="text" locale="en">Rivastigmine</attribute>
      <attribute name="Source" namespace="Mlstr_additional" valueType="text">Questionnaire</attribute>
      <attribute name="Medication_supplements" namespace="Mlstr_area" valueType="text">Medication_suppl</attribute>
    </attributes>
  </variable>
  <variable name="C74b" valueType="integer" entityType="Participant" unit="" mimeType="" referencedEntityType="" index="0">
    <attributes>
      <attribute name="Target" namespace="Mlstr_additional" valueType="text">Participant</attribute>
      <attribute name="label" valueType="text" locale="en">Tacrine</attribute>
      <attribute name="Source" namespace="Mlstr_additional" valueType="text">Questionnaire</attribute>
      <attribute name="Medication_supplements" namespace="Mlstr_area" valueType="text">Medication_suppl</attribute>
    </attributes>
  </variable>
  <variable name="C74c" valueType="integer" entityType="Participant" unit="" mimeType="" referencedEntityType="" index="0">
    <attributes>
      <attribute name="Target" namespace="Mlstr_additional" valueType="text">Participant</attribute>
      <attribute name="label" valueType="text" locale="en">Donepezil</attribute>
      <attribute name="Source" namespace="Mlstr_additional" valueType="text">Questionnaire</attribute>
      <attribute name="Medication_supplements" namespace="Mlstr_area" valueType="text">Medication_suppl</attribute>
    </attributes>
  </variable>
  <variable name="C74d" valueType="integer" entityType="Participant" unit="" mimeType="" referencedEntityType="" index="0">
    <attributes>
      <attribute name="Target" namespace="Mlstr_additional" valueType="text">Participant</attribute>
      <attribute name="label" valueType="text" locale="en">Galantamine</attribute>
      <attribute name="Source" namespace="Mlstr_additional" valueType="text">Questionnaire</attribute>
      <attribute name="Medication_supplements" namespace="Mlstr_area" valueType="text">Medication_suppl</attribute>
    </attributes>
  </variable>
  <variable name="C75" valueType="integer" entityType="Participant" unit="" mimeType="" referencedEntityType="" index="0">
    <attributes>
      <attribute name="Target" namespace="Mlstr_additional" valueType="text">Participant</attribute>
      <attribute name="label" valueType="text" locale="en">NMDA Receptors Blockers</attribute>
      <attribute name="Source" namespace="Mlstr_additional" valueType="text">Questionnaire</attribute>
      <attribute name="Medication_supplements" namespace="Mlstr_area" valueType="text">Medication_suppl</attribute>
    </attributes>
  </variable>
  <variable name="C75a" valueType="integer" entityType="Participant" unit="" mimeType="" referencedEntityType="" index="0">
    <attributes>
      <attribute name="Target" namespace="Mlstr_additional" valueType="text">Participant</attribute>
      <attribute name="label" valueType="text" locale="en">Memantine</attribute>
      <attribute name="Source" namespace="Mlstr_additional" valueType="text">Questionnaire</attribute>
      <attribute name="Medication_supplements" namespace="Mlstr_area" valueType="text">Medication_suppl</attribute>
    </attributes>
  </variable>
  <variable name="C76" valueType="integer" entityType="Participant" unit="" mimeType="" referencedEntityType="" index="0">
    <attributes>
      <attribute name="Target" namespace="Mlstr_additional" valueType="text">Participant</attribute>
      <attribute name="label" valueType="text" locale="en">Alpha Blockers</attribute>
      <attribute name="Source" namespace="Mlstr_additional" valueType="text">Questionnaire</attribute>
      <attribute name="Medication_supplements" namespace="Mlstr_area" valueType="text">Medication_suppl</attribute>
    </attributes>
  </variable>
  <variable name="C77" valueType="integer" entityType="Participant" unit="" mimeType="" referencedEntityType="" index="0">
    <attributes>
      <attribute name="Target" namespace="Mlstr_additional" valueType="text">Participant</attribute>
      <attribute name="label" valueType="text" locale="en">Hypnotics</attribute>
      <attribute name="Source" namespace="Mlstr_additional" valueType="text">Questionnaire</attribute>
      <attribute name="Medication_supplements" namespace="Mlstr_area" valueType="text">Medication_suppl</attribute>
    </attributes>
  </variable>
  <variable name="C78" valueType="integer" entityType="Participant" unit="" mimeType="" referencedEntityType="" index="0">
    <attributes>
      <attribute name="Target" namespace="Mlstr_additional" valueType="text">Participant</attribute>
      <attribute name="label" valueType="text" locale="en">H-1 Blockers/PPI</attribute>
      <attribute name="Source" namespace="Mlstr_additional" valueType="text">Questionnaire</attribute>
      <attribute name="Medication_supplements" namespace="Mlstr_area" valueType="text">Medication_suppl</attribute>
    </attributes>
  </variable>
  <variable name="C79" valueType="integer" entityType="Participant" unit="" mimeType="" referencedEntityType="" index="0">
    <attributes>
      <attribute name="Target" namespace="Mlstr_additional" valueType="text">Participant</attribute>
      <attribute name="label" valueType="text" locale="en">H-2 Blockers</attribute>
      <attribute name="Source" namespace="Mlstr_additional" valueType="text">Questionnaire</attribute>
      <attribute name="Medication_supplements" namespace="Mlstr_area" valueType="text">Medication_suppl</attribute>
    </attributes>
  </variable>
  <variable name="C80" valueType="integer" entityType="Participant" unit="" mimeType="" referencedEntityType="" index="0">
    <attributes>
      <attribute name="Target" namespace="Mlstr_additional" valueType="text">Participant</attribute>
      <attribute name="label" valueType="text" locale="en">NSAID</attribute>
      <attribute name="Source" namespace="Mlstr_additional" valueType="text">Questionnaire</attribute>
      <attribute name="Medication_supplements" namespace="Mlstr_area" valueType="text">Medication_suppl</attribute>
    </attributes>
  </variable>
  <variable name="C80a" valueType="integer" entityType="Participant" unit="" mimeType="" referencedEntityType="" index="0">
    <attributes>
      <attribute name="Target" namespace="Mlstr_additional" valueType="text">Participant</attribute>
      <attribute name="label" valueType="text" locale="en">Cox 2 Inhibitor</attribute>
      <attribute name="Source" namespace="Mlstr_additional" valueType="text">Questionnaire</attribute>
      <attribute name="Medication_supplements" namespace="Mlstr_area" valueType="text">Medication_suppl</attribute>
    </attributes>
  </variable>
  <variable name="C81" valueType="integer" entityType="Participant" unit="" mimeType="" referencedEntityType="" index="0">
    <attributes>
      <attribute name="Target" namespace="Mlstr_additional" valueType="text">Participant</attribute>
      <attribute name="label" valueType="text" locale="en">Narcotics</attribute>
      <attribute name="Source" namespace="Mlstr_additional" valueType="text">Questionnaire</attribute>
      <attribute name="Medication_supplements" namespace="Mlstr_area" valueType="text">Medication_suppl</attribute>
    </attributes>
  </variable>
  <variable name="C82" valueType="integer" entityType="Participant" unit="" mimeType="" referencedEntityType="" index="0">
    <attributes>
      <attribute name="Target" namespace="Mlstr_additional" valueType="text">Participant</attribute>
      <attribute name="label" valueType="text" locale="en">Hydergine</attribute>
      <attribute name="Source" namespace="Mlstr_additional" valueType="text">Questionnaire</attribute>
      <attribute name="Medication_supplements" namespace="Mlstr_area" valueType="text">Medication_suppl</attribute>
    </attributes>
  </variable>
  <variable name="C83" valueType="integer" entityType="Participant" unit="" mimeType="" referencedEntityType="" index="0">
    <attributes>
      <attribute name="Target" namespace="Mlstr_additional" valueType="text">Participant</attribute>
      <attribute name="label" valueType="text" locale="en">Deprenyl/ Selegiline</attribute>
      <attribute name="Source" namespace="Mlstr_additional" valueType="text">Questionnaire</attribute>
      <attribute name="Medication_supplements" namespace="Mlstr_area" valueType="text">Medication_suppl</attribute>
    </attributes>
  </variable>
  <variable name="C84" valueType="integer" entityType="Participant" unit="" mimeType="" referencedEntityType="" index="0">
    <attributes>
      <attribute name="Target" namespace="Mlstr_additional" valueType="text">Participant</attribute>
      <attribute name="label" valueType="text" locale="en">Estrogen Supplements/ Replacement</attribute>
      <attribute name="Source" namespace="Mlstr_additional" valueType="text">Questionnaire</attribute>
      <attribute name="Medication_supplements" namespace="Mlstr_area" valueType="text">Medication_suppl</attribute>
    </attributes>
  </variable>
  <variable name="C84a" valueType="integer" entityType="Participant" unit="" mimeType="" referencedEntityType="" index="0">
    <attributes>
      <attribute name="Target" namespace="Mlstr_additional" valueType="text">Participant</attribute>
      <attribute name="label" valueType="text" locale="en">Estrogen Supplements by prescription</attribute>
      <attribute name="Source" namespace="Mlstr_additional" valueType="text">Questionnaire</attribute>
      <attribute name="Medication_supplements" namespace="Mlstr_area" valueType="text">Medication_suppl</attribute>
    </attributes>
  </variable>
  <variable name="C84b" valueType="integer" entityType="Participant" unit="" mimeType="" referencedEntityType="" index="0">
    <attributes>
      <attribute name="Target" namespace="Mlstr_additional" valueType="text">Participant</attribute>
      <attribute name="label" valueType="text" locale="en">Phyto-Estrogen</attribute>
      <attribute name="Source" namespace="Mlstr_additional" valueType="text">Questionnaire</attribute>
      <attribute name="Medication_supplements" namespace="Mlstr_area" valueType="text">Medication_suppl</attribute>
    </attributes>
  </variable>
  <variable name="C85" valueType="integer" entityType="Participant" unit="" mimeType="" referencedEntityType="" index="0">
    <attributes>
      <attribute name="Target" namespace="Mlstr_additional" valueType="text">Participant</attribute>
      <attribute name="label" valueType="text" locale="en">Steroids</attribute>
      <attribute name="Source" namespace="Mlstr_additional" valueType="text">Questionnaire</attribute>
      <attribute name="Medication_supplements" namespace="Mlstr_area" valueType="text">Medication_suppl</attribute>
    </attributes>
  </variable>
  <variable name="C86a" valueType="integer" entityType="Participant" unit="" mimeType="" referencedEntityType="" index="0">
    <attributes>
      <attribute name="Target" namespace="Mlstr_additional" valueType="text">Participant</attribute>
      <attribute name="label" valueType="text" locale="en">Other medication</attribute>
      <attribute name="Source" namespace="Mlstr_additional" valueType="text">Questionnaire</attribute>
      <attribute name="Medication_supplements" namespace="Mlstr_area" valueType="text">Medication_suppl</attribute>
    </attributes>
  </variable>
  <variable name="C86b" valueType="text" entityType="Participant" unit="" mimeType="" referencedEntityType="" index="0">
    <attributes>
      <attribute name="Target" namespace="Mlstr_additional" valueType="text">Participant</attribute>
      <attribute name="label" valueType="text" locale="en">Other medication</attribute>
      <attribute name="Source" namespace="Mlstr_additional" valueType="text">Questionnaire</attribute>
      <attribute name="Medication_supplements" namespace="Mlstr_area" valueType="text">Medication_suppl</attribute>
    </attributes>
  </variable>
  <variable name="C86c" valueType="text" entityType="Participant" unit="" mimeType="" referencedEntityType="" index="0">
    <attributes>
      <attribute name="Target" namespace="Mlstr_additional" valueType="text">Participant</attribute>
      <attribute name="label" valueType="text" locale="en">Other medication</attribute>
      <attribute name="Source" namespace="Mlstr_additional" valueType="text">Questionnaire</attribute>
      <attribute name="Medication_supplements" namespace="Mlstr_area" valueType="text">Medication_suppl</attribute>
    </attributes>
  </variable>
  <variable name="C86d" valueType="text" entityType="Participant" unit="" mimeType="" referencedEntityType="" index="0">
    <attributes>
      <attribute name="Target" namespace="Mlstr_additional" valueType="text">Participant</attribute>
      <attribute name="label" valueType="text" locale="en">Other medication</attribute>
      <attribute name="Source" namespace="Mlstr_additional" valueType="text">Questionnaire</attribute>
      <attribute name="Medication_supplements" namespace="Mlstr_area" valueType="text">Medication_suppl</attribute>
    </attributes>
  </variable>
  <variable name="C87" valueType="integer" entityType="Participant" unit="" mimeType="" referencedEntityType="" index="0">
    <attributes>
      <attribute name="Target" namespace="Mlstr_additional" valueType="text">Participant</attribute>
      <attribute name="label" valueType="text" locale="en">Multivitamins</attribute>
      <attribute name="Source" namespace="Mlstr_additional" valueType="text">Questionnaire</attribute>
      <attribute name="Medication_supplements" namespace="Mlstr_area" valueType="text">Medication_suppl</attribute>
    </attributes>
  </variable>
  <variable name="C88" valueType="integer" entityType="Participant" unit="" mimeType="" referencedEntityType="" index="0">
    <attributes>
      <attribute name="Target" namespace="Mlstr_additional" valueType="text">Participant</attribute>
      <attribute name="label" valueType="text" locale="en">Vitamin C</attribute>
      <attribute name="Source" namespace="Mlstr_additional" valueType="text">Questionnaire</attribute>
      <attribute name="Medication_supplements" namespace="Mlstr_area" valueType="text">Medication_suppl</attribute>
    </attributes>
  </variable>
  <variable name="C89" valueType="integer" entityType="Participant" unit="" mimeType="" referencedEntityType="" index="0">
    <attributes>
      <attribute name="Target" namespace="Mlstr_additional" valueType="text">Participant</attribute>
      <attribute name="label" valueType="text" locale="en">Vitamin E</attribute>
      <attribute name="Source" namespace="Mlstr_additional" valueType="text">Questionnaire</attribute>
      <attribute name="Medication_supplements" namespace="Mlstr_area" valueType="text">Medication_suppl</attribute>
    </attributes>
  </variable>
  <variable name="C90" valueType="integer" entityType="Participant" unit="" mimeType="" referencedEntityType="" index="0">
    <attributes>
      <attribute name="Target" namespace="Mlstr_additional" valueType="text">Participant</attribute>
      <attribute name="label" valueType="text" locale="en">Vitamin B12</attribute>
      <attribute name="Source" namespace="Mlstr_additional" valueType="text">Questionnaire</attribute>
      <attribute name="Medication_supplements" namespace="Mlstr_area" valueType="text">Medication_suppl</attribute>
    </attributes>
  </variable>
  <variable name="C91" valueType="integer" entityType="Participant" unit="" mimeType="" referencedEntityType="" index="0">
    <attributes>
      <attribute name="Target" namespace="Mlstr_additional" valueType="text">Participant</attribute>
      <attribute name="label" valueType="text" locale="en">Coenzyme Q</attribute>
      <attribute name="Source" namespace="Mlstr_additional" valueType="text">Questionnaire</attribute>
      <attribute name="Medication_supplements" namespace="Mlstr_area" valueType="text">Medication_suppl</attribute>
    </attributes>
  </variable>
  <variable name="C92" valueType="integer" entityType="Participant" unit="" mimeType="" referencedEntityType="" index="0">
    <attributes>
      <attribute name="Target" namespace="Mlstr_additional" valueType="text">Participant</attribute>
      <attribute name="label" valueType="text" locale="en">DHA / DHAE</attribute>
      <attribute name="Source" namespace="Mlstr_additional" valueType="text">Questionnaire</attribute>
      <attribute name="Medication_supplements" namespace="Mlstr_area" valueType="text">Medication_suppl</attribute>
    </attributes>
  </variable>
  <variable name="C93" valueType="integer" entityType="Participant" unit="" mimeType="" referencedEntityType="" index="0">
    <attributes>
      <attribute name="Target" namespace="Mlstr_additional" valueType="text">Participant</attribute>
      <attribute name="label" valueType="text" locale="en">Lecithin</attribute>
      <attribute name="Source" namespace="Mlstr_additional" valueType="text">Questionnaire</attribute>
      <attribute name="Medication_supplements" namespace="Mlstr_area" valueType="text">Medication_suppl</attribute>
    </attributes>
  </variable>
  <variable name="C94" valueType="integer" entityType="Participant" unit="" mimeType="" referencedEntityType="" index="0">
    <attributes>
      <attribute name="Target" namespace="Mlstr_additional" valueType="text">Participant</attribute>
      <attribute name="label" valueType="text" locale="en">Ginkgo Biloba</attribute>
      <attribute name="Source" namespace="Mlstr_additional" valueType="text">Questionnaire</attribute>
      <attribute name="Medication_supplements" namespace="Mlstr_area" valueType="text">Medication_suppl</attribute>
    </attributes>
  </variable>
  <variable name="C95" valueType="integer" entityType="Participant" unit="" mimeType="" referencedEntityType="" index="0">
    <attributes>
      <attribute name="Target" namespace="Mlstr_additional" valueType="text">Participant</attribute>
      <attribute name="label" valueType="text" locale="en">Folic Acid</attribute>
      <attribute name="Source" namespace="Mlstr_additional" valueType="text">Questionnaire</attribute>
      <attribute name="Medication_supplements" namespace="Mlstr_area" valueType="text">Medication_suppl</attribute>
    </attributes>
  </variable>
  <variable name="C96" valueType="integer" entityType="Participant" unit="" mimeType="" referencedEntityType="" index="0">
    <attributes>
      <attribute name="Target" namespace="Mlstr_additional" valueType="text">Participant</attribute>
      <attribute name="label" valueType="text" locale="en">Vitamin B6</attribute>
      <attribute name="Source" namespace="Mlstr_additional" valueType="text">Questionnaire</attribute>
      <attribute name="Medication_supplements" namespace="Mlstr_area" valueType="text">Medication_suppl</attribute>
    </attributes>
  </variable>
  <variable name="C97" valueType="integer" entityType="Participant" unit="" mimeType="" referencedEntityType="" index="0">
    <attributes>
      <attribute name="Target" namespace="Mlstr_additional" valueType="text">Participant</attribute>
      <attribute name="label" valueType="text" locale="en">Calcium/ Vitamin D</attribute>
      <attribute name="Source" namespace="Mlstr_additional" valueType="text">Questionnaire</attribute>
      <attribute name="Medication_supplements" namespace="Mlstr_area" valueType="text">Medication_suppl</attribute>
    </attributes>
  </variable>
</variables>