<variables>
  <variable name="J16" valueType="integer" entityType="Participant" unit="" mimeType="" referencedEntityType="" index="1">
    <attributes>
      <attribute name="Target" namespace="Mlstr_additional" valueType="text">Participant</attribute>
      <attribute name="Emotional" namespace="Mlstr_cogscale" valueType="text">HADS</attribute>
      <attribute name="Cognitive_psychological_measures" namespace="Mlstr_area" valueType="text">Psychological_emotional_distress</attribute>
      <attribute name="label" valueType="text" locale="en">If the participant feel tense</attribute>
      <attribute name="Source" namespace="Mlstr_additional" valueType="text">Questionnaire</attribute>
    </attributes>
  </variable>
  <variable name="J17" valueType="integer" entityType="Participant" unit="" mimeType="" referencedEntityType="" index="2">
    <attributes>
      <attribute name="Target" namespace="Mlstr_additional" valueType="text">Participant</attribute>
      <attribute name="Emotional" namespace="Mlstr_cogscale" valueType="text">HADS</attribute>
      <attribute name="Cognitive_psychological_measures" namespace="Mlstr_area" valueType="text">Psychological_emotional_distress</attribute>
      <attribute name="label" valueType="text" locale="en">Frightened feeling as if something awful is about to happen</attribute>
      <attribute name="Source" namespace="Mlstr_additional" valueType="text">Questionnaire</attribute>
    </attributes>
  </variable>
  <variable name="J18" valueType="integer" entityType="Participant" unit="" mimeType="" referencedEntityType="" index="3">
    <attributes>
      <attribute name="Target" namespace="Mlstr_additional" valueType="text">Participant</attribute>
      <attribute name="Emotional" namespace="Mlstr_cogscale" valueType="text">HADS</attribute>
      <attribute name="Cognitive_psychological_measures" namespace="Mlstr_area" valueType="text">Psychological_emotional_distress</attribute>
      <attribute name="label" valueType="text" locale="en">Worrying thoughts go through his mind</attribute>
      <attribute name="Source" namespace="Mlstr_additional" valueType="text">Questionnaire</attribute>
    </attributes>
  </variable>
  <variable name="J19" valueType="integer" entityType="Participant" unit="" mimeType="" referencedEntityType="" index="4">
    <attributes>
      <attribute name="Target" namespace="Mlstr_additional" valueType="text">Participant</attribute>
      <attribute name="Emotional" namespace="Mlstr_cogscale" valueType="text">HADS</attribute>
      <attribute name="Cognitive_psychological_measures" namespace="Mlstr_area" valueType="text">Psychological_emotional_distress</attribute>
      <attribute name="label" valueType="text" locale="en">He can sit at ease and feel relaxed</attribute>
      <attribute name="Source" namespace="Mlstr_additional" valueType="text">Questionnaire</attribute>
    </attributes>
  </variable>
  <variable name="J20" valueType="integer" entityType="Participant" unit="" mimeType="" referencedEntityType="" index="5">
    <attributes>
      <attribute name="Target" namespace="Mlstr_additional" valueType="text">Participant</attribute>
      <attribute name="Emotional" namespace="Mlstr_cogscale" valueType="text">HADS</attribute>
      <attribute name="Cognitive_psychological_measures" namespace="Mlstr_area" valueType="text">Psychological_emotional_distress</attribute>
      <attribute name="label" valueType="text" locale="en">Frightened feeling like &apos;butterflies&apos; in the stomach</attribute>
      <attribute name="Source" namespace="Mlstr_additional" valueType="text">Questionnaire</attribute>
    </attributes>
  </variable>
  <variable name="J21" valueType="integer" entityType="Participant" unit="" mimeType="" referencedEntityType="" index="6">
    <attributes>
      <attribute name="Target" namespace="Mlstr_additional" valueType="text">Participant</attribute>
      <attribute name="Emotional" namespace="Mlstr_cogscale" valueType="text">HADS</attribute>
      <attribute name="Cognitive_psychological_measures" namespace="Mlstr_area" valueType="text">Psychological_emotional_distress</attribute>
      <attribute name="label" valueType="text" locale="en">Feel restless as I have to be on the move</attribute>
      <attribute name="Source" namespace="Mlstr_additional" valueType="text">Questionnaire</attribute>
    </attributes>
  </variable>
  <variable name="J22" valueType="integer" entityType="Participant" unit="" mimeType="" referencedEntityType="" index="7">
    <attributes>
      <attribute name="Target" namespace="Mlstr_additional" valueType="text">Participant</attribute>
      <attribute name="Emotional" namespace="Mlstr_cogscale" valueType="text">HADS</attribute>
      <attribute name="Cognitive_psychological_measures" namespace="Mlstr_area" valueType="text">Psychological_emotional_distress</attribute>
      <attribute name="label" valueType="text" locale="en">Get sudden feelings of panic</attribute>
      <attribute name="Source" namespace="Mlstr_additional" valueType="text">Questionnaire</attribute>
    </attributes>
  </variable>
</variables>