<variables>
  <variable name="G1" valueType="decimal" entityType="Participant" unit="" mimeType="" referencedEntityType="" index="1">
    <attributes>
      <attribute name="Target" namespace="Mlstr_additional" valueType="text">Participant</attribute>
      <attribute name="Cog_scale" namespace="Mlstr_cogscale" valueType="text">CDR</attribute>
      <attribute name="Cognitive_psychological_measures" namespace="Mlstr_area" valueType="text">Cognitive_functioning</attribute>
      <attribute name="label" valueType="text" locale="en">CDR: memory</attribute>
      <attribute name="Source" namespace="Mlstr_additional" valueType="text">Questionnaire</attribute>
    </attributes>
  </variable>
  <variable name="G2" valueType="decimal" entityType="Participant" unit="" mimeType="" referencedEntityType="" index="2">
    <attributes>
      <attribute name="Target" namespace="Mlstr_additional" valueType="text">Participant</attribute>
      <attribute name="Cog_scale" namespace="Mlstr_cogscale" valueType="text">CDR</attribute>
      <attribute name="Cognitive_psychological_measures" namespace="Mlstr_area" valueType="text">Cognitive_functioning</attribute>
      <attribute name="label" valueType="text" locale="en">CDR: orientation</attribute>
      <attribute name="Source" namespace="Mlstr_additional" valueType="text">Questionnaire</attribute>
    </attributes>
  </variable>
  <variable name="G3" valueType="decimal" entityType="Participant" unit="" mimeType="" referencedEntityType="" index="3">
    <attributes>
      <attribute name="Target" namespace="Mlstr_additional" valueType="text">Participant</attribute>
      <attribute name="Cog_scale" namespace="Mlstr_cogscale" valueType="text">CDR</attribute>
      <attribute name="Cognitive_psychological_measures" namespace="Mlstr_area" valueType="text">Cognitive_functioning</attribute>
      <attribute name="label" valueType="text" locale="en">CDR: Judgement and Problem Solving</attribute>
      <attribute name="Source" namespace="Mlstr_additional" valueType="text">Questionnaire</attribute>
    </attributes>
  </variable>
  <variable name="G4" valueType="decimal" entityType="Participant" unit="" mimeType="" referencedEntityType="" index="4">
    <attributes>
      <attribute name="Target" namespace="Mlstr_additional" valueType="text">Participant</attribute>
      <attribute name="Cog_scale" namespace="Mlstr_cogscale" valueType="text">CDR</attribute>
      <attribute name="Cognitive_psychological_measures" namespace="Mlstr_area" valueType="text">Cognitive_functioning</attribute>
      <attribute name="label" valueType="text" locale="en">CDR: Community Affairs</attribute>
      <attribute name="Source" namespace="Mlstr_additional" valueType="text">Questionnaire</attribute>
    </attributes>
  </variable>
  <variable name="G5" valueType="decimal" entityType="Participant" unit="" mimeType="" referencedEntityType="" index="5">
    <attributes>
      <attribute name="Target" namespace="Mlstr_additional" valueType="text">Participant</attribute>
      <attribute name="Cog_scale" namespace="Mlstr_cogscale" valueType="text">CDR</attribute>
      <attribute name="Cognitive_psychological_measures" namespace="Mlstr_area" valueType="text">Cognitive_functioning</attribute>
      <attribute name="label" valueType="text" locale="en">CDR: Home and Hobbies</attribute>
      <attribute name="Source" namespace="Mlstr_additional" valueType="text">Questionnaire</attribute>
    </attributes>
  </variable>
  <variable name="G6" valueType="decimal" entityType="Participant" unit="" mimeType="" referencedEntityType="" index="6">
    <attributes>
      <attribute name="Target" namespace="Mlstr_additional" valueType="text">Participant</attribute>
      <attribute name="Cog_scale" namespace="Mlstr_cogscale" valueType="text">CDR</attribute>
      <attribute name="Cognitive_psychological_measures" namespace="Mlstr_area" valueType="text">Cognitive_functioning</attribute>
      <attribute name="label" valueType="text" locale="en">CDR: Personal Care</attribute>
      <attribute name="Source" namespace="Mlstr_additional" valueType="text">Questionnaire</attribute>
    </attributes>
  </variable>
  <variable name="G6_total" valueType="decimal" entityType="Participant" unit="" mimeType="" referencedEntityType="" index="7">
    <attributes>
      <attribute name="Target" namespace="Mlstr_additional" valueType="text">Participant</attribute>
      <attribute name="Cog_scale" namespace="Mlstr_cogscale" valueType="text">CDR</attribute>
      <attribute name="Cognitive_psychological_measures" namespace="Mlstr_area" valueType="text">Cognitive_functioning</attribute>
      <attribute name="label" valueType="text" locale="en">CDR_total_score</attribute>
      <attribute name="Source" namespace="Mlstr_additional" valueType="text">Questionnaire</attribute>
    </attributes>
  </variable>
</variables>