{
  "id": "74ab1c69-eafa-4392-943b-1f6e8ae78d29",
  "name": [
    {
      "lang": "en",
      "value": "LifeLines Cohort Study & Biobank"
    }
  ],
  "acronym": [
    {
      "lang": "en",
      "value": "LifeLines"
    }
  ],
  "logo": {
    "id": "7b9327e6-58d2-4024-81bc-02cfcc4a1cf6",
    "fileName": "lifelines.png",
    "type": "logo",
    "description": [
      {
        "lang": "en"
      }
    ],
    "lang": "en",
    "justUploaded": true
  },
  "investigators": [
    {
      "title": "Dr.",
      "firstName": "Ronald",
      "lastName": "Stolk",
      "email": "r.p.stolk@umcg.nl",
      "phone": "+31-50-361-1879",
      "dataAccessCommitteeMember": false,
      "institution": {
        "name": [
          {
            "lang": "en",
            "value": "University Medical Center Groningen"
          }
        ],
        "address": {
          "street": [
            {
              "lang": "en",
              "value": "P.O. Box 30001"
            }
          ],
          "city": [
            {
              "lang": "en",
              "value": "Groningen"
            }
          ],
          "zip": "9700 RB",
          "state": "Groningen"
        }
      }
    }
  ],
  "contacts": [
    {
      "title": "Dr.",
      "firstName": "Ronald",
      "lastName": "Stolk",
      "email": "r.p.stolk@umcg.nl",
      "phone": "+31-50-361-1879",
      "dataAccessCommitteeMember": false,
      "institution": {
        "name": [
          {
            "lang": "en",
            "value": "University Medical Center Groningen"
          }
        ],
        "address": {
          "street": [
            {
              "lang": "en",
              "value": "P.O. Box 30001"
            }
          ],
          "city": [
            {
              "lang": "en",
              "value": "Groningen"
            }
          ],
          "zip": "9700 RB",
          "state": "Groningen"
        }
      }
    },
    {
      "title": "Dr.",
      "firstName": "Salome",
      "lastName": "Scholtens",
      "dataAccessCommitteeMember": false,
      "institution": {
        "name": [
          {
            "lang": "en",
            "value": "University Medical Center Groningen"
          }
        ]
      }
    },
    {
      "firstName": "Ymke",
      "lastName": "van der Geld",
      "email": "LLscience@umcg.nl",
      "dataAccessCommitteeMember": false,
      "institution": {
        "name": [
          {
            "lang": "en",
            "value": "University Medical Center Groningen"
          }
        ],
        "address": {
          "street": [
            {
              "lang": "en",
              "value": "Bloemsingel 1"
            }
          ],
          "city": [
            {
              "lang": "en",
              "value": "Groningen"
            }
          ],
          "zip": "9713 BZ",
          "state": "Groningen"
        }
      }
    }
  ],
  "objectives": [
    {
      "lang": "en",
      "value": "<p><span>Overall aim of the LifeLines study is to unravel the interaction between genetic and environmental factors in the development of multifactorial diseases, their concurrent development in individuals and their complications as a complex trait. The primary objectives are to establish&nbsp;which are the disease overriding risk factors which predict the development of a multifactorial disease during lifetime, and how are these universal risk factors modified, or what determines the effect of a universal risk factor in an individual.&nbsp;Specific research questions will focus on risk factors and modifiers (genetic, environmental and combined or complex factors) for single and multiple diseases. In addition to co-morbidity, LifeLines focuses on co-determinants. The primary endpoints include measures of ageing, metabolic and endocrine diseases, cardiology, renal diseases, pulmonary and musculoskeletal diseases, and psychopathology. Secondary objectives: Secondary aims include the assessment of the prevalence and incidence of multifactorial diseases and their risk factors in individuals as well as in families. The burden of disease for the society will be quantified in terms of care needed, and total costs of care.<\/span><\/p>"
    }
  ],
  "website": "http:\/\/www.lifelines.net",
  "specificAuthorization": {
    "authorized": false,
    "date": "1969-12-31T19:00:00-05:00"
  },
  "maelstromAuthorization": {
    "authorized": false,
    "date": "1969-12-31T19:00:00-05:00"
  },
  "methods": {
    "designs": [
      "cohort_study"
    ],
    "followUpInfo": [
      {
        "lang": "en",
        "value": "<p><span>The participants are followed for at least thirty years and are invited every five years for a medical examination. In the years in-between (every 1.5 years) the participants recieve follow-up questionnaires.<\/span><\/p>\r\n"
      }
    ],
    "recruitments": [
      "individuals",
      "families"
    ]
  },
  "numberOfParticipants": {
    "participant": {
      "noLimit": false,
      "number": 165000
    },
    "sample": {
      "noLimit": false,
      "number": 165000
    },
    "info": [
      {
        "lang": "en",
        "value": "<p><span>45 000 probands who invite their family members (30000 partners, 55000 parents (including in laws) and 35000 children).<\/span><\/p>\r\n"
      }
    ]
  },
  "startYear": 2007,
  "access": [
    "data",
    "biosamples"
  ],
  "markerPaper": "Stolk RP, Rosmalen JG, Postma DS, de Boer RA, Navis G, Slaets JP, Ormel J, Wolffenbuttel BHR. Universal risk factors for multifactorial diseases: LifeLines: a three-generation population-based study. Eur J Epidemiol 2008; 23(1): 67-74.",
  "pubmedId": "18075776",
  "info": [
    {
      "lang": "en",
      "value": "<p>Funding Agencies: Governement, 3 northern provinces of The Netherlands (80%), University Med Center Groningen\/ University of Groningen (15%), The Netherlands Organization for Scientific Research (NWO) (5%), Dutch Diabetes Research Foundation and Dutch Kidney Foundation<\/p>\r\n"
    }
  ],
  "populations": [
    {
      "id": "f0cfef01-9cd5-4709-b554-0a129fe068d5",
      "name": [
        {
          "lang": "en",
          "value": "LifeLines population"
        }
      ],
      "description": [
        {
          "lang": "en",
          "value": "<p><span>The study population consists of a&nbsp;representative sample of the population of the northern provinces of the Netherlands,&nbsp;covering three generations. The LifeLines&nbsp;project will include 165.000 participants:&nbsp;anticipated to consist of approximately45.000 probands, 30.000 partners, 55.000&nbsp;parents-(in law) and 35.000 children. Based&nbsp;on the age of the participant, he or she&nbsp;is included in the children\u2019s cohort (0-18&nbsp;years), the adult cohort (18-65 years) or the&nbsp;elderly cohort (&gt;65 years).<\/span><\/p>\r\n"
        }
      ],
      "recruitment": {
        "dataSources": [
          "general"
        ],
        "generalPopulationSources": [
          "volunteer"
        ]
      },
      "selectionCriteria": {
        "countriesIso": [
          "NLD"
        ],
        "territory": [
          {
            "lang": "en",
            "value": "<p><span>Three Northern provinces: Groningen, Friesland and Drenthe<\/span><\/p>\r\n"
          }
        ],
        "healthStatus": [
          {
            "localizedStrings": [
              {
                "lang": "en",
                "value": "Severe psychiatric or physical illness are excluded"
              }
            ]
          }
        ]
      },
      "numberOfParticipants": {
        "participant": {
          "noLimit": false,
          "number": 165000
        },
        "sample": {
          "noLimit": false,
          "number": 165000
        },
        "info": [
          {
            "lang": "en",
            "value": "<p><span>155000 participants as of 19 Sept 2013<\/span><\/p>\r\n"
          }
        ]
      },
      "dataCollectionEvents": [
        {
          "id": "1e7a0df8-4594-4965-804d-977f48f7e4ad",
          "name": [
            {
              "lang": "en",
              "value": "Baseline visit"
            }
          ],
          "content": "{\"bioSamples\":[\"blood\",\"urine\"],\"description\":{\"en\":\"<p>Baseline visit of participants.</p>\\r\\n\\r\\n<p>Questionnaires:&nbsp;Demographics,&nbsp;Family composition,&nbsp;Work and educational level,&nbsp;Health,&nbsp;Birth and development,&nbsp;Lifestyle and diet,&nbsp;Day time spending,&nbsp;Living environment,&nbsp;Quality of life,&nbsp;Health perception,&nbsp;Personality,&nbsp;Stress,&nbsp;Social support&nbsp;</p>\\r\\n\\r\\n<p>Measurements: Anthropometry,&nbsp;Blood pressure using a DINAMAP,&nbsp;Pulmonary function tests,&nbsp;12-lead electrocardiogram,&nbsp;Ruffs Figure Fluency Test (RFFT): test of&nbsp;cognitive function,&nbsp;MINI: neuropsychiatric interview,&nbsp;Measurement of skin autofluorescence,&nbsp;Fasting venipuncture.</p>\\r\\n\\r\\n<p><span>Sample collection:&nbsp;blood and 24-hour urine</span></p>\\r\\n\"},\"dataSources\":[\"questionnaires\",\"physical_measures\",\"biological_samples\"]}",
          "description": [
            {
              "lang": "en",
              "value": "<p>Baseline visit of participants.<\/p>\r\n\r\n<p>Questionnaires:&nbsp;Demographics,&nbsp;Family composition,&nbsp;Work and educational level,&nbsp;Health,&nbsp;Birth and development,&nbsp;Lifestyle and diet,&nbsp;Day time spending,&nbsp;Living environment,&nbsp;Quality of life,&nbsp;Health perception,&nbsp;Personality,&nbsp;Stress,&nbsp;Social support&nbsp;<\/p>\r\n\r\n<p>Measurements: Anthropometry,&nbsp;Blood pressure using a DINAMAP,&nbsp;Pulmonary function tests,&nbsp;12-lead electrocardiogram,&nbsp;Ruffs Figure Fluency Test (RFFT): test of&nbsp;cognitive function,&nbsp;MINI: neuropsychiatric interview,&nbsp;Measurement of skin autofluorescence,&nbsp;Fasting venipuncture.<\/p>\r\n\r\n<p><span>Sample collection:&nbsp;blood and 24-hour urine<\/span><\/p>\r\n"
            }
          ],
          "startYear": 2007,
          "startMonth": 1,
          "endYear": 2013,
          "endMonth": 12,
          "dataSources": [
            "questionnaires",
            "physical_measures",
            "biological_samples"
          ],
          "bioSamples": [
            "blood",
            "urine"
          ]
        },
        {
          "id": "12e39403-d93e-48ce-9f2f-831f093a42d6",
          "name": [
            {
              "lang": "en",
              "value": "Follow-up questionnaire 1 "
            }
          ],
          "content": "{\"description\":{\"en\":\"<p>Follow-up of participant at approx 2 years after Baseline visit.&nbsp;</p>\\r\\n\\r\\n<p>Change of address / change in family members, Incidence of diseases / visits to health care providers,&nbsp;Medication use,&nbsp;Additional information on nutrition,&nbsp;Additional information on specific items requested by researchers</p>\\r\\n\"},\"dataSources\":[\"questionnaires\"]}",
          "description": [
            {
              "lang": "en",
              "value": "<p>Follow-up of participant at approx 2 years after Baseline visit.&nbsp;<\/p>\r\n\r\n<p>Change of address \/ change in family members, Incidence of diseases \/ visits to health care providers,&nbsp;Medication use,&nbsp;Additional information on nutrition,&nbsp;Additional information on specific items requested by researchers<\/p>\r\n"
            }
          ],
          "startYear": 2010,
          "startMonth": 1,
          "endYear": 2014,
          "endMonth": 12,
          "dataSources": [
            "questionnaires"
          ]
        },
        {
          "id": "43795a18-4bd4-46e1-b8d8-913aeec475c4",
          "name": [
            {
              "lang": "en",
              "value": "Follow-up questionnaire 2"
            }
          ],
          "content": "{\"description\":{\"en\":\"<p>Follow-up of participants at&nbsp;3 years after Baseline visit.</p>\\r\\n\\r\\n<p>Change of address / change in family members, Incidence of diseases / visits to health care providers,&nbsp;Medication use,&nbsp;Additional information on nutrition,&nbsp;Additional information on specific items requested by researchers</p>\\r\\n\"},\"dataSources\":[\"questionnaires\"]}",
          "description": [
            {
              "lang": "en",
              "value": "<p>Follow-up of participants at&nbsp;3 years after Baseline visit.<\/p>\r\n\r\n<p>Change of address \/ change in family members, Incidence of diseases \/ visits to health care providers,&nbsp;Medication use,&nbsp;Additional information on nutrition,&nbsp;Additional information on specific items requested by researchers<\/p>\r\n"
            }
          ],
          "startYear": 2012,
          "startMonth": 1,
          "endYear": 2015,
          "endMonth": 12,
          "dataSources": [
            "questionnaires"
          ]
        },
        {
          "id": "decca8f1-e884-431e-9077-8dc96e954cbf",
          "name": [
            {
              "lang": "en",
              "value": "Follow-up questionnaire 3"
            }
          ],
          "content": "{\"description\":{\"en\":\"<p>Follow-up of participants at approx. 5 years after Baseline visit.</p>\\r\\n\\r\\n<p>Change of address / change in family members, Incidence of diseases / visits to health care providers, Medication use,&nbsp;Additional information on nutrition,&nbsp;Additional information on specific items requested by researchers</p>\\r\\n\"},\"dataSources\":[\"questionnaires\"]}",
          "description": [
            {
              "lang": "en",
              "value": "<p>Follow-up of participants at approx. 5 years after Baseline visit.<\/p>\r\n\r\n<p>Change of address \/ change in family members, Incidence of diseases \/ visits to health care providers, Medication use,&nbsp;Additional information on nutrition,&nbsp;Additional information on specific items requested by researchers<\/p>\r\n"
            }
          ],
          "startYear": 2014,
          "startMonth": 1,
          "endYear": 2017,
          "endMonth": 12,
          "dataSources": [
            "questionnaires"
          ]
        },
        {
          "id": "c34c7663-35f6-443c-8839-4edf0531a18e",
          "name": [
            {
              "lang": "en",
              "value": "Follow-up visit 1"
            }
          ],
          "content": "{\"bioSamples\":[\"blood\",\"urine\",\"hair\",\"others\"],\"description\":{\"en\":\"<p>Follow-up visit&nbsp;of participants at&nbsp;5 years after Baseline visit.</p>\\r\\n\\r\\n<p>Questionnaires:&nbsp;Demographics,&nbsp;Family composition,&nbsp;Work and educational level,&nbsp;Health,&nbsp;Birth and development,&nbsp;Lifestyle and diet,&nbsp;Day time spending,&nbsp;Living environment,&nbsp;Quality of life,&nbsp;Health perception,&nbsp;Personality,&nbsp;Stress,&nbsp;Social support&nbsp;</p>\\r\\n\\r\\n<p>Measurements: Anthropometry,&nbsp;Blood pressure using a DINAMAP,&nbsp;Pulmonary function tests,&nbsp;12-lead electrocardiogram, MINI: neuropsychiatric interview, Junp test, Fasting venipuncture,</p>\\r\\n\\r\\n<p>Sample collection:&nbsp;blood, feces, scalp hair and 24-hour urine</p>\\r\\n\"},\"otherBioSamples\":{\"en\":\"<p>Faeces</p>\\r\\n\"},\"dataSources\":[\"questionnaires\",\"physical_measures\",\"biological_samples\"]}",
          "description": [
            {
              "lang": "en",
              "value": "<p>Follow-up visit&nbsp;of participants at&nbsp;5 years after Baseline visit.<\/p>\r\n\r\n<p>Questionnaires:&nbsp;Demographics,&nbsp;Family composition,&nbsp;Work and educational level,&nbsp;Health,&nbsp;Birth and development,&nbsp;Lifestyle and diet,&nbsp;Day time spending,&nbsp;Living environment,&nbsp;Quality of life,&nbsp;Health perception,&nbsp;Personality,&nbsp;Stress,&nbsp;Social support&nbsp;<\/p>\r\n\r\n<p>Measurements: Anthropometry,&nbsp;Blood pressure using a DINAMAP,&nbsp;Pulmonary function tests,&nbsp;12-lead electrocardiogram, MINI: neuropsychiatric interview, Junp test, Fasting venipuncture,<\/p>\r\n\r\n<p>Sample collection:&nbsp;blood, feces, scalp hair and 24-hour urine<\/p>\r\n"
            }
          ],
          "startYear": 2014,
          "startMonth": 1,
          "endYear": 2017,
          "endMonth": 12,
          "dataSources": [
            "questionnaires",
            "physical_measures",
            "biological_samples"
          ],
          "bioSamples": [
            "blood",
            "urine",
            "hair",
            "others"
          ],
          "otherBioSamples": [
            {
              "lang": "en",
              "value": "<p>Faeces<\/p>\r\n"
            }
          ]
        },
        {
          "id": "8e865f6c-5282-447b-86bc-438c71b684a7",
          "name": [
            {
              "lang": "en",
              "value": "Preparation phase\/pilot"
            }
          ],
          "startYear": 2004,
          "startMonth": 1,
          "endYear": 2006,
          "endMonth": 12
        }
      ],
      "content": "{\"numberOfParticipants\":{\"participant\":{\"noLimit\":false,\"number\":165000},\"sample\":{\"noLimit\":false,\"number\":165000},\"info\":{\"en\":\"<p><span>155000 participants as of 19 Sept 2013</span></p>\\r\\n\"}},\"selectionCriteria\":{\"gender\":null,\"ageMin\":null,\"ageMax\":null,\"countriesIso\":[\"NLD\"],\"territory\":{\"en\":\"<p><span>Three Northern provinces: Groningen, Friesland and Drenthe</span></p>\\r\\n\"},\"criteria\":null,\"ethnicOrigin\":null,\"healthStatus\":[{\"en\":\"Severe psychiatric or physical illness are excluded\"}],\"otherCriteria\":null,\"info\":null},\"recruitment\":{\"dataSources\":[\"general\"],\"generalPopulationSources\":[\"volunteer\"],\"specificPopulationSources\":null,\"otherSpecificPopulationSource\":null,\"studies\":null,\"otherSource\":null,\"info\":null}}"
    }
  ],
  "content": "{\"numberOfParticipants\":{\"participant\":{\"noLimit\":false,\"number\":165000},\"sample\":{\"noLimit\":false,\"number\":165000},\"info\":{\"en\":\"<p><span>45 000 probands who invite their family members (30000 partners, 55000 parents (including in laws) and 35000 children).</span></p>\\r\\n\"}},\"website\":\"http://www.lifelines.net\",\"access\":[\"data\",\"biosamples\"],\"maelstromAuthorization\":{\"authorized\":false,\"authorizer\":null},\"methods\":{\"designs\":[\"cohort_study\"],\"design\":\"cohort_study\",\"otherDesign\":null,\"followUpInfo\":{\"en\":\"<p><span>The participants are followed for at least thirty years and are invited every five years for a medical examination. In the years in-between (every 1.5 years) the participants recieve follow-up questionnaires.</span></p>\\r\\n\"},\"recruitments\":[\"individuals\",\"families\"],\"otherRecruitment\":null,\"info\":null},\"start\":2007,\"specificAuthorization\":{\"authorized\":false,\"authorizer\":null},\"end\":null,\"markerPaper\":\"Stolk RP, Rosmalen JG, Postma DS, de Boer RA, Navis G, Slaets JP, Ormel J, Wolffenbuttel BHR. Universal risk factors for multifactorial diseases: LifeLines: a three-generation population-based study. Eur J Epidemiol 2008; 23(1): 67-74.\",\"pubmedId\":\"18075776\",\"info\":{\"en\":\"<p>Funding Agencies: Governement, 3 northern provinces of The Netherlands (80%), University Med Center Groningen/ University of Groningen (15%), The Netherlands Organization for Scientific Research (NWO) (5%), Dutch Diabetes Research Foundation and Dutch Kidney Foundation</p>\\r\\n\"}}"
}