{"id":"28ba51a2-0028-423d-9945-fdfad1466cb2","name":[{"lang":"en","value":"ULSAM88"}],"description":[{"lang":"en","value":"<p>Data collection event at 88&nbsp;years old, contains 56 variables.<\/p>\r\n"}],"entityType":"Participant","published":false,"obiba.mica.StudyDatasetDto.type":{"studyTable":{"studyId":"946ff43d-e31e-415b-b1c9-688513a889d6","populationId":"4d6d1853-4cfc-4f4f-9a74-2e058354b2f8","dataCollectionEventId":"4cbd576e-f7da-4a58-a948-42a2975bb457","project":"ULSAM","table":"ULSAM88"}}}