<variables>
  <variable name="A" valueType="integer" entityType="Participant" unit="" mimeType="" referencedEntityType="" index="0">
    <attributes>
      <attribute name="label" valueType="text" locale="en">A</attribute>
    </attributes>
  </variable>
  <variable name="B" valueType="integer" entityType="Participant" unit="" mimeType="" referencedEntityType="" index="0">
    <attributes>
      <attribute name="label" valueType="text" locale="en">B</attribute>
    </attributes>
  </variable>
</variables>