<variables>
  <variable name="I4a" valueType="integer" entityType="Participant" unit="" mimeType="" referencedEntityType="" index="1">
    <attributes>
      <attribute name="Target" namespace="Mlstr_additional" valueType="text">Participant</attribute>
      <attribute name="Physical_measures" namespace="Mlstr_area" valueType="text">Brain_nerves</attribute>
      <attribute name="label" valueType="text" locale="en">Episodes of going blank or switching off</attribute>
      <attribute name="Source" namespace="Mlstr_additional" valueType="text">Questionnaire</attribute>
    </attributes>
  </variable>
  <variable name="I4b" valueType="integer" entityType="Participant" unit="" mimeType="" referencedEntityType="" index="2">
    <attributes>
      <attribute name="Target" namespace="Mlstr_additional" valueType="text">Participant</attribute>
      <attribute name="Physical_measures" namespace="Mlstr_area" valueType="text">Brain_nerves</attribute>
      <attribute name="label" valueType="text" locale="en">Spontaneous remission</attribute>
      <attribute name="Source" namespace="Mlstr_additional" valueType="text">Questionnaire</attribute>
    </attributes>
  </variable>
  <variable name="I4c" valueType="integer" entityType="Participant" unit="" mimeType="" referencedEntityType="" index="3">
    <attributes>
      <attribute name="Target" namespace="Mlstr_additional" valueType="text">Participant</attribute>
      <attribute name="Physical_measures" namespace="Mlstr_area" valueType="text">Brain_nerves</attribute>
      <attribute name="label" valueType="text" locale="en">Excessive daytime drowsiness</attribute>
      <attribute name="Source" namespace="Mlstr_additional" valueType="text">Questionnaire</attribute>
    </attributes>
  </variable>
  <variable name="I4d" valueType="integer" entityType="Participant" unit="" mimeType="" referencedEntityType="" index="4">
    <attributes>
      <attribute name="Target" namespace="Mlstr_additional" valueType="text">Participant</attribute>
      <attribute name="Physical_measures" namespace="Mlstr_area" valueType="text">Brain_nerves</attribute>
      <attribute name="label" valueType="text" locale="en">Fluctuations in afternoon/evening</attribute>
      <attribute name="Source" namespace="Mlstr_additional" valueType="text">Questionnaire</attribute>
    </attributes>
  </variable>
  <variable name="I4e" valueType="integer" entityType="Participant" unit="" mimeType="" referencedEntityType="" index="5">
    <attributes>
      <attribute name="Target" namespace="Mlstr_additional" valueType="text">Participant</attribute>
      <attribute name="Physical_measures" namespace="Mlstr_area" valueType="text">Brain_nerves</attribute>
      <attribute name="label" valueType="text" locale="en">Fluctuations associated with a change in medication</attribute>
      <attribute name="Source" namespace="Mlstr_additional" valueType="text">Questionnaire</attribute>
    </attributes>
  </variable>
  <variable name="I5a" valueType="integer" entityType="Participant" unit="" mimeType="" referencedEntityType="" index="6">
    <attributes>
      <attribute name="Target" namespace="Mlstr_additional" valueType="text">Participant</attribute>
      <attribute name="Physical_measures" namespace="Mlstr_area" valueType="text">Brain_nerves</attribute>
      <attribute name="label" valueType="text" locale="en">Periods of participant&apos;s unresponsiveness</attribute>
      <attribute name="Source" namespace="Mlstr_additional" valueType="text">Questionnaire</attribute>
    </attributes>
  </variable>
  <variable name="I5b" valueType="integer" entityType="Participant" unit="" mimeType="" referencedEntityType="" index="7">
    <attributes>
      <attribute name="Target" namespace="Mlstr_additional" valueType="text">Participant</attribute>
      <attribute name="Physical_measures" namespace="Mlstr_area" valueType="text">Brain_nerves</attribute>
      <attribute name="label" valueType="text" locale="en">Unresponsiveness associated with seizures</attribute>
      <attribute name="Source" namespace="Mlstr_additional" valueType="text">Questionnaire</attribute>
    </attributes>
  </variable>
  <variable name="I6" valueType="integer" entityType="Participant" unit="" mimeType="" referencedEntityType="" index="8">
    <attributes>
      <attribute name="Target" namespace="Mlstr_additional" valueType="text">Participant</attribute>
      <attribute name="Physical_measures" namespace="Mlstr_area" valueType="text">Brain_nerves</attribute>
      <attribute name="label" valueType="text" locale="en">Motor symptoms of parkinsonism</attribute>
      <attribute name="Source" namespace="Mlstr_additional" valueType="text">Questionnaire</attribute>
    </attributes>
  </variable>
  <variable name="I6a" valueType="integer" entityType="Participant" unit="" mimeType="" referencedEntityType="" index="9">
    <attributes>
      <attribute name="Target" namespace="Mlstr_additional" valueType="text">Participant</attribute>
      <attribute name="Physical_measures" namespace="Mlstr_area" valueType="text">Brain_nerves</attribute>
      <attribute name="label" valueType="text" locale="en">If cognitive symptoms precede or start within 12 months after motor symptoms</attribute>
      <attribute name="Source" namespace="Mlstr_additional" valueType="text">Questionnaire</attribute>
    </attributes>
  </variable>
  <variable name="I9" valueType="integer" entityType="Participant" unit="" mimeType="" referencedEntityType="" index="10">
    <attributes>
      <attribute name="Target" namespace="Mlstr_additional" valueType="text">Participant</attribute>
      <attribute name="Physical_measures" namespace="Mlstr_area" valueType="text">Brain_nerves</attribute>
      <attribute name="label" valueType="text" locale="en">Rem sleep behavior disorder</attribute>
      <attribute name="Source" namespace="Mlstr_additional" valueType="text">Questionnaire</attribute>
    </attributes>
  </variable>
  <variable name="I9a" valueType="integer" entityType="Participant" unit="" mimeType="" referencedEntityType="" index="11">
    <attributes>
      <attribute name="Target" namespace="Mlstr_additional" valueType="text">Participant</attribute>
      <attribute name="Physical_measures" namespace="Mlstr_area" valueType="text">Brain_nerves</attribute>
      <attribute name="label" valueType="text" locale="en">Intense movements during sleep</attribute>
      <attribute name="Source" namespace="Mlstr_additional" valueType="text">Questionnaire</attribute>
    </attributes>
  </variable>
  <variable name="I10" valueType="integer" entityType="Participant" unit="" mimeType="" referencedEntityType="" index="12">
    <attributes>
      <attribute name="Target" namespace="Mlstr_additional" valueType="text">Participant</attribute>
      <attribute name="Physical_measures" namespace="Mlstr_area" valueType="text">Brain_nerves</attribute>
      <attribute name="label" valueType="text" locale="en">Repeated falls</attribute>
      <attribute name="Source" namespace="Mlstr_additional" valueType="text">Questionnaire</attribute>
    </attributes>
  </variable>
  <variable name="I10a" valueType="integer" entityType="Participant" unit="" mimeType="" referencedEntityType="" index="13">
    <attributes>
      <attribute name="Target" namespace="Mlstr_additional" valueType="text">Participant</attribute>
      <attribute name="Physical_measures" namespace="Mlstr_area" valueType="text">Brain_nerves</attribute>
      <attribute name="label" valueType="text" locale="en">Number of falls last 6 months</attribute>
      <attribute name="Source" namespace="Mlstr_additional" valueType="text">Questionnaire</attribute>
    </attributes>
  </variable>
  <variable name="I11a" valueType="integer" entityType="Participant" unit="" mimeType="" referencedEntityType="" index="14">
    <attributes>
      <attribute name="Target" namespace="Mlstr_additional" valueType="text">Participant</attribute>
      <attribute name="Physical_measures" namespace="Mlstr_area" valueType="text">Brain_nerves</attribute>
      <attribute name="label" valueType="text" locale="en">Orthostatic hypotension</attribute>
      <attribute name="Source" namespace="Mlstr_additional" valueType="text">Questionnaire</attribute>
    </attributes>
  </variable>
  <variable name="I11b" valueType="integer" entityType="Participant" unit="" mimeType="" referencedEntityType="" index="15">
    <attributes>
      <attribute name="Target" namespace="Mlstr_additional" valueType="text">Participant</attribute>
      <attribute name="Physical_measures" namespace="Mlstr_area" valueType="text">Brain_nerves</attribute>
      <attribute name="label" valueType="text" locale="en">Bladder incontinence</attribute>
      <attribute name="Source" namespace="Mlstr_additional" valueType="text">Questionnaire</attribute>
    </attributes>
  </variable>
  <variable name="I11c" valueType="integer" entityType="Participant" unit="" mimeType="" referencedEntityType="" index="16">
    <attributes>
      <attribute name="Target" namespace="Mlstr_additional" valueType="text">Participant</attribute>
      <attribute name="Physical_measures" namespace="Mlstr_area" valueType="text">Brain_nerves</attribute>
      <attribute name="label" valueType="text" locale="en">Constipation</attribute>
      <attribute name="Source" namespace="Mlstr_additional" valueType="text">Questionnaire</attribute>
    </attributes>
  </variable>
  <variable name="I11d" valueType="integer" entityType="Participant" unit="" mimeType="" referencedEntityType="" index="17">
    <attributes>
      <attribute name="Target" namespace="Mlstr_additional" valueType="text">Participant</attribute>
      <attribute name="Physical_measures" namespace="Mlstr_area" valueType="text">Brain_nerves</attribute>
      <attribute name="label" valueType="text" locale="en">Iimpotence</attribute>
      <attribute name="Source" namespace="Mlstr_additional" valueType="text">Questionnaire</attribute>
    </attributes>
  </variable>
  <variable name="I11e" valueType="integer" entityType="Participant" unit="" mimeType="" referencedEntityType="" index="18">
    <attributes>
      <attribute name="Target" namespace="Mlstr_additional" valueType="text">Participant</attribute>
      <attribute name="Physical_measures" namespace="Mlstr_area" valueType="text">Brain_nerves</attribute>
      <attribute name="label" valueType="text" locale="en">Swallowing disorders</attribute>
      <attribute name="Source" namespace="Mlstr_additional" valueType="text">Questionnaire</attribute>
    </attributes>
  </variable>
  <variable name="I12a" valueType="integer" entityType="Participant" unit="" mimeType="" referencedEntityType="" index="19">
    <attributes>
      <attribute name="Target" namespace="Mlstr_additional" valueType="text">Participant</attribute>
      <attribute name="Physical_measures" namespace="Mlstr_area" valueType="text">Brain_nerves</attribute>
      <attribute name="label" valueType="text" locale="en">Fainting episodes</attribute>
      <attribute name="Source" namespace="Mlstr_additional" valueType="text">Questionnaire</attribute>
    </attributes>
  </variable>
  <variable name="I12b" valueType="integer" entityType="Participant" unit="" mimeType="" referencedEntityType="" index="20">
    <attributes>
      <attribute name="Target" namespace="Mlstr_additional" valueType="text">Participant</attribute>
      <attribute name="Physical_measures" namespace="Mlstr_area" valueType="text">Brain_nerves</attribute>
      <attribute name="label" valueType="text" locale="en">If there is a cause for fainting episodes</attribute>
      <attribute name="Source" namespace="Mlstr_additional" valueType="text">Questionnaire</attribute>
    </attributes>
  </variable>
  <variable name="I13" valueType="integer" entityType="Participant" unit="" mimeType="" referencedEntityType="" index="21">
    <attributes>
      <attribute name="Target" namespace="Mlstr_additional" valueType="text">Participant</attribute>
      <attribute name="Physical_measures" namespace="Mlstr_area" valueType="text">Brain_nerves</attribute>
      <attribute name="label" valueType="text" locale="en">Neuroleptic sensitivity</attribute>
      <attribute name="Source" namespace="Mlstr_additional" valueType="text">Questionnaire</attribute>
    </attributes>
  </variable>
</variables>