<valueSet valueTable="CNSIM" entityType="Participant" entityIdentifier="261">
  <variableValue variable="LAB_TSC">
    <value valueType="decimal">4.543</value>
  </variableValue>
  <variableValue variable="LAB_TRIG">
    <value valueType="decimal">1.792</value>
  </variableValue>
  <variableValue variable="LAB_HDL">
    <value valueType="decimal">1.855</value>
  </variableValue>
  <variableValue variable="LAB_GLUC_ADJUSTED">
    <value valueType="decimal">6.517</value>
  </variableValue>
  <variableValue variable="PM_BMI_CONTINUOUS">
    <value valueType="decimal">39.72</value>
  </variableValue>
  <variableValue variable="DIS_CVA">
    <value valueType="integer">0</value>
  </variableValue>
  <variableValue variable="MEDI_LPD">
    <value valueType="integer">0</value>
  </variableValue>
  <variableValue variable="DIS_DIAB">
    <value valueType="integer">0</value>
  </variableValue>
  <variableValue variable="DIS_AMI">
    <value valueType="integer">0</value>
  </variableValue>
  <variableValue variable="GENDER">
    <value valueType="integer">0</value>
  </variableValue>
  <variableValue variable="PM_BMI_CATEGORICAL">
    <value valueType="integer">3</value>
  </variableValue>
</valueSet>