<valueSet valueTable="CNSIM" entityType="Participant" entityIdentifier="176">
  <variableValue variable="LAB_TSC">
    <value valueType="decimal">5.777</value>
  </variableValue>
  <variableValue variable="LAB_TRIG">
    <value valueType="decimal">1.041</value>
  </variableValue>
  <variableValue variable="LAB_HDL">
    <value valueType="decimal">1.138</value>
  </variableValue>
  <variableValue variable="LAB_GLUC_ADJUSTED">
    <value valueType="decimal">6.355</value>
  </variableValue>
  <variableValue variable="DIS_CVA">
    <value valueType="integer">0</value>
  </variableValue>
  <variableValue variable="MEDI_LPD">
    <value valueType="integer">0</value>
  </variableValue>
  <variableValue variable="DIS_DIAB">
    <value valueType="integer">0</value>
  </variableValue>
  <variableValue variable="DIS_AMI">
    <value valueType="integer">0</value>
  </variableValue>
  <variableValue variable="GENDER">
    <value valueType="integer">1</value>
  </variableValue>
</valueSet>