<valueSet valueTable="CNSIM" entityType="Participant" entityIdentifier="11">
  <variableValue variable="LAB_TSC">
    <value valueType="decimal">6.11</value>
  </variableValue>
  <variableValue variable="LAB_TRIG">
    <value valueType="decimal">3.83</value>
  </variableValue>
  <variableValue variable="LAB_HDL">
    <value valueType="decimal">1.35</value>
  </variableValue>
  <variableValue variable="PM_BMI_CONTINUOUS">
    <value valueType="decimal">26.49</value>
  </variableValue>
  <variableValue variable="DIS_CVA">
    <value valueType="integer">0</value>
  </variableValue>
  <variableValue variable="MEDI_LPD">
    <value valueType="integer">0</value>
  </variableValue>
  <variableValue variable="DIS_DIAB">
    <value valueType="integer">0</value>
  </variableValue>
  <variableValue variable="DIS_AMI">
    <value valueType="integer">0</value>
  </variableValue>
  <variableValue variable="GENDER">
    <value valueType="integer">0</value>
  </variableValue>
  <variableValue variable="PM_BMI_CATEGORICAL">
    <value valueType="integer">2</value>
  </variableValue>
</valueSet>