<valueSet valueTable="CNSIM" entityType="Participant" entityIdentifier="436">
  <variableValue variable="LAB_TSC">
    <value valueType="decimal">5.691</value>
  </variableValue>
  <variableValue variable="LAB_TRIG">
    <value valueType="decimal">2.563</value>
  </variableValue>
  <variableValue variable="LAB_HDL">
    <value valueType="decimal">1.336</value>
  </variableValue>
  <variableValue variable="LAB_GLUC_ADJUSTED">
    <value valueType="decimal">6.37</value>
  </variableValue>
  <variableValue variable="DIS_CVA">
    <value valueType="integer">0</value>
  </variableValue>
  <variableValue variable="MEDI_LPD">
    <value valueType="integer">0</value>
  </variableValue>
  <variableValue variable="DIS_DIAB">
    <value valueType="integer">0</value>
  </variableValue>
  <variableValue variable="DIS_AMI">
    <value valueType="integer">0</value>
  </variableValue>
  <variableValue variable="GENDER">
    <value valueType="integer">0</value>
  </variableValue>
</valueSet>