<valueSet valueTable="CNSIM" entityType="Participant" entityIdentifier="211">
  <variableValue variable="LAB_TSC">
    <value valueType="decimal">10.38</value>
  </variableValue>
  <variableValue variable="LAB_TRIG">
    <value valueType="decimal">1.935</value>
  </variableValue>
  <variableValue variable="LAB_HDL">
    <value valueType="decimal">-0.2376</value>
  </variableValue>
  <variableValue variable="LAB_GLUC_ADJUSTED">
    <value valueType="decimal">5.439</value>
  </variableValue>
  <variableValue variable="PM_BMI_CONTINUOUS">
    <value valueType="decimal">32.07</value>
  </variableValue>
  <variableValue variable="DIS_CVA">
    <value valueType="integer">0</value>
  </variableValue>
  <variableValue variable="MEDI_LPD">
    <value valueType="integer">0</value>
  </variableValue>
  <variableValue variable="DIS_DIAB">
    <value valueType="integer">0</value>
  </variableValue>
  <variableValue variable="DIS_AMI">
    <value valueType="integer">0</value>
  </variableValue>
  <variableValue variable="GENDER">
    <value valueType="integer">0</value>
  </variableValue>
  <variableValue variable="PM_BMI_CATEGORICAL">
    <value valueType="integer">3</value>
  </variableValue>
</valueSet>