<valueSet valueTable="CNSIM" entityType="Participant" entityIdentifier="350">
  <variableValue variable="LAB_TSC">
    <value valueType="decimal">3.529</value>
  </variableValue>
  <variableValue variable="LAB_TRIG">
    <value valueType="decimal">3.747</value>
  </variableValue>
  <variableValue variable="LAB_HDL">
    <value valueType="decimal">1.161</value>
  </variableValue>
  <variableValue variable="LAB_GLUC_ADJUSTED">
    <value valueType="decimal">5.796</value>
  </variableValue>
  <variableValue variable="DIS_CVA">
    <value valueType="integer">0</value>
  </variableValue>
  <variableValue variable="MEDI_LPD">
    <value valueType="integer">0</value>
  </variableValue>
  <variableValue variable="DIS_DIAB">
    <value valueType="integer">0</value>
  </variableValue>
  <variableValue variable="DIS_AMI">
    <value valueType="integer">0</value>
  </variableValue>
  <variableValue variable="GENDER">
    <value valueType="integer">0</value>
  </variableValue>
</valueSet>