<valueSet valueTable="CNSIM" entityType="Participant" entityIdentifier="17">
  <variableValue variable="LAB_TSC">
    <value valueType="decimal">4.488</value>
  </variableValue>
  <variableValue variable="LAB_TRIG">
    <value valueType="decimal">2.008</value>
  </variableValue>
  <variableValue variable="LAB_HDL">
    <value valueType="decimal">1.432</value>
  </variableValue>
  <variableValue variable="PM_BMI_CONTINUOUS">
    <value valueType="decimal">24.08</value>
  </variableValue>
  <variableValue variable="DIS_CVA">
    <value valueType="integer">0</value>
  </variableValue>
  <variableValue variable="MEDI_LPD">
    <value valueType="integer">0</value>
  </variableValue>
  <variableValue variable="DIS_DIAB">
    <value valueType="integer">0</value>
  </variableValue>
  <variableValue variable="DIS_AMI">
    <value valueType="integer">0</value>
  </variableValue>
  <variableValue variable="GENDER">
    <value valueType="integer">1</value>
  </variableValue>
  <variableValue variable="PM_BMI_CATEGORICAL">
    <value valueType="integer">1</value>
  </variableValue>
</valueSet>