<valueSet valueTable="CNSIM" entityType="Participant" entityIdentifier="462">
  <variableValue variable="LAB_TSC">
    <value valueType="decimal">6.468</value>
  </variableValue>
  <variableValue variable="LAB_TRIG">
    <value valueType="decimal">2.061</value>
  </variableValue>
  <variableValue variable="LAB_HDL">
    <value valueType="decimal">1.422</value>
  </variableValue>
  <variableValue variable="LAB_GLUC_ADJUSTED">
    <value valueType="decimal">8.561</value>
  </variableValue>
  <variableValue variable="PM_BMI_CONTINUOUS">
    <value valueType="decimal">34.49</value>
  </variableValue>
  <variableValue variable="DIS_CVA">
    <value valueType="integer">0</value>
  </variableValue>
  <variableValue variable="MEDI_LPD">
    <value valueType="integer">0</value>
  </variableValue>
  <variableValue variable="DIS_DIAB">
    <value valueType="integer">0</value>
  </variableValue>
  <variableValue variable="DIS_AMI">
    <value valueType="integer">0</value>
  </variableValue>
  <variableValue variable="GENDER">
    <value valueType="integer">1</value>
  </variableValue>
  <variableValue variable="PM_BMI_CATEGORICAL">
    <value valueType="integer">3</value>
  </variableValue>
</valueSet>