<valueSet valueTable="CIPreliminaryQuestionnaire" entityType="Participant" entityIdentifier="06">
  <variableValue variable="QuestionnaireRun.version">
    <value valueType="text">1.1</value>
  </variableValue>
  <variableValue variable="QuestionnaireRun.locale">
    <value valueType="locale">en</value>
  </variableValue>
  <variableValue variable="QuestionnaireRun.timeStart">
    <value valueType="datetime">2009-10-27T07:56:35.000-0400</value>
  </variableValue>
  <variableValue variable="QuestionnaireRun.timeEnd">
    <value valueType="datetime">2009-10-27T08:07:28.000-0400</value>
  </variableValue>
  <variableValue variable="QuestionnaireRun.user">
    <value valueType="text">jlittle</value>
  </variableValue>
  <variableValue variable="QuestionnaireMetric.section">
    <value class="sequence" valueType="text"/>
  </variableValue>
  <variableValue variable="QuestionnaireMetric.page">
    <value class="sequence" valueType="text"/>
  </variableValue>
  <variableValue variable="QuestionnaireMetric.duration">
    <value class="sequence" valueType="integer"/>
  </variableValue>
  <variableValue variable="QuestionnaireMetric.questionCount">
    <value class="sequence" valueType="integer"/>
  </variableValue>
  <variableValue variable="QuestionnaireMetric.missingCount">
    <value class="sequence" valueType="integer"/>
  </variableValue>
  <variableValue variable="S1_BP1">
    <value valueType="text"/>
  </variableValue>
  <variableValue variable="S1_BP1.active">
    <value valueType="boolean">true</value>
  </variableValue>
  <variableValue variable="ABLE_TO_STAND">
    <value valueType="text">Y</value>
  </variableValue>
  <variableValue variable="ABLE_TO_STAND.active">
    <value valueType="boolean">true</value>
  </variableValue>
  <variableValue variable="ABLE_TO_STAND.comment">
    <value valueType="text"/>
  </variableValue>
  <variableValue variable="S1_BP2">
    <value valueType="text"/>
  </variableValue>
  <variableValue variable="S1_BP2.active">
    <value valueType="boolean"/>
  </variableValue>
  <variableValue variable="CURRENTLY_PREGNANT">
    <value valueType="text"/>
  </variableValue>
  <variableValue variable="CURRENTLY_PREGNANT.active">
    <value valueType="boolean"/>
  </variableValue>
  <variableValue variable="CURRENTLY_PREGNANT.comment">
    <value valueType="text"/>
  </variableValue>
  <variableValue variable="CURRENT_PREGNANCY_WEEKS">
    <value valueType="text"/>
  </variableValue>
  <variableValue variable="CURRENT_PREGNANCY_WEEKS.OPEN_N40.OPEN_N40">
    <value valueType="integer"/>
  </variableValue>
  <variableValue variable="CURRENT_PREGNANCY_WEEKS.active">
    <value valueType="boolean"/>
  </variableValue>
  <variableValue variable="CURRENT_PREGNANCY_WEEKS.comment">
    <value valueType="text"/>
  </variableValue>
  <variableValue variable="TABLE_CONTRAINDICATION">
    <value valueType="boolean">true</value>
  </variableValue>
  <variableValue variable="TABLE_CONTRAINDICATION.active">
    <value valueType="boolean">true</value>
  </variableValue>
  <variableValue variable="TABLE_CONTRAINDICATION.comment">
    <value valueType="text"/>
  </variableValue>
  <variableValue variable="TABLE_CONTRAINDICATION.ISOPROPYL_ALCOHOL_ALLERGY">
    <value valueType="text">N</value>
  </variableValue>
  <variableValue variable="TABLE_CONTRAINDICATION.ISOPROPYL_ALCOHOL_ALLERGY.active">
    <value valueType="boolean">true</value>
  </variableValue>
  <variableValue variable="TABLE_CONTRAINDICATION.ULTRASOUND_GEL_ALLERGY">
    <value valueType="text">N</value>
  </variableValue>
  <variableValue variable="TABLE_CONTRAINDICATION.ULTRASOUND_GEL_ALLERGY.active">
    <value valueType="boolean">true</value>
  </variableValue>
  <variableValue variable="TABLE_CONTRAINDICATION.ADHESIVE_BAND_AIDS_ALLERGY">
    <value valueType="text">N</value>
  </variableValue>
  <variableValue variable="TABLE_CONTRAINDICATION.ADHESIVE_BAND_AIDS_ALLERGY.active">
    <value valueType="boolean">true</value>
  </variableValue>
  <variableValue variable="LAST_MEAL_WHEN">
    <value valueType="text">TIME_24</value>
  </variableValue>
  <variableValue variable="LAST_MEAL_WHEN.TIME_24.TODAY_YESTERDAY">
    <value valueType="text">TODAY</value>
  </variableValue>
  <variableValue variable="LAST_MEAL_WHEN.TIME_24.HOUR_24">
    <value valueType="integer">7</value>
  </variableValue>
  <variableValue variable="LAST_MEAL_WHEN.TIME_24.MINUTE_15">
    <value valueType="integer">15</value>
  </variableValue>
  <variableValue variable="LAST_MEAL_WHEN.active">
    <value valueType="boolean">true</value>
  </variableValue>
  <variableValue variable="LAST_MEAL_WHEN.comment">
    <value valueType="text"/>
  </variableValue>
  <variableValue variable="LAST_DRINK_WHEN">
    <value valueType="text">TIME_24</value>
  </variableValue>
  <variableValue variable="LAST_DRINK_WHEN.TIME_24.TODAY_YESTERDAY">
    <value valueType="text">TODAY</value>
  </variableValue>
  <variableValue variable="LAST_DRINK_WHEN.TIME_24.HOUR_24">
    <value valueType="integer">7</value>
  </variableValue>
  <variableValue variable="LAST_DRINK_WHEN.TIME_24.MINUTE_15">
    <value valueType="integer">15</value>
  </variableValue>
  <variableValue variable="LAST_DRINK_WHEN.active">
    <value valueType="boolean">true</value>
  </variableValue>
  <variableValue variable="LAST_DRINK_WHEN.comment">
    <value valueType="text"/>
  </variableValue>
  <variableValue variable="LAST_CAFFEINE_WHEN">
    <value valueType="text">TIME_24</value>
  </variableValue>
  <variableValue variable="LAST_CAFFEINE_WHEN.TIME_24.TODAY_YESTERDAY">
    <value valueType="text">YESTERDAY</value>
  </variableValue>
  <variableValue variable="LAST_CAFFEINE_WHEN.TIME_24.HOUR_24">
    <value valueType="integer">13</value>
  </variableValue>
  <variableValue variable="LAST_CAFFEINE_WHEN.TIME_24.MINUTE_15">
    <value valueType="integer">0</value>
  </variableValue>
  <variableValue variable="LAST_CAFFEINE_WHEN.active">
    <value valueType="boolean">true</value>
  </variableValue>
  <variableValue variable="LAST_CAFFEINE_WHEN.comment">
    <value valueType="text"/>
  </variableValue>
  <variableValue variable="LAST_ALCOHOL_WHEN">
    <value valueType="text">MORE_24_HOURS</value>
  </variableValue>
  <variableValue variable="LAST_ALCOHOL_WHEN.TIME_24.TODAY_YESTERDAY">
    <value valueType="text"/>
  </variableValue>
  <variableValue variable="LAST_ALCOHOL_WHEN.TIME_24.HOUR_24">
    <value valueType="integer"/>
  </variableValue>
  <variableValue variable="LAST_ALCOHOL_WHEN.TIME_24.MINUTE_15">
    <value valueType="integer"/>
  </variableValue>
  <variableValue variable="LAST_ALCOHOL_WHEN.active">
    <value valueType="boolean">true</value>
  </variableValue>
  <variableValue variable="LAST_ALCOHOL_WHEN.comment">
    <value valueType="text"/>
  </variableValue>
  <variableValue variable="SMOKE">
    <value valueType="text">N</value>
  </variableValue>
  <variableValue variable="SMOKE.active">
    <value valueType="boolean">true</value>
  </variableValue>
  <variableValue variable="SMOKE.comment">
    <value valueType="text"/>
  </variableValue>
  <variableValue variable="LAST_TOBACCO_WHEN">
    <value valueType="text"/>
  </variableValue>
  <variableValue variable="LAST_TOBACCO_WHEN.TIME_24.TODAY_YESTERDAY">
    <value valueType="text"/>
  </variableValue>
  <variableValue variable="LAST_TOBACCO_WHEN.TIME_24.HOUR_24">
    <value valueType="integer"/>
  </variableValue>
  <variableValue variable="LAST_TOBACCO_WHEN.TIME_24.MINUTE_15">
    <value valueType="integer"/>
  </variableValue>
  <variableValue variable="LAST_TOBACCO_WHEN.active">
    <value valueType="boolean"/>
  </variableValue>
  <variableValue variable="LAST_TOBACCO_WHEN.comment">
    <value valueType="text"/>
  </variableValue>
  <variableValue variable="S2_BP1">
    <value valueType="text"/>
  </variableValue>
  <variableValue variable="S2_BP1.active">
    <value valueType="boolean">true</value>
  </variableValue>
  <variableValue variable="ARM_SURGERY_EVER">
    <value valueType="text"/>
  </variableValue>
  <variableValue variable="ARM_SURGERY_EVER.active">
    <value valueType="boolean"/>
  </variableValue>
  <variableValue variable="ARM_SURGERY_EVER.comment">
    <value valueType="text"/>
  </variableValue>
  <variableValue variable="ARM_SURGERY_SIDE">
    <value valueType="text"/>
  </variableValue>
  <variableValue variable="ARM_SURGERY_SIDE.active">
    <value valueType="boolean"/>
  </variableValue>
  <variableValue variable="ARM_SURGERY_SIDE.comment">
    <value valueType="text"/>
  </variableValue>
  <variableValue variable="S2_BP3">
    <value valueType="text"/>
  </variableValue>
  <variableValue variable="S2_BP3.active">
    <value valueType="boolean">true</value>
  </variableValue>
  <variableValue variable="BLOOD_PRESSURE_MEASURE_SAFE">
    <value valueType="text">Y</value>
  </variableValue>
  <variableValue variable="BLOOD_PRESSURE_MEASURE_SAFE.active">
    <value valueType="boolean">true</value>
  </variableValue>
  <variableValue variable="BLOOD_PRESSURE_MEASURE_SAFE.comment">
    <value valueType="text"/>
  </variableValue>
  <variableValue variable="BLOOD_PRESSURE_MEASURE_NOTSAFE_REASON">
    <value valueType="text"/>
  </variableValue>
  <variableValue variable="BLOOD_PRESSURE_MEASURE_NOTSAFE_REASON.OTHER_CONDITION.OTHER_CONDITION">
    <value valueType="text"/>
  </variableValue>
  <variableValue variable="BLOOD_PRESSURE_MEASURE_NOTSAFE_REASON.active">
    <value valueType="boolean"/>
  </variableValue>
  <variableValue variable="BLOOD_PRESSURE_MEASURE_NOTSAFE_REASON.comment">
    <value valueType="text"/>
  </variableValue>
  <variableValue variable="BP_LEFT">
    <value valueType="text"/>
  </variableValue>
  <variableValue variable="BP_LEFT.active">
    <value valueType="boolean"/>
  </variableValue>
  <variableValue variable="BP_RIGHT">
    <value valueType="text"/>
  </variableValue>
  <variableValue variable="BP_RIGHT.active">
    <value valueType="boolean"/>
  </variableValue>
  <variableValue variable="BP_ARM_CHOSEN">
    <value valueType="text">LEFT_ARM</value>
  </variableValue>
  <variableValue variable="BP_ARM_CHOSEN.active">
    <value valueType="boolean">true</value>
  </variableValue>
  <variableValue variable="BP_ARM_CHOSEN.comment">
    <value valueType="text"/>
  </variableValue>
  <variableValue variable="BP_VALIDATE_ARM_CHOICE">
    <value valueType="text"/>
  </variableValue>
  <variableValue variable="BP_VALIDATE_ARM_CHOICE.active">
    <value valueType="boolean"/>
  </variableValue>
  <variableValue variable="ABI_OBSERVED_CI">
    <value valueType="text">NC</value>
  </variableValue>
  <variableValue variable="ABI_OBSERVED_CI.OTHER.OTHER">
    <value valueType="text"/>
  </variableValue>
  <variableValue variable="ABI_OBSERVED_CI.active">
    <value valueType="boolean">true</value>
  </variableValue>
  <variableValue variable="ABI_OBSERVED_CI.comment">
    <value valueType="text"/>
  </variableValue>
  <variableValue variable="ABI_CONTRAINDICATED_LEG">
    <value valueType="text"/>
  </variableValue>
  <variableValue variable="ABI_CONTRAINDICATED_LEG.active">
    <value valueType="boolean"/>
  </variableValue>
  <variableValue variable="ABI_CONTRAINDICATED_LEG.comment">
    <value valueType="text"/>
  </variableValue>
  <variableValue variable="VEINS_LEG_PROCEDURE_EVER">
    <value valueType="text">N</value>
  </variableValue>
  <variableValue variable="VEINS_LEG_PROCEDURE_EVER.active">
    <value valueType="boolean">true</value>
  </variableValue>
  <variableValue variable="VEINS_LEG_PROCEDURE_EVER.comment">
    <value valueType="text"/>
  </variableValue>
  <variableValue variable="VEINS_LEG_PROCEDURE_SIDE">
    <value valueType="text"/>
  </variableValue>
  <variableValue variable="VEINS_LEG_PROCEDURE_SIDE.active">
    <value valueType="boolean"/>
  </variableValue>
  <variableValue variable="VEINS_LEG_PROCEDURE_SIDE.comment">
    <value valueType="text"/>
  </variableValue>
  <variableValue variable="ABI_CI_BOTH_LEGS">
    <value valueType="text"/>
  </variableValue>
  <variableValue variable="ABI_CI_BOTH_LEGS.active">
    <value valueType="boolean"/>
  </variableValue>
  <variableValue variable="RIGHT_SUGG_ABI">
    <value valueType="text"/>
  </variableValue>
  <variableValue variable="RIGHT_SUGG_ABI.active">
    <value valueType="boolean">true</value>
  </variableValue>
  <variableValue variable="LEFT_SUGG_ABI">
    <value valueType="text"/>
  </variableValue>
  <variableValue variable="LEFT_SUGG_ABI.active">
    <value valueType="boolean"/>
  </variableValue>
  <variableValue variable="COMBO_RL_BP_ABI">
    <value valueType="text"/>
  </variableValue>
  <variableValue variable="COMBO_RL_BP_ABI.active">
    <value valueType="boolean"/>
  </variableValue>
  <variableValue variable="COMBO_LR_BP_ABI">
    <value valueType="text"/>
  </variableValue>
  <variableValue variable="COMBO_LR_BP_ABI.active">
    <value valueType="boolean"/>
  </variableValue>
  <variableValue variable="ABI_ARM_CHOSEN">
    <value valueType="text">RIGHT_ARM_ABI</value>
  </variableValue>
  <variableValue variable="ABI_ARM_CHOSEN.active">
    <value valueType="boolean">true</value>
  </variableValue>
  <variableValue variable="ABI_ARM_CHOSEN.comment">
    <value valueType="text"/>
  </variableValue>
  <variableValue variable="ABI_LEG_CHOSEN">
    <value valueType="text">RIGHT_LEG</value>
  </variableValue>
  <variableValue variable="ABI_LEG_CHOSEN.active">
    <value valueType="boolean">true</value>
  </variableValue>
  <variableValue variable="ABI_LEG_CHOSEN.comment">
    <value valueType="text"/>
  </variableValue>
  <variableValue variable="ABI_VALIDATE_ARM_LEG">
    <value valueType="text"/>
  </variableValue>
  <variableValue variable="ABI_VALIDATE_ARM_LEG.active">
    <value valueType="boolean"/>
  </variableValue>
  <variableValue variable="BLOOD_ARM_CHOSEN">
    <value valueType="text">BOTH_ARMS</value>
  </variableValue>
  <variableValue variable="BLOOD_ARM_CHOSEN.active">
    <value valueType="boolean">true</value>
  </variableValue>
  <variableValue variable="BLOOD_ARM_CHOSEN.comment">
    <value valueType="text"/>
  </variableValue>
  <variableValue variable="BLOOD_VALIDATE_ARM_CHOICE">
    <value valueType="text"/>
  </variableValue>
  <variableValue variable="BLOOD_VALIDATE_ARM_CHOICE.active">
    <value valueType="boolean"/>
  </variableValue>
  <variableValue variable="S4_BP1">
    <value valueType="text"/>
  </variableValue>
  <variableValue variable="S4_BP1.active">
    <value valueType="boolean">true</value>
  </variableValue>
  <variableValue variable="SH_KYPHOSIS">
    <value valueType="text">N</value>
  </variableValue>
  <variableValue variable="SH_KYPHOSIS.active">
    <value valueType="boolean">true</value>
  </variableValue>
  <variableValue variable="SH_KYPHOSIS.comment">
    <value valueType="text"/>
  </variableValue>
  <variableValue variable="SIT_OBS_CI">
    <value valueType="text"/>
  </variableValue>
  <variableValue variable="SIT_OBS_CI.YES_SPECIFY.YES_SPECIFY">
    <value valueType="text"/>
  </variableValue>
  <variableValue variable="SIT_OBS_CI.active">
    <value valueType="boolean"/>
  </variableValue>
  <variableValue variable="SIT_OBS_CI.comment">
    <value valueType="text"/>
  </variableValue>
  <variableValue variable="BW_OBS_CI_BIOIMPEDANCE">
    <value valueType="text">NC</value>
  </variableValue>
  <variableValue variable="BW_OBS_CI_BIOIMPEDANCE.OTHER.OTHER">
    <value valueType="text"/>
  </variableValue>
  <variableValue variable="BW_OBS_CI_BIOIMPEDANCE.active">
    <value valueType="boolean">true</value>
  </variableValue>
  <variableValue variable="BW_OBS_CI_BIOIMPEDANCE.comment">
    <value valueType="text"/>
  </variableValue>
  <variableValue variable="S6_BP1">
    <value valueType="text"/>
  </variableValue>
  <variableValue variable="S6_BP1.active">
    <value valueType="boolean">true</value>
  </variableValue>
  <variableValue variable="BW_PACEMAKER_CI">
    <value valueType="text">N</value>
  </variableValue>
  <variableValue variable="BW_PACEMAKER_CI.active">
    <value valueType="boolean">true</value>
  </variableValue>
  <variableValue variable="BW_PACEMAKER_CI.comment">
    <value valueType="text"/>
  </variableValue>
  <variableValue variable="BW_OBS_CI_WEIGHT">
    <value valueType="text"/>
  </variableValue>
  <variableValue variable="BW_OBS_CI_WEIGHT.YES_SPECIFY.YES_SPECIFY">
    <value valueType="text"/>
  </variableValue>
  <variableValue variable="BW_OBS_CI_WEIGHT.active">
    <value valueType="boolean"/>
  </variableValue>
  <variableValue variable="BW_OBS_CI_WEIGHT.comment">
    <value valueType="text"/>
  </variableValue>
  <variableValue variable="S7_BP1">
    <value valueType="text"/>
  </variableValue>
  <variableValue variable="S7_BP1.active">
    <value valueType="boolean">true</value>
  </variableValue>
  <variableValue variable="BD_HANDEDNESS">
    <value valueType="text">RIGHT_HANDED</value>
  </variableValue>
  <variableValue variable="BD_HANDEDNESS.active">
    <value valueType="boolean">true</value>
  </variableValue>
  <variableValue variable="BD_HANDEDNESS.comment">
    <value valueType="text"/>
  </variableValue>
  <variableValue variable="LOWER_EXTREMITY_EVENT">
    <value valueType="boolean">true</value>
  </variableValue>
  <variableValue variable="LOWER_EXTREMITY_EVENT.active">
    <value valueType="boolean">true</value>
  </variableValue>
  <variableValue variable="LOWER_EXTREMITY_EVENT.comment">
    <value valueType="text"/>
  </variableValue>
  <variableValue variable="LOWER_EXTREMITY_EVENT.FOOT_IMPLANT_SIDE">
    <value valueType="text"/>
  </variableValue>
  <variableValue variable="LOWER_EXTREMITY_EVENT.FOOT_IMPLANT_SIDE.active">
    <value valueType="boolean"/>
  </variableValue>
  <variableValue variable="LOWER_EXTREMITY_EVENT.LOWER_EXTREMITY_EVENT_SIDE">
    <value valueType="text"/>
  </variableValue>
  <variableValue variable="LOWER_EXTREMITY_EVENT.LOWER_EXTREMITY_EVENT_SIDE.active">
    <value valueType="boolean"/>
  </variableValue>
  <variableValue variable="LOWER_EXTREMITY_EVENT.LOWER_EXTREMITY_EVENT_2_SIDE">
    <value valueType="text"/>
  </variableValue>
  <variableValue variable="LOWER_EXTREMITY_EVENT.LOWER_EXTREMITY_EVENT_2_SIDE.active">
    <value valueType="boolean"/>
  </variableValue>
  <variableValue variable="BD_LEFT_POSSIBLE">
    <value valueType="text"/>
  </variableValue>
  <variableValue variable="BD_LEFT_POSSIBLE.active">
    <value valueType="boolean">true</value>
  </variableValue>
  <variableValue variable="BD_RIGHT_POSSIBLE">
    <value valueType="text"/>
  </variableValue>
  <variableValue variable="BD_RIGHT_POSSIBLE.active">
    <value valueType="boolean"/>
  </variableValue>
  <variableValue variable="BD_LEFT_HEEL">
    <value valueType="text"/>
  </variableValue>
  <variableValue variable="BD_LEFT_HEEL.active">
    <value valueType="boolean"/>
  </variableValue>
  <variableValue variable="BD_RIGHT_HEEL">
    <value valueType="text"/>
  </variableValue>
  <variableValue variable="BD_RIGHT_HEEL.active">
    <value valueType="boolean"/>
  </variableValue>
  <variableValue variable="S7_BP3">
    <value valueType="text"/>
  </variableValue>
  <variableValue variable="S7_BP3.active">
    <value valueType="boolean">true</value>
  </variableValue>
  <variableValue variable="BD_FOOT_CHOSEN">
    <value valueType="text">LEFT_FOOT</value>
  </variableValue>
  <variableValue variable="BD_FOOT_CHOSEN.active">
    <value valueType="boolean">true</value>
  </variableValue>
  <variableValue variable="BD_FOOT_CHOSEN.comment">
    <value valueType="text"/>
  </variableValue>
  <variableValue variable="BP_VALIDATE_HEEL_CHOICE">
    <value valueType="text"/>
  </variableValue>
  <variableValue variable="BP_VALIDATE_HEEL_CHOICE.active">
    <value valueType="boolean"/>
  </variableValue>
  <variableValue variable="W_OBS_CI">
    <value valueType="text">NC</value>
  </variableValue>
  <variableValue variable="W_OBS_CI.YES_SPECIFY.YES_SPECIFY">
    <value valueType="text"/>
  </variableValue>
  <variableValue variable="W_OBS_CI.active">
    <value valueType="boolean">true</value>
  </variableValue>
  <variableValue variable="W_OBS_CI.comment">
    <value valueType="text"/>
  </variableValue>
  <variableValue variable="H_OBS_CI">
    <value valueType="text">NC</value>
  </variableValue>
  <variableValue variable="H_OBS_CI.YES_SPECIFY.YES_SPECIFY">
    <value valueType="text"/>
  </variableValue>
  <variableValue variable="H_OBS_CI.active">
    <value valueType="boolean">true</value>
  </variableValue>
  <variableValue variable="H_OBS_CI.comment">
    <value valueType="text"/>
  </variableValue>
  <variableValue variable="GS_CI_EVENT">
    <value valueType="boolean"/>
  </variableValue>
  <variableValue variable="GS_CI_EVENT.active">
    <value valueType="boolean"/>
  </variableValue>
  <variableValue variable="GS_CI_EVENT.comment">
    <value valueType="text"/>
  </variableValue>
  <variableValue variable="GS_CI_EVENT.GS_OBS_CI_SIDE">
    <value valueType="text"/>
  </variableValue>
  <variableValue variable="GS_CI_EVENT.GS_OBS_CI_SIDE.active">
    <value valueType="boolean"/>
  </variableValue>
  <variableValue variable="GS_CI_EVENT.GS_SURGERY_HAND_13_WEEKS_SIDE">
    <value valueType="text"/>
  </variableValue>
  <variableValue variable="GS_CI_EVENT.GS_SURGERY_HAND_13_WEEKS_SIDE.active">
    <value valueType="boolean"/>
  </variableValue>
  <variableValue variable="GS_CI_EVENT.GS_PAIN_HAND_SIDE">
    <value valueType="text"/>
  </variableValue>
  <variableValue variable="GS_CI_EVENT.GS_PAIN_HAND_SIDE.active">
    <value valueType="boolean"/>
  </variableValue>
  <variableValue variable="GS_BOTH">
    <value valueType="text"/>
  </variableValue>
  <variableValue variable="GS_BOTH.active">
    <value valueType="boolean">true</value>
  </variableValue>
  <variableValue variable="GS_LEFT">
    <value valueType="text"/>
  </variableValue>
  <variableValue variable="GS_LEFT.active">
    <value valueType="boolean"/>
  </variableValue>
  <variableValue variable="GS_RIGHT">
    <value valueType="text"/>
  </variableValue>
  <variableValue variable="GS_RIGHT.active">
    <value valueType="boolean"/>
  </variableValue>
  <variableValue variable="GS_ACTIVE">
    <value valueType="text">BOTH_SIDES</value>
  </variableValue>
  <variableValue variable="GS_ACTIVE.active">
    <value valueType="boolean">true</value>
  </variableValue>
  <variableValue variable="GS_ACTIVE.comment">
    <value valueType="text"/>
  </variableValue>
  <variableValue variable="BP_VALIDATE_HAND_CHOICE">
    <value valueType="text"/>
  </variableValue>
  <variableValue variable="BP_VALIDATE_HAND_CHOICE.active">
    <value valueType="boolean"/>
  </variableValue>
  <variableValue variable="S10_BP1">
    <value valueType="text"/>
  </variableValue>
  <variableValue variable="S10_BP1.active">
    <value valueType="boolean">true</value>
  </variableValue>
  <variableValue variable="SP_CI_CURRENT">
    <value valueType="boolean">true</value>
  </variableValue>
  <variableValue variable="SP_CI_CURRENT.active">
    <value valueType="boolean">true</value>
  </variableValue>
  <variableValue variable="SP_CI_CURRENT.comment">
    <value valueType="text"/>
  </variableValue>
  <variableValue variable="SP_CI_CURRENT.SP_MED_TB">
    <value valueType="text">N</value>
  </variableValue>
  <variableValue variable="SP_CI_CURRENT.SP_MED_TB.active">
    <value valueType="boolean">true</value>
  </variableValue>
  <variableValue variable="SP_CI_CURRENT.SP_COUGHED_BLOOD">
    <value valueType="text">N</value>
  </variableValue>
  <variableValue variable="SP_CI_CURRENT.SP_COUGHED_BLOOD.active">
    <value valueType="boolean">true</value>
  </variableValue>
  <variableValue variable="SP_CI_CURRENT.SP_STOMA">
    <value valueType="text">N</value>
  </variableValue>
  <variableValue variable="SP_CI_CURRENT.SP_STOMA.active">
    <value valueType="boolean">true</value>
  </variableValue>
  <variableValue variable="SP_CI_CURRENT.SP_SEVERE_RESP_COND">
    <value valueType="text">N</value>
  </variableValue>
  <variableValue variable="SP_CI_CURRENT.SP_SEVERE_RESP_COND.active">
    <value valueType="boolean">true</value>
  </variableValue>
  <variableValue variable="SP_CI_CURRENT.SP_DIFFICULT_BREATHING">
    <value valueType="text">N</value>
  </variableValue>
  <variableValue variable="SP_CI_CURRENT.SP_DIFFICULT_BREATHING.active">
    <value valueType="boolean">true</value>
  </variableValue>
  <variableValue variable="SP_CI_CURRENT.SP_ABDOMINAL_PAIN">
    <value valueType="text">N</value>
  </variableValue>
  <variableValue variable="SP_CI_CURRENT.SP_ABDOMINAL_PAIN.active">
    <value valueType="boolean">true</value>
  </variableValue>
  <variableValue variable="SP_CI_CURRENT.SP_MOUTH_PAIN">
    <value valueType="text">N</value>
  </variableValue>
  <variableValue variable="SP_CI_CURRENT.SP_MOUTH_PAIN.active">
    <value valueType="boolean">true</value>
  </variableValue>
  <variableValue variable="SP_CI_CURRENT.SP_INCONTINENCE">
    <value valueType="text">N</value>
  </variableValue>
  <variableValue variable="SP_CI_CURRENT.SP_INCONTINENCE.active">
    <value valueType="boolean">true</value>
  </variableValue>
  <variableValue variable="SP_CI_3_MONTHS">
    <value valueType="boolean">true</value>
  </variableValue>
  <variableValue variable="SP_CI_3_MONTHS.active">
    <value valueType="boolean">true</value>
  </variableValue>
  <variableValue variable="SP_CI_3_MONTHS.comment">
    <value valueType="text"/>
  </variableValue>
  <variableValue variable="SP_CI_3_MONTHS.SP_ABD_THORACIC_SURGERY">
    <value valueType="text">N</value>
  </variableValue>
  <variableValue variable="SP_CI_3_MONTHS.SP_ABD_THORACIC_SURGERY.active">
    <value valueType="boolean">true</value>
  </variableValue>
  <variableValue variable="SP_CI_3_MONTHS.SP_EYE_SURGERY">
    <value valueType="text">N</value>
  </variableValue>
  <variableValue variable="SP_CI_3_MONTHS.SP_EYE_SURGERY.active">
    <value valueType="boolean">true</value>
  </variableValue>
  <variableValue variable="SP_CI_3_MONTHS.SP_HEART_ATTACK">
    <value valueType="text">N</value>
  </variableValue>
  <variableValue variable="SP_CI_3_MONTHS.SP_HEART_ATTACK.active">
    <value valueType="boolean">true</value>
  </variableValue>
  <variableValue variable="SP_CI_EVER_HAD">
    <value valueType="boolean">true</value>
  </variableValue>
  <variableValue variable="SP_CI_EVER_HAD.active">
    <value valueType="boolean">true</value>
  </variableValue>
  <variableValue variable="SP_CI_EVER_HAD.comment">
    <value valueType="text">in 1964 car accident resulted in collapsed lung</value>
  </variableValue>
  <variableValue variable="SP_CI_EVER_HAD.SP_COLLAPSED_LUNG">
    <value valueType="text">Y</value>
  </variableValue>
  <variableValue variable="SP_CI_EVER_HAD.SP_COLLAPSED_LUNG.active">
    <value valueType="boolean">true</value>
  </variableValue>
  <variableValue variable="SP_CI_EVER_HAD.SP_DETACHED_RETINA">
    <value valueType="text">N</value>
  </variableValue>
  <variableValue variable="SP_CI_EVER_HAD.SP_DETACHED_RETINA.active">
    <value valueType="boolean">true</value>
  </variableValue>
  <variableValue variable="SP_GLAUCOMA_EVER">
    <value valueType="text"/>
  </variableValue>
  <variableValue variable="SP_GLAUCOMA_EVER.active">
    <value valueType="boolean"/>
  </variableValue>
  <variableValue variable="SP_GLAUCOMA_EVER.comment">
    <value valueType="text"/>
  </variableValue>
  <variableValue variable="SP_STRENUOUS_ACTIVITY">
    <value valueType="text"/>
  </variableValue>
  <variableValue variable="SP_STRENUOUS_ACTIVITY.active">
    <value valueType="boolean"/>
  </variableValue>
  <variableValue variable="SP_STRENUOUS_ACTIVITY.comment">
    <value valueType="text"/>
  </variableValue>
  <variableValue variable="SP_INHALER_USE_24_HOURS">
    <value valueType="text"/>
  </variableValue>
  <variableValue variable="SP_INHALER_USE_24_HOURS.active">
    <value valueType="boolean"/>
  </variableValue>
  <variableValue variable="SP_INHALER_USE_24_HOURS.comment">
    <value valueType="text"/>
  </variableValue>
  <variableValue variable="SP_INHALER_USE_WHEN">
    <value valueType="text"/>
  </variableValue>
  <variableValue variable="SP_INHALER_USE_WHEN.TIME_24.TODAY_YESTERDAY">
    <value valueType="text"/>
  </variableValue>
  <variableValue variable="SP_INHALER_USE_WHEN.TIME_24.HOUR_24">
    <value valueType="integer"/>
  </variableValue>
  <variableValue variable="SP_INHALER_USE_WHEN.TIME_24.MINUTE_15">
    <value valueType="integer"/>
  </variableValue>
  <variableValue variable="SP_INHALER_USE_WHEN.active">
    <value valueType="boolean"/>
  </variableValue>
  <variableValue variable="SP_INHALER_USE_WHEN.comment">
    <value valueType="text"/>
  </variableValue>
  <variableValue variable="S11_BP1">
    <value valueType="text"/>
  </variableValue>
  <variableValue variable="S11_BP1.active">
    <value valueType="boolean">true</value>
  </variableValue>
  <variableValue variable="SC_CI_EVENT">
    <value valueType="boolean"/>
  </variableValue>
  <variableValue variable="SC_CI_EVENT.active">
    <value valueType="boolean"/>
  </variableValue>
  <variableValue variable="SC_CI_EVENT.comment">
    <value valueType="text"/>
  </variableValue>
  <variableValue variable="SC_CI_EVENT.SC_HEMOPHILIA_CI">
    <value valueType="text">N</value>
  </variableValue>
  <variableValue variable="SC_CI_EVENT.SC_HEMOPHILIA_CI.active">
    <value valueType="boolean">true</value>
  </variableValue>
  <variableValue variable="SC_CI_EVENT.BLOOD_TRANSFUSION_24_HOURS">
    <value valueType="text">N</value>
  </variableValue>
  <variableValue variable="SC_CI_EVENT.BLOOD_TRANSFUSION_24_HOURS.active">
    <value valueType="boolean">true</value>
  </variableValue>
  <variableValue variable="SC_CI_EVENT.SC_RADIO_CHEMO_12_WEEKS">
    <value valueType="text">N</value>
  </variableValue>
  <variableValue variable="SC_CI_EVENT.SC_RADIO_CHEMO_12_WEEKS.active">
    <value valueType="boolean">true</value>
  </variableValue>
  <variableValue variable="BLOOD_COLLECTION_SAFE">
    <value valueType="text">Y</value>
  </variableValue>
  <variableValue variable="BLOOD_COLLECTION_SAFE.active">
    <value valueType="boolean">true</value>
  </variableValue>
  <variableValue variable="BLOOD_COLLECTION_SAFE.comment">
    <value valueType="text"/>
  </variableValue>
  <variableValue variable="SC_CHECK_DECISION">
    <value valueType="text"/>
  </variableValue>
  <variableValue variable="SC_CHECK_DECISION.active">
    <value valueType="boolean"/>
  </variableValue>
  <variableValue variable="S11_BP3">
    <value valueType="text"/>
  </variableValue>
  <variableValue variable="S11_BP3.active">
    <value valueType="boolean">true</value>
  </variableValue>
  <variableValue variable="SC_CI_LAST_EVENT">
    <value valueType="boolean"/>
  </variableValue>
  <variableValue variable="SC_CI_LAST_EVENT.active">
    <value valueType="boolean"/>
  </variableValue>
  <variableValue variable="SC_CI_LAST_EVENT.comment">
    <value valueType="text"/>
  </variableValue>
  <variableValue variable="SC_CI_LAST_EVENT.BLOOD_TRANSFUSION_LAST_2_MONTHS">
    <value valueType="text">N</value>
  </variableValue>
  <variableValue variable="SC_CI_LAST_EVENT.BLOOD_TRANSFUSION_LAST_2_MONTHS.active">
    <value valueType="boolean">true</value>
  </variableValue>
  <variableValue variable="SC_CI_LAST_EVENT.BLOOD_THINNING_MEDICATION">
    <value valueType="text">Y</value>
  </variableValue>
  <variableValue variable="SC_CI_LAST_EVENT.BLOOD_THINNING_MEDICATION.active">
    <value valueType="boolean">true</value>
  </variableValue>
  <variableValue variable="STAGE_STATUS">
    <value valueType="boolean">true</value>
  </variableValue>
  <variableValue variable="STAGE_STATUS.active">
    <value valueType="boolean">true</value>
  </variableValue>
  <variableValue variable="STAGE_STATUS.comment">
    <value valueType="text"/>
  </variableValue>
  <variableValue variable="STAGE_STATUS.BP_CI">
    <value valueType="text"/>
  </variableValue>
  <variableValue variable="STAGE_STATUS.BP_CI.active">
    <value valueType="boolean"/>
  </variableValue>
  <variableValue variable="STAGE_STATUS.BD_CI">
    <value valueType="text"/>
  </variableValue>
  <variableValue variable="STAGE_STATUS.BD_CI.active">
    <value valueType="boolean"/>
  </variableValue>
  <variableValue variable="STAGE_STATUS.ABI_CI">
    <value valueType="text"/>
  </variableValue>
  <variableValue variable="STAGE_STATUS.ABI_CI.active">
    <value valueType="boolean"/>
  </variableValue>
  <variableValue variable="STAGE_STATUS.STAND_CI">
    <value valueType="text"/>
  </variableValue>
  <variableValue variable="STAGE_STATUS.STAND_CI.active">
    <value valueType="boolean"/>
  </variableValue>
  <variableValue variable="STAGE_STATUS.SIT_CI">
    <value valueType="text"/>
  </variableValue>
  <variableValue variable="STAGE_STATUS.SIT_CI.active">
    <value valueType="boolean"/>
  </variableValue>
  <variableValue variable="STAGE_STATUS.GS_CI_RIGHT">
    <value valueType="text"/>
  </variableValue>
  <variableValue variable="STAGE_STATUS.GS_CI_RIGHT.active">
    <value valueType="boolean"/>
  </variableValue>
  <variableValue variable="STAGE_STATUS.GS_CI_LEFT">
    <value valueType="text"/>
  </variableValue>
  <variableValue variable="STAGE_STATUS.GS_CI_LEFT.active">
    <value valueType="boolean"/>
  </variableValue>
  <variableValue variable="STAGE_STATUS.GS_CI">
    <value valueType="text"/>
  </variableValue>
  <variableValue variable="STAGE_STATUS.GS_CI.active">
    <value valueType="boolean"/>
  </variableValue>
  <variableValue variable="STAGE_STATUS.W_CI">
    <value valueType="text"/>
  </variableValue>
  <variableValue variable="STAGE_STATUS.W_CI.active">
    <value valueType="boolean"/>
  </variableValue>
  <variableValue variable="STAGE_STATUS.H_CI">
    <value valueType="text"/>
  </variableValue>
  <variableValue variable="STAGE_STATUS.H_CI.active">
    <value valueType="boolean"/>
  </variableValue>
  <variableValue variable="STAGE_STATUS.SP_CI">
    <value valueType="text"/>
  </variableValue>
  <variableValue variable="STAGE_STATUS.SP_CI.active">
    <value valueType="boolean">true</value>
  </variableValue>
  <variableValue variable="STAGE_STATUS.BI_CI">
    <value valueType="text"/>
  </variableValue>
  <variableValue variable="STAGE_STATUS.BI_CI.active">
    <value valueType="boolean"/>
  </variableValue>
  <variableValue variable="STAGE_STATUS.WT_CI">
    <value valueType="text"/>
  </variableValue>
  <variableValue variable="STAGE_STATUS.WT_CI.active">
    <value valueType="boolean"/>
  </variableValue>
  <variableValue variable="STAGE_STATUS.BSC_CI">
    <value valueType="text"/>
  </variableValue>
  <variableValue variable="STAGE_STATUS.BSC_CI.active">
    <value valueType="boolean"/>
  </variableValue>
  <variableValue variable="NO_CI">
    <value valueType="text"/>
  </variableValue>
  <variableValue variable="NO_CI.active">
    <value valueType="boolean"/>
  </variableValue>
  <variableValue variable="BP_ARM_CHOSEN_LEFT">
    <value valueType="text"/>
  </variableValue>
  <variableValue variable="BP_ARM_CHOSEN_LEFT.active">
    <value valueType="boolean">true</value>
  </variableValue>
  <variableValue variable="BP_ARM_CHOSEN_RIGHT">
    <value valueType="text"/>
  </variableValue>
  <variableValue variable="BP_ARM_CHOSEN_RIGHT.active">
    <value valueType="boolean"/>
  </variableValue>
  <variableValue variable="BD_FOOT_CHOSEN_LEFT">
    <value valueType="text"/>
  </variableValue>
  <variableValue variable="BD_FOOT_CHOSEN_LEFT.active">
    <value valueType="boolean">true</value>
  </variableValue>
  <variableValue variable="BD_FOOT_CHOSEN_RIGHT">
    <value valueType="text"/>
  </variableValue>
  <variableValue variable="BD_FOOT_CHOSEN_RIGHT.active">
    <value valueType="boolean"/>
  </variableValue>
  <variableValue variable="ABI_LEG_CHOSEN_LEFT">
    <value valueType="text"/>
  </variableValue>
  <variableValue variable="ABI_LEG_CHOSEN_LEFT.active">
    <value valueType="boolean"/>
  </variableValue>
  <variableValue variable="ABI_LEG_CHOSEN_RIGHT">
    <value valueType="text"/>
  </variableValue>
  <variableValue variable="ABI_LEG_CHOSEN_RIGHT.active">
    <value valueType="boolean">true</value>
  </variableValue>
  <variableValue variable="ABI_ARM_LEFT_LEG_RIGHT_CHOSEN">
    <value valueType="text"/>
  </variableValue>
  <variableValue variable="ABI_ARM_LEFT_LEG_RIGHT_CHOSEN.active">
    <value valueType="boolean"/>
  </variableValue>
  <variableValue variable="ABI_ARM_RIGHT_LEG_LEFT_CHOSEN">
    <value valueType="text"/>
  </variableValue>
  <variableValue variable="ABI_ARM_RIGHT_LEG_LEFT_CHOSEN.active">
    <value valueType="boolean"/>
  </variableValue>
  <variableValue variable="BLOOD_ARM_CHOSEN_RIGHT">
    <value valueType="text"/>
  </variableValue>
  <variableValue variable="BLOOD_ARM_CHOSEN_RIGHT.active">
    <value valueType="boolean"/>
  </variableValue>
  <variableValue variable="BLOOD_ARM_CHOSEN_LEFT">
    <value valueType="text"/>
  </variableValue>
  <variableValue variable="BLOOD_ARM_CHOSEN_LEFT.active">
    <value valueType="boolean"/>
  </variableValue>
  <variableValue variable="BLOOD_ARM_CHOSEN_BOTH">
    <value valueType="text"/>
  </variableValue>
  <variableValue variable="BLOOD_ARM_CHOSEN_BOTH.active">
    <value valueType="boolean">true</value>
  </variableValue>
  <variableValue variable="S11_BP4">
    <value valueType="text"/>
  </variableValue>
  <variableValue variable="S11_BP4.active">
    <value valueType="boolean">true</value>
  </variableValue>
  <variableValue variable="S12_BP4">
    <value valueType="text"/>
  </variableValue>
  <variableValue variable="S12_BP4.active">
    <value valueType="boolean"/>
  </variableValue>
  <variableValue variable="S13_BP4">
    <value valueType="text"/>
  </variableValue>
  <variableValue variable="S13_BP4.active">
    <value valueType="boolean"/>
  </variableValue>
  <variableValue variable="S14_BP4">
    <value valueType="text"/>
  </variableValue>
  <variableValue variable="S14_BP4.active">
    <value valueType="boolean"/>
  </variableValue>
  <variableValue variable="S15_BP4">
    <value valueType="text"/>
  </variableValue>
  <variableValue variable="S15_BP4.active">
    <value valueType="boolean"/>
  </variableValue>
</valueSet>