{
    "id": "7c02fd8d-00c9-452d-acac-bac346353c55",
    "name": [
        {
            "lang": "en",
            "value": "FR\u00e9LE: Fragilit\u00e9, une \u00e9tude longitudinale de ses expressions [Frailty, a longitudinal study of its expressions]"
        }
    ],
    "acronym": [
        {
            "lang": "en",
            "value": "FR\u00e9LE"
        }
    ],
    "investigators": [
        {
            "title": "Dr.",
            "firstName": "Fran\u00e7ois",
            "lastName": "B\u00e9land",
            "email": "francois.beland@umontreal.ca",
            "dataAccessCommitteeMember": false,
            "institution": {
                "name": [
                    {
                        "lang": "en",
                        "value": "Universit\u00e9 de Montr\u00e9al"
                    }
                ],
                "address": {
                    "street": [
                        {
                            "lang": "en",
                            "value": "CP 6128, Succ. Centre-ville"
                        }
                    ],
                    "city": [
                        {
                            "lang": "en",
                            "value": "Montr\u00e9al"
                        }
                    ],
                    "zip": "H3C 3J7",
                    "state": "Qu\u00e9bec"
                }
            }
        },
        {
            "title": "Dr.",
            "firstName": "H\u00e9l\u00e8ne",
            "lastName": "Payette",
            "email": "helene.payette@usherbrooke.ca",
            "phone": "1-819-780-2220 ext.45636",
            "dataAccessCommitteeMember": false,
            "institution": {
                "name": [
                    {
                        "lang": "en",
                        "value": "Research Center on Aging, Health and Social Services Centre \u2014 University Institute of Geriatrics of Sherbrooke (CSSS-IUGS)"
                    }
                ],
                "address": {
                    "street": [
                        {
                            "lang": "en",
                            "value": "1036 Belv\u00e9d\u00e8re Street"
                        }
                    ],
                    "city": [
                        {
                            "lang": "en",
                            "value": "Sherbrooke"
                        }
                    ],
                    "zip": "J1H 4C4",
                    "state": "Qu\u00e9bec",
                    "country": {
                        "iso": "CA",
                        "name": [
                            {
                                "lang": "en",
                                "value": "Canada"
                            }
                        ]
                    }
                }
            }
        },
        {
            "title": "Dr.",
            "firstName": "Howard",
            "lastName": "Bergman",
            "dataAccessCommitteeMember": false,
            "institution": {
                "name": [
                    {
                        "lang": "en",
                        "value": "Universit\u00e9 McGil"
                    }
                ],
                "department": [
                    {
                        "lang": "en",
                        "value": "D\u00e9partement de m\u00e9decine de famille"
                    }
                ]
            }
        },
        {
            "title": "Dr.",
            "firstName": "Christina",
            "lastName": "Wolfson",
            "email": "christina.wolfson@mcgill.ca",
            "phone": "1-514-934-1934 ext. 44739",
            "dataAccessCommitteeMember": false,
            "institution": {
                "name": [
                    {
                        "lang": "en",
                        "value": "McGill University"
                    }
                ],
                "department": [
                    {
                        "lang": "en",
                        "value": "Division of Epidemiology and Biostatistics and Occupational Health"
                    }
                ],
                "address": {
                    "city": [
                        {
                            "lang": "en",
                            "value": "Montreal"
                        }
                    ],
                    "state": "Quebec",
                    "country": {
                        "iso": "CA",
                        "name": [
                            {
                                "lang": "en",
                                "value": "Canada"
                            }
                        ]
                    }
                }
            }
        },
        {
            "title": "Dr.",
            "firstName": "Jos\u00e9",
            "lastName": "A. Morais",
            "email": "",
            "dataAccessCommitteeMember": false,
            "institution": {
                "name": [
                    {
                        "lang": "en",
                        "value": "McGill University Health Centre"
                    }
                ]
            }
        },
        {
            "title": "Dr.",
            "firstName": "Pierrette",
            "lastName": "Gaudreau",
            "email": "pierrette.gaudreau@umontreal.ca",
            "phone": "1-514-890-8000 ext.23613",
            "dataAccessCommitteeMember": false,
            "institution": {
                "name": [
                    {
                        "lang": "en",
                        "value": "University of Montreal Hospital Research Centre"
                    }
                ],
                "address": {
                    "street": [
                        {
                            "lang": "en",
                            "value": "900 St-Denis, Tour Viger, Bureau R05.436B-02"
                        }
                    ],
                    "city": [
                        {
                            "lang": "en",
                            "value": "Montreal"
                        }
                    ],
                    "zip": "H2X 0A9",
                    "state": "Quebec",
                    "country": {
                        "iso": "CA",
                        "name": [
                            {
                                "lang": "en",
                                "value": "Canada"
                            }
                        ]
                    }
                }
            }
        },
        {
            "title": "Dr.",
            "firstName": "Tam\u00e0s",
            "lastName": "F\u00fcl\u00f6p",
            "email": "",
            "dataAccessCommitteeMember": false,
            "institution": {
                "name": [
                    {
                        "lang": "en",
                        "value": "Universit\u00e9 de Sherbrooke"
                    }
                ]
            }
        },
        {
            "title": "Dr.",
            "firstName": "R\u00e9jean",
            "lastName": "H\u00e9bert",
            "email": "",
            "dataAccessCommitteeMember": false,
            "institution": {
                "name": [
                    {
                        "lang": "en",
                        "value": "Institut universitaire de g\u00e9riatrie de Sherbrooke"
                    }
                ]
            }
        },
        {
            "title": "Dr.",
            "firstName": "Ren\u00e9",
            "lastName": "Verreault",
            "email": "",
            "dataAccessCommitteeMember": false,
            "institution": {
                "name": [
                    {
                        "lang": "en",
                        "value": "H\u00f4pital du Saint-Sacrement"
                    }
                ]
            }
        },
        {
            "title": "Dr.",
            "firstName": "Johanne",
            "lastName": "Desrosiers",
            "email": "",
            "dataAccessCommitteeMember": false,
            "institution": {
                "name": [
                    {
                        "lang": "en",
                        "value": "Universit\u00e9 de Sherbrooke"
                    }
                ]
            }
        },
        {
            "title": "Dr.",
            "firstName": "Louise",
            "lastName": "Demers",
            "email": "",
            "dataAccessCommitteeMember": false,
            "institution": {
                "name": [
                    {
                        "lang": "en",
                        "value": "Institut universitaire de g\u00e9riatrie de Montr\u00e9al"
                    }
                ]
            }
        },
        {
            "title": "Dr.",
            "firstName": "Marie-Jeanne",
            "lastName": "Kergoat",
            "email": "",
            "dataAccessCommitteeMember": false,
            "institution": {
                "name": [
                    {
                        "lang": "en",
                        "value": "Institut universitaire de g\u00e9riatrie de Montr\u00e9al"
                    }
                ]
            }
        },
        {
            "title": "Dr.",
            "firstName": "Maria-Victoria",
            "lastName": "Zunzunegui",
            "email": "maria.victoria.zunzunegui@umontreal.ca",
            "phone": "(514) 343-6086",
            "dataAccessCommitteeMember": false,
            "institution": {
                "name": [
                    {
                        "lang": "en",
                        "value": "Universit\u00e9 de Montr\u00e9al Public Health Research Institute (IRSPUM)"
                    }
                ],
                "address": {
                    "street": [
                        {
                            "lang": "en",
                            "value": "7101 Parc Ave."
                        }
                    ],
                    "city": [
                        {
                            "lang": "en",
                            "value": "Montreal"
                        }
                    ],
                    "zip": "H3N 1X7",
                    "state": "Quebec",
                    "country": {
                        "iso": "CA",
                        "name": [
                            {
                                "lang": "en",
                                "value": "Canada"
                            }
                        ]
                    }
                }
            }
        },
        {
            "title": "Dr.",
            "firstName": "Bryna",
            "lastName": "Shatenstein",
            "dataAccessCommitteeMember": false,
            "institution": {
                "name": [
                    {
                        "lang": "en",
                        "value": "Institut universitaire de g\u00e9riatrie de Montr\u00e9al Research Centre"
                    }
                ]
            }
        }
    ],
    "contacts": [
        {
            "firstName": "Claude",
            "lastName": "Galand",
            "email": "claude.galand@mail.mcgill.ca",
            "phone": "1-514-340-8222 ext. 2181",
            "dataAccessCommitteeMember": false,
            "institution": {
                "name": [
                    {
                        "lang": "en",
                        "value": "Jewish General Hospital"
                    }
                ],
                "department": [
                    {
                        "lang": "en",
                        "value": "Lady Davis Institute for Medical Research"
                    }
                ],
                "address": {
                    "street": [
                        {
                            "lang": "en",
                            "value": "3755, C\u00f4te Ste-Catherine"
                        }
                    ],
                    "city": [
                        {
                            "lang": "en",
                            "value": "Montreal"
                        }
                    ],
                    "zip": "H3T 1E2",
                    "state": "Qu\u00e9bec",
                    "country": {
                        "iso": "CA",
                        "name": [
                            {
                                "lang": "en",
                                "value": "Canada"
                            }
                        ]
                    }
                }
            }
        }
    ],
    "objectives": [
        {
            "lang": "en",
            "value": "<p>The first objective of this research project will be to investigate the extent to which psychosocial and biological markers of frailty can be added to the five components of the Fried\u2019s model of the frailty syndrome. The second objective of the project is to identify homogeneous subgroups of elderly persons, or profiles of frailty, that demonstrate a specific pattern of associations among a subset of the components of frailty and\/or potential biological and psychosocial markers.<\/p>\r\n\r\n<p>Objective 1a - The starting point for the first objective is a definition of frailty as a clinical syndrome based on the presence of the five Fried\u2019s physiological components: unintentional weight loss, low muscle strength, poor physical performance, low physical activity, and feeling of exhaustion. The extent to which these five measures can be considered as components of a frailty syndrome will be examined.<\/p>\r\n\r\n<p>Objective 1b \u2013 Components such as cognition and mood, and candidate psychosocial components will be added to the five Fried\u2019s components and their inclusion in the frailty syndrome examined.<\/p>\r\n\r\n<p>Objective 1c - Relationships between components of frailty can vary at different points in time. Trajectories of frailty will be identified using the biological, functional and psychosocial markers of profiles of frailty selected in the Objective 1a and 1b studies.<\/p>\r\n\r\n<p>Objective 2a - In the study of predictors of frailty, the primary dependent variables are frailty trajectories. The primary predictors of frailty trajectories considered in this study are socio-economic status (SES), structural aspects of social network and positive and negative social support, self-efficacy and gender. Smoking, sleep patterns, lifelong physical exercise, and risk of energy and nutritional deficiencies will also be assessed.<\/p>\r\n\r\n<p>Objective 2b - The consequences of frailty in terms of the Verbrugge &amp; Jette model of disabilities will be examined. As in the Lebel et al. modeling of the frailty process, frailty will be considered as a modifier of pathways from pathology through functional limitations, disabilities and finally to death. These consequences are those usually considered in the examination of the validity of the components of frailty syndrome.<\/p>\r\n"
        }
    ],
    "website": "www.frailty-research.ca\/e\/CIHR_RP2.htm",
    "specificAuthorization": {
        "authorized": false,
        "date": "1969-12-31T19:00:00-05:00"
    },
    "maelstromAuthorization": {
        "authorized": true,
        "authorizer": "Fran\u00e7ois B\u00e9land",
        "date": "2013-10-13T00:00:00-04:00"
    },
    "methods": {
        "designs": [
            "cohort_study"
        ],
        "followUpInfo": [
            {
                "lang": "en",
                "value": "<p>Three year longitudinal study (T0, T1, and T2), with face-to face measurement at a 1-year interval, and six-month phone interview (T0.5, T1.5)\u0004<\/p>\r\n"
            }
        ],
        "recruitments": [
            "individuals"
        ]
    },
    "numberOfParticipants": {
        "participant": {
            "noLimit": false,
            "number": 1643
        },
        "sample": {
            "noLimit": false
        }
    },
    "startYear": 2010,
    "endYear": 2013,
    "markerPaper": "Galand, C., B\u00e9land, F., & Fletcher, J. (2012). FR\u00c9LE: Fragilit\u00e9, une \u00e9tude longitudinale de ses expressions. Rapport descriptif sur les donn\u00e9es obtenues durant les entrevues face-\u00e0-face au temps \u00ab\u00a0TO\u00a0\u00bb. Publications Solidage.",
    "info": [
        {
            "lang": "en",
            "value": "<p>B\u00e9land F, Michel H, La fragilit\u00e9 des personnes \u00e2g\u00e9es : d\u00e9finitions, controverses et perspectives d\u2019action, Rennes, Presses de l\u2019EHESP, 2013.<\/p>\r\n\r\n<p>B\u00e9land F, Michel H, Explorer la fragilit\u00e9 : d\u2019un syndrome g\u00e9riatrique \u00e0 une notion polymorphe? Pp 7-30 in B\u00e9land F, Michel H, La fragilit\u00e9 des personnes \u00e2g\u00e9es : d\u00e9finitions, controverses et perspectives d\u2019action, Rennes, Presses de l\u2019EHESP, 2013.<\/p>\r\n\r\n<p>Galand C B\u00e9land F, Fletcher J, FR\u00e9LE : une \u00e9tude qu\u00e9b\u00e9cois sur la fragilit\u00e9, pp177-204, in B\u00e9land F, Michel H, La fragilit\u00e9 des personnes \u00e2g\u00e9es : d\u00e9finitions, controverses et perspectives d\u2019action, Rennes, Presses de l\u2019EHESP, 2013.<\/p>\r\n"
        }
    ],
    "populations": [
        {
            "id": "10edd141-8c66-4476-ab3f-10f03c4ce8a2",
            "name": [
                {
                    "lang": "en",
                    "value": "Older adults"
                }
            ],
            "description": [
                {
                    "lang": "en",
                    "value": "<p>Older adults aged 65 years and older<\/p>\r\n"
                }
            ],
            "recruitment": {
                "dataSources": [
                    "general"
                ],
                "generalPopulationSources": [
                    "selected_samples"
                ],
                "info": [
                    {
                        "lang": "en",
                        "value": "<p>Participants were drawn from the R\u00e9gie de l\u2019assurance-maladie du Qu\u00e9bec (RAMQ)<\/p>\r\n"
                    }
                ]
            },
            "selectionCriteria": {
                "ageMin": 65,
                "countriesIso": [
                    "CAN"
                ],
                "territory": [
                    {
                        "lang": "en",
                        "value": "<p>Montr\u00e9al, Sherbrooke, Victioriaville<\/p>\r\n"
                    }
                ],
                "otherCriteria": [
                    {
                        "lang": "en",
                        "value": "<p>Living at home or apartment<\/p>\r\n"
                    }
                ]
            },
            "numberOfParticipants": {
                "participant": {
                    "noLimit": false,
                    "number": 1643
                },
                "sample": {
                    "noLimit": false
                }
            },
            "dataCollectionEvents": [
                {
                    "id": "3f71f1e1-65cb-44fa-a37c-55a0d33d81e5",
                    "name": [
                        {
                            "lang": "en",
                            "value": "T0"
                        }
                    ],
                    "content": "{\"description\":{\"en\":\"<p>Face-to-face interviews carried out by health professionals in participant’s dwelling.</p>\\r\\n\"},\"administrativeDatabases\":[\"health_databases\"],\"dataSources\":[\"questionnaires\",\"physical_measures\",\"administratives_databases\"]}",
                    "description": [
                        {
                            "lang": "en",
                            "value": "<p>Face-to-face interviews carried out by health professionals in participant\u2019s dwelling.<\/p>\r\n"
                        }
                    ],
                    "startYear": 2010,
                    "startMonth": 2,
                    "endYear": 2010,
                    "endMonth": 8,
                    "dataSources": [
                        "questionnaires",
                        "physical_measures",
                        "administratives_databases"
                    ],
                    "administrativeDatabases": [
                        "health_databases"
                    ]
                },
                {
                    "id": "1b2ce8ef-e961-42bf-8996-4a905b0249a4",
                    "name": [
                        {
                            "lang": "en",
                            "value": "T1"
                        }
                    ],
                    "content": "{\"description\":{\"en\":\"<p><span>Face-to-face interviews carried out by health professionals in participant’s dwelling.</span></p>\\r\\n\"},\"administrativeDatabases\":[\"health_databases\"],\"dataSources\":[\"questionnaires\",\"physical_measures\",\"administratives_databases\"]}",
                    "description": [
                        {
                            "lang": "en",
                            "value": "<p><span>Face-to-face interviews carried out by health professionals in participant\u2019s dwelling.<\/span><\/p>\r\n"
                        }
                    ],
                    "startYear": 2011,
                    "startMonth": 2,
                    "endYear": 2011,
                    "endMonth": 8,
                    "dataSources": [
                        "questionnaires",
                        "physical_measures",
                        "administratives_databases"
                    ],
                    "administrativeDatabases": [
                        "health_databases"
                    ]
                },
                {
                    "id": "cb8f973b-e904-4209-a164-2fedd032a94f",
                    "name": [
                        {
                            "lang": "en",
                            "value": "T2"
                        }
                    ],
                    "content": "{\"description\":{\"en\":\"<p><span>Face-to-face interviews carried out by health professionals in participant’s dwelling.</span></p>\\r\\n\"},\"administrativeDatabases\":[\"health_databases\"],\"dataSources\":[\"questionnaires\",\"physical_measures\",\"administratives_databases\"]}",
                    "description": [
                        {
                            "lang": "en",
                            "value": "<p><span>Face-to-face interviews carried out by health professionals in participant\u2019s dwelling.<\/span><\/p>\r\n"
                        }
                    ],
                    "startYear": 2012,
                    "startMonth": 2,
                    "endYear": 2012,
                    "endMonth": 8,
                    "dataSources": [
                        "questionnaires",
                        "physical_measures",
                        "administratives_databases"
                    ],
                    "administrativeDatabases": [
                        "health_databases"
                    ]
                }
            ],
            "content": "{\"numberOfParticipants\":{\"participant\":{\"noLimit\":false,\"number\":1643},\"sample\":{\"noLimit\":false,\"number\":null},\"info\":null},\"selectionCriteria\":{\"gender\":null,\"ageMin\":65.0,\"ageMax\":null,\"countriesIso\":[\"CAN\"],\"territory\":{\"en\":\"<p>Montréal, Sherbrooke, Victioriaville</p>\\r\\n\"},\"criteria\":null,\"ethnicOrigin\":null,\"healthStatus\":null,\"otherCriteria\":{\"en\":\"<p>Living at home or apartment</p>\\r\\n\"},\"info\":null},\"recruitment\":{\"dataSources\":[\"general\"],\"generalPopulationSources\":[\"selected_samples\"],\"specificPopulationSources\":null,\"otherSpecificPopulationSource\":null,\"studies\":null,\"otherSource\":null,\"info\":{\"en\":\"<p>Participants were drawn from the Régie de l’assurance-maladie du Québec (RAMQ)</p>\\r\\n\"}}}"
        }
    ],
    "opal": "https:\/\/opal.maelstrom-research.org:8443",
    "content": "{\"numberOfParticipants\":{\"participant\":{\"noLimit\":false,\"number\":1643},\"sample\":{\"noLimit\":false,\"number\":null},\"info\":null},\"website\":\"http://www.frailty-research.ca/e/CIHR_RP2.htm\",\"maelstromAuthorization\":{\"authorized\":true,\"authorizer\":\"François Béland\"},\"methods\":{\"designs\":[\"cohort_study\"],\"design\":\"cohort_study\",\"otherDesign\":null,\"followUpInfo\":{\"en\":\"<p>Three year longitudinal study (T0, T1, and T2), with face-to face measurement at a 1-year interval, and six-month phone interview (T0.5, T1.5)\\u0004</p>\\r\\n\"},\"recruitments\":[\"individuals\"],\"otherRecruitment\":null,\"info\":null},\"start\":2010,\"specificAuthorization\":{\"authorized\":false,\"authorizer\":null},\"end\":2013,\"markerPaper\":\"Galand, C., Béland, F., & Fletcher, J. (2012). FRÉLE: Fragilité, une étude longitudinale de ses expressions. Rapport descriptif sur les données obtenues durant les entrevues face-à-face au temps « TO ». Publications Solidage.\",\"info\":{\"en\":\"<p>Béland F, Michel H, La fragilité des personnes âgées : définitions, controverses et perspectives d’action, Rennes, Presses de l’EHESP, 2013.</p>\\r\\n\\r\\n<p>Béland F, Michel H, Explorer la fragilité : d’un syndrome gériatrique à une notion polymorphe? Pp 7-30 in Béland F, Michel H, La fragilité des personnes âgées : définitions, controverses et perspectives d’action, Rennes, Presses de l’EHESP, 2013.</p>\\r\\n\\r\\n<p>Galand C Béland F, Fletcher J, FRéLE : une étude québécois sur la fragilité, pp177-204, in Béland F, Michel H, La fragilité des personnes âgées : définitions, controverses et perspectives d’action, Rennes, Presses de l’EHESP, 2013.</p>\\r\\n\"}}"
}
