<valueSet valueTable="DASIM1" entityType="Participant" entityIdentifier="1074">
  <variableValue variable="LAB_TSC">
    <value valueType="decimal">5.9659085319</value>
  </variableValue>
  <variableValue variable="LAB_TRIG">
    <value valueType="decimal">1.470623343</value>
  </variableValue>
  <variableValue variable="LAB_HDL">
    <value valueType="decimal">1.2053704982</value>
  </variableValue>
  <variableValue variable="LAB_GLUC_FASTING">
    <value valueType="decimal">5.1146102054</value>
  </variableValue>
  <variableValue variable="PM_BMI_CONTINUOUS">
    <value valueType="decimal">41.29831029</value>
  </variableValue>
  <variableValue variable="DIS_CVA">
    <value valueType="integer">0</value>
  </variableValue>
  <variableValue variable="DIS_DIAB">
    <value valueType="integer">0</value>
  </variableValue>
  <variableValue variable="DIS_AMI">
    <value valueType="integer">0</value>
  </variableValue>
  <variableValue variable="GENDER">
    <value valueType="integer">1</value>
  </variableValue>
  <variableValue variable="PM_BMI_CATEGORICAL">
    <value valueType="integer">3</value>
  </variableValue>
</valueSet>