<valueSet valueTable="DASIM1" entityType="Participant" entityIdentifier="1347">
  <variableValue variable="LAB_TSC">
    <value valueType="decimal">5.6118506165</value>
  </variableValue>
  <variableValue variable="LAB_TRIG">
    <value valueType="decimal">3.0100916881</value>
  </variableValue>
  <variableValue variable="LAB_HDL">
    <value valueType="decimal">1.7497853259</value>
  </variableValue>
  <variableValue variable="LAB_GLUC_FASTING">
    <value valueType="decimal">3.6327683367</value>
  </variableValue>
  <variableValue variable="PM_BMI_CONTINUOUS">
    <value valueType="decimal">33.9878675603</value>
  </variableValue>
  <variableValue variable="DIS_CVA">
    <value valueType="integer">0</value>
  </variableValue>
  <variableValue variable="DIS_DIAB">
    <value valueType="integer">0</value>
  </variableValue>
  <variableValue variable="DIS_AMI">
    <value valueType="integer">0</value>
  </variableValue>
  <variableValue variable="GENDER">
    <value valueType="integer">1</value>
  </variableValue>
  <variableValue variable="PM_BMI_CATEGORICAL">
    <value valueType="integer">3</value>
  </variableValue>
</valueSet>