<valueSet valueTable="DASIM1" entityType="Participant" entityIdentifier="1551">
  <variableValue variable="LAB_TSC">
    <value valueType="decimal">7.1921398252</value>
  </variableValue>
  <variableValue variable="LAB_TRIG">
    <value valueType="decimal">1.5585978533</value>
  </variableValue>
  <variableValue variable="LAB_HDL">
    <value valueType="decimal">1.5573301868</value>
  </variableValue>
  <variableValue variable="LAB_GLUC_FASTING">
    <value valueType="decimal">4.023484045</value>
  </variableValue>
  <variableValue variable="PM_BMI_CONTINUOUS">
    <value valueType="decimal">30.2881524187</value>
  </variableValue>
  <variableValue variable="DIS_CVA">
    <value valueType="integer">0</value>
  </variableValue>
  <variableValue variable="DIS_DIAB">
    <value valueType="integer">0</value>
  </variableValue>
  <variableValue variable="DIS_AMI">
    <value valueType="integer">0</value>
  </variableValue>
  <variableValue variable="GENDER">
    <value valueType="integer">1</value>
  </variableValue>
  <variableValue variable="PM_BMI_CATEGORICAL">
    <value valueType="integer">3</value>
  </variableValue>
</valueSet>