<valueSet valueTable="DASIM1" entityType="Participant" entityIdentifier="1049">
  <variableValue variable="LAB_TSC">
    <value valueType="decimal">4.6260140159</value>
  </variableValue>
  <variableValue variable="LAB_TRIG">
    <value valueType="decimal">3.2933063891</value>
  </variableValue>
  <variableValue variable="LAB_HDL">
    <value valueType="decimal">1.4164295109</value>
  </variableValue>
  <variableValue variable="LAB_GLUC_FASTING">
    <value valueType="decimal">4.4502354828</value>
  </variableValue>
  <variableValue variable="PM_BMI_CONTINUOUS">
    <value valueType="decimal">29.1827861614</value>
  </variableValue>
  <variableValue variable="DIS_CVA">
    <value valueType="integer">0</value>
  </variableValue>
  <variableValue variable="DIS_DIAB">
    <value valueType="integer">0</value>
  </variableValue>
  <variableValue variable="DIS_AMI">
    <value valueType="integer">0</value>
  </variableValue>
  <variableValue variable="GENDER">
    <value valueType="integer">0</value>
  </variableValue>
  <variableValue variable="PM_BMI_CATEGORICAL">
    <value valueType="integer">2</value>
  </variableValue>
</valueSet>