<valueSet valueTable="DASIM1" entityType="Participant" entityIdentifier="1199">
  <variableValue variable="LAB_TSC">
    <value valueType="decimal">6.0935512315</value>
  </variableValue>
  <variableValue variable="LAB_TRIG">
    <value valueType="decimal">4.4674102592</value>
  </variableValue>
  <variableValue variable="LAB_HDL">
    <value valueType="decimal">1.6135298724</value>
  </variableValue>
  <variableValue variable="LAB_GLUC_FASTING">
    <value valueType="decimal">4.632342871</value>
  </variableValue>
  <variableValue variable="PM_BMI_CONTINUOUS">
    <value valueType="decimal">25.1805510598</value>
  </variableValue>
  <variableValue variable="DIS_CVA">
    <value valueType="integer">0</value>
  </variableValue>
  <variableValue variable="DIS_DIAB">
    <value valueType="integer">0</value>
  </variableValue>
  <variableValue variable="DIS_AMI">
    <value valueType="integer">0</value>
  </variableValue>
  <variableValue variable="GENDER">
    <value valueType="integer">0</value>
  </variableValue>
  <variableValue variable="PM_BMI_CATEGORICAL">
    <value valueType="integer">2</value>
  </variableValue>
</valueSet>