<valueSet valueTable="DASIM1" entityType="Participant" entityIdentifier="2869">
  <variableValue variable="LAB_TSC">
    <value valueType="decimal">6.34023312</value>
  </variableValue>
  <variableValue variable="LAB_TRIG">
    <value valueType="decimal">3.2438499586</value>
  </variableValue>
  <variableValue variable="LAB_HDL">
    <value valueType="decimal">1.6529952035</value>
  </variableValue>
  <variableValue variable="LAB_GLUC_FASTING">
    <value valueType="decimal">3.2673417275</value>
  </variableValue>
  <variableValue variable="PM_BMI_CONTINUOUS">
    <value valueType="decimal">27.7489752616</value>
  </variableValue>
  <variableValue variable="DIS_CVA">
    <value valueType="integer">0</value>
  </variableValue>
  <variableValue variable="DIS_DIAB">
    <value valueType="integer">0</value>
  </variableValue>
  <variableValue variable="DIS_AMI">
    <value valueType="integer">0</value>
  </variableValue>
  <variableValue variable="GENDER">
    <value valueType="integer">0</value>
  </variableValue>
  <variableValue variable="PM_BMI_CATEGORICAL">
    <value valueType="integer">2</value>
  </variableValue>
</valueSet>