<valueSet valueTable="DASIM1" entityType="Participant" entityIdentifier="2729">
  <variableValue variable="LAB_TSC">
    <value valueType="decimal">6.7905746245</value>
  </variableValue>
  <variableValue variable="LAB_TRIG">
    <value valueType="decimal">0.9294625774</value>
  </variableValue>
  <variableValue variable="LAB_HDL">
    <value valueType="decimal">1.1603506779</value>
  </variableValue>
  <variableValue variable="LAB_GLUC_FASTING">
    <value valueType="decimal">4.4625167164</value>
  </variableValue>
  <variableValue variable="PM_BMI_CONTINUOUS">
    <value valueType="decimal">31.4295824346</value>
  </variableValue>
  <variableValue variable="DIS_CVA">
    <value valueType="integer">0</value>
  </variableValue>
  <variableValue variable="DIS_DIAB">
    <value valueType="integer">0</value>
  </variableValue>
  <variableValue variable="DIS_AMI">
    <value valueType="integer">0</value>
  </variableValue>
  <variableValue variable="GENDER">
    <value valueType="integer">0</value>
  </variableValue>
  <variableValue variable="PM_BMI_CATEGORICAL">
    <value valueType="integer">3</value>
  </variableValue>
</valueSet>