<valueSet valueTable="DASIM1" entityType="Participant" entityIdentifier="1013">
  <variableValue variable="LAB_TSC">
    <value valueType="decimal">6.5530310145</value>
  </variableValue>
  <variableValue variable="LAB_TRIG">
    <value valueType="decimal">4.2682126792</value>
  </variableValue>
  <variableValue variable="LAB_HDL">
    <value valueType="decimal">1.2666309969</value>
  </variableValue>
  <variableValue variable="LAB_GLUC_FASTING">
    <value valueType="decimal">4.6629055482</value>
  </variableValue>
  <variableValue variable="PM_BMI_CONTINUOUS">
    <value valueType="decimal">29.5705537944</value>
  </variableValue>
  <variableValue variable="DIS_CVA">
    <value valueType="integer">0</value>
  </variableValue>
  <variableValue variable="DIS_DIAB">
    <value valueType="integer">0</value>
  </variableValue>
  <variableValue variable="DIS_AMI">
    <value valueType="integer">0</value>
  </variableValue>
  <variableValue variable="GENDER">
    <value valueType="integer">1</value>
  </variableValue>
  <variableValue variable="PM_BMI_CATEGORICAL">
    <value valueType="integer">2</value>
  </variableValue>
</valueSet>