<valueSet valueTable="DASIM1" entityType="Participant" entityIdentifier="2338">
  <variableValue variable="LAB_TSC">
    <value valueType="decimal">5.6919680834</value>
  </variableValue>
  <variableValue variable="LAB_TRIG">
    <value valueType="decimal">3.4094038451</value>
  </variableValue>
  <variableValue variable="LAB_HDL">
    <value valueType="decimal">1.0994017077</value>
  </variableValue>
  <variableValue variable="LAB_GLUC_FASTING">
    <value valueType="decimal">4.8932197133</value>
  </variableValue>
  <variableValue variable="PM_BMI_CONTINUOUS">
    <value valueType="decimal">31.5810886223</value>
  </variableValue>
  <variableValue variable="DIS_CVA">
    <value valueType="integer">0</value>
  </variableValue>
  <variableValue variable="DIS_DIAB">
    <value valueType="integer">0</value>
  </variableValue>
  <variableValue variable="DIS_AMI">
    <value valueType="integer">0</value>
  </variableValue>
  <variableValue variable="GENDER">
    <value valueType="integer">1</value>
  </variableValue>
  <variableValue variable="PM_BMI_CATEGORICAL">
    <value valueType="integer">3</value>
  </variableValue>
</valueSet>