<valueSet valueTable="DASIM1" entityType="Participant" entityIdentifier="1224">
  <variableValue variable="LAB_TSC">
    <value valueType="decimal">5.6551706826</value>
  </variableValue>
  <variableValue variable="LAB_TRIG">
    <value valueType="decimal">3.2617167054</value>
  </variableValue>
  <variableValue variable="LAB_HDL">
    <value valueType="decimal">0.867308147</value>
  </variableValue>
  <variableValue variable="LAB_GLUC_FASTING">
    <value valueType="decimal">4.072606803</value>
  </variableValue>
  <variableValue variable="PM_BMI_CONTINUOUS">
    <value valueType="decimal">29.5900008646</value>
  </variableValue>
  <variableValue variable="DIS_CVA">
    <value valueType="integer">0</value>
  </variableValue>
  <variableValue variable="DIS_DIAB">
    <value valueType="integer">0</value>
  </variableValue>
  <variableValue variable="DIS_AMI">
    <value valueType="integer">0</value>
  </variableValue>
  <variableValue variable="GENDER">
    <value valueType="integer">0</value>
  </variableValue>
  <variableValue variable="PM_BMI_CATEGORICAL">
    <value valueType="integer">2</value>
  </variableValue>
</valueSet>