<valueSet valueTable="DASIM1" entityType="Participant" entityIdentifier="4321">
  <variableValue variable="LAB_TSC">
    <value valueType="decimal">5.622156796</value>
  </variableValue>
  <variableValue variable="LAB_TRIG">
    <value valueType="decimal">2.1001662312</value>
  </variableValue>
  <variableValue variable="LAB_HDL">
    <value valueType="decimal">1.1180806215</value>
  </variableValue>
  <variableValue variable="LAB_GLUC_FASTING">
    <value valueType="decimal">5.6434271424</value>
  </variableValue>
  <variableValue variable="PM_BMI_CONTINUOUS">
    <value valueType="decimal">23.1597691009</value>
  </variableValue>
  <variableValue variable="DIS_CVA">
    <value valueType="integer">0</value>
  </variableValue>
  <variableValue variable="DIS_DIAB">
    <value valueType="integer">0</value>
  </variableValue>
  <variableValue variable="DIS_AMI">
    <value valueType="integer">0</value>
  </variableValue>
  <variableValue variable="GENDER">
    <value valueType="integer">0</value>
  </variableValue>
  <variableValue variable="PM_BMI_CATEGORICAL">
    <value valueType="integer">1</value>
  </variableValue>
</valueSet>