<valueSet valueTable="DASIM1" entityType="Participant" entityIdentifier="1193">
  <variableValue variable="LAB_TSC">
    <value valueType="decimal">5.9549267263</value>
  </variableValue>
  <variableValue variable="LAB_TRIG">
    <value valueType="decimal">3.6486771565</value>
  </variableValue>
  <variableValue variable="LAB_HDL">
    <value valueType="decimal">1.5300634869</value>
  </variableValue>
  <variableValue variable="LAB_GLUC_FASTING">
    <value valueType="decimal">5.0232638657</value>
  </variableValue>
  <variableValue variable="PM_BMI_CONTINUOUS">
    <value valueType="decimal">27.2580591285</value>
  </variableValue>
  <variableValue variable="DIS_CVA">
    <value valueType="integer">0</value>
  </variableValue>
  <variableValue variable="DIS_DIAB">
    <value valueType="integer">0</value>
  </variableValue>
  <variableValue variable="DIS_AMI">
    <value valueType="integer">0</value>
  </variableValue>
  <variableValue variable="GENDER">
    <value valueType="integer">1</value>
  </variableValue>
  <variableValue variable="PM_BMI_CATEGORICAL">
    <value valueType="integer">2</value>
  </variableValue>
</valueSet>