<valueSet valueTable="DASIM1" entityType="Participant" entityIdentifier="1116">
  <variableValue variable="LAB_TSC">
    <value valueType="decimal">8.4450823106</value>
  </variableValue>
  <variableValue variable="LAB_TRIG">
    <value valueType="decimal">2.408821711</value>
  </variableValue>
  <variableValue variable="LAB_HDL">
    <value valueType="decimal">1.1065749172</value>
  </variableValue>
  <variableValue variable="LAB_GLUC_FASTING">
    <value valueType="decimal">5.0815478577</value>
  </variableValue>
  <variableValue variable="PM_BMI_CONTINUOUS">
    <value valueType="decimal">32.9455935737</value>
  </variableValue>
  <variableValue variable="DIS_CVA">
    <value valueType="integer">0</value>
  </variableValue>
  <variableValue variable="DIS_DIAB">
    <value valueType="integer">0</value>
  </variableValue>
  <variableValue variable="DIS_AMI">
    <value valueType="integer">0</value>
  </variableValue>
  <variableValue variable="GENDER">
    <value valueType="integer">0</value>
  </variableValue>
  <variableValue variable="PM_BMI_CATEGORICAL">
    <value valueType="integer">3</value>
  </variableValue>
</valueSet>