<valueSet valueTable="DASIM1" entityType="Participant" entityIdentifier="1232">
  <variableValue variable="LAB_TSC">
    <value valueType="decimal">6.8203846637</value>
  </variableValue>
  <variableValue variable="LAB_TRIG">
    <value valueType="decimal">2.8367593113</value>
  </variableValue>
  <variableValue variable="LAB_HDL">
    <value valueType="decimal">1.3318808554</value>
  </variableValue>
  <variableValue variable="LAB_GLUC_FASTING">
    <value valueType="decimal">5.4078730483</value>
  </variableValue>
  <variableValue variable="PM_BMI_CONTINUOUS">
    <value valueType="decimal">26.1501857088</value>
  </variableValue>
  <variableValue variable="DIS_CVA">
    <value valueType="integer">0</value>
  </variableValue>
  <variableValue variable="DIS_DIAB">
    <value valueType="integer">0</value>
  </variableValue>
  <variableValue variable="DIS_AMI">
    <value valueType="integer">0</value>
  </variableValue>
  <variableValue variable="GENDER">
    <value valueType="integer">0</value>
  </variableValue>
  <variableValue variable="PM_BMI_CATEGORICAL">
    <value valueType="integer">2</value>
  </variableValue>
</valueSet>