<valueSet valueTable="DASIM1" entityType="Participant" entityIdentifier="1411">
  <variableValue variable="LAB_TSC">
    <value valueType="decimal">6.8675620777</value>
  </variableValue>
  <variableValue variable="LAB_TRIG">
    <value valueType="decimal">2.7018758203</value>
  </variableValue>
  <variableValue variable="LAB_HDL">
    <value valueType="decimal">1.8743525359</value>
  </variableValue>
  <variableValue variable="LAB_GLUC_FASTING">
    <value valueType="decimal">4.4462206568</value>
  </variableValue>
  <variableValue variable="PM_BMI_CONTINUOUS">
    <value valueType="decimal">26.7344717656</value>
  </variableValue>
  <variableValue variable="DIS_CVA">
    <value valueType="integer">0</value>
  </variableValue>
  <variableValue variable="DIS_DIAB">
    <value valueType="integer">0</value>
  </variableValue>
  <variableValue variable="DIS_AMI">
    <value valueType="integer">0</value>
  </variableValue>
  <variableValue variable="GENDER">
    <value valueType="integer">0</value>
  </variableValue>
  <variableValue variable="PM_BMI_CATEGORICAL">
    <value valueType="integer">2</value>
  </variableValue>
</valueSet>