<valueSet valueTable="DASIM1" entityType="Participant" entityIdentifier="1260">
  <variableValue variable="LAB_TSC">
    <value valueType="decimal">5.5690830278</value>
  </variableValue>
  <variableValue variable="LAB_TRIG">
    <value valueType="decimal">0.4795948958</value>
  </variableValue>
  <variableValue variable="LAB_HDL">
    <value valueType="decimal">1.4850066477</value>
  </variableValue>
  <variableValue variable="LAB_GLUC_FASTING">
    <value valueType="decimal">4.6500767192</value>
  </variableValue>
  <variableValue variable="PM_BMI_CONTINUOUS">
    <value valueType="decimal">17.7809878628</value>
  </variableValue>
  <variableValue variable="DIS_CVA">
    <value valueType="integer">0</value>
  </variableValue>
  <variableValue variable="DIS_DIAB">
    <value valueType="integer">0</value>
  </variableValue>
  <variableValue variable="DIS_AMI">
    <value valueType="integer">0</value>
  </variableValue>
  <variableValue variable="GENDER">
    <value valueType="integer">1</value>
  </variableValue>
  <variableValue variable="PM_BMI_CATEGORICAL">
    <value valueType="integer">1</value>
  </variableValue>
</valueSet>