<valueSet valueTable="DASIM1" entityType="Participant" entityIdentifier="1339">
  <variableValue variable="LAB_TSC">
    <value valueType="decimal">6.7725965684</value>
  </variableValue>
  <variableValue variable="LAB_TRIG">
    <value valueType="decimal">3.490328674</value>
  </variableValue>
  <variableValue variable="LAB_HDL">
    <value valueType="decimal">1.3834474122</value>
  </variableValue>
  <variableValue variable="LAB_GLUC_FASTING">
    <value valueType="decimal">3.5353998676</value>
  </variableValue>
  <variableValue variable="PM_BMI_CONTINUOUS">
    <value valueType="decimal">25.8891949847</value>
  </variableValue>
  <variableValue variable="DIS_CVA">
    <value valueType="integer">0</value>
  </variableValue>
  <variableValue variable="DIS_DIAB">
    <value valueType="integer">0</value>
  </variableValue>
  <variableValue variable="DIS_AMI">
    <value valueType="integer">0</value>
  </variableValue>
  <variableValue variable="GENDER">
    <value valueType="integer">1</value>
  </variableValue>
  <variableValue variable="PM_BMI_CATEGORICAL">
    <value valueType="integer">2</value>
  </variableValue>
</valueSet>