<valueSet valueTable="DASIM1" entityType="Participant" entityIdentifier="1211">
  <variableValue variable="LAB_TSC">
    <value valueType="decimal">5.1042035235</value>
  </variableValue>
  <variableValue variable="LAB_TRIG">
    <value valueType="decimal">3.6952632312</value>
  </variableValue>
  <variableValue variable="LAB_HDL">
    <value valueType="decimal">1.4655239462</value>
  </variableValue>
  <variableValue variable="LAB_GLUC_FASTING">
    <value valueType="decimal">4.9708485688</value>
  </variableValue>
  <variableValue variable="PM_BMI_CONTINUOUS">
    <value valueType="decimal">24.7823096354</value>
  </variableValue>
  <variableValue variable="DIS_CVA">
    <value valueType="integer">0</value>
  </variableValue>
  <variableValue variable="DIS_DIAB">
    <value valueType="integer">0</value>
  </variableValue>
  <variableValue variable="DIS_AMI">
    <value valueType="integer">0</value>
  </variableValue>
  <variableValue variable="GENDER">
    <value valueType="integer">0</value>
  </variableValue>
  <variableValue variable="PM_BMI_CATEGORICAL">
    <value valueType="integer">1</value>
  </variableValue>
</valueSet>