<valueSet valueTable="DASIM1" entityType="Participant" entityIdentifier="4974">
  <variableValue variable="LAB_TSC">
    <value valueType="decimal">6.1858179477</value>
  </variableValue>
  <variableValue variable="LAB_TRIG">
    <value valueType="decimal">0.920825828</value>
  </variableValue>
  <variableValue variable="LAB_HDL">
    <value valueType="decimal">1.6605541726</value>
  </variableValue>
  <variableValue variable="LAB_GLUC_FASTING">
    <value valueType="decimal">3.8905789881</value>
  </variableValue>
  <variableValue variable="PM_BMI_CONTINUOUS">
    <value valueType="decimal">25.5170573851</value>
  </variableValue>
  <variableValue variable="DIS_CVA">
    <value valueType="integer">0</value>
  </variableValue>
  <variableValue variable="DIS_DIAB">
    <value valueType="integer">0</value>
  </variableValue>
  <variableValue variable="DIS_AMI">
    <value valueType="integer">0</value>
  </variableValue>
  <variableValue variable="GENDER">
    <value valueType="integer">1</value>
  </variableValue>
  <variableValue variable="PM_BMI_CATEGORICAL">
    <value valueType="integer">2</value>
  </variableValue>
</valueSet>