<valueSet valueTable="DASIM1" entityType="Participant" entityIdentifier="1244">
  <variableValue variable="LAB_TSC">
    <value valueType="decimal">7.0429452813</value>
  </variableValue>
  <variableValue variable="LAB_TRIG">
    <value valueType="decimal">2.7169324641</value>
  </variableValue>
  <variableValue variable="LAB_HDL">
    <value valueType="decimal">1.6851938697</value>
  </variableValue>
  <variableValue variable="LAB_GLUC_FASTING">
    <value valueType="decimal">4.575849689</value>
  </variableValue>
  <variableValue variable="PM_BMI_CONTINUOUS">
    <value valueType="decimal">30.4113917217</value>
  </variableValue>
  <variableValue variable="DIS_CVA">
    <value valueType="integer">0</value>
  </variableValue>
  <variableValue variable="DIS_DIAB">
    <value valueType="integer">0</value>
  </variableValue>
  <variableValue variable="DIS_AMI">
    <value valueType="integer">0</value>
  </variableValue>
  <variableValue variable="GENDER">
    <value valueType="integer">1</value>
  </variableValue>
  <variableValue variable="PM_BMI_CATEGORICAL">
    <value valueType="integer">3</value>
  </variableValue>
</valueSet>