<valueSet valueTable="DASIM1" entityType="Participant" entityIdentifier="5205">
  <variableValue variable="LAB_TSC">
    <value valueType="decimal">4.1341741607</value>
  </variableValue>
  <variableValue variable="LAB_TRIG">
    <value valueType="decimal">0.8298690798</value>
  </variableValue>
  <variableValue variable="LAB_HDL">
    <value valueType="decimal">1.2836518978</value>
  </variableValue>
  <variableValue variable="LAB_GLUC_FASTING">
    <value valueType="decimal">4.1604675765</value>
  </variableValue>
  <variableValue variable="PM_BMI_CONTINUOUS">
    <value valueType="decimal">27.9838702616</value>
  </variableValue>
  <variableValue variable="DIS_CVA">
    <value valueType="integer">0</value>
  </variableValue>
  <variableValue variable="DIS_DIAB">
    <value valueType="integer">0</value>
  </variableValue>
  <variableValue variable="DIS_AMI">
    <value valueType="integer">0</value>
  </variableValue>
  <variableValue variable="GENDER">
    <value valueType="integer">1</value>
  </variableValue>
  <variableValue variable="PM_BMI_CATEGORICAL">
    <value valueType="integer">2</value>
  </variableValue>
</valueSet>