<valueSet valueTable="DASIM1" entityType="Participant" entityIdentifier="1512">
  <variableValue variable="LAB_TSC">
    <value valueType="decimal">7.3502781043</value>
  </variableValue>
  <variableValue variable="LAB_TRIG">
    <value valueType="decimal">3.7513614939</value>
  </variableValue>
  <variableValue variable="LAB_HDL">
    <value valueType="decimal">1.0411284754</value>
  </variableValue>
  <variableValue variable="LAB_GLUC_FASTING">
    <value valueType="decimal">5.0066263983</value>
  </variableValue>
  <variableValue variable="PM_BMI_CONTINUOUS">
    <value valueType="decimal">29.186477841</value>
  </variableValue>
  <variableValue variable="DIS_CVA">
    <value valueType="integer">0</value>
  </variableValue>
  <variableValue variable="DIS_DIAB">
    <value valueType="integer">0</value>
  </variableValue>
  <variableValue variable="DIS_AMI">
    <value valueType="integer">0</value>
  </variableValue>
  <variableValue variable="GENDER">
    <value valueType="integer">0</value>
  </variableValue>
  <variableValue variable="PM_BMI_CATEGORICAL">
    <value valueType="integer">2</value>
  </variableValue>
</valueSet>