<valueSet valueTable="DASIM1" entityType="Participant" entityIdentifier="1187">
  <variableValue variable="LAB_TSC">
    <value valueType="decimal">4.9735250867</value>
  </variableValue>
  <variableValue variable="LAB_TRIG">
    <value valueType="decimal">2.2295671792</value>
  </variableValue>
  <variableValue variable="LAB_HDL">
    <value valueType="decimal">1.0868160379</value>
  </variableValue>
  <variableValue variable="LAB_GLUC_FASTING">
    <value valueType="decimal">4.5582118803</value>
  </variableValue>
  <variableValue variable="PM_BMI_CONTINUOUS">
    <value valueType="decimal">34.235012217</value>
  </variableValue>
  <variableValue variable="DIS_CVA">
    <value valueType="integer">0</value>
  </variableValue>
  <variableValue variable="DIS_DIAB">
    <value valueType="integer">0</value>
  </variableValue>
  <variableValue variable="DIS_AMI">
    <value valueType="integer">0</value>
  </variableValue>
  <variableValue variable="GENDER">
    <value valueType="integer">1</value>
  </variableValue>
  <variableValue variable="PM_BMI_CATEGORICAL">
    <value valueType="integer">3</value>
  </variableValue>
</valueSet>