<valueSet valueTable="DASIM1" entityType="Participant" entityIdentifier="1661">
  <variableValue variable="LAB_TSC">
    <value valueType="decimal">4.3222736202</value>
  </variableValue>
  <variableValue variable="LAB_TRIG">
    <value valueType="decimal">-0.3147380414</value>
  </variableValue>
  <variableValue variable="LAB_HDL">
    <value valueType="decimal">1.7337489291</value>
  </variableValue>
  <variableValue variable="LAB_GLUC_FASTING">
    <value valueType="decimal">4.1219413364</value>
  </variableValue>
  <variableValue variable="PM_BMI_CONTINUOUS">
    <value valueType="decimal">17.9515574452</value>
  </variableValue>
  <variableValue variable="DIS_CVA">
    <value valueType="integer">0</value>
  </variableValue>
  <variableValue variable="DIS_DIAB">
    <value valueType="integer">0</value>
  </variableValue>
  <variableValue variable="DIS_AMI">
    <value valueType="integer">0</value>
  </variableValue>
  <variableValue variable="GENDER">
    <value valueType="integer">0</value>
  </variableValue>
  <variableValue variable="PM_BMI_CATEGORICAL">
    <value valueType="integer">1</value>
  </variableValue>
</valueSet>