<valueSet valueTable="DASIM1" entityType="Participant" entityIdentifier="1166">
  <variableValue variable="LAB_TSC">
    <value valueType="decimal">6.5084869722</value>
  </variableValue>
  <variableValue variable="LAB_TRIG">
    <value valueType="decimal">4.0405096815</value>
  </variableValue>
  <variableValue variable="LAB_HDL">
    <value valueType="decimal">1.3428190249</value>
  </variableValue>
  <variableValue variable="LAB_GLUC_FASTING">
    <value valueType="decimal">5.377179341</value>
  </variableValue>
  <variableValue variable="PM_BMI_CONTINUOUS">
    <value valueType="decimal">30.4210485756</value>
  </variableValue>
  <variableValue variable="DIS_CVA">
    <value valueType="integer">0</value>
  </variableValue>
  <variableValue variable="DIS_DIAB">
    <value valueType="integer">0</value>
  </variableValue>
  <variableValue variable="DIS_AMI">
    <value valueType="integer">0</value>
  </variableValue>
  <variableValue variable="GENDER">
    <value valueType="integer">1</value>
  </variableValue>
  <variableValue variable="PM_BMI_CATEGORICAL">
    <value valueType="integer">3</value>
  </variableValue>
</valueSet>