<valueSet valueTable="DASIM1" entityType="Participant" entityIdentifier="1100">
  <variableValue variable="LAB_TSC">
    <value valueType="decimal">6.739699482</value>
  </variableValue>
  <variableValue variable="LAB_TRIG">
    <value valueType="decimal">3.0772948245</value>
  </variableValue>
  <variableValue variable="LAB_HDL">
    <value valueType="decimal">1.1149274152</value>
  </variableValue>
  <variableValue variable="LAB_GLUC_FASTING">
    <value valueType="decimal">6.2018528983</value>
  </variableValue>
  <variableValue variable="PM_BMI_CONTINUOUS">
    <value valueType="decimal">30.3966328991</value>
  </variableValue>
  <variableValue variable="DIS_CVA">
    <value valueType="integer">0</value>
  </variableValue>
  <variableValue variable="DIS_DIAB">
    <value valueType="integer">0</value>
  </variableValue>
  <variableValue variable="DIS_AMI">
    <value valueType="integer">0</value>
  </variableValue>
  <variableValue variable="GENDER">
    <value valueType="integer">0</value>
  </variableValue>
  <variableValue variable="PM_BMI_CATEGORICAL">
    <value valueType="integer">3</value>
  </variableValue>
</valueSet>