<valueSet valueTable="DASIM1" entityType="Participant" entityIdentifier="1248">
  <variableValue variable="LAB_TSC">
    <value valueType="decimal">5.3177655637</value>
  </variableValue>
  <variableValue variable="LAB_TRIG">
    <value valueType="decimal">2.2361441923</value>
  </variableValue>
  <variableValue variable="LAB_HDL">
    <value valueType="decimal">1.6575476548</value>
  </variableValue>
  <variableValue variable="LAB_GLUC_FASTING">
    <value valueType="decimal">4.2042490594</value>
  </variableValue>
  <variableValue variable="PM_BMI_CONTINUOUS">
    <value valueType="decimal">19.4217243767</value>
  </variableValue>
  <variableValue variable="DIS_CVA">
    <value valueType="integer">0</value>
  </variableValue>
  <variableValue variable="DIS_DIAB">
    <value valueType="integer">0</value>
  </variableValue>
  <variableValue variable="DIS_AMI">
    <value valueType="integer">0</value>
  </variableValue>
  <variableValue variable="GENDER">
    <value valueType="integer">1</value>
  </variableValue>
  <variableValue variable="PM_BMI_CATEGORICAL">
    <value valueType="integer">1</value>
  </variableValue>
</valueSet>