<valueSet valueTable="DASIM1" entityType="Participant" entityIdentifier="1156">
  <variableValue variable="LAB_TSC">
    <value valueType="decimal">5.8922992784</value>
  </variableValue>
  <variableValue variable="LAB_TRIG">
    <value valueType="decimal">3.6943354052</value>
  </variableValue>
  <variableValue variable="LAB_HDL">
    <value valueType="decimal">1.3736209251</value>
  </variableValue>
  <variableValue variable="LAB_GLUC_FASTING">
    <value valueType="decimal">4.4764481054</value>
  </variableValue>
  <variableValue variable="PM_BMI_CONTINUOUS">
    <value valueType="decimal">29.7596673634</value>
  </variableValue>
  <variableValue variable="DIS_CVA">
    <value valueType="integer">0</value>
  </variableValue>
  <variableValue variable="DIS_DIAB">
    <value valueType="integer">0</value>
  </variableValue>
  <variableValue variable="DIS_AMI">
    <value valueType="integer">0</value>
  </variableValue>
  <variableValue variable="GENDER">
    <value valueType="integer">0</value>
  </variableValue>
  <variableValue variable="PM_BMI_CATEGORICAL">
    <value valueType="integer">2</value>
  </variableValue>
</valueSet>