<valueSet valueTable="DASIM1" entityType="Participant" entityIdentifier="1673">
  <variableValue variable="LAB_TSC">
    <value valueType="decimal">8.2166561242</value>
  </variableValue>
  <variableValue variable="LAB_TRIG">
    <value valueType="decimal">3.8347671898</value>
  </variableValue>
  <variableValue variable="LAB_HDL">
    <value valueType="decimal">1.478758717</value>
  </variableValue>
  <variableValue variable="LAB_GLUC_FASTING">
    <value valueType="decimal">5.0128410093</value>
  </variableValue>
  <variableValue variable="PM_BMI_CONTINUOUS">
    <value valueType="decimal">32.2821705387</value>
  </variableValue>
  <variableValue variable="DIS_CVA">
    <value valueType="integer">0</value>
  </variableValue>
  <variableValue variable="DIS_DIAB">
    <value valueType="integer">0</value>
  </variableValue>
  <variableValue variable="DIS_AMI">
    <value valueType="integer">0</value>
  </variableValue>
  <variableValue variable="GENDER">
    <value valueType="integer">0</value>
  </variableValue>
  <variableValue variable="PM_BMI_CATEGORICAL">
    <value valueType="integer">3</value>
  </variableValue>
</valueSet>