<valueSet valueTable="DASIM1" entityType="Participant" entityIdentifier="2">
  <variableValue variable="LAB_TSC">
    <value valueType="decimal">4.9132478414</value>
  </variableValue>
  <variableValue variable="LAB_TRIG">
    <value valueType="decimal">2.7665768904</value>
  </variableValue>
  <variableValue variable="LAB_HDL">
    <value valueType="decimal">1.5745119933</value>
  </variableValue>
  <variableValue variable="LAB_GLUC_FASTING">
    <value valueType="decimal">4.8814215287</value>
  </variableValue>
  <variableValue variable="PM_BMI_CONTINUOUS">
    <value valueType="decimal">27.8858641448</value>
  </variableValue>
  <variableValue variable="DIS_CVA">
    <value valueType="integer">0</value>
  </variableValue>
  <variableValue variable="DIS_DIAB">
    <value valueType="integer">0</value>
  </variableValue>
  <variableValue variable="DIS_AMI">
    <value valueType="integer">0</value>
  </variableValue>
  <variableValue variable="GENDER">
    <value valueType="integer">1</value>
  </variableValue>
  <variableValue variable="PM_BMI_CATEGORICAL">
    <value valueType="integer">2</value>
  </variableValue>
</valueSet>