<valueSet valueTable="DASIM1" entityType="Participant" entityIdentifier="5083">
  <variableValue variable="LAB_TSC">
    <value valueType="decimal">5.9603074184</value>
  </variableValue>
  <variableValue variable="LAB_TRIG">
    <value valueType="decimal">3.3723115413</value>
  </variableValue>
  <variableValue variable="LAB_HDL">
    <value valueType="decimal">1.1645973083</value>
  </variableValue>
  <variableValue variable="LAB_GLUC_FASTING">
    <value valueType="decimal">4.9511621792</value>
  </variableValue>
  <variableValue variable="PM_BMI_CONTINUOUS">
    <value valueType="decimal">23.8486255458</value>
  </variableValue>
  <variableValue variable="DIS_CVA">
    <value valueType="integer">0</value>
  </variableValue>
  <variableValue variable="DIS_DIAB">
    <value valueType="integer">0</value>
  </variableValue>
  <variableValue variable="DIS_AMI">
    <value valueType="integer">0</value>
  </variableValue>
  <variableValue variable="GENDER">
    <value valueType="integer">0</value>
  </variableValue>
  <variableValue variable="PM_BMI_CATEGORICAL">
    <value valueType="integer">1</value>
  </variableValue>
</valueSet>