<valueSet valueTable="DASIM1" entityType="Participant" entityIdentifier="1250">
  <variableValue variable="LAB_TSC">
    <value valueType="decimal">5.4683553659</value>
  </variableValue>
  <variableValue variable="LAB_TRIG">
    <value valueType="decimal">2.3223061848</value>
  </variableValue>
  <variableValue variable="LAB_HDL">
    <value valueType="decimal">1.7127639872</value>
  </variableValue>
  <variableValue variable="LAB_GLUC_FASTING">
    <value valueType="decimal">3.7046086907</value>
  </variableValue>
  <variableValue variable="PM_BMI_CONTINUOUS">
    <value valueType="decimal">24.5829861118</value>
  </variableValue>
  <variableValue variable="DIS_CVA">
    <value valueType="integer">0</value>
  </variableValue>
  <variableValue variable="DIS_DIAB">
    <value valueType="integer">0</value>
  </variableValue>
  <variableValue variable="DIS_AMI">
    <value valueType="integer">0</value>
  </variableValue>
  <variableValue variable="GENDER">
    <value valueType="integer">1</value>
  </variableValue>
  <variableValue variable="PM_BMI_CATEGORICAL">
    <value valueType="integer">1</value>
  </variableValue>
</valueSet>