<valueSet valueTable="DASIM1" entityType="Participant" entityIdentifier="1340">
  <variableValue variable="LAB_TSC">
    <value valueType="decimal">5.892876161</value>
  </variableValue>
  <variableValue variable="LAB_TRIG">
    <value valueType="decimal">2.270338534</value>
  </variableValue>
  <variableValue variable="LAB_HDL">
    <value valueType="decimal">1.5320213828</value>
  </variableValue>
  <variableValue variable="LAB_GLUC_FASTING">
    <value valueType="decimal">3.5520979556</value>
  </variableValue>
  <variableValue variable="PM_BMI_CONTINUOUS">
    <value valueType="decimal">28.2284118489</value>
  </variableValue>
  <variableValue variable="DIS_CVA">
    <value valueType="integer">0</value>
  </variableValue>
  <variableValue variable="DIS_DIAB">
    <value valueType="integer">0</value>
  </variableValue>
  <variableValue variable="DIS_AMI">
    <value valueType="integer">0</value>
  </variableValue>
  <variableValue variable="GENDER">
    <value valueType="integer">1</value>
  </variableValue>
  <variableValue variable="PM_BMI_CATEGORICAL">
    <value valueType="integer">2</value>
  </variableValue>
</valueSet>