<valueSet valueTable="DASIM1" entityType="Participant" entityIdentifier="1266">
  <variableValue variable="LAB_TSC">
    <value valueType="decimal">6.9710334121</value>
  </variableValue>
  <variableValue variable="LAB_TRIG">
    <value valueType="decimal">5.2951221568</value>
  </variableValue>
  <variableValue variable="LAB_HDL">
    <value valueType="decimal">0.8969974449</value>
  </variableValue>
  <variableValue variable="LAB_GLUC_FASTING">
    <value valueType="decimal">5.6590738362</value>
  </variableValue>
  <variableValue variable="PM_BMI_CONTINUOUS">
    <value valueType="decimal">31.7251602894</value>
  </variableValue>
  <variableValue variable="DIS_CVA">
    <value valueType="integer">0</value>
  </variableValue>
  <variableValue variable="DIS_DIAB">
    <value valueType="integer">0</value>
  </variableValue>
  <variableValue variable="DIS_AMI">
    <value valueType="integer">0</value>
  </variableValue>
  <variableValue variable="GENDER">
    <value valueType="integer">0</value>
  </variableValue>
  <variableValue variable="PM_BMI_CATEGORICAL">
    <value valueType="integer">3</value>
  </variableValue>
</valueSet>