<valueSet valueTable="DASIM1" entityType="Participant" entityIdentifier="1015">
  <variableValue variable="LAB_TSC">
    <value valueType="decimal">6.7676625456</value>
  </variableValue>
  <variableValue variable="LAB_TRIG">
    <value valueType="decimal">1.1895624971</value>
  </variableValue>
  <variableValue variable="LAB_HDL">
    <value valueType="decimal">1.4674564962</value>
  </variableValue>
  <variableValue variable="LAB_GLUC_FASTING">
    <value valueType="decimal">3.5768568724</value>
  </variableValue>
  <variableValue variable="PM_BMI_CONTINUOUS">
    <value valueType="decimal">22.1924956872</value>
  </variableValue>
  <variableValue variable="DIS_CVA">
    <value valueType="integer">0</value>
  </variableValue>
  <variableValue variable="DIS_DIAB">
    <value valueType="integer">0</value>
  </variableValue>
  <variableValue variable="DIS_AMI">
    <value valueType="integer">0</value>
  </variableValue>
  <variableValue variable="GENDER">
    <value valueType="integer">0</value>
  </variableValue>
  <variableValue variable="PM_BMI_CATEGORICAL">
    <value valueType="integer">1</value>
  </variableValue>
</valueSet>