<valueSet valueTable="DASIM1" entityType="Participant" entityIdentifier="6236">
  <variableValue variable="LAB_TSC">
    <value valueType="decimal">6.1126335386</value>
  </variableValue>
  <variableValue variable="LAB_TRIG">
    <value valueType="decimal">1.8999159574</value>
  </variableValue>
  <variableValue variable="LAB_HDL">
    <value valueType="decimal">1.54281223</value>
  </variableValue>
  <variableValue variable="LAB_GLUC_FASTING">
    <value valueType="decimal">5.2296927194</value>
  </variableValue>
  <variableValue variable="PM_BMI_CONTINUOUS">
    <value valueType="decimal">25.0450239224</value>
  </variableValue>
  <variableValue variable="DIS_CVA">
    <value valueType="integer">0</value>
  </variableValue>
  <variableValue variable="DIS_DIAB">
    <value valueType="integer">0</value>
  </variableValue>
  <variableValue variable="DIS_AMI">
    <value valueType="integer">0</value>
  </variableValue>
  <variableValue variable="GENDER">
    <value valueType="integer">1</value>
  </variableValue>
  <variableValue variable="PM_BMI_CATEGORICAL">
    <value valueType="integer">2</value>
  </variableValue>
</valueSet>