<valueSet valueTable="DASIM1" entityType="Participant" entityIdentifier="19">
  <variableValue variable="LAB_TSC">
    <value valueType="decimal">8.6731712308</value>
  </variableValue>
  <variableValue variable="LAB_TRIG">
    <value valueType="decimal">1.2345441276</value>
  </variableValue>
  <variableValue variable="LAB_HDL">
    <value valueType="decimal">1.7306065807</value>
  </variableValue>
  <variableValue variable="LAB_GLUC_FASTING">
    <value valueType="decimal">3.98659371</value>
  </variableValue>
  <variableValue variable="PM_BMI_CONTINUOUS">
    <value valueType="decimal">22.8851012448</value>
  </variableValue>
  <variableValue variable="DIS_CVA">
    <value valueType="integer">0</value>
  </variableValue>
  <variableValue variable="DIS_DIAB">
    <value valueType="integer">0</value>
  </variableValue>
  <variableValue variable="DIS_AMI">
    <value valueType="integer">0</value>
  </variableValue>
  <variableValue variable="GENDER">
    <value valueType="integer">0</value>
  </variableValue>
  <variableValue variable="PM_BMI_CATEGORICAL">
    <value valueType="integer">1</value>
  </variableValue>
</valueSet>