<valueSet valueTable="DASIM1" entityType="Participant" entityIdentifier="1226">
  <variableValue variable="LAB_TSC">
    <value valueType="decimal">7.2919895008</value>
  </variableValue>
  <variableValue variable="LAB_TRIG">
    <value valueType="decimal">3.4163797213</value>
  </variableValue>
  <variableValue variable="LAB_HDL">
    <value valueType="decimal">2.1818723403</value>
  </variableValue>
  <variableValue variable="LAB_GLUC_FASTING">
    <value valueType="decimal">3.8807889146</value>
  </variableValue>
  <variableValue variable="PM_BMI_CONTINUOUS">
    <value valueType="decimal">17.5019090504</value>
  </variableValue>
  <variableValue variable="DIS_CVA">
    <value valueType="integer">0</value>
  </variableValue>
  <variableValue variable="DIS_DIAB">
    <value valueType="integer">0</value>
  </variableValue>
  <variableValue variable="DIS_AMI">
    <value valueType="integer">0</value>
  </variableValue>
  <variableValue variable="GENDER">
    <value valueType="integer">0</value>
  </variableValue>
  <variableValue variable="PM_BMI_CATEGORICAL">
    <value valueType="integer">1</value>
  </variableValue>
</valueSet>