<valueSet valueTable="DASIM1" entityType="Participant" entityIdentifier="1002">
  <variableValue variable="LAB_TSC">
    <value valueType="decimal">7.2135105331</value>
  </variableValue>
  <variableValue variable="LAB_TRIG">
    <value valueType="decimal">4.2908824674</value>
  </variableValue>
  <variableValue variable="LAB_HDL">
    <value valueType="decimal">0.6813985687</value>
  </variableValue>
  <variableValue variable="LAB_GLUC_FASTING">
    <value valueType="decimal">4.2497653453</value>
  </variableValue>
  <variableValue variable="PM_BMI_CONTINUOUS">
    <value valueType="decimal">32.70857662</value>
  </variableValue>
  <variableValue variable="DIS_CVA">
    <value valueType="integer">0</value>
  </variableValue>
  <variableValue variable="DIS_DIAB">
    <value valueType="integer">0</value>
  </variableValue>
  <variableValue variable="DIS_AMI">
    <value valueType="integer">0</value>
  </variableValue>
  <variableValue variable="GENDER">
    <value valueType="integer">1</value>
  </variableValue>
  <variableValue variable="PM_BMI_CATEGORICAL">
    <value valueType="integer">3</value>
  </variableValue>
</valueSet>