<valueSet valueTable="DASIM1" entityType="Participant" entityIdentifier="6040">
  <variableValue variable="LAB_TSC">
    <value valueType="decimal">5.0643508301</value>
  </variableValue>
  <variableValue variable="LAB_TRIG">
    <value valueType="decimal">1.3053498274</value>
  </variableValue>
  <variableValue variable="LAB_HDL">
    <value valueType="decimal">1.3124072325</value>
  </variableValue>
  <variableValue variable="LAB_GLUC_FASTING">
    <value valueType="decimal">5.3913910796</value>
  </variableValue>
  <variableValue variable="PM_BMI_CONTINUOUS">
    <value valueType="decimal">28.6826970758</value>
  </variableValue>
  <variableValue variable="DIS_CVA">
    <value valueType="integer">0</value>
  </variableValue>
  <variableValue variable="DIS_DIAB">
    <value valueType="integer">0</value>
  </variableValue>
  <variableValue variable="DIS_AMI">
    <value valueType="integer">0</value>
  </variableValue>
  <variableValue variable="GENDER">
    <value valueType="integer">1</value>
  </variableValue>
  <variableValue variable="PM_BMI_CATEGORICAL">
    <value valueType="integer">2</value>
  </variableValue>
</valueSet>