<valueSet valueTable="DASIM1" entityType="Participant" entityIdentifier="2301">
  <variableValue variable="LAB_TSC">
    <value valueType="decimal">5.4321997861</value>
  </variableValue>
  <variableValue variable="LAB_TRIG">
    <value valueType="decimal">2.4472006369</value>
  </variableValue>
  <variableValue variable="LAB_HDL">
    <value valueType="decimal">1.5585773566</value>
  </variableValue>
  <variableValue variable="LAB_GLUC_FASTING">
    <value valueType="decimal">4.243287358</value>
  </variableValue>
  <variableValue variable="PM_BMI_CONTINUOUS">
    <value valueType="decimal">18.9077073734</value>
  </variableValue>
  <variableValue variable="DIS_CVA">
    <value valueType="integer">0</value>
  </variableValue>
  <variableValue variable="DIS_DIAB">
    <value valueType="integer">0</value>
  </variableValue>
  <variableValue variable="DIS_AMI">
    <value valueType="integer">0</value>
  </variableValue>
  <variableValue variable="GENDER">
    <value valueType="integer">0</value>
  </variableValue>
  <variableValue variable="PM_BMI_CATEGORICAL">
    <value valueType="integer">1</value>
  </variableValue>
</valueSet>