<valueSet valueTable="DASIM1" entityType="Participant" entityIdentifier="1384">
  <variableValue variable="LAB_TSC">
    <value valueType="decimal">5.155975119</value>
  </variableValue>
  <variableValue variable="LAB_TRIG">
    <value valueType="decimal">0.769891081</value>
  </variableValue>
  <variableValue variable="LAB_HDL">
    <value valueType="decimal">1.6545525087</value>
  </variableValue>
  <variableValue variable="LAB_GLUC_FASTING">
    <value valueType="decimal">5.4736424009</value>
  </variableValue>
  <variableValue variable="PM_BMI_CONTINUOUS">
    <value valueType="decimal">32.7217158146</value>
  </variableValue>
  <variableValue variable="DIS_CVA">
    <value valueType="integer">0</value>
  </variableValue>
  <variableValue variable="DIS_DIAB">
    <value valueType="integer">0</value>
  </variableValue>
  <variableValue variable="DIS_AMI">
    <value valueType="integer">0</value>
  </variableValue>
  <variableValue variable="GENDER">
    <value valueType="integer">0</value>
  </variableValue>
  <variableValue variable="PM_BMI_CATEGORICAL">
    <value valueType="integer">3</value>
  </variableValue>
</valueSet>