<valueSet valueTable="DASIM1" entityType="Participant" entityIdentifier="1058">
  <variableValue variable="LAB_TSC">
    <value valueType="decimal">6.7895144699</value>
  </variableValue>
  <variableValue variable="LAB_TRIG">
    <value valueType="decimal">1.4761361437</value>
  </variableValue>
  <variableValue variable="LAB_HDL">
    <value valueType="decimal">1.8465606616</value>
  </variableValue>
  <variableValue variable="LAB_GLUC_FASTING">
    <value valueType="decimal">3.8436457598</value>
  </variableValue>
  <variableValue variable="PM_BMI_CONTINUOUS">
    <value valueType="decimal">28.8462959109</value>
  </variableValue>
  <variableValue variable="DIS_CVA">
    <value valueType="integer">0</value>
  </variableValue>
  <variableValue variable="DIS_DIAB">
    <value valueType="integer">0</value>
  </variableValue>
  <variableValue variable="DIS_AMI">
    <value valueType="integer">0</value>
  </variableValue>
  <variableValue variable="GENDER">
    <value valueType="integer">1</value>
  </variableValue>
  <variableValue variable="PM_BMI_CATEGORICAL">
    <value valueType="integer">2</value>
  </variableValue>
</valueSet>