<valueSet valueTable="DASIM1" entityType="Participant" entityIdentifier="1">
  <variableValue variable="LAB_TSC">
    <value valueType="decimal">5.4402677242</value>
  </variableValue>
  <variableValue variable="LAB_TRIG">
    <value valueType="decimal">0.2307445405</value>
  </variableValue>
  <variableValue variable="LAB_HDL">
    <value valueType="decimal">1.8868087196</value>
  </variableValue>
  <variableValue variable="LAB_GLUC_FASTING">
    <value valueType="decimal">4.2577211133</value>
  </variableValue>
  <variableValue variable="PM_BMI_CONTINUOUS">
    <value valueType="decimal">25.0800421974</value>
  </variableValue>
  <variableValue variable="DIS_CVA">
    <value valueType="integer">0</value>
  </variableValue>
  <variableValue variable="DIS_DIAB">
    <value valueType="integer">0</value>
  </variableValue>
  <variableValue variable="DIS_AMI">
    <value valueType="integer">0</value>
  </variableValue>
  <variableValue variable="GENDER">
    <value valueType="integer">1</value>
  </variableValue>
  <variableValue variable="PM_BMI_CATEGORICAL">
    <value valueType="integer">2</value>
  </variableValue>
</valueSet>