<valueSet valueTable="DASIM1" entityType="Participant" entityIdentifier="1183">
  <variableValue variable="LAB_TSC">
    <value valueType="decimal">5.6737652656</value>
  </variableValue>
  <variableValue variable="LAB_TRIG">
    <value valueType="decimal">3.7699864727</value>
  </variableValue>
  <variableValue variable="LAB_HDL">
    <value valueType="decimal">1.3718730187</value>
  </variableValue>
  <variableValue variable="LAB_GLUC_FASTING">
    <value valueType="decimal">4.9582325834</value>
  </variableValue>
  <variableValue variable="PM_BMI_CONTINUOUS">
    <value valueType="decimal">28.58071192</value>
  </variableValue>
  <variableValue variable="DIS_CVA">
    <value valueType="integer">0</value>
  </variableValue>
  <variableValue variable="DIS_DIAB">
    <value valueType="integer">0</value>
  </variableValue>
  <variableValue variable="DIS_AMI">
    <value valueType="integer">0</value>
  </variableValue>
  <variableValue variable="GENDER">
    <value valueType="integer">1</value>
  </variableValue>
  <variableValue variable="PM_BMI_CATEGORICAL">
    <value valueType="integer">2</value>
  </variableValue>
</valueSet>