<valueSet valueTable="DASIM1" entityType="Participant" entityIdentifier="1077">
  <variableValue variable="LAB_TSC">
    <value valueType="decimal">6.4785791814</value>
  </variableValue>
  <variableValue variable="LAB_TRIG">
    <value valueType="decimal">4.3418913651</value>
  </variableValue>
  <variableValue variable="LAB_HDL">
    <value valueType="decimal">1.2539789754</value>
  </variableValue>
  <variableValue variable="LAB_GLUC_FASTING">
    <value valueType="decimal">4.7154804465</value>
  </variableValue>
  <variableValue variable="PM_BMI_CONTINUOUS">
    <value valueType="decimal">30.6723403733</value>
  </variableValue>
  <variableValue variable="DIS_CVA">
    <value valueType="integer">0</value>
  </variableValue>
  <variableValue variable="DIS_DIAB">
    <value valueType="integer">0</value>
  </variableValue>
  <variableValue variable="DIS_AMI">
    <value valueType="integer">0</value>
  </variableValue>
  <variableValue variable="GENDER">
    <value valueType="integer">0</value>
  </variableValue>
  <variableValue variable="PM_BMI_CATEGORICAL">
    <value valueType="integer">3</value>
  </variableValue>
</valueSet>