<valueSet valueTable="DASIM1" entityType="Participant" entityIdentifier="601">
  <variableValue variable="LAB_TSC">
    <value valueType="decimal">6.910388616</value>
  </variableValue>
  <variableValue variable="LAB_TRIG">
    <value valueType="decimal">3.9708561752</value>
  </variableValue>
  <variableValue variable="LAB_HDL">
    <value valueType="decimal">1.0399207038</value>
  </variableValue>
  <variableValue variable="LAB_GLUC_FASTING">
    <value valueType="decimal">5.3872124639</value>
  </variableValue>
  <variableValue variable="PM_BMI_CONTINUOUS">
    <value valueType="decimal">36.341470094</value>
  </variableValue>
  <variableValue variable="DIS_CVA">
    <value valueType="integer">0</value>
  </variableValue>
  <variableValue variable="DIS_DIAB">
    <value valueType="integer">0</value>
  </variableValue>
  <variableValue variable="DIS_AMI">
    <value valueType="integer">0</value>
  </variableValue>
  <variableValue variable="GENDER">
    <value valueType="integer">0</value>
  </variableValue>
  <variableValue variable="PM_BMI_CATEGORICAL">
    <value valueType="integer">3</value>
  </variableValue>
</valueSet>