<valueSet valueTable="DASIM1" entityType="Participant" entityIdentifier="1114">
  <variableValue variable="LAB_TSC">
    <value valueType="decimal">6.5084719805</value>
  </variableValue>
  <variableValue variable="LAB_TRIG">
    <value valueType="decimal">1.7857945009</value>
  </variableValue>
  <variableValue variable="LAB_HDL">
    <value valueType="decimal">1.6294411882</value>
  </variableValue>
  <variableValue variable="LAB_GLUC_FASTING">
    <value valueType="decimal">4.2414598173</value>
  </variableValue>
  <variableValue variable="PM_BMI_CONTINUOUS">
    <value valueType="decimal">28.7825603789</value>
  </variableValue>
  <variableValue variable="DIS_CVA">
    <value valueType="integer">0</value>
  </variableValue>
  <variableValue variable="DIS_DIAB">
    <value valueType="integer">0</value>
  </variableValue>
  <variableValue variable="DIS_AMI">
    <value valueType="integer">0</value>
  </variableValue>
  <variableValue variable="GENDER">
    <value valueType="integer">0</value>
  </variableValue>
  <variableValue variable="PM_BMI_CATEGORICAL">
    <value valueType="integer">2</value>
  </variableValue>
</valueSet>