<valueSet valueTable="DASIM1" entityType="Participant" entityIdentifier="1171">
  <variableValue variable="LAB_TSC">
    <value valueType="decimal">7.0407973758</value>
  </variableValue>
  <variableValue variable="LAB_TRIG">
    <value valueType="decimal">5.9060293323</value>
  </variableValue>
  <variableValue variable="LAB_HDL">
    <value valueType="decimal">1.3477779231</value>
  </variableValue>
  <variableValue variable="LAB_GLUC_FASTING">
    <value valueType="decimal">5.5476404608</value>
  </variableValue>
  <variableValue variable="PM_BMI_CONTINUOUS">
    <value valueType="decimal">33.8758161639</value>
  </variableValue>
  <variableValue variable="DIS_CVA">
    <value valueType="integer">0</value>
  </variableValue>
  <variableValue variable="DIS_DIAB">
    <value valueType="integer">0</value>
  </variableValue>
  <variableValue variable="DIS_AMI">
    <value valueType="integer">0</value>
  </variableValue>
  <variableValue variable="GENDER">
    <value valueType="integer">0</value>
  </variableValue>
  <variableValue variable="PM_BMI_CATEGORICAL">
    <value valueType="integer">3</value>
  </variableValue>
</valueSet>