<valueSet valueTable="DASIM1" entityType="Participant" entityIdentifier="1458">
  <variableValue variable="LAB_TSC">
    <value valueType="decimal">5.881872732</value>
  </variableValue>
  <variableValue variable="LAB_TRIG">
    <value valueType="decimal">0.8952600396</value>
  </variableValue>
  <variableValue variable="LAB_HDL">
    <value valueType="decimal">1.4753607062</value>
  </variableValue>
  <variableValue variable="LAB_GLUC_FASTING">
    <value valueType="decimal">4.9613923912</value>
  </variableValue>
  <variableValue variable="PM_BMI_CONTINUOUS">
    <value valueType="decimal">20.6809401631</value>
  </variableValue>
  <variableValue variable="DIS_CVA">
    <value valueType="integer">0</value>
  </variableValue>
  <variableValue variable="DIS_DIAB">
    <value valueType="integer">0</value>
  </variableValue>
  <variableValue variable="DIS_AMI">
    <value valueType="integer">0</value>
  </variableValue>
  <variableValue variable="GENDER">
    <value valueType="integer">0</value>
  </variableValue>
  <variableValue variable="PM_BMI_CATEGORICAL">
    <value valueType="integer">1</value>
  </variableValue>
</valueSet>