<valueSet valueTable="DASIM1" entityType="Participant" entityIdentifier="4120">
  <variableValue variable="LAB_TSC">
    <value valueType="decimal">5.1688445818</value>
  </variableValue>
  <variableValue variable="LAB_TRIG">
    <value valueType="decimal">2.0253395734</value>
  </variableValue>
  <variableValue variable="LAB_HDL">
    <value valueType="decimal">2.0637000741</value>
  </variableValue>
  <variableValue variable="LAB_GLUC_FASTING">
    <value valueType="decimal">4.7121939203</value>
  </variableValue>
  <variableValue variable="PM_BMI_CONTINUOUS">
    <value valueType="decimal">21.7008746671</value>
  </variableValue>
  <variableValue variable="DIS_CVA">
    <value valueType="integer">0</value>
  </variableValue>
  <variableValue variable="DIS_DIAB">
    <value valueType="integer">0</value>
  </variableValue>
  <variableValue variable="DIS_AMI">
    <value valueType="integer">0</value>
  </variableValue>
  <variableValue variable="GENDER">
    <value valueType="integer">1</value>
  </variableValue>
  <variableValue variable="PM_BMI_CATEGORICAL">
    <value valueType="integer">1</value>
  </variableValue>
</valueSet>