<valueSet valueTable="DASIM1" entityType="Participant" entityIdentifier="1557">
  <variableValue variable="LAB_TSC">
    <value valueType="decimal">6.8162745273</value>
  </variableValue>
  <variableValue variable="LAB_TRIG">
    <value valueType="decimal">2.7055350433</value>
  </variableValue>
  <variableValue variable="LAB_HDL">
    <value valueType="decimal">1.6903081395</value>
  </variableValue>
  <variableValue variable="LAB_GLUC_FASTING">
    <value valueType="decimal">4.4045580836</value>
  </variableValue>
  <variableValue variable="PM_BMI_CONTINUOUS">
    <value valueType="decimal">26.1319302868</value>
  </variableValue>
  <variableValue variable="DIS_CVA">
    <value valueType="integer">0</value>
  </variableValue>
  <variableValue variable="DIS_DIAB">
    <value valueType="integer">0</value>
  </variableValue>
  <variableValue variable="DIS_AMI">
    <value valueType="integer">0</value>
  </variableValue>
  <variableValue variable="GENDER">
    <value valueType="integer">0</value>
  </variableValue>
  <variableValue variable="PM_BMI_CATEGORICAL">
    <value valueType="integer">2</value>
  </variableValue>
</valueSet>