<valueSet valueTable="DASIM1" entityType="Participant" entityIdentifier="1145">
  <variableValue variable="LAB_TSC">
    <value valueType="decimal">5.9351285522</value>
  </variableValue>
  <variableValue variable="LAB_TRIG">
    <value valueType="decimal">2.6368671472</value>
  </variableValue>
  <variableValue variable="LAB_HDL">
    <value valueType="decimal">0.861892227</value>
  </variableValue>
  <variableValue variable="LAB_GLUC_FASTING">
    <value valueType="decimal">4.0747830697</value>
  </variableValue>
  <variableValue variable="PM_BMI_CONTINUOUS">
    <value valueType="decimal">27.2356446807</value>
  </variableValue>
  <variableValue variable="DIS_CVA">
    <value valueType="integer">0</value>
  </variableValue>
  <variableValue variable="DIS_DIAB">
    <value valueType="integer">0</value>
  </variableValue>
  <variableValue variable="DIS_AMI">
    <value valueType="integer">0</value>
  </variableValue>
  <variableValue variable="GENDER">
    <value valueType="integer">0</value>
  </variableValue>
  <variableValue variable="PM_BMI_CATEGORICAL">
    <value valueType="integer">2</value>
  </variableValue>
</valueSet>