<valueSet valueTable="DASIM1" entityType="Participant" entityIdentifier="1022">
  <variableValue variable="LAB_TSC">
    <value valueType="decimal">6.999858882</value>
  </variableValue>
  <variableValue variable="LAB_TRIG">
    <value valueType="decimal">4.5117660266</value>
  </variableValue>
  <variableValue variable="LAB_HDL">
    <value valueType="decimal">1.6331086184</value>
  </variableValue>
  <variableValue variable="LAB_GLUC_FASTING">
    <value valueType="decimal">5.0122989002</value>
  </variableValue>
  <variableValue variable="PM_BMI_CONTINUOUS">
    <value valueType="decimal">27.3128026923</value>
  </variableValue>
  <variableValue variable="DIS_CVA">
    <value valueType="integer">0</value>
  </variableValue>
  <variableValue variable="DIS_DIAB">
    <value valueType="integer">0</value>
  </variableValue>
  <variableValue variable="DIS_AMI">
    <value valueType="integer">0</value>
  </variableValue>
  <variableValue variable="GENDER">
    <value valueType="integer">1</value>
  </variableValue>
  <variableValue variable="PM_BMI_CATEGORICAL">
    <value valueType="integer">2</value>
  </variableValue>
</valueSet>