<valueSet valueTable="DASIM1" entityType="Participant" entityIdentifier="1169">
  <variableValue variable="LAB_TSC">
    <value valueType="decimal">5.8971354302</value>
  </variableValue>
  <variableValue variable="LAB_TRIG">
    <value valueType="decimal">2.9627843502</value>
  </variableValue>
  <variableValue variable="LAB_HDL">
    <value valueType="decimal">2.200592716</value>
  </variableValue>
  <variableValue variable="LAB_GLUC_FASTING">
    <value valueType="decimal">4.3498525615</value>
  </variableValue>
  <variableValue variable="PM_BMI_CONTINUOUS">
    <value valueType="decimal">30.518917944</value>
  </variableValue>
  <variableValue variable="DIS_CVA">
    <value valueType="integer">0</value>
  </variableValue>
  <variableValue variable="DIS_DIAB">
    <value valueType="integer">0</value>
  </variableValue>
  <variableValue variable="DIS_AMI">
    <value valueType="integer">0</value>
  </variableValue>
  <variableValue variable="GENDER">
    <value valueType="integer">1</value>
  </variableValue>
  <variableValue variable="PM_BMI_CATEGORICAL">
    <value valueType="integer">3</value>
  </variableValue>
</valueSet>