<valueSet valueTable="DASIM1" entityType="Participant" entityIdentifier="2679">
  <variableValue variable="LAB_TSC">
    <value valueType="decimal">7.2943810405</value>
  </variableValue>
  <variableValue variable="LAB_TRIG">
    <value valueType="decimal">2.6044699156</value>
  </variableValue>
  <variableValue variable="LAB_HDL">
    <value valueType="decimal">1.5329280141</value>
  </variableValue>
  <variableValue variable="LAB_GLUC_FASTING">
    <value valueType="decimal">5.4743732635</value>
  </variableValue>
  <variableValue variable="PM_BMI_CONTINUOUS">
    <value valueType="decimal">28.1310972908</value>
  </variableValue>
  <variableValue variable="DIS_CVA">
    <value valueType="integer">0</value>
  </variableValue>
  <variableValue variable="DIS_DIAB">
    <value valueType="integer">0</value>
  </variableValue>
  <variableValue variable="DIS_AMI">
    <value valueType="integer">0</value>
  </variableValue>
  <variableValue variable="GENDER">
    <value valueType="integer">0</value>
  </variableValue>
  <variableValue variable="PM_BMI_CATEGORICAL">
    <value valueType="integer">2</value>
  </variableValue>
</valueSet>