<valueSet valueTable="DASIM1" entityType="Participant" entityIdentifier="2302">
  <variableValue variable="LAB_TSC">
    <value valueType="decimal">4.8232728309</value>
  </variableValue>
  <variableValue variable="LAB_TRIG">
    <value valueType="decimal">0.508834653</value>
  </variableValue>
  <variableValue variable="LAB_HDL">
    <value valueType="decimal">1.9763873269</value>
  </variableValue>
  <variableValue variable="LAB_GLUC_FASTING">
    <value valueType="decimal">3.2064534956</value>
  </variableValue>
  <variableValue variable="PM_BMI_CONTINUOUS">
    <value valueType="decimal">22.3285461399</value>
  </variableValue>
  <variableValue variable="DIS_CVA">
    <value valueType="integer">0</value>
  </variableValue>
  <variableValue variable="DIS_DIAB">
    <value valueType="integer">0</value>
  </variableValue>
  <variableValue variable="DIS_AMI">
    <value valueType="integer">0</value>
  </variableValue>
  <variableValue variable="GENDER">
    <value valueType="integer">1</value>
  </variableValue>
  <variableValue variable="PM_BMI_CATEGORICAL">
    <value valueType="integer">1</value>
  </variableValue>
</valueSet>