<valueSet valueTable="DASIM1" entityType="Participant" entityIdentifier="2844">
  <variableValue variable="LAB_TSC">
    <value valueType="decimal">7.2648581732</value>
  </variableValue>
  <variableValue variable="LAB_TRIG">
    <value valueType="decimal">2.4909166425</value>
  </variableValue>
  <variableValue variable="LAB_HDL">
    <value valueType="decimal">1.7227596293</value>
  </variableValue>
  <variableValue variable="LAB_GLUC_FASTING">
    <value valueType="decimal">4.8150640313</value>
  </variableValue>
  <variableValue variable="PM_BMI_CONTINUOUS">
    <value valueType="decimal">22.3732365604</value>
  </variableValue>
  <variableValue variable="DIS_CVA">
    <value valueType="integer">0</value>
  </variableValue>
  <variableValue variable="DIS_DIAB">
    <value valueType="integer">0</value>
  </variableValue>
  <variableValue variable="DIS_AMI">
    <value valueType="integer">0</value>
  </variableValue>
  <variableValue variable="GENDER">
    <value valueType="integer">0</value>
  </variableValue>
  <variableValue variable="PM_BMI_CATEGORICAL">
    <value valueType="integer">1</value>
  </variableValue>
</valueSet>