<valueSet valueTable="DASIM1" entityType="Participant" entityIdentifier="1316">
  <variableValue variable="LAB_TSC">
    <value valueType="decimal">5.7434927995</value>
  </variableValue>
  <variableValue variable="LAB_TRIG">
    <value valueType="decimal">3.0562090395</value>
  </variableValue>
  <variableValue variable="LAB_HDL">
    <value valueType="decimal">1.0370759162</value>
  </variableValue>
  <variableValue variable="LAB_GLUC_FASTING">
    <value valueType="decimal">5.7359283273</value>
  </variableValue>
  <variableValue variable="PM_BMI_CONTINUOUS">
    <value valueType="decimal">28.7466917311</value>
  </variableValue>
  <variableValue variable="DIS_CVA">
    <value valueType="integer">0</value>
  </variableValue>
  <variableValue variable="DIS_DIAB">
    <value valueType="integer">0</value>
  </variableValue>
  <variableValue variable="DIS_AMI">
    <value valueType="integer">0</value>
  </variableValue>
  <variableValue variable="GENDER">
    <value valueType="integer">1</value>
  </variableValue>
  <variableValue variable="PM_BMI_CATEGORICAL">
    <value valueType="integer">2</value>
  </variableValue>
</valueSet>