<valueSet valueTable="DASIM1" entityType="Participant" entityIdentifier="3683">
  <variableValue variable="LAB_TSC">
    <value valueType="decimal">6.3130107945</value>
  </variableValue>
  <variableValue variable="LAB_TRIG">
    <value valueType="decimal">2.9036603303</value>
  </variableValue>
  <variableValue variable="LAB_HDL">
    <value valueType="decimal">1.3301057381</value>
  </variableValue>
  <variableValue variable="LAB_GLUC_FASTING">
    <value valueType="decimal">5.4092187117</value>
  </variableValue>
  <variableValue variable="PM_BMI_CONTINUOUS">
    <value valueType="decimal">30.6696647517</value>
  </variableValue>
  <variableValue variable="DIS_CVA">
    <value valueType="integer">0</value>
  </variableValue>
  <variableValue variable="DIS_DIAB">
    <value valueType="integer">0</value>
  </variableValue>
  <variableValue variable="DIS_AMI">
    <value valueType="integer">0</value>
  </variableValue>
  <variableValue variable="GENDER">
    <value valueType="integer">0</value>
  </variableValue>
  <variableValue variable="PM_BMI_CATEGORICAL">
    <value valueType="integer">3</value>
  </variableValue>
</valueSet>