<valueSet valueTable="DASIM1" entityType="Participant" entityIdentifier="3763">
  <variableValue variable="LAB_TSC">
    <value valueType="decimal">5.4835828607</value>
  </variableValue>
  <variableValue variable="LAB_TRIG">
    <value valueType="decimal">0.419450537</value>
  </variableValue>
  <variableValue variable="LAB_HDL">
    <value valueType="decimal">1.242656291</value>
  </variableValue>
  <variableValue variable="LAB_GLUC_FASTING">
    <value valueType="decimal">6.6300744859</value>
  </variableValue>
  <variableValue variable="PM_BMI_CONTINUOUS">
    <value valueType="decimal">31.0771303763</value>
  </variableValue>
  <variableValue variable="DIS_CVA">
    <value valueType="integer">0</value>
  </variableValue>
  <variableValue variable="DIS_DIAB">
    <value valueType="integer">1</value>
  </variableValue>
  <variableValue variable="DIS_AMI">
    <value valueType="integer">0</value>
  </variableValue>
  <variableValue variable="GENDER">
    <value valueType="integer">0</value>
  </variableValue>
  <variableValue variable="PM_BMI_CATEGORICAL">
    <value valueType="integer">3</value>
  </variableValue>
</valueSet>