<valueSet valueTable="DASIM1" entityType="Participant" entityIdentifier="1647">
  <variableValue variable="LAB_TSC">
    <value valueType="decimal">6.2037434599</value>
  </variableValue>
  <variableValue variable="LAB_TRIG">
    <value valueType="decimal">1.2567750628</value>
  </variableValue>
  <variableValue variable="LAB_HDL">
    <value valueType="decimal">1.8222481168</value>
  </variableValue>
  <variableValue variable="LAB_GLUC_FASTING">
    <value valueType="decimal">2.7571715865</value>
  </variableValue>
  <variableValue variable="PM_BMI_CONTINUOUS">
    <value valueType="decimal">27.528609515</value>
  </variableValue>
  <variableValue variable="DIS_CVA">
    <value valueType="integer">0</value>
  </variableValue>
  <variableValue variable="DIS_DIAB">
    <value valueType="integer">0</value>
  </variableValue>
  <variableValue variable="DIS_AMI">
    <value valueType="integer">0</value>
  </variableValue>
  <variableValue variable="GENDER">
    <value valueType="integer">0</value>
  </variableValue>
  <variableValue variable="PM_BMI_CATEGORICAL">
    <value valueType="integer">2</value>
  </variableValue>
</valueSet>