<valueSet valueTable="DASIM1" entityType="Participant" entityIdentifier="1626">
  <variableValue variable="LAB_TSC">
    <value valueType="decimal">6.1718499007</value>
  </variableValue>
  <variableValue variable="LAB_TRIG">
    <value valueType="decimal">3.2950344687</value>
  </variableValue>
  <variableValue variable="LAB_HDL">
    <value valueType="decimal">1.4916679246</value>
  </variableValue>
  <variableValue variable="LAB_GLUC_FASTING">
    <value valueType="decimal">4.1034771573</value>
  </variableValue>
  <variableValue variable="PM_BMI_CONTINUOUS">
    <value valueType="decimal">32.9450063938</value>
  </variableValue>
  <variableValue variable="DIS_CVA">
    <value valueType="integer">0</value>
  </variableValue>
  <variableValue variable="DIS_DIAB">
    <value valueType="integer">0</value>
  </variableValue>
  <variableValue variable="DIS_AMI">
    <value valueType="integer">0</value>
  </variableValue>
  <variableValue variable="GENDER">
    <value valueType="integer">0</value>
  </variableValue>
  <variableValue variable="PM_BMI_CATEGORICAL">
    <value valueType="integer">3</value>
  </variableValue>
</valueSet>