<valueSet valueTable="DASIM1" entityType="Participant" entityIdentifier="6473">
  <variableValue variable="LAB_TSC">
    <value valueType="decimal">5.7790442398</value>
  </variableValue>
  <variableValue variable="LAB_TRIG">
    <value valueType="decimal">2.6635489171</value>
  </variableValue>
  <variableValue variable="LAB_HDL">
    <value valueType="decimal">1.4275232108</value>
  </variableValue>
  <variableValue variable="LAB_GLUC_FASTING">
    <value valueType="decimal">4.3521237652</value>
  </variableValue>
  <variableValue variable="PM_BMI_CONTINUOUS">
    <value valueType="decimal">35.1737004492</value>
  </variableValue>
  <variableValue variable="DIS_CVA">
    <value valueType="integer">0</value>
  </variableValue>
  <variableValue variable="DIS_DIAB">
    <value valueType="integer">0</value>
  </variableValue>
  <variableValue variable="DIS_AMI">
    <value valueType="integer">0</value>
  </variableValue>
  <variableValue variable="GENDER">
    <value valueType="integer">0</value>
  </variableValue>
  <variableValue variable="PM_BMI_CATEGORICAL">
    <value valueType="integer">3</value>
  </variableValue>
</valueSet>