<valueSet valueTable="DASIM1" entityType="Participant" entityIdentifier="1135">
  <variableValue variable="LAB_TSC">
    <value valueType="decimal">5.2093278771</value>
  </variableValue>
  <variableValue variable="LAB_TRIG">
    <value valueType="decimal">1.6596547439</value>
  </variableValue>
  <variableValue variable="LAB_HDL">
    <value valueType="decimal">1.2795322699</value>
  </variableValue>
  <variableValue variable="LAB_GLUC_FASTING">
    <value valueType="decimal">3.7539803997</value>
  </variableValue>
  <variableValue variable="PM_BMI_CONTINUOUS">
    <value valueType="decimal">28.2731502929</value>
  </variableValue>
  <variableValue variable="DIS_CVA">
    <value valueType="integer">0</value>
  </variableValue>
  <variableValue variable="DIS_DIAB">
    <value valueType="integer">0</value>
  </variableValue>
  <variableValue variable="DIS_AMI">
    <value valueType="integer">0</value>
  </variableValue>
  <variableValue variable="GENDER">
    <value valueType="integer">0</value>
  </variableValue>
  <variableValue variable="PM_BMI_CATEGORICAL">
    <value valueType="integer">2</value>
  </variableValue>
</valueSet>