<valueSet valueTable="DASIM1" entityType="Participant" entityIdentifier="1060">
  <variableValue variable="LAB_TSC">
    <value valueType="decimal">4.4577315029</value>
  </variableValue>
  <variableValue variable="LAB_TRIG">
    <value valueType="decimal">3.458990609</value>
  </variableValue>
  <variableValue variable="LAB_HDL">
    <value valueType="decimal">1.1791036905</value>
  </variableValue>
  <variableValue variable="LAB_GLUC_FASTING">
    <value valueType="decimal">5.111696358</value>
  </variableValue>
  <variableValue variable="PM_BMI_CONTINUOUS">
    <value valueType="decimal">27.021417036</value>
  </variableValue>
  <variableValue variable="DIS_CVA">
    <value valueType="integer">0</value>
  </variableValue>
  <variableValue variable="DIS_DIAB">
    <value valueType="integer">0</value>
  </variableValue>
  <variableValue variable="DIS_AMI">
    <value valueType="integer">0</value>
  </variableValue>
  <variableValue variable="GENDER">
    <value valueType="integer">1</value>
  </variableValue>
  <variableValue variable="PM_BMI_CATEGORICAL">
    <value valueType="integer">2</value>
  </variableValue>
</valueSet>