<valueSet valueTable="DASIM1" entityType="Participant" entityIdentifier="1158">
  <variableValue variable="LAB_TSC">
    <value valueType="decimal">4.4390099662</value>
  </variableValue>
  <variableValue variable="LAB_TRIG">
    <value valueType="decimal">2.0569060018</value>
  </variableValue>
  <variableValue variable="LAB_HDL">
    <value valueType="decimal">1.4302190785</value>
  </variableValue>
  <variableValue variable="LAB_GLUC_FASTING">
    <value valueType="decimal">4.8938850921</value>
  </variableValue>
  <variableValue variable="PM_BMI_CONTINUOUS">
    <value valueType="decimal">33.9301963222</value>
  </variableValue>
  <variableValue variable="DIS_CVA">
    <value valueType="integer">0</value>
  </variableValue>
  <variableValue variable="DIS_DIAB">
    <value valueType="integer">0</value>
  </variableValue>
  <variableValue variable="DIS_AMI">
    <value valueType="integer">0</value>
  </variableValue>
  <variableValue variable="GENDER">
    <value valueType="integer">1</value>
  </variableValue>
  <variableValue variable="PM_BMI_CATEGORICAL">
    <value valueType="integer">3</value>
  </variableValue>
</valueSet>