<valueSet valueTable="DASIM1" entityType="Participant" entityIdentifier="1511">
  <variableValue variable="LAB_TSC">
    <value valueType="decimal">5.8089827765</value>
  </variableValue>
  <variableValue variable="LAB_TRIG">
    <value valueType="decimal">1.1245570175</value>
  </variableValue>
  <variableValue variable="LAB_HDL">
    <value valueType="decimal">1.9145683623</value>
  </variableValue>
  <variableValue variable="LAB_GLUC_FASTING">
    <value valueType="decimal">4.1955979549</value>
  </variableValue>
  <variableValue variable="PM_BMI_CONTINUOUS">
    <value valueType="decimal">26.26455748</value>
  </variableValue>
  <variableValue variable="DIS_CVA">
    <value valueType="integer">0</value>
  </variableValue>
  <variableValue variable="DIS_DIAB">
    <value valueType="integer">0</value>
  </variableValue>
  <variableValue variable="DIS_AMI">
    <value valueType="integer">0</value>
  </variableValue>
  <variableValue variable="GENDER">
    <value valueType="integer">1</value>
  </variableValue>
  <variableValue variable="PM_BMI_CATEGORICAL">
    <value valueType="integer">2</value>
  </variableValue>
</valueSet>