<valueSet valueTable="DASIM1" entityType="Participant" entityIdentifier="1547">
  <variableValue variable="LAB_TSC">
    <value valueType="decimal">6.2365991496</value>
  </variableValue>
  <variableValue variable="LAB_TRIG">
    <value valueType="decimal">3.0748923144</value>
  </variableValue>
  <variableValue variable="LAB_HDL">
    <value valueType="decimal">1.7915143142</value>
  </variableValue>
  <variableValue variable="LAB_GLUC_FASTING">
    <value valueType="decimal">4.104574699</value>
  </variableValue>
  <variableValue variable="PM_BMI_CONTINUOUS">
    <value valueType="decimal">31.2437491807</value>
  </variableValue>
  <variableValue variable="DIS_CVA">
    <value valueType="integer">0</value>
  </variableValue>
  <variableValue variable="DIS_DIAB">
    <value valueType="integer">0</value>
  </variableValue>
  <variableValue variable="DIS_AMI">
    <value valueType="integer">0</value>
  </variableValue>
  <variableValue variable="GENDER">
    <value valueType="integer">0</value>
  </variableValue>
  <variableValue variable="PM_BMI_CATEGORICAL">
    <value valueType="integer">3</value>
  </variableValue>
</valueSet>