<valueSet valueTable="DASIM1" entityType="Participant" entityIdentifier="1663">
  <variableValue variable="LAB_TSC">
    <value valueType="decimal">6.6971952941</value>
  </variableValue>
  <variableValue variable="LAB_TRIG">
    <value valueType="decimal">4.1926404435</value>
  </variableValue>
  <variableValue variable="LAB_HDL">
    <value valueType="decimal">1.5813769405</value>
  </variableValue>
  <variableValue variable="LAB_GLUC_FASTING">
    <value valueType="decimal">4.9346717901</value>
  </variableValue>
  <variableValue variable="PM_BMI_CONTINUOUS">
    <value valueType="decimal">28.4935055098</value>
  </variableValue>
  <variableValue variable="DIS_CVA">
    <value valueType="integer">0</value>
  </variableValue>
  <variableValue variable="DIS_DIAB">
    <value valueType="integer">0</value>
  </variableValue>
  <variableValue variable="DIS_AMI">
    <value valueType="integer">0</value>
  </variableValue>
  <variableValue variable="GENDER">
    <value valueType="integer">1</value>
  </variableValue>
  <variableValue variable="PM_BMI_CATEGORICAL">
    <value valueType="integer">2</value>
  </variableValue>
</valueSet>