<valueSet valueTable="DASIM1" entityType="Participant" entityIdentifier="1239">
  <variableValue variable="LAB_TSC">
    <value valueType="decimal">7.4059131776</value>
  </variableValue>
  <variableValue variable="LAB_TRIG">
    <value valueType="decimal">1.58752092</value>
  </variableValue>
  <variableValue variable="LAB_HDL">
    <value valueType="decimal">2.1662525706</value>
  </variableValue>
  <variableValue variable="LAB_GLUC_FASTING">
    <value valueType="decimal">4.5570757564</value>
  </variableValue>
  <variableValue variable="PM_BMI_CONTINUOUS">
    <value valueType="decimal">28.1841685906</value>
  </variableValue>
  <variableValue variable="DIS_CVA">
    <value valueType="integer">0</value>
  </variableValue>
  <variableValue variable="DIS_DIAB">
    <value valueType="integer">0</value>
  </variableValue>
  <variableValue variable="DIS_AMI">
    <value valueType="integer">0</value>
  </variableValue>
  <variableValue variable="GENDER">
    <value valueType="integer">0</value>
  </variableValue>
  <variableValue variable="PM_BMI_CATEGORICAL">
    <value valueType="integer">2</value>
  </variableValue>
</valueSet>