<valueSet valueTable="DASIM1" entityType="Participant" entityIdentifier="2481">
  <variableValue variable="LAB_TSC">
    <value valueType="decimal">6.3993007721</value>
  </variableValue>
  <variableValue variable="LAB_TRIG">
    <value valueType="decimal">3.4808981369</value>
  </variableValue>
  <variableValue variable="LAB_HDL">
    <value valueType="decimal">1.249213786</value>
  </variableValue>
  <variableValue variable="LAB_GLUC_FASTING">
    <value valueType="decimal">5.0404527095</value>
  </variableValue>
  <variableValue variable="PM_BMI_CONTINUOUS">
    <value valueType="decimal">29.5478412392</value>
  </variableValue>
  <variableValue variable="DIS_CVA">
    <value valueType="integer">0</value>
  </variableValue>
  <variableValue variable="DIS_DIAB">
    <value valueType="integer">0</value>
  </variableValue>
  <variableValue variable="DIS_AMI">
    <value valueType="integer">0</value>
  </variableValue>
  <variableValue variable="GENDER">
    <value valueType="integer">0</value>
  </variableValue>
  <variableValue variable="PM_BMI_CATEGORICAL">
    <value valueType="integer">2</value>
  </variableValue>
</valueSet>