<valueSet valueTable="DASIM1" entityType="Participant" entityIdentifier="2622">
  <variableValue variable="LAB_TSC">
    <value valueType="decimal">6.085341365</value>
  </variableValue>
  <variableValue variable="LAB_TRIG">
    <value valueType="decimal">1.7816751571</value>
  </variableValue>
  <variableValue variable="LAB_HDL">
    <value valueType="decimal">1.347379292</value>
  </variableValue>
  <variableValue variable="LAB_GLUC_FASTING">
    <value valueType="decimal">4.4133953378</value>
  </variableValue>
  <variableValue variable="PM_BMI_CONTINUOUS">
    <value valueType="decimal">31.2767255873</value>
  </variableValue>
  <variableValue variable="DIS_CVA">
    <value valueType="integer">0</value>
  </variableValue>
  <variableValue variable="DIS_DIAB">
    <value valueType="integer">0</value>
  </variableValue>
  <variableValue variable="DIS_AMI">
    <value valueType="integer">0</value>
  </variableValue>
  <variableValue variable="GENDER">
    <value valueType="integer">0</value>
  </variableValue>
  <variableValue variable="PM_BMI_CATEGORICAL">
    <value valueType="integer">3</value>
  </variableValue>
</valueSet>