<valueSet valueTable="DASIM1" entityType="Participant" entityIdentifier="1020">
  <variableValue variable="LAB_TSC">
    <value valueType="decimal">6.9440722846</value>
  </variableValue>
  <variableValue variable="LAB_TRIG">
    <value valueType="decimal">3.9821878208</value>
  </variableValue>
  <variableValue variable="LAB_HDL">
    <value valueType="decimal">1.301576014</value>
  </variableValue>
  <variableValue variable="LAB_GLUC_FASTING">
    <value valueType="decimal">4.4963844394</value>
  </variableValue>
  <variableValue variable="PM_BMI_CONTINUOUS">
    <value valueType="decimal">25.808807468</value>
  </variableValue>
  <variableValue variable="DIS_CVA">
    <value valueType="integer">0</value>
  </variableValue>
  <variableValue variable="DIS_DIAB">
    <value valueType="integer">0</value>
  </variableValue>
  <variableValue variable="DIS_AMI">
    <value valueType="integer">0</value>
  </variableValue>
  <variableValue variable="GENDER">
    <value valueType="integer">1</value>
  </variableValue>
  <variableValue variable="PM_BMI_CATEGORICAL">
    <value valueType="integer">2</value>
  </variableValue>
</valueSet>