<valueSet valueTable="DASIM1" entityType="Participant" entityIdentifier="2711">
  <variableValue variable="LAB_TSC">
    <value valueType="decimal">6.1727590459</value>
  </variableValue>
  <variableValue variable="LAB_TRIG">
    <value valueType="decimal">0.1066558371</value>
  </variableValue>
  <variableValue variable="LAB_HDL">
    <value valueType="decimal">1.5092473968</value>
  </variableValue>
  <variableValue variable="LAB_GLUC_FASTING">
    <value valueType="decimal">4.4887268744</value>
  </variableValue>
  <variableValue variable="PM_BMI_CONTINUOUS">
    <value valueType="decimal">24.5426483235</value>
  </variableValue>
  <variableValue variable="DIS_CVA">
    <value valueType="integer">0</value>
  </variableValue>
  <variableValue variable="DIS_DIAB">
    <value valueType="integer">0</value>
  </variableValue>
  <variableValue variable="DIS_AMI">
    <value valueType="integer">0</value>
  </variableValue>
  <variableValue variable="GENDER">
    <value valueType="integer">1</value>
  </variableValue>
  <variableValue variable="PM_BMI_CATEGORICAL">
    <value valueType="integer">1</value>
  </variableValue>
</valueSet>