<valueSet valueTable="DASIM1" entityType="Participant" entityIdentifier="1409">
  <variableValue variable="LAB_TSC">
    <value valueType="decimal">6.2972598952</value>
  </variableValue>
  <variableValue variable="LAB_TRIG">
    <value valueType="decimal">4.0119464326</value>
  </variableValue>
  <variableValue variable="LAB_HDL">
    <value valueType="decimal">1.6010014897</value>
  </variableValue>
  <variableValue variable="LAB_GLUC_FASTING">
    <value valueType="decimal">4.9929313753</value>
  </variableValue>
  <variableValue variable="PM_BMI_CONTINUOUS">
    <value valueType="decimal">36.4218056827</value>
  </variableValue>
  <variableValue variable="DIS_CVA">
    <value valueType="integer">0</value>
  </variableValue>
  <variableValue variable="DIS_DIAB">
    <value valueType="integer">0</value>
  </variableValue>
  <variableValue variable="DIS_AMI">
    <value valueType="integer">0</value>
  </variableValue>
  <variableValue variable="GENDER">
    <value valueType="integer">0</value>
  </variableValue>
  <variableValue variable="PM_BMI_CATEGORICAL">
    <value valueType="integer">3</value>
  </variableValue>
</valueSet>