<valueSet valueTable="DASIM1" entityType="Participant" entityIdentifier="1670">
  <variableValue variable="LAB_TSC">
    <value valueType="decimal">6.3892115262</value>
  </variableValue>
  <variableValue variable="LAB_TRIG">
    <value valueType="decimal">1.3288645236</value>
  </variableValue>
  <variableValue variable="LAB_HDL">
    <value valueType="decimal">1.6712027656</value>
  </variableValue>
  <variableValue variable="LAB_GLUC_FASTING">
    <value valueType="decimal">4.7885490679</value>
  </variableValue>
  <variableValue variable="PM_BMI_CONTINUOUS">
    <value valueType="decimal">25.9580546121</value>
  </variableValue>
  <variableValue variable="DIS_CVA">
    <value valueType="integer">0</value>
  </variableValue>
  <variableValue variable="DIS_DIAB">
    <value valueType="integer">0</value>
  </variableValue>
  <variableValue variable="DIS_AMI">
    <value valueType="integer">0</value>
  </variableValue>
  <variableValue variable="GENDER">
    <value valueType="integer">0</value>
  </variableValue>
  <variableValue variable="PM_BMI_CATEGORICAL">
    <value valueType="integer">2</value>
  </variableValue>
</valueSet>