<valueSet valueTable="DASIM1" entityType="Participant" entityIdentifier="1335">
  <variableValue variable="LAB_TSC">
    <value valueType="decimal">5.2690652253</value>
  </variableValue>
  <variableValue variable="LAB_TRIG">
    <value valueType="decimal">2.7193738631</value>
  </variableValue>
  <variableValue variable="LAB_HDL">
    <value valueType="decimal">1.279655295</value>
  </variableValue>
  <variableValue variable="LAB_GLUC_FASTING">
    <value valueType="decimal">3.2433071802</value>
  </variableValue>
  <variableValue variable="PM_BMI_CONTINUOUS">
    <value valueType="decimal">28.7934175767</value>
  </variableValue>
  <variableValue variable="DIS_CVA">
    <value valueType="integer">0</value>
  </variableValue>
  <variableValue variable="DIS_DIAB">
    <value valueType="integer">0</value>
  </variableValue>
  <variableValue variable="DIS_AMI">
    <value valueType="integer">0</value>
  </variableValue>
  <variableValue variable="GENDER">
    <value valueType="integer">0</value>
  </variableValue>
  <variableValue variable="PM_BMI_CATEGORICAL">
    <value valueType="integer">2</value>
  </variableValue>
</valueSet>