<valueSet valueTable="DASIM1" entityType="Participant" entityIdentifier="1459">
  <variableValue variable="LAB_TSC">
    <value valueType="decimal">4.8034241503</value>
  </variableValue>
  <variableValue variable="LAB_TRIG">
    <value valueType="decimal">3.1971361032</value>
  </variableValue>
  <variableValue variable="LAB_HDL">
    <value valueType="decimal">0.6353681553</value>
  </variableValue>
  <variableValue variable="LAB_GLUC_FASTING">
    <value valueType="decimal">4.2493772796</value>
  </variableValue>
  <variableValue variable="PM_BMI_CONTINUOUS">
    <value valueType="decimal">35.8867883092</value>
  </variableValue>
  <variableValue variable="DIS_CVA">
    <value valueType="integer">0</value>
  </variableValue>
  <variableValue variable="DIS_DIAB">
    <value valueType="integer">0</value>
  </variableValue>
  <variableValue variable="DIS_AMI">
    <value valueType="integer">0</value>
  </variableValue>
  <variableValue variable="GENDER">
    <value valueType="integer">1</value>
  </variableValue>
  <variableValue variable="PM_BMI_CATEGORICAL">
    <value valueType="integer">3</value>
  </variableValue>
</valueSet>