<valueSet valueTable="DASIM1" entityType="Participant" entityIdentifier="1648">
  <variableValue variable="LAB_TSC">
    <value valueType="decimal">5.881789411</value>
  </variableValue>
  <variableValue variable="LAB_TRIG">
    <value valueType="decimal">1.1195289546</value>
  </variableValue>
  <variableValue variable="LAB_HDL">
    <value valueType="decimal">1.9171961384</value>
  </variableValue>
  <variableValue variable="LAB_GLUC_FASTING">
    <value valueType="decimal">4.8501357447</value>
  </variableValue>
  <variableValue variable="PM_BMI_CONTINUOUS">
    <value valueType="decimal">28.9908354283</value>
  </variableValue>
  <variableValue variable="DIS_CVA">
    <value valueType="integer">0</value>
  </variableValue>
  <variableValue variable="DIS_DIAB">
    <value valueType="integer">0</value>
  </variableValue>
  <variableValue variable="DIS_AMI">
    <value valueType="integer">0</value>
  </variableValue>
  <variableValue variable="GENDER">
    <value valueType="integer">0</value>
  </variableValue>
  <variableValue variable="PM_BMI_CATEGORICAL">
    <value valueType="integer">2</value>
  </variableValue>
</valueSet>