<valueSet valueTable="DASIM1" entityType="Participant" entityIdentifier="1057">
  <variableValue variable="LAB_TSC">
    <value valueType="decimal">6.0496762107</value>
  </variableValue>
  <variableValue variable="LAB_TRIG">
    <value valueType="decimal">3.92422862</value>
  </variableValue>
  <variableValue variable="LAB_HDL">
    <value valueType="decimal">1.3319226562</value>
  </variableValue>
  <variableValue variable="LAB_GLUC_FASTING">
    <value valueType="decimal">2.9051092274</value>
  </variableValue>
  <variableValue variable="PM_BMI_CONTINUOUS">
    <value valueType="decimal">27.2753153496</value>
  </variableValue>
  <variableValue variable="DIS_CVA">
    <value valueType="integer">0</value>
  </variableValue>
  <variableValue variable="DIS_DIAB">
    <value valueType="integer">0</value>
  </variableValue>
  <variableValue variable="DIS_AMI">
    <value valueType="integer">0</value>
  </variableValue>
  <variableValue variable="GENDER">
    <value valueType="integer">1</value>
  </variableValue>
  <variableValue variable="PM_BMI_CATEGORICAL">
    <value valueType="integer">2</value>
  </variableValue>
</valueSet>