<valueSet valueTable="DASIM1" entityType="Participant" entityIdentifier="1309">
  <variableValue variable="LAB_TSC">
    <value valueType="decimal">7.1288860758</value>
  </variableValue>
  <variableValue variable="LAB_TRIG">
    <value valueType="decimal">4.690996984</value>
  </variableValue>
  <variableValue variable="LAB_HDL">
    <value valueType="decimal">1.0378298405</value>
  </variableValue>
  <variableValue variable="LAB_GLUC_FASTING">
    <value valueType="decimal">4.2583988399</value>
  </variableValue>
  <variableValue variable="PM_BMI_CONTINUOUS">
    <value valueType="decimal">27.6088606682</value>
  </variableValue>
  <variableValue variable="DIS_CVA">
    <value valueType="integer">0</value>
  </variableValue>
  <variableValue variable="DIS_DIAB">
    <value valueType="integer">0</value>
  </variableValue>
  <variableValue variable="DIS_AMI">
    <value valueType="integer">0</value>
  </variableValue>
  <variableValue variable="GENDER">
    <value valueType="integer">0</value>
  </variableValue>
  <variableValue variable="PM_BMI_CATEGORICAL">
    <value valueType="integer">2</value>
  </variableValue>
</valueSet>