<valueSet valueTable="DASIM1" entityType="Participant" entityIdentifier="1008">
  <variableValue variable="LAB_TSC">
    <value valueType="decimal">5.5990930732</value>
  </variableValue>
  <variableValue variable="LAB_TRIG">
    <value valueType="decimal">2.1527000489</value>
  </variableValue>
  <variableValue variable="LAB_HDL">
    <value valueType="decimal">1.0791909875</value>
  </variableValue>
  <variableValue variable="LAB_GLUC_FASTING">
    <value valueType="decimal">5.5407453949</value>
  </variableValue>
  <variableValue variable="PM_BMI_CONTINUOUS">
    <value valueType="decimal">32.3790063815</value>
  </variableValue>
  <variableValue variable="DIS_CVA">
    <value valueType="integer">0</value>
  </variableValue>
  <variableValue variable="DIS_DIAB">
    <value valueType="integer">0</value>
  </variableValue>
  <variableValue variable="DIS_AMI">
    <value valueType="integer">0</value>
  </variableValue>
  <variableValue variable="GENDER">
    <value valueType="integer">1</value>
  </variableValue>
  <variableValue variable="PM_BMI_CATEGORICAL">
    <value valueType="integer">3</value>
  </variableValue>
</valueSet>