<valueSet valueTable="DASIM1" entityType="Participant" entityIdentifier="1108">
  <variableValue variable="LAB_TSC">
    <value valueType="decimal">5.2692859045</value>
  </variableValue>
  <variableValue variable="LAB_TRIG">
    <value valueType="decimal">3.5435929385</value>
  </variableValue>
  <variableValue variable="LAB_HDL">
    <value valueType="decimal">1.2073670467</value>
  </variableValue>
  <variableValue variable="LAB_GLUC_FASTING">
    <value valueType="decimal">5.371622172</value>
  </variableValue>
  <variableValue variable="PM_BMI_CONTINUOUS">
    <value valueType="decimal">39.0140250978</value>
  </variableValue>
  <variableValue variable="DIS_CVA">
    <value valueType="integer">0</value>
  </variableValue>
  <variableValue variable="DIS_DIAB">
    <value valueType="integer">0</value>
  </variableValue>
  <variableValue variable="DIS_AMI">
    <value valueType="integer">0</value>
  </variableValue>
  <variableValue variable="GENDER">
    <value valueType="integer">0</value>
  </variableValue>
  <variableValue variable="PM_BMI_CATEGORICAL">
    <value valueType="integer">3</value>
  </variableValue>
</valueSet>