<valueSet valueTable="DASIM1" entityType="Participant" entityIdentifier="1003">
  <variableValue variable="LAB_TSC">
    <value valueType="decimal">5.3402918587</value>
  </variableValue>
  <variableValue variable="LAB_TRIG">
    <value valueType="decimal">1.8017405982</value>
  </variableValue>
  <variableValue variable="LAB_HDL">
    <value valueType="decimal">1.7767383071</value>
  </variableValue>
  <variableValue variable="LAB_GLUC_FASTING">
    <value valueType="decimal">3.9316502918</value>
  </variableValue>
  <variableValue variable="PM_BMI_CONTINUOUS">
    <value valueType="decimal">30.1906537362</value>
  </variableValue>
  <variableValue variable="DIS_CVA">
    <value valueType="integer">0</value>
  </variableValue>
  <variableValue variable="DIS_DIAB">
    <value valueType="integer">0</value>
  </variableValue>
  <variableValue variable="DIS_AMI">
    <value valueType="integer">0</value>
  </variableValue>
  <variableValue variable="GENDER">
    <value valueType="integer">1</value>
  </variableValue>
  <variableValue variable="PM_BMI_CATEGORICAL">
    <value valueType="integer">3</value>
  </variableValue>
</valueSet>