<valueSet valueTable="DASIM1" entityType="Participant" entityIdentifier="3962">
  <variableValue variable="LAB_TSC">
    <value valueType="decimal">5.8901472087</value>
  </variableValue>
  <variableValue variable="LAB_TRIG">
    <value valueType="decimal">1.9767350472</value>
  </variableValue>
  <variableValue variable="LAB_HDL">
    <value valueType="decimal">0.9416895956</value>
  </variableValue>
  <variableValue variable="LAB_GLUC_FASTING">
    <value valueType="decimal">3.6767691114</value>
  </variableValue>
  <variableValue variable="PM_BMI_CONTINUOUS">
    <value valueType="decimal">31.6725469343</value>
  </variableValue>
  <variableValue variable="DIS_CVA">
    <value valueType="integer">0</value>
  </variableValue>
  <variableValue variable="DIS_DIAB">
    <value valueType="integer">0</value>
  </variableValue>
  <variableValue variable="DIS_AMI">
    <value valueType="integer">0</value>
  </variableValue>
  <variableValue variable="GENDER">
    <value valueType="integer">0</value>
  </variableValue>
  <variableValue variable="PM_BMI_CATEGORICAL">
    <value valueType="integer">3</value>
  </variableValue>
</valueSet>