<valueSet valueTable="DASIM1" entityType="Participant" entityIdentifier="1063">
  <variableValue variable="LAB_TSC">
    <value valueType="decimal">5.5659251183</value>
  </variableValue>
  <variableValue variable="LAB_TRIG">
    <value valueType="decimal">1.0163781761</value>
  </variableValue>
  <variableValue variable="LAB_HDL">
    <value valueType="decimal">1.9484763687</value>
  </variableValue>
  <variableValue variable="LAB_GLUC_FASTING">
    <value valueType="decimal">5.2602222944</value>
  </variableValue>
  <variableValue variable="PM_BMI_CONTINUOUS">
    <value valueType="decimal">28.4094967339</value>
  </variableValue>
  <variableValue variable="DIS_CVA">
    <value valueType="integer">0</value>
  </variableValue>
  <variableValue variable="DIS_DIAB">
    <value valueType="integer">0</value>
  </variableValue>
  <variableValue variable="DIS_AMI">
    <value valueType="integer">0</value>
  </variableValue>
  <variableValue variable="GENDER">
    <value valueType="integer">1</value>
  </variableValue>
  <variableValue variable="PM_BMI_CATEGORICAL">
    <value valueType="integer">2</value>
  </variableValue>
</valueSet>