<valueSet valueTable="DASIM1" entityType="Participant" entityIdentifier="1287">
  <variableValue variable="LAB_TSC">
    <value valueType="decimal">5.5711277985</value>
  </variableValue>
  <variableValue variable="LAB_TRIG">
    <value valueType="decimal">4.1917568369</value>
  </variableValue>
  <variableValue variable="LAB_HDL">
    <value valueType="decimal">1.2424127895</value>
  </variableValue>
  <variableValue variable="LAB_GLUC_FASTING">
    <value valueType="decimal">4.5150792867</value>
  </variableValue>
  <variableValue variable="PM_BMI_CONTINUOUS">
    <value valueType="decimal">26.9327807184</value>
  </variableValue>
  <variableValue variable="DIS_CVA">
    <value valueType="integer">0</value>
  </variableValue>
  <variableValue variable="DIS_DIAB">
    <value valueType="integer">0</value>
  </variableValue>
  <variableValue variable="DIS_AMI">
    <value valueType="integer">0</value>
  </variableValue>
  <variableValue variable="GENDER">
    <value valueType="integer">1</value>
  </variableValue>
  <variableValue variable="PM_BMI_CATEGORICAL">
    <value valueType="integer">2</value>
  </variableValue>
</valueSet>