<valueSet valueTable="DASIM1" entityType="Participant" entityIdentifier="1631">
  <variableValue variable="LAB_TSC">
    <value valueType="decimal">6.1010738691</value>
  </variableValue>
  <variableValue variable="LAB_TRIG">
    <value valueType="decimal">2.5903578181</value>
  </variableValue>
  <variableValue variable="LAB_HDL">
    <value valueType="decimal">1.9422316641</value>
  </variableValue>
  <variableValue variable="LAB_GLUC_FASTING">
    <value valueType="decimal">4.0060370599</value>
  </variableValue>
  <variableValue variable="PM_BMI_CONTINUOUS">
    <value valueType="decimal">26.1156655221</value>
  </variableValue>
  <variableValue variable="DIS_CVA">
    <value valueType="integer">0</value>
  </variableValue>
  <variableValue variable="DIS_DIAB">
    <value valueType="integer">0</value>
  </variableValue>
  <variableValue variable="DIS_AMI">
    <value valueType="integer">0</value>
  </variableValue>
  <variableValue variable="GENDER">
    <value valueType="integer">0</value>
  </variableValue>
  <variableValue variable="PM_BMI_CATEGORICAL">
    <value valueType="integer">2</value>
  </variableValue>
</valueSet>