<valueSet valueTable="DASIM1" entityType="Participant" entityIdentifier="1545">
  <variableValue variable="LAB_TSC">
    <value valueType="decimal">6.2717210423</value>
  </variableValue>
  <variableValue variable="LAB_TRIG">
    <value valueType="decimal">1.604865671</value>
  </variableValue>
  <variableValue variable="LAB_HDL">
    <value valueType="decimal">1.6519480102</value>
  </variableValue>
  <variableValue variable="LAB_GLUC_FASTING">
    <value valueType="decimal">5.054025189</value>
  </variableValue>
  <variableValue variable="PM_BMI_CONTINUOUS">
    <value valueType="decimal">32.8009450589</value>
  </variableValue>
  <variableValue variable="DIS_CVA">
    <value valueType="integer">0</value>
  </variableValue>
  <variableValue variable="DIS_DIAB">
    <value valueType="integer">0</value>
  </variableValue>
  <variableValue variable="DIS_AMI">
    <value valueType="integer">0</value>
  </variableValue>
  <variableValue variable="GENDER">
    <value valueType="integer">1</value>
  </variableValue>
  <variableValue variable="PM_BMI_CATEGORICAL">
    <value valueType="integer">3</value>
  </variableValue>
</valueSet>