<valueSet valueTable="DASIM1" entityType="Participant" entityIdentifier="1050">
  <variableValue variable="LAB_TSC">
    <value valueType="decimal">7.1485524435</value>
  </variableValue>
  <variableValue variable="LAB_TRIG">
    <value valueType="decimal">0.7581991449</value>
  </variableValue>
  <variableValue variable="LAB_HDL">
    <value valueType="decimal">1.6760699196</value>
  </variableValue>
  <variableValue variable="LAB_GLUC_FASTING">
    <value valueType="decimal">4.974983383</value>
  </variableValue>
  <variableValue variable="PM_BMI_CONTINUOUS">
    <value valueType="decimal">29.422203826</value>
  </variableValue>
  <variableValue variable="DIS_CVA">
    <value valueType="integer">0</value>
  </variableValue>
  <variableValue variable="DIS_DIAB">
    <value valueType="integer">0</value>
  </variableValue>
  <variableValue variable="DIS_AMI">
    <value valueType="integer">0</value>
  </variableValue>
  <variableValue variable="GENDER">
    <value valueType="integer">1</value>
  </variableValue>
  <variableValue variable="PM_BMI_CATEGORICAL">
    <value valueType="integer">2</value>
  </variableValue>
</valueSet>