<valueSet valueTable="DASIM1" entityType="Participant" entityIdentifier="2306">
  <variableValue variable="LAB_TSC">
    <value valueType="decimal">6.5883583877</value>
  </variableValue>
  <variableValue variable="LAB_TRIG">
    <value valueType="decimal">2.5894343792</value>
  </variableValue>
  <variableValue variable="LAB_HDL">
    <value valueType="decimal">1.6605090541</value>
  </variableValue>
  <variableValue variable="LAB_GLUC_FASTING">
    <value valueType="decimal">4.1512134527</value>
  </variableValue>
  <variableValue variable="PM_BMI_CONTINUOUS">
    <value valueType="decimal">24.5305352771</value>
  </variableValue>
  <variableValue variable="DIS_CVA">
    <value valueType="integer">0</value>
  </variableValue>
  <variableValue variable="DIS_DIAB">
    <value valueType="integer">0</value>
  </variableValue>
  <variableValue variable="DIS_AMI">
    <value valueType="integer">0</value>
  </variableValue>
  <variableValue variable="GENDER">
    <value valueType="integer">0</value>
  </variableValue>
  <variableValue variable="PM_BMI_CATEGORICAL">
    <value valueType="integer">1</value>
  </variableValue>
</valueSet>