<valueSet valueTable="DASIM1" entityType="Participant" entityIdentifier="2400">
  <variableValue variable="LAB_TSC">
    <value valueType="decimal">6.8943471163</value>
  </variableValue>
  <variableValue variable="LAB_TRIG">
    <value valueType="decimal">1.1970907556</value>
  </variableValue>
  <variableValue variable="LAB_HDL">
    <value valueType="decimal">1.658651826</value>
  </variableValue>
  <variableValue variable="LAB_GLUC_FASTING">
    <value valueType="decimal">4.0078950193</value>
  </variableValue>
  <variableValue variable="PM_BMI_CONTINUOUS">
    <value valueType="decimal">22.5309476754</value>
  </variableValue>
  <variableValue variable="DIS_CVA">
    <value valueType="integer">0</value>
  </variableValue>
  <variableValue variable="DIS_DIAB">
    <value valueType="integer">0</value>
  </variableValue>
  <variableValue variable="DIS_AMI">
    <value valueType="integer">0</value>
  </variableValue>
  <variableValue variable="GENDER">
    <value valueType="integer">1</value>
  </variableValue>
  <variableValue variable="PM_BMI_CATEGORICAL">
    <value valueType="integer">1</value>
  </variableValue>
</valueSet>