<valueSet valueTable="DASIM1" entityType="Participant" entityIdentifier="5078">
  <variableValue variable="LAB_TSC">
    <value valueType="decimal">6.5947350125</value>
  </variableValue>
  <variableValue variable="LAB_TRIG">
    <value valueType="decimal">2.8701992694</value>
  </variableValue>
  <variableValue variable="LAB_HDL">
    <value valueType="decimal">1.660738965</value>
  </variableValue>
  <variableValue variable="LAB_GLUC_FASTING">
    <value valueType="decimal">5.148895455</value>
  </variableValue>
  <variableValue variable="PM_BMI_CONTINUOUS">
    <value valueType="decimal">29.9505520429</value>
  </variableValue>
  <variableValue variable="DIS_CVA">
    <value valueType="integer">0</value>
  </variableValue>
  <variableValue variable="DIS_DIAB">
    <value valueType="integer">0</value>
  </variableValue>
  <variableValue variable="DIS_AMI">
    <value valueType="integer">0</value>
  </variableValue>
  <variableValue variable="GENDER">
    <value valueType="integer">0</value>
  </variableValue>
  <variableValue variable="PM_BMI_CATEGORICAL">
    <value valueType="integer">2</value>
  </variableValue>
</valueSet>