<valueSet valueTable="DASIM1" entityType="Participant" entityIdentifier="2664">
  <variableValue variable="LAB_TSC">
    <value valueType="decimal">7.4684818575</value>
  </variableValue>
  <variableValue variable="LAB_TRIG">
    <value valueType="decimal">2.2543190808</value>
  </variableValue>
  <variableValue variable="LAB_HDL">
    <value valueType="decimal">0.8065054515</value>
  </variableValue>
  <variableValue variable="LAB_GLUC_FASTING">
    <value valueType="decimal">4.7007735569</value>
  </variableValue>
  <variableValue variable="PM_BMI_CONTINUOUS">
    <value valueType="decimal">26.7914320383</value>
  </variableValue>
  <variableValue variable="DIS_CVA">
    <value valueType="integer">0</value>
  </variableValue>
  <variableValue variable="DIS_DIAB">
    <value valueType="integer">0</value>
  </variableValue>
  <variableValue variable="DIS_AMI">
    <value valueType="integer">0</value>
  </variableValue>
  <variableValue variable="GENDER">
    <value valueType="integer">0</value>
  </variableValue>
  <variableValue variable="PM_BMI_CATEGORICAL">
    <value valueType="integer">2</value>
  </variableValue>
</valueSet>