<valueSet valueTable="DASIM1" entityType="Participant" entityIdentifier="1263">
  <variableValue variable="LAB_TSC">
    <value valueType="decimal">6.8129393263</value>
  </variableValue>
  <variableValue variable="LAB_TRIG">
    <value valueType="decimal">3.7914753859</value>
  </variableValue>
  <variableValue variable="LAB_HDL">
    <value valueType="decimal">1.4008403272</value>
  </variableValue>
  <variableValue variable="LAB_GLUC_FASTING">
    <value valueType="decimal">4.759411718</value>
  </variableValue>
  <variableValue variable="PM_BMI_CONTINUOUS">
    <value valueType="decimal">27.3716744195</value>
  </variableValue>
  <variableValue variable="DIS_CVA">
    <value valueType="integer">0</value>
  </variableValue>
  <variableValue variable="DIS_DIAB">
    <value valueType="integer">0</value>
  </variableValue>
  <variableValue variable="DIS_AMI">
    <value valueType="integer">0</value>
  </variableValue>
  <variableValue variable="GENDER">
    <value valueType="integer">0</value>
  </variableValue>
  <variableValue variable="PM_BMI_CATEGORICAL">
    <value valueType="integer">2</value>
  </variableValue>
</valueSet>