<valueSet valueTable="DASIM1" entityType="Participant" entityIdentifier="1000">
  <variableValue variable="LAB_TSC">
    <value valueType="decimal">6.1917622669</value>
  </variableValue>
  <variableValue variable="LAB_TRIG">
    <value valueType="decimal">0.7142312183</value>
  </variableValue>
  <variableValue variable="LAB_HDL">
    <value valueType="decimal">1.9223803589</value>
  </variableValue>
  <variableValue variable="LAB_GLUC_FASTING">
    <value valueType="decimal">5.3209138304</value>
  </variableValue>
  <variableValue variable="PM_BMI_CONTINUOUS">
    <value valueType="decimal">17.0794375459</value>
  </variableValue>
  <variableValue variable="DIS_CVA">
    <value valueType="integer">0</value>
  </variableValue>
  <variableValue variable="DIS_DIAB">
    <value valueType="integer">0</value>
  </variableValue>
  <variableValue variable="DIS_AMI">
    <value valueType="integer">0</value>
  </variableValue>
  <variableValue variable="GENDER">
    <value valueType="integer">1</value>
  </variableValue>
  <variableValue variable="PM_BMI_CATEGORICAL">
    <value valueType="integer">1</value>
  </variableValue>
</valueSet>