<valueSet valueTable="DASIM1" entityType="Participant" entityIdentifier="1170">
  <variableValue variable="LAB_TSC">
    <value valueType="decimal">6.2045558482</value>
  </variableValue>
  <variableValue variable="LAB_TRIG">
    <value valueType="decimal">4.6324102488</value>
  </variableValue>
  <variableValue variable="LAB_HDL">
    <value valueType="decimal">0.5505008151</value>
  </variableValue>
  <variableValue variable="LAB_GLUC_FASTING">
    <value valueType="decimal">5.1269210901</value>
  </variableValue>
  <variableValue variable="PM_BMI_CONTINUOUS">
    <value valueType="decimal">30.3072268677</value>
  </variableValue>
  <variableValue variable="DIS_CVA">
    <value valueType="integer">0</value>
  </variableValue>
  <variableValue variable="DIS_DIAB">
    <value valueType="integer">0</value>
  </variableValue>
  <variableValue variable="DIS_AMI">
    <value valueType="integer">0</value>
  </variableValue>
  <variableValue variable="GENDER">
    <value valueType="integer">0</value>
  </variableValue>
  <variableValue variable="PM_BMI_CATEGORICAL">
    <value valueType="integer">3</value>
  </variableValue>
</valueSet>