<valueSet valueTable="DASIM1" entityType="Participant" entityIdentifier="1001">
  <variableValue variable="LAB_TSC">
    <value valueType="decimal">5.3053171631</value>
  </variableValue>
  <variableValue variable="LAB_TRIG">
    <value valueType="decimal">2.4100409285</value>
  </variableValue>
  <variableValue variable="LAB_HDL">
    <value valueType="decimal">1.2860963644</value>
  </variableValue>
  <variableValue variable="LAB_GLUC_FASTING">
    <value valueType="decimal">4.5042478738</value>
  </variableValue>
  <variableValue variable="PM_BMI_CONTINUOUS">
    <value valueType="decimal">32.5596510701</value>
  </variableValue>
  <variableValue variable="DIS_CVA">
    <value valueType="integer">0</value>
  </variableValue>
  <variableValue variable="DIS_DIAB">
    <value valueType="integer">0</value>
  </variableValue>
  <variableValue variable="DIS_AMI">
    <value valueType="integer">0</value>
  </variableValue>
  <variableValue variable="GENDER">
    <value valueType="integer">1</value>
  </variableValue>
  <variableValue variable="PM_BMI_CATEGORICAL">
    <value valueType="integer">3</value>
  </variableValue>
</valueSet>