<valueSet valueTable="DASIM1" entityType="Participant" entityIdentifier="1294">
  <variableValue variable="LAB_TSC">
    <value valueType="decimal">7.1351632141</value>
  </variableValue>
  <variableValue variable="LAB_TRIG">
    <value valueType="decimal">3.3912858288</value>
  </variableValue>
  <variableValue variable="LAB_HDL">
    <value valueType="decimal">1.6560576757</value>
  </variableValue>
  <variableValue variable="LAB_GLUC_FASTING">
    <value valueType="decimal">4.5704474791</value>
  </variableValue>
  <variableValue variable="PM_BMI_CONTINUOUS">
    <value valueType="decimal">28.8207419231</value>
  </variableValue>
  <variableValue variable="DIS_CVA">
    <value valueType="integer">0</value>
  </variableValue>
  <variableValue variable="DIS_DIAB">
    <value valueType="integer">0</value>
  </variableValue>
  <variableValue variable="DIS_AMI">
    <value valueType="integer">0</value>
  </variableValue>
  <variableValue variable="GENDER">
    <value valueType="integer">1</value>
  </variableValue>
  <variableValue variable="PM_BMI_CATEGORICAL">
    <value valueType="integer">2</value>
  </variableValue>
</valueSet>