<valueSet valueTable="DASIM1" entityType="Participant" entityIdentifier="115">
  <variableValue variable="LAB_TSC">
    <value valueType="decimal">5.173036653</value>
  </variableValue>
  <variableValue variable="LAB_TRIG">
    <value valueType="decimal">0.1297071606</value>
  </variableValue>
  <variableValue variable="LAB_HDL">
    <value valueType="decimal">1.5575315877</value>
  </variableValue>
  <variableValue variable="LAB_GLUC_FASTING">
    <value valueType="decimal">5.0643968724</value>
  </variableValue>
  <variableValue variable="PM_BMI_CONTINUOUS">
    <value valueType="decimal">25.8743751099</value>
  </variableValue>
  <variableValue variable="DIS_CVA">
    <value valueType="integer">0</value>
  </variableValue>
  <variableValue variable="DIS_DIAB">
    <value valueType="integer">0</value>
  </variableValue>
  <variableValue variable="DIS_AMI">
    <value valueType="integer">0</value>
  </variableValue>
  <variableValue variable="GENDER">
    <value valueType="integer">0</value>
  </variableValue>
  <variableValue variable="PM_BMI_CATEGORICAL">
    <value valueType="integer">2</value>
  </variableValue>
</valueSet>