<valueSet valueTable="DASIM1" entityType="Participant" entityIdentifier="2350">
  <variableValue variable="LAB_TSC">
    <value valueType="decimal">5.1014248428</value>
  </variableValue>
  <variableValue variable="LAB_TRIG">
    <value valueType="decimal">2.5993336823</value>
  </variableValue>
  <variableValue variable="LAB_HDL">
    <value valueType="decimal">1.3723329246</value>
  </variableValue>
  <variableValue variable="LAB_GLUC_FASTING">
    <value valueType="decimal">4.1046676106</value>
  </variableValue>
  <variableValue variable="PM_BMI_CONTINUOUS">
    <value valueType="decimal">30.4442735924</value>
  </variableValue>
  <variableValue variable="DIS_CVA">
    <value valueType="integer">0</value>
  </variableValue>
  <variableValue variable="DIS_DIAB">
    <value valueType="integer">0</value>
  </variableValue>
  <variableValue variable="DIS_AMI">
    <value valueType="integer">0</value>
  </variableValue>
  <variableValue variable="GENDER">
    <value valueType="integer">1</value>
  </variableValue>
  <variableValue variable="PM_BMI_CATEGORICAL">
    <value valueType="integer">3</value>
  </variableValue>
</valueSet>