<valueSet valueTable="DASIM1" entityType="Participant" entityIdentifier="2526">
  <variableValue variable="LAB_TSC">
    <value valueType="decimal">5.7046914696</value>
  </variableValue>
  <variableValue variable="LAB_TRIG">
    <value valueType="decimal">2.3560227794</value>
  </variableValue>
  <variableValue variable="LAB_HDL">
    <value valueType="decimal">1.5843059796</value>
  </variableValue>
  <variableValue variable="LAB_GLUC_FASTING">
    <value valueType="decimal">3.5685892748</value>
  </variableValue>
  <variableValue variable="PM_BMI_CONTINUOUS">
    <value valueType="decimal">25.2255123962</value>
  </variableValue>
  <variableValue variable="DIS_CVA">
    <value valueType="integer">0</value>
  </variableValue>
  <variableValue variable="DIS_DIAB">
    <value valueType="integer">0</value>
  </variableValue>
  <variableValue variable="DIS_AMI">
    <value valueType="integer">0</value>
  </variableValue>
  <variableValue variable="GENDER">
    <value valueType="integer">0</value>
  </variableValue>
  <variableValue variable="PM_BMI_CATEGORICAL">
    <value valueType="integer">2</value>
  </variableValue>
</valueSet>