<valueSet valueTable="DASIM1" entityType="Participant" entityIdentifier="103">
  <variableValue variable="LAB_TSC">
    <value valueType="decimal">6.9284270201</value>
  </variableValue>
  <variableValue variable="LAB_TRIG">
    <value valueType="decimal">2.5300955321</value>
  </variableValue>
  <variableValue variable="LAB_HDL">
    <value valueType="decimal">1.746215584</value>
  </variableValue>
  <variableValue variable="LAB_GLUC_FASTING">
    <value valueType="decimal">4.3341534011</value>
  </variableValue>
  <variableValue variable="PM_BMI_CONTINUOUS">
    <value valueType="decimal">24.959376797</value>
  </variableValue>
  <variableValue variable="DIS_CVA">
    <value valueType="integer">0</value>
  </variableValue>
  <variableValue variable="DIS_DIAB">
    <value valueType="integer">0</value>
  </variableValue>
  <variableValue variable="DIS_AMI">
    <value valueType="integer">0</value>
  </variableValue>
  <variableValue variable="GENDER">
    <value valueType="integer">0</value>
  </variableValue>
  <variableValue variable="PM_BMI_CATEGORICAL">
    <value valueType="integer">1</value>
  </variableValue>
</valueSet>