<valueSet valueTable="DASIM1" entityType="Participant" entityIdentifier="3642">
  <variableValue variable="LAB_TSC">
    <value valueType="decimal">6.3508354364</value>
  </variableValue>
  <variableValue variable="LAB_TRIG">
    <value valueType="decimal">1.6653159569</value>
  </variableValue>
  <variableValue variable="LAB_HDL">
    <value valueType="decimal">1.956092756</value>
  </variableValue>
  <variableValue variable="LAB_GLUC_FASTING">
    <value valueType="decimal">3.492353521</value>
  </variableValue>
  <variableValue variable="PM_BMI_CONTINUOUS">
    <value valueType="decimal">30.3686876495</value>
  </variableValue>
  <variableValue variable="DIS_CVA">
    <value valueType="integer">0</value>
  </variableValue>
  <variableValue variable="DIS_DIAB">
    <value valueType="integer">0</value>
  </variableValue>
  <variableValue variable="DIS_AMI">
    <value valueType="integer">0</value>
  </variableValue>
  <variableValue variable="GENDER">
    <value valueType="integer">1</value>
  </variableValue>
  <variableValue variable="PM_BMI_CATEGORICAL">
    <value valueType="integer">3</value>
  </variableValue>
</valueSet>