<valueSet valueTable="DASIM1" entityType="Participant" entityIdentifier="108">
  <variableValue variable="LAB_TSC">
    <value valueType="decimal">5.6072792827</value>
  </variableValue>
  <variableValue variable="LAB_TRIG">
    <value valueType="decimal">3.3516964465</value>
  </variableValue>
  <variableValue variable="LAB_HDL">
    <value valueType="decimal">1.463400129</value>
  </variableValue>
  <variableValue variable="LAB_GLUC_FASTING">
    <value valueType="decimal">5.2575446167</value>
  </variableValue>
  <variableValue variable="PM_BMI_CONTINUOUS">
    <value valueType="decimal">25.3750891873</value>
  </variableValue>
  <variableValue variable="DIS_CVA">
    <value valueType="integer">0</value>
  </variableValue>
  <variableValue variable="DIS_DIAB">
    <value valueType="integer">0</value>
  </variableValue>
  <variableValue variable="DIS_AMI">
    <value valueType="integer">0</value>
  </variableValue>
  <variableValue variable="GENDER">
    <value valueType="integer">0</value>
  </variableValue>
  <variableValue variable="PM_BMI_CATEGORICAL">
    <value valueType="integer">2</value>
  </variableValue>
</valueSet>