<valueSet valueTable="DASIM1" entityType="Participant" entityIdentifier="1333">
  <variableValue variable="LAB_TSC">
    <value valueType="decimal">6.0391706087</value>
  </variableValue>
  <variableValue variable="LAB_TRIG">
    <value valueType="decimal">3.4951199825</value>
  </variableValue>
  <variableValue variable="LAB_HDL">
    <value valueType="decimal">1.3362048201</value>
  </variableValue>
  <variableValue variable="LAB_GLUC_FASTING">
    <value valueType="decimal">4.3345055723</value>
  </variableValue>
  <variableValue variable="PM_BMI_CONTINUOUS">
    <value valueType="decimal">27.7287186589</value>
  </variableValue>
  <variableValue variable="DIS_CVA">
    <value valueType="integer">0</value>
  </variableValue>
  <variableValue variable="DIS_DIAB">
    <value valueType="integer">0</value>
  </variableValue>
  <variableValue variable="DIS_AMI">
    <value valueType="integer">0</value>
  </variableValue>
  <variableValue variable="GENDER">
    <value valueType="integer">0</value>
  </variableValue>
  <variableValue variable="PM_BMI_CATEGORICAL">
    <value valueType="integer">2</value>
  </variableValue>
</valueSet>