<valueSet valueTable="DASIM1" entityType="Participant" entityIdentifier="1191">
  <variableValue variable="LAB_TSC">
    <value valueType="decimal">6.6312597554</value>
  </variableValue>
  <variableValue variable="LAB_TRIG">
    <value valueType="decimal">1.861496206</value>
  </variableValue>
  <variableValue variable="LAB_HDL">
    <value valueType="decimal">1.778240372</value>
  </variableValue>
  <variableValue variable="LAB_GLUC_FASTING">
    <value valueType="decimal">4.2285077936</value>
  </variableValue>
  <variableValue variable="PM_BMI_CONTINUOUS">
    <value valueType="decimal">24.1957986395</value>
  </variableValue>
  <variableValue variable="DIS_CVA">
    <value valueType="integer">0</value>
  </variableValue>
  <variableValue variable="DIS_DIAB">
    <value valueType="integer">0</value>
  </variableValue>
  <variableValue variable="DIS_AMI">
    <value valueType="integer">0</value>
  </variableValue>
  <variableValue variable="GENDER">
    <value valueType="integer">0</value>
  </variableValue>
  <variableValue variable="PM_BMI_CATEGORICAL">
    <value valueType="integer">1</value>
  </variableValue>
</valueSet>