<valueSet valueTable="DASIM1" entityType="Participant" entityIdentifier="1236">
  <variableValue variable="LAB_TSC">
    <value valueType="decimal">6.8643675076</value>
  </variableValue>
  <variableValue variable="LAB_TRIG">
    <value valueType="decimal">1.9266766902</value>
  </variableValue>
  <variableValue variable="LAB_HDL">
    <value valueType="decimal">2.0805491231</value>
  </variableValue>
  <variableValue variable="LAB_GLUC_FASTING">
    <value valueType="decimal">5.3927266356</value>
  </variableValue>
  <variableValue variable="PM_BMI_CONTINUOUS">
    <value valueType="decimal">24.1146437868</value>
  </variableValue>
  <variableValue variable="DIS_CVA">
    <value valueType="integer">0</value>
  </variableValue>
  <variableValue variable="DIS_DIAB">
    <value valueType="integer">0</value>
  </variableValue>
  <variableValue variable="DIS_AMI">
    <value valueType="integer">0</value>
  </variableValue>
  <variableValue variable="GENDER">
    <value valueType="integer">1</value>
  </variableValue>
  <variableValue variable="PM_BMI_CATEGORICAL">
    <value valueType="integer">1</value>
  </variableValue>
</valueSet>