<valueSet valueTable="DASIM1" entityType="Participant" entityIdentifier="1310">
  <variableValue variable="LAB_TSC">
    <value valueType="decimal">6.9433776372</value>
  </variableValue>
  <variableValue variable="LAB_TRIG">
    <value valueType="decimal">3.1228922082</value>
  </variableValue>
  <variableValue variable="LAB_HDL">
    <value valueType="decimal">1.5954416043</value>
  </variableValue>
  <variableValue variable="LAB_GLUC_FASTING">
    <value valueType="decimal">3.5874199476</value>
  </variableValue>
  <variableValue variable="PM_BMI_CONTINUOUS">
    <value valueType="decimal">32.1291709323</value>
  </variableValue>
  <variableValue variable="DIS_CVA">
    <value valueType="integer">0</value>
  </variableValue>
  <variableValue variable="DIS_DIAB">
    <value valueType="integer">0</value>
  </variableValue>
  <variableValue variable="DIS_AMI">
    <value valueType="integer">0</value>
  </variableValue>
  <variableValue variable="GENDER">
    <value valueType="integer">0</value>
  </variableValue>
  <variableValue variable="PM_BMI_CATEGORICAL">
    <value valueType="integer">3</value>
  </variableValue>
</valueSet>