<valueSet valueTable="DASIM1" entityType="Participant" entityIdentifier="1075">
  <variableValue variable="LAB_TSC">
    <value valueType="decimal">5.1895354058</value>
  </variableValue>
  <variableValue variable="LAB_TRIG">
    <value valueType="decimal">1.3796083938</value>
  </variableValue>
  <variableValue variable="LAB_HDL">
    <value valueType="decimal">1.2042092342</value>
  </variableValue>
  <variableValue variable="LAB_GLUC_FASTING">
    <value valueType="decimal">4.8261952937</value>
  </variableValue>
  <variableValue variable="PM_BMI_CONTINUOUS">
    <value valueType="decimal">27.5030632664</value>
  </variableValue>
  <variableValue variable="DIS_CVA">
    <value valueType="integer">0</value>
  </variableValue>
  <variableValue variable="DIS_DIAB">
    <value valueType="integer">0</value>
  </variableValue>
  <variableValue variable="DIS_AMI">
    <value valueType="integer">0</value>
  </variableValue>
  <variableValue variable="GENDER">
    <value valueType="integer">0</value>
  </variableValue>
  <variableValue variable="PM_BMI_CATEGORICAL">
    <value valueType="integer">2</value>
  </variableValue>
</valueSet>