<valueSet valueTable="DASIM1" entityType="Participant" entityIdentifier="1056">
  <variableValue variable="LAB_TSC">
    <value valueType="decimal">3.8161523039</value>
  </variableValue>
  <variableValue variable="LAB_TRIG">
    <value valueType="decimal">2.532827323</value>
  </variableValue>
  <variableValue variable="LAB_HDL">
    <value valueType="decimal">0.9101114075</value>
  </variableValue>
  <variableValue variable="LAB_GLUC_FASTING">
    <value valueType="decimal">3.4674873337</value>
  </variableValue>
  <variableValue variable="PM_BMI_CONTINUOUS">
    <value valueType="decimal">21.3173381213</value>
  </variableValue>
  <variableValue variable="DIS_CVA">
    <value valueType="integer">0</value>
  </variableValue>
  <variableValue variable="DIS_DIAB">
    <value valueType="integer">0</value>
  </variableValue>
  <variableValue variable="DIS_AMI">
    <value valueType="integer">0</value>
  </variableValue>
  <variableValue variable="GENDER">
    <value valueType="integer">1</value>
  </variableValue>
  <variableValue variable="PM_BMI_CATEGORICAL">
    <value valueType="integer">1</value>
  </variableValue>
</valueSet>