<valueSet valueTable="DASIM1" entityType="Participant" entityIdentifier="104">
  <variableValue variable="LAB_TSC">
    <value valueType="decimal">6.8554314866</value>
  </variableValue>
  <variableValue variable="LAB_TRIG">
    <value valueType="decimal">1.0181242305</value>
  </variableValue>
  <variableValue variable="LAB_HDL">
    <value valueType="decimal">1.7206330799</value>
  </variableValue>
  <variableValue variable="LAB_GLUC_FASTING">
    <value valueType="decimal">4.7298749963</value>
  </variableValue>
  <variableValue variable="PM_BMI_CONTINUOUS">
    <value valueType="decimal">31.3985305284</value>
  </variableValue>
  <variableValue variable="DIS_CVA">
    <value valueType="integer">0</value>
  </variableValue>
  <variableValue variable="DIS_DIAB">
    <value valueType="integer">0</value>
  </variableValue>
  <variableValue variable="DIS_AMI">
    <value valueType="integer">0</value>
  </variableValue>
  <variableValue variable="GENDER">
    <value valueType="integer">0</value>
  </variableValue>
  <variableValue variable="PM_BMI_CATEGORICAL">
    <value valueType="integer">3</value>
  </variableValue>
</valueSet>