<valueSet valueTable="DASIM1" entityType="Participant" entityIdentifier="1359">
  <variableValue variable="LAB_TSC">
    <value valueType="decimal">5.5079333796</value>
  </variableValue>
  <variableValue variable="LAB_TRIG">
    <value valueType="decimal">2.4946858054</value>
  </variableValue>
  <variableValue variable="LAB_HDL">
    <value valueType="decimal">1.1769966297</value>
  </variableValue>
  <variableValue variable="LAB_GLUC_FASTING">
    <value valueType="decimal">6.0013231494</value>
  </variableValue>
  <variableValue variable="PM_BMI_CONTINUOUS">
    <value valueType="decimal">36.7751054738</value>
  </variableValue>
  <variableValue variable="DIS_CVA">
    <value valueType="integer">0</value>
  </variableValue>
  <variableValue variable="DIS_DIAB">
    <value valueType="integer">0</value>
  </variableValue>
  <variableValue variable="DIS_AMI">
    <value valueType="integer">0</value>
  </variableValue>
  <variableValue variable="GENDER">
    <value valueType="integer">0</value>
  </variableValue>
  <variableValue variable="PM_BMI_CATEGORICAL">
    <value valueType="integer">3</value>
  </variableValue>
</valueSet>