<valueSet valueTable="DASIM1" entityType="Participant" entityIdentifier="2621">
  <variableValue variable="LAB_TSC">
    <value valueType="decimal">7.1422347099</value>
  </variableValue>
  <variableValue variable="LAB_TRIG">
    <value valueType="decimal">3.9430410019</value>
  </variableValue>
  <variableValue variable="LAB_HDL">
    <value valueType="decimal">1.215312653</value>
  </variableValue>
  <variableValue variable="LAB_GLUC_FASTING">
    <value valueType="decimal">4.2263876866</value>
  </variableValue>
  <variableValue variable="PM_BMI_CONTINUOUS">
    <value valueType="decimal">27.6748161886</value>
  </variableValue>
  <variableValue variable="DIS_CVA">
    <value valueType="integer">0</value>
  </variableValue>
  <variableValue variable="DIS_DIAB">
    <value valueType="integer">0</value>
  </variableValue>
  <variableValue variable="DIS_AMI">
    <value valueType="integer">0</value>
  </variableValue>
  <variableValue variable="GENDER">
    <value valueType="integer">0</value>
  </variableValue>
  <variableValue variable="PM_BMI_CATEGORICAL">
    <value valueType="integer">2</value>
  </variableValue>
</valueSet>