<valueSet valueTable="DASIM1" entityType="Participant" entityIdentifier="2659">
  <variableValue variable="LAB_TSC">
    <value valueType="decimal">7.0586196072</value>
  </variableValue>
  <variableValue variable="LAB_TRIG">
    <value valueType="decimal">4.2514117404</value>
  </variableValue>
  <variableValue variable="LAB_HDL">
    <value valueType="decimal">0.9620098618</value>
  </variableValue>
  <variableValue variable="LAB_GLUC_FASTING">
    <value valueType="decimal">5.3594287503</value>
  </variableValue>
  <variableValue variable="PM_BMI_CONTINUOUS">
    <value valueType="decimal">28.6070327341</value>
  </variableValue>
  <variableValue variable="DIS_CVA">
    <value valueType="integer">0</value>
  </variableValue>
  <variableValue variable="DIS_DIAB">
    <value valueType="integer">0</value>
  </variableValue>
  <variableValue variable="DIS_AMI">
    <value valueType="integer">0</value>
  </variableValue>
  <variableValue variable="GENDER">
    <value valueType="integer">0</value>
  </variableValue>
  <variableValue variable="PM_BMI_CATEGORICAL">
    <value valueType="integer">2</value>
  </variableValue>
</valueSet>