<valueSet valueTable="DASIM1" entityType="Participant" entityIdentifier="1134">
  <variableValue variable="LAB_TSC">
    <value valueType="decimal">6.0056865654</value>
  </variableValue>
  <variableValue variable="LAB_TRIG">
    <value valueType="decimal">3.0880817937</value>
  </variableValue>
  <variableValue variable="LAB_HDL">
    <value valueType="decimal">1.8456032195</value>
  </variableValue>
  <variableValue variable="LAB_GLUC_FASTING">
    <value valueType="decimal">4.8875181169</value>
  </variableValue>
  <variableValue variable="PM_BMI_CONTINUOUS">
    <value valueType="decimal">25.081268939</value>
  </variableValue>
  <variableValue variable="DIS_CVA">
    <value valueType="integer">0</value>
  </variableValue>
  <variableValue variable="DIS_DIAB">
    <value valueType="integer">0</value>
  </variableValue>
  <variableValue variable="DIS_AMI">
    <value valueType="integer">0</value>
  </variableValue>
  <variableValue variable="GENDER">
    <value valueType="integer">1</value>
  </variableValue>
  <variableValue variable="PM_BMI_CATEGORICAL">
    <value valueType="integer">2</value>
  </variableValue>
</valueSet>