<valueSet valueTable="DASIM1" entityType="Participant" entityIdentifier="5648">
  <variableValue variable="LAB_TSC">
    <value valueType="decimal">4.3393954389</value>
  </variableValue>
  <variableValue variable="LAB_TRIG">
    <value valueType="decimal">2.9417758559</value>
  </variableValue>
  <variableValue variable="LAB_HDL">
    <value valueType="decimal">0.4844688984</value>
  </variableValue>
  <variableValue variable="LAB_GLUC_FASTING">
    <value valueType="decimal">4.3107457031</value>
  </variableValue>
  <variableValue variable="PM_BMI_CONTINUOUS">
    <value valueType="decimal">28.1259670665</value>
  </variableValue>
  <variableValue variable="DIS_CVA">
    <value valueType="integer">0</value>
  </variableValue>
  <variableValue variable="DIS_DIAB">
    <value valueType="integer">0</value>
  </variableValue>
  <variableValue variable="DIS_AMI">
    <value valueType="integer">0</value>
  </variableValue>
  <variableValue variable="GENDER">
    <value valueType="integer">0</value>
  </variableValue>
  <variableValue variable="PM_BMI_CATEGORICAL">
    <value valueType="integer">2</value>
  </variableValue>
</valueSet>