<valueSet valueTable="DASIM1" entityType="Participant" entityIdentifier="1291">
  <variableValue variable="LAB_TSC">
    <value valueType="decimal">5.3345142263</value>
  </variableValue>
  <variableValue variable="LAB_TRIG">
    <value valueType="decimal">1.254188187</value>
  </variableValue>
  <variableValue variable="LAB_HDL">
    <value valueType="decimal">1.5663530981</value>
  </variableValue>
  <variableValue variable="LAB_GLUC_FASTING">
    <value valueType="decimal">5.0258977131</value>
  </variableValue>
  <variableValue variable="PM_BMI_CONTINUOUS">
    <value valueType="decimal">18.0565707501</value>
  </variableValue>
  <variableValue variable="DIS_CVA">
    <value valueType="integer">0</value>
  </variableValue>
  <variableValue variable="DIS_DIAB">
    <value valueType="integer">0</value>
  </variableValue>
  <variableValue variable="DIS_AMI">
    <value valueType="integer">0</value>
  </variableValue>
  <variableValue variable="GENDER">
    <value valueType="integer">0</value>
  </variableValue>
  <variableValue variable="PM_BMI_CATEGORICAL">
    <value valueType="integer">1</value>
  </variableValue>
</valueSet>