<valueSet valueTable="DASIM1" entityType="Participant" entityIdentifier="1131">
  <variableValue variable="LAB_TSC">
    <value valueType="decimal">5.4351460776</value>
  </variableValue>
  <variableValue variable="LAB_TRIG">
    <value valueType="decimal">2.693540919</value>
  </variableValue>
  <variableValue variable="LAB_HDL">
    <value valueType="decimal">1.5829184144</value>
  </variableValue>
  <variableValue variable="LAB_GLUC_FASTING">
    <value valueType="decimal">4.9784363149</value>
  </variableValue>
  <variableValue variable="PM_BMI_CONTINUOUS">
    <value valueType="decimal">28.7220383479</value>
  </variableValue>
  <variableValue variable="DIS_CVA">
    <value valueType="integer">0</value>
  </variableValue>
  <variableValue variable="DIS_DIAB">
    <value valueType="integer">0</value>
  </variableValue>
  <variableValue variable="DIS_AMI">
    <value valueType="integer">0</value>
  </variableValue>
  <variableValue variable="GENDER">
    <value valueType="integer">0</value>
  </variableValue>
  <variableValue variable="PM_BMI_CATEGORICAL">
    <value valueType="integer">2</value>
  </variableValue>
</valueSet>