<valueSet valueTable="DASIM1" entityType="Participant" entityIdentifier="1408">
  <variableValue variable="LAB_TSC">
    <value valueType="decimal">7.9791026614</value>
  </variableValue>
  <variableValue variable="LAB_TRIG">
    <value valueType="decimal">2.8319183054</value>
  </variableValue>
  <variableValue variable="LAB_HDL">
    <value valueType="decimal">1.7933781811</value>
  </variableValue>
  <variableValue variable="LAB_GLUC_FASTING">
    <value valueType="decimal">3.6004238541</value>
  </variableValue>
  <variableValue variable="PM_BMI_CONTINUOUS">
    <value valueType="decimal">20.4170671082</value>
  </variableValue>
  <variableValue variable="DIS_CVA">
    <value valueType="integer">0</value>
  </variableValue>
  <variableValue variable="DIS_DIAB">
    <value valueType="integer">0</value>
  </variableValue>
  <variableValue variable="DIS_AMI">
    <value valueType="integer">0</value>
  </variableValue>
  <variableValue variable="GENDER">
    <value valueType="integer">1</value>
  </variableValue>
  <variableValue variable="PM_BMI_CATEGORICAL">
    <value valueType="integer">1</value>
  </variableValue>
</valueSet>