<valueSet valueTable="DASIM1" entityType="Participant" entityIdentifier="1052">
  <variableValue variable="LAB_TSC">
    <value valueType="decimal">5.5655879453</value>
  </variableValue>
  <variableValue variable="LAB_TRIG">
    <value valueType="decimal">4.2693569079</value>
  </variableValue>
  <variableValue variable="LAB_HDL">
    <value valueType="decimal">1.1990758811</value>
  </variableValue>
  <variableValue variable="LAB_GLUC_FASTING">
    <value valueType="decimal">4.2607912575</value>
  </variableValue>
  <variableValue variable="PM_BMI_CONTINUOUS">
    <value valueType="decimal">19.9229075147</value>
  </variableValue>
  <variableValue variable="DIS_CVA">
    <value valueType="integer">0</value>
  </variableValue>
  <variableValue variable="DIS_DIAB">
    <value valueType="integer">0</value>
  </variableValue>
  <variableValue variable="DIS_AMI">
    <value valueType="integer">0</value>
  </variableValue>
  <variableValue variable="GENDER">
    <value valueType="integer">0</value>
  </variableValue>
  <variableValue variable="PM_BMI_CATEGORICAL">
    <value valueType="integer">1</value>
  </variableValue>
</valueSet>