<valueSet valueTable="DASIM1" entityType="Participant" entityIdentifier="1452">
  <variableValue variable="LAB_TSC">
    <value valueType="decimal">5.7184312014</value>
  </variableValue>
  <variableValue variable="LAB_TRIG">
    <value valueType="decimal">2.6736038713</value>
  </variableValue>
  <variableValue variable="LAB_HDL">
    <value valueType="decimal">1.6104385064</value>
  </variableValue>
  <variableValue variable="LAB_GLUC_FASTING">
    <value valueType="decimal">4.8931696782</value>
  </variableValue>
  <variableValue variable="PM_BMI_CONTINUOUS">
    <value valueType="decimal">24.2710719442</value>
  </variableValue>
  <variableValue variable="DIS_CVA">
    <value valueType="integer">0</value>
  </variableValue>
  <variableValue variable="DIS_DIAB">
    <value valueType="integer">0</value>
  </variableValue>
  <variableValue variable="DIS_AMI">
    <value valueType="integer">0</value>
  </variableValue>
  <variableValue variable="GENDER">
    <value valueType="integer">0</value>
  </variableValue>
  <variableValue variable="PM_BMI_CATEGORICAL">
    <value valueType="integer">1</value>
  </variableValue>
</valueSet>