<valueSet valueTable="DASIM1" entityType="Participant" entityIdentifier="1053">
  <variableValue variable="LAB_TSC">
    <value valueType="decimal">6.8098326679</value>
  </variableValue>
  <variableValue variable="LAB_TRIG">
    <value valueType="decimal">1.8450487012</value>
  </variableValue>
  <variableValue variable="LAB_HDL">
    <value valueType="decimal">2.0717813998</value>
  </variableValue>
  <variableValue variable="LAB_GLUC_FASTING">
    <value valueType="decimal">3.7482115885</value>
  </variableValue>
  <variableValue variable="PM_BMI_CONTINUOUS">
    <value valueType="decimal">28.9357971706</value>
  </variableValue>
  <variableValue variable="DIS_CVA">
    <value valueType="integer">0</value>
  </variableValue>
  <variableValue variable="DIS_DIAB">
    <value valueType="integer">0</value>
  </variableValue>
  <variableValue variable="DIS_AMI">
    <value valueType="integer">0</value>
  </variableValue>
  <variableValue variable="GENDER">
    <value valueType="integer">1</value>
  </variableValue>
  <variableValue variable="PM_BMI_CATEGORICAL">
    <value valueType="integer">2</value>
  </variableValue>
</valueSet>