<valueSet valueTable="DASIM1" entityType="Participant" entityIdentifier="4">
  <variableValue variable="LAB_TSC">
    <value valueType="decimal">6.0528730014</value>
  </variableValue>
  <variableValue variable="LAB_TRIG">
    <value valueType="decimal">2.3676821811</value>
  </variableValue>
  <variableValue variable="LAB_HDL">
    <value valueType="decimal">1.764984995</value>
  </variableValue>
  <variableValue variable="LAB_GLUC_FASTING">
    <value valueType="decimal">4.8152005836</value>
  </variableValue>
  <variableValue variable="PM_BMI_CONTINUOUS">
    <value valueType="decimal">31.523358294</value>
  </variableValue>
  <variableValue variable="DIS_CVA">
    <value valueType="integer">0</value>
  </variableValue>
  <variableValue variable="DIS_DIAB">
    <value valueType="integer">0</value>
  </variableValue>
  <variableValue variable="DIS_AMI">
    <value valueType="integer">0</value>
  </variableValue>
  <variableValue variable="GENDER">
    <value valueType="integer">1</value>
  </variableValue>
  <variableValue variable="PM_BMI_CATEGORICAL">
    <value valueType="integer">3</value>
  </variableValue>
</valueSet>