<valueSet valueTable="DASIM1" entityType="Participant" entityIdentifier="1559">
  <variableValue variable="LAB_TSC">
    <value valueType="decimal">7.2777057379</value>
  </variableValue>
  <variableValue variable="LAB_TRIG">
    <value valueType="decimal">2.5904061373</value>
  </variableValue>
  <variableValue variable="LAB_HDL">
    <value valueType="decimal">1.6072023841</value>
  </variableValue>
  <variableValue variable="LAB_GLUC_FASTING">
    <value valueType="decimal">4.5048836552</value>
  </variableValue>
  <variableValue variable="PM_BMI_CONTINUOUS">
    <value valueType="decimal">33.2300204274</value>
  </variableValue>
  <variableValue variable="DIS_CVA">
    <value valueType="integer">0</value>
  </variableValue>
  <variableValue variable="DIS_DIAB">
    <value valueType="integer">0</value>
  </variableValue>
  <variableValue variable="DIS_AMI">
    <value valueType="integer">0</value>
  </variableValue>
  <variableValue variable="GENDER">
    <value valueType="integer">0</value>
  </variableValue>
  <variableValue variable="PM_BMI_CATEGORICAL">
    <value valueType="integer">3</value>
  </variableValue>
</valueSet>