<valueSet valueTable="DASIM1" entityType="Participant" entityIdentifier="1261">
  <variableValue variable="LAB_TSC">
    <value valueType="decimal">5.80086834</value>
  </variableValue>
  <variableValue variable="LAB_TRIG">
    <value valueType="decimal">4.6617909875</value>
  </variableValue>
  <variableValue variable="LAB_HDL">
    <value valueType="decimal">1.2880849693</value>
  </variableValue>
  <variableValue variable="LAB_GLUC_FASTING">
    <value valueType="decimal">5.3793027629</value>
  </variableValue>
  <variableValue variable="PM_BMI_CONTINUOUS">
    <value valueType="decimal">26.5447663208</value>
  </variableValue>
  <variableValue variable="DIS_CVA">
    <value valueType="integer">0</value>
  </variableValue>
  <variableValue variable="DIS_DIAB">
    <value valueType="integer">0</value>
  </variableValue>
  <variableValue variable="DIS_AMI">
    <value valueType="integer">0</value>
  </variableValue>
  <variableValue variable="GENDER">
    <value valueType="integer">1</value>
  </variableValue>
  <variableValue variable="PM_BMI_CATEGORICAL">
    <value valueType="integer">2</value>
  </variableValue>
</valueSet>