<valueSet valueTable="DASIM1" entityType="Participant" entityIdentifier="1342">
  <variableValue variable="LAB_TSC">
    <value valueType="decimal">6.1728517449</value>
  </variableValue>
  <variableValue variable="LAB_TRIG">
    <value valueType="decimal">3.2864027648</value>
  </variableValue>
  <variableValue variable="LAB_HDL">
    <value valueType="decimal">1.7030729072</value>
  </variableValue>
  <variableValue variable="LAB_GLUC_FASTING">
    <value valueType="decimal">4.5274158556</value>
  </variableValue>
  <variableValue variable="PM_BMI_CONTINUOUS">
    <value valueType="decimal">26.6450547008</value>
  </variableValue>
  <variableValue variable="DIS_CVA">
    <value valueType="integer">0</value>
  </variableValue>
  <variableValue variable="DIS_DIAB">
    <value valueType="integer">0</value>
  </variableValue>
  <variableValue variable="DIS_AMI">
    <value valueType="integer">0</value>
  </variableValue>
  <variableValue variable="GENDER">
    <value valueType="integer">1</value>
  </variableValue>
  <variableValue variable="PM_BMI_CATEGORICAL">
    <value valueType="integer">2</value>
  </variableValue>
</valueSet>