<valueSet valueTable="samples" entityType="Sample" entityIdentifier="2">
  <variableValue variable="Donor">
    <value valueType="text">1</value>
  </variableValue>
  <variableValue variable="ConsentStatus">
    <value valueType="text">Consent status unknown</value>
  </variableValue>
  <variableValue variable="SampleStatus">
    <value valueType="text">Lesional material</value>
  </variableValue>
  <variableValue variable="SourceMaterial">
    <value valueType="text">Other</value>
  </variableValue>
</valueSet>