<valueSet valueTable="samples" entityType="Sample" entityIdentifier="1">
  <variableValue variable="Donor">
    <value valueType="text">1</value>
  </variableValue>
  <variableValue variable="ConsentStatus">
    <value valueType="text">Informed consent</value>
  </variableValue>
  <variableValue variable="SampleStatus">
    <value valueType="text">Non-Lesional material</value>
  </variableValue>
  <variableValue variable="SourceMaterial">
    <value valueType="text">Peripheral venous blood</value>
  </variableValue>
</valueSet>