<valueSet valueTable="samples" entityType="Sample" entityIdentifier="5">
  <variableValue variable="Donor">
    <value valueType="text">2</value>
  </variableValue>
  <variableValue variable="ConsentStatus">
    <value valueType="text">Informed consent</value>
  </variableValue>
  <variableValue variable="SampleStatus">
    <value valueType="text">Lesional material</value>
  </variableValue>
  <variableValue variable="SourceMaterial">
    <value valueType="text">Other</value>
  </variableValue>
</valueSet>