<variables>
  <variable name="Donor" valueType="text" entityType="Sample" unit="" mimeType="" referencedEntityType="Participant" index="0"/>
  <variable name="ConsentStatus" valueType="text" entityType="Sample" unit="" mimeType="" referencedEntityType="" index="0">
    <categories>
      <category name="Informed consent"/>
      <category name="Consent status unknown"/>
    </categories>
  </variable>
  <variable name="SampleStatus" valueType="text" entityType="Sample" unit="" mimeType="" referencedEntityType="" index="0">
    <categories>
      <category name="Non-Lesional material"/>
      <category name="Lesional material"/>
    </categories>
  </variable>
  <variable name="SourceMaterial" valueType="text" entityType="Sample" unit="" mimeType="" referencedEntityType="" index="0">
    <categories>
      <category name="Peripheral venous blood"/>
      <category name="Other"/>
    </categories>
  </variable>
</variables>