{"id":"c2f5a619-e6c6-4a28-a2ca-9e3d05de58e0","name":[{"lang":"en","value":"NuAge T4"}],"description":[{"lang":"en","value":"<p>Variables of the third follow-up T4 (2007 - 2008). The dataset contains 896 variables.<\/p>\r\n"}],"entityType":"Participant","published":false,"obiba.mica.StudyDatasetDto.type":{"studyTable":{"studyId":"c07fb36f-7187-4018-b3c3-1678f020d71e","populationId":"008abaf6-2891-47d0-8862-9f76862327b4","dataCollectionEventId":"7ea0298d-a7ff-4bb2-9640-dcafb96ba33e","project":"NuAge","table":"NuAgeT4"}}}