{"id":"703452a0-a39f-45e7-890a-2ce2670d2ea8","name":[{"lang":"en","value":"Long Beach Longitudinal Study"}],"acronym":[{"lang":"en","value":"LBLS"}],"investigators":[{"firstName":"Elizabeth","lastName":"Zelinski, Ph.D.","email":"zelinski@usc.edu","phone":"(213) 740-4918","dataAccessCommitteeMember":false,"institution":{"name":[{"lang":"en","value":"University of Southern California"}],"department":[{"lang":"en","value":"Davis School of Gerontology"}],"address":{"street":[{"lang":"en","value":"3715 McClintock Avenue"}],"city":[{"lang":"en","value":"Los Angeles"}],"zip":"CA 90089-0191","country":{"iso":"US","name":[{"lang":"en","value":"United States"}]}}}},{"firstName":"Robert","lastName":"Kennison, Ph.D.","email":"rkennis@exchange.calstatela.edu","dataAccessCommitteeMember":false,"institution":{"name":[{"lang":"en","value":"California State University"}],"address":{"city":[{"lang":"en","value":"Los Angeles"}],"country":{"iso":"US","name":[{"lang":"en","value":"United States"}]}}}}],"contacts":[{"firstName":"Elizabeth","lastName":"Zelinski, Ph.D.","email":"zelinski@usc.edu","phone":"(213) 740-4918","dataAccessCommitteeMember":false,"institution":{"name":[{"lang":"en","value":"University of Southern California"}],"department":[{"lang":"en","value":"Davis School of Gerontology"}],"address":{"street":[{"lang":"en","value":"3715 McClintock Avenue"}],"city":[{"lang":"en","value":"Los Angeles"}],"zip":"CA 90089-0191","country":{"iso":"US","name":[{"lang":"en","value":"United States"}]}}}}],"objectives":[{"lang":"en","value":"<p><span>The Long Beach Longitudinal Study (LBLS) of cognition and aging seeks to study change and the predictors of change in cognitive processes across the adult life span. The LBLS approach to cognitive change and aging involves:<\/span><\/p>\r\n\r\n<ul>\r\n\t<li>evaluating individual differences in performance on cognitive measures<\/li>\r\n\t<li>relating sociodemographic phenomena (e.g. birth cohort, gender) to cognitive performance<\/li>\r\n\t<li>understanding how individual charateristics (e.g. personality, physical and mental health, affect) influence cognitive abilities.<\/li>\r\n<\/ul>\r\n"}],"website":"http:\/\/gero.usc.edu\/lbls\/","specificAuthorization":{"authorized":false,"date":"1969-12-31T19:00:00-05:00"},"maelstromAuthorization":{"authorized":false,"date":"1969-12-31T19:00:00-05:00"},"methods":{"designs":["cohort_study"],"recruitments":["individuals"]},"numberOfParticipants":{"participant":{"noLimit":false,"number":2125},"sample":{"noLimit":false,"number":69}},"startYear":1978,"access":["data","biosamples"],"markerPaper":"Zelinski EM, Kennison RF; Long Beach Longitudinal Study. The Long Beach Longitudinal Study: evaluation of longitudinal effects of aging on memory and cognition. Home Health Care Serv Q. 2001;19(3):45-55.","pubmedId":"11436406","populations":[{"id":"11e6f9f3-d10a-4490-a426-f7ea333bf833","name":[{"lang":"en","value":"LBLS population"}],"description":[{"lang":"en","value":"<p>Representative sample of person&nbsp;30 years of age or older residing in Long Beach, or in nearby cities within Los Angeles, Riverside, San Bernadino, and Orange counties.<\/p>\r\n"}],"recruitment":{"dataSources":["general"],"generalPopulationSources":["volunteer"]},"selectionCriteria":{"ageMin":30,"countriesIso":["USA"],"territory":[{"lang":"en","value":"<p>Long Beach, or in nearby cities within Los Angeles, Riverside, San Bernadino, and Orange counties.<\/p>\r\n"}]},"numberOfParticipants":{"participant":{"noLimit":false,"number":2125},"sample":{"noLimit":false,"number":69},"info":[{"lang":"en","value":"<p>Three panel of participants:<br \/>\r\nPanel 1: 264 participants recuited in 1978<br \/>\r\nPanel 2: 630 participants recruited in 1994<br \/>\r\nPanel 3: 911 participants recuited from 2000 to 2002<\/p>\r\n\r\n<p>&nbsp;<\/p>\r\n\r\n<p>1978: 584 participants<\/p>\r\n\r\n<p>1981: 264 participants<\/p>\r\n\r\n<p>1994: 736 participants<\/p>\r\n\r\n<p>1997: 416 participants<\/p>\r\n\r\n<p>2000: 1126 participants<\/p>\r\n\r\n<p>2003: 644 participants<\/p>\r\n\r\n<p>2008: 468 participants<\/p>\r\n"}]},"dataCollectionEvents":[{"id":"362529c5-0d8f-4e31-9368-ce2942f86be5","name":[{"lang":"en","value":"1978 Baseline"}],"description":[{"lang":"en","value":"<p>Baseline assessments. Measures: Memory, Reasoning, Spatial reasoning, Vocabulary, Health questionnaire, Activity questionnaire. n=584<\/p>\r\n"}],"startYear":1978,"startMonth":4,"endYear":1979,"endMonth":6,"dataSources":["questionnaires","physical_measures"]},{"id":"06ebc996-71cf-497d-893c-d3ba1f808cc3","name":[{"lang":"en","value":"1981 follow-up"}],"description":[{"lang":"en","value":"<p>First follow-up of participants. Measures: Memory, Reasoning, Spatial Reasoning, Vocabulary, Health questionnaire, Activity questionnaire. N=264 participants of those tested in 1978.<\/p>\r\n"}],"startYear":1981,"startMonth":6,"endYear":1981,"endMonth":9,"dataSources":["questionnaires","physical_measures"]},{"id":"e89d64cb-1c6e-4cef-9c20-b94f1d96fc8f","name":[{"lang":"en","value":"1994 follow-up"}],"description":[{"lang":"en","value":"<p>Second follow-up of participants. Measures: Memory, Working memory,Reasoning, Spatial Reasoning, Vocabulary, Health questionnaire, Activity questionnaire, Personality.&nbsp;N= 736 (106&nbsp;participants of those tested in 1978 and a new panel of 630 participants).<\/p>\r\n"}],"startYear":1994,"startMonth":1,"endYear":1996,"endMonth":7,"dataSources":["questionnaires","physical_measures"]},{"id":"c1a05a80-e404-4f7d-b88d-774692a7c569","name":[{"lang":"en","value":"1997 follow-up"}],"description":[{"lang":"en","value":"<p>Third follow-up of participants. Measures: Memory, Working memory, Reasoning, Spatial reasoning, Vocabulary, Health questionnaire, Activity questionnaire. N=416 (42 participants from the original sample and 374 of the second panel of participants were retested.)<\/p>\r\n"}],"startYear":1997,"startMonth":6,"endYear":1999,"endMonth":7,"dataSources":["questionnaires","physical_measures"]},{"id":"ec4badb5-9104-40f8-9132-b7bb8ae43fe5","name":[{"lang":"en","value":"2000 follow-up"}],"description":[{"lang":"en","value":"<p><span>Fourth follow-up of participants. Measures: Memory, Working memory,Reasoning, Spatial Reasoning, Vocabulary, Health questionnaire, Activity questionnaire, Personality.&nbsp;N= 1126 (11&nbsp;participants of baseline, 204 of panel 2 and a new panel of 911&nbsp;participants).<\/span><\/p>\r\n"}],"startYear":2000,"startMonth":4,"endYear":2003,"endMonth":9,"dataSources":["questionnaires","physical_measures"]},{"id":"d6ccf1af-bbd7-481d-8db8-67cdde67dc56","name":[{"lang":"en","value":"2003 follow-up"}],"description":[{"lang":"en","value":"<p>Fifth follow-up of participants. Measures: Memory, Working memory,Reasoning, Spatial Reasoning, Vocabulary, Health questionnaire, Activity questionnaire. N= 644(131 of panel 2 and 513 participants of panel 3)<\/p>\r\n"}],"startYear":2003,"startMonth":4,"endYear":2004,"endMonth":7,"dataSources":["questionnaires","physical_measures"]},{"id":"238e9b3f-3c7c-4c8d-bd45-c2ff89cd7709","name":[{"lang":"en","value":"2008 follow-up"}],"description":[{"lang":"en","value":"<p>Sixth follow-up of participants. Measures: Memory, Working memory,Reasoning, Spatial Reasoning, Vocabulary, Health questionnaire, Activity questionnaire, Personality, Non-invensive physical measures, Blood samples and Imaging. N= 468 (26&nbsp;participants of baseline, 11 of panel 2 and a new panel of 311 participants).<\/p>\r\n"}],"startYear":2008,"startMonth":6,"endYear":2012,"endMonth":9,"dataSources":["questionnaires","physical_measures","biological_samples"],"bioSamples":["blood"]}]}]}