<variables>
  <variable name="hAPAQ0" valueType="text" entityType="Participant" unit="" mimeType="" referencedEntityType="" index="1">
    <attributes>
      <attribute name="Lifestyle_behaviours" namespace="Mlstr_area" valueType="text">Phys_act</attribute>
      <attribute name="Target" namespace="Mlstr_additional" valueType="text">Participant</attribute>
      <attribute name="Physical_activity" namespace="Mlstr_habits" valueType="text">HAPAQ</attribute>
      <attribute name="label" valueType="text" locale="en">Work the last 7days</attribute>
      <attribute name="Source" namespace="Mlstr_additional" valueType="text">Questionnaire</attribute>
    </attributes>
  </variable>
  <variable name="hAPAQ1" valueType="boolean" entityType="Participant" unit="" mimeType="" referencedEntityType="" index="2">
    <attributes>
      <attribute name="Lifestyle_behaviours" namespace="Mlstr_area" valueType="text">Phys_act</attribute>
      <attribute name="Target" namespace="Mlstr_additional" valueType="text">Participant</attribute>
      <attribute name="Physical_activity" namespace="Mlstr_habits" valueType="text">HAPAQ</attribute>
      <attribute name="label" valueType="text" locale="en">How many days</attribute>
      <attribute name="Source" namespace="Mlstr_additional" valueType="text">Questionnaire</attribute>
    </attributes>
  </variable>
  <variable name="hAPAQ2" valueType="integer" entityType="Participant" unit="" mimeType="" referencedEntityType="" index="3">
    <attributes>
      <attribute name="Lifestyle_behaviours" namespace="Mlstr_area" valueType="text">Phys_act</attribute>
      <attribute name="Target" namespace="Mlstr_additional" valueType="text">Participant</attribute>
      <attribute name="Physical_activity" namespace="Mlstr_habits" valueType="text">HAPAQ</attribute>
      <attribute name="label" valueType="text" locale="en">How many hours per day (hours/day)</attribute>
      <attribute name="Source" namespace="Mlstr_additional" valueType="text">Questionnaire</attribute>
    </attributes>
  </variable>
  <variable name="hAPAQ3" valueType="integer" entityType="Participant" unit="" mimeType="" referencedEntityType="" index="4">
    <attributes>
      <attribute name="Lifestyle_behaviours" namespace="Mlstr_area" valueType="text">Phys_act</attribute>
      <attribute name="Target" namespace="Mlstr_additional" valueType="text">Participant</attribute>
      <attribute name="Physical_activity" namespace="Mlstr_habits" valueType="text">HAPAQ</attribute>
      <attribute name="label" valueType="text" locale="en">Sitting (hours/day)</attribute>
      <attribute name="Source" namespace="Mlstr_additional" valueType="text">Questionnaire</attribute>
    </attributes>
  </variable>
  <variable name="hAPAQ4" valueType="integer" entityType="Participant" unit="" mimeType="" referencedEntityType="" index="5">
    <attributes>
      <attribute name="Lifestyle_behaviours" namespace="Mlstr_area" valueType="text">Phys_act</attribute>
      <attribute name="Target" namespace="Mlstr_additional" valueType="text">Participant</attribute>
      <attribute name="Physical_activity" namespace="Mlstr_habits" valueType="text">HAPAQ</attribute>
      <attribute name="label" valueType="text" locale="en">Standing (hours/day)</attribute>
      <attribute name="Source" namespace="Mlstr_additional" valueType="text">Questionnaire</attribute>
    </attributes>
  </variable>
  <variable name="hAPAQ5" valueType="integer" entityType="Participant" unit="" mimeType="" referencedEntityType="" index="6">
    <attributes>
      <attribute name="Lifestyle_behaviours" namespace="Mlstr_area" valueType="text">Phys_act</attribute>
      <attribute name="Target" namespace="Mlstr_additional" valueType="text">Participant</attribute>
      <attribute name="Physical_activity" namespace="Mlstr_habits" valueType="text">HAPAQ</attribute>
      <attribute name="label" valueType="text" locale="en">In motion (hours/day)</attribute>
      <attribute name="Source" namespace="Mlstr_additional" valueType="text">Questionnaire</attribute>
    </attributes>
  </variable>
  <variable name="hAPAQ6" valueType="integer" entityType="Participant" unit="" mimeType="" referencedEntityType="" index="7">
    <attributes>
      <attribute name="Lifestyle_behaviours" namespace="Mlstr_area" valueType="text">Phys_act</attribute>
      <attribute name="Target" namespace="Mlstr_additional" valueType="text">Participant</attribute>
      <attribute name="Physical_activity" namespace="Mlstr_habits" valueType="text">HAPAQ</attribute>
      <attribute name="label" valueType="text" locale="en">Carrying weight (hours/day)</attribute>
      <attribute name="Source" namespace="Mlstr_additional" valueType="text">Questionnaire</attribute>
    </attributes>
  </variable>
  <variable name="hAPAQ7" valueType="integer" entityType="Participant" unit="" mimeType="" referencedEntityType="" index="8">
    <attributes>
      <attribute name="Lifestyle_behaviours" namespace="Mlstr_area" valueType="text">Phys_act</attribute>
      <attribute name="Target" namespace="Mlstr_additional" valueType="text">Participant</attribute>
      <attribute name="Physical_activity" namespace="Mlstr_habits" valueType="text">HAPAQ</attribute>
      <attribute name="label" valueType="text" locale="en">Time to go to and come back from work (minutes/day)</attribute>
      <attribute name="Source" namespace="Mlstr_additional" valueType="text">Questionnaire</attribute>
    </attributes>
  </variable>
  <variable name="hAPAQ8" valueType="integer" entityType="Participant" unit="" mimeType="" referencedEntityType="" index="9">
    <attributes>
      <attribute name="Lifestyle_behaviours" namespace="Mlstr_area" valueType="text">Phys_act</attribute>
      <attribute name="Target" namespace="Mlstr_additional" valueType="text">Participant</attribute>
      <attribute name="Physical_activity" namespace="Mlstr_habits" valueType="text">HAPAQ</attribute>
      <attribute name="label" valueType="text" locale="en">Walk to go for work(minutes/day)</attribute>
      <attribute name="Source" namespace="Mlstr_additional" valueType="text">Questionnaire</attribute>
    </attributes>
  </variable>
  <variable name="hAPAQ9" valueType="integer" entityType="Participant" unit="" mimeType="" referencedEntityType="" index="10">
    <attributes>
      <attribute name="Lifestyle_behaviours" namespace="Mlstr_area" valueType="text">Phys_act</attribute>
      <attribute name="Target" namespace="Mlstr_additional" valueType="text">Participant</attribute>
      <attribute name="Physical_activity" namespace="Mlstr_habits" valueType="text">HAPAQ</attribute>
      <attribute name="label" valueType="text" locale="en">Drive to go for work(minutes/day)</attribute>
      <attribute name="Source" namespace="Mlstr_additional" valueType="text">Questionnaire</attribute>
    </attributes>
  </variable>
  <variable name="hAPAQ10" valueType="integer" entityType="Participant" unit="" mimeType="" referencedEntityType="" index="11">
    <attributes>
      <attribute name="Lifestyle_behaviours" namespace="Mlstr_area" valueType="text">Phys_act</attribute>
      <attribute name="Target" namespace="Mlstr_additional" valueType="text">Participant</attribute>
      <attribute name="Physical_activity" namespace="Mlstr_habits" valueType="text">HAPAQ</attribute>
      <attribute name="label" valueType="text" locale="en">Sleep (hours/day)</attribute>
      <attribute name="Source" namespace="Mlstr_additional" valueType="text">Questionnaire</attribute>
    </attributes>
  </variable>
  <variable name="hAPAQ11" valueType="integer" entityType="Participant" unit="" mimeType="" referencedEntityType="" index="12">
    <attributes>
      <attribute name="Lifestyle_behaviours" namespace="Mlstr_area" valueType="text">Phys_act</attribute>
      <attribute name="Target" namespace="Mlstr_additional" valueType="text">Participant</attribute>
      <attribute name="Physical_activity" namespace="Mlstr_habits" valueType="text">HAPAQ</attribute>
      <attribute name="label" valueType="text" locale="en">Watch TV-video (hours/day)</attribute>
      <attribute name="Source" namespace="Mlstr_additional" valueType="text">Questionnaire</attribute>
    </attributes>
  </variable>
  <variable name="hAPAQ12" valueType="integer" entityType="Participant" unit="" mimeType="" referencedEntityType="" index="13">
    <attributes>
      <attribute name="Lifestyle_behaviours" namespace="Mlstr_area" valueType="text">Phys_act</attribute>
      <attribute name="Target" namespace="Mlstr_additional" valueType="text">Participant</attribute>
      <attribute name="Physical_activity" namespace="Mlstr_habits" valueType="text">HAPAQ</attribute>
      <attribute name="label" valueType="text" locale="en">Household, light work (hours/week)</attribute>
      <attribute name="Source" namespace="Mlstr_additional" valueType="text">Questionnaire</attribute>
    </attributes>
  </variable>
  <variable name="hAPAQ13" valueType="integer" entityType="Participant" unit="" mimeType="" referencedEntityType="" index="14">
    <attributes>
      <attribute name="Lifestyle_behaviours" namespace="Mlstr_area" valueType="text">Phys_act</attribute>
      <attribute name="Target" namespace="Mlstr_additional" valueType="text">Participant</attribute>
      <attribute name="Physical_activity" namespace="Mlstr_habits" valueType="text">HAPAQ</attribute>
      <attribute name="label" valueType="text" locale="en">Household, heavy work (hours/week)</attribute>
      <attribute name="Source" namespace="Mlstr_additional" valueType="text">Questionnaire</attribute>
    </attributes>
  </variable>
  <variable name="hAPAQ14" valueType="integer" entityType="Participant" unit="" mimeType="" referencedEntityType="" index="15">
    <attributes>
      <attribute name="Lifestyle_behaviours" namespace="Mlstr_area" valueType="text">Phys_act</attribute>
      <attribute name="Target" namespace="Mlstr_additional" valueType="text">Participant</attribute>
      <attribute name="Physical_activity" namespace="Mlstr_habits" valueType="text">HAPAQ</attribute>
      <attribute name="label" valueType="text" locale="en">Reading-computer (hours/week)</attribute>
      <attribute name="Source" namespace="Mlstr_additional" valueType="text">Questionnaire</attribute>
    </attributes>
  </variable>
  <variable name="hAPAQ15" valueType="integer" entityType="Participant" unit="" mimeType="" referencedEntityType="" index="16">
    <attributes>
      <attribute name="Lifestyle_behaviours" namespace="Mlstr_area" valueType="text">Phys_act</attribute>
      <attribute name="Target" namespace="Mlstr_additional" valueType="text">Participant</attribute>
      <attribute name="Physical_activity" namespace="Mlstr_habits" valueType="text">HAPAQ</attribute>
      <attribute name="label" valueType="text" locale="en">Dance (hours/week)</attribute>
      <attribute name="Source" namespace="Mlstr_additional" valueType="text">Questionnaire</attribute>
    </attributes>
  </variable>
  <variable name="hAPAQ16" valueType="integer" entityType="Participant" unit="" mimeType="" referencedEntityType="" index="17">
    <attributes>
      <attribute name="Lifestyle_behaviours" namespace="Mlstr_area" valueType="text">Phys_act</attribute>
      <attribute name="Target" namespace="Mlstr_additional" valueType="text">Participant</attribute>
      <attribute name="Social_environment" namespace="Mlstr_area" valueType="text">Soc_participation</attribute>
      <attribute name="Physical_activity" namespace="Mlstr_habits" valueType="text">HAPAQ</attribute>
      <attribute name="label" valueType="text" locale="en">Sitting or standing with friends (hours/week)</attribute>
      <attribute name="Source" namespace="Mlstr_additional" valueType="text">Questionnaire</attribute>
    </attributes>
  </variable>
  <variable name="hAPAQ17" valueType="integer" entityType="Participant" unit="" mimeType="" referencedEntityType="" index="18">
    <attributes>
      <attribute name="Lifestyle_behaviours" namespace="Mlstr_area" valueType="text">Phys_act</attribute>
      <attribute name="Target" namespace="Mlstr_additional" valueType="text">Participant</attribute>
      <attribute name="Physical_activity" namespace="Mlstr_habits" valueType="text">HAPAQ</attribute>
      <attribute name="label" valueType="text" locale="en">Walk (hours/week)</attribute>
      <attribute name="Source" namespace="Mlstr_additional" valueType="text">Questionnaire</attribute>
    </attributes>
  </variable>
  <variable name="hAPAQ17b" valueType="boolean" entityType="Participant" unit="" mimeType="" referencedEntityType="" index="19">
    <attributes>
      <attribute name="Lifestyle_behaviours" namespace="Mlstr_area" valueType="text">Phys_act</attribute>
      <attribute name="Target" namespace="Mlstr_additional" valueType="text">Participant</attribute>
      <attribute name="Physical_activity" namespace="Mlstr_habits" valueType="text">HAPAQ</attribute>
      <attribute name="label" valueType="text" locale="en">Have you done any exercise the last 7days</attribute>
      <attribute name="Source" namespace="Mlstr_additional" valueType="text">Questionnaire</attribute>
    </attributes>
  </variable>
  <variable name="hAPAQ18a" valueType="text" entityType="Participant" unit="" mimeType="" referencedEntityType="" index="20">
    <attributes>
      <attribute name="Lifestyle_behaviours" namespace="Mlstr_area" valueType="text">Phys_act</attribute>
      <attribute name="Target" namespace="Mlstr_additional" valueType="text">Participant</attribute>
      <attribute name="Physical_activity" namespace="Mlstr_habits" valueType="text">HAPAQ</attribute>
      <attribute name="label" valueType="text" locale="en">Type of exercise</attribute>
      <attribute name="Source" namespace="Mlstr_additional" valueType="text">Questionnaire</attribute>
    </attributes>
  </variable>
  <variable name="hAPAQ18" valueType="integer" entityType="Participant" unit="" mimeType="" referencedEntityType="" index="21">
    <attributes>
      <attribute name="Lifestyle_behaviours" namespace="Mlstr_area" valueType="text">Phys_act</attribute>
      <attribute name="Target" namespace="Mlstr_additional" valueType="text">Participant</attribute>
      <attribute name="Physical_activity" namespace="Mlstr_habits" valueType="text">HAPAQ</attribute>
      <attribute name="label" valueType="text" locale="en">How many hours/week</attribute>
      <attribute name="Source" namespace="Mlstr_additional" valueType="text">Questionnaire</attribute>
    </attributes>
  </variable>
  <variable name="hAPAQ19a" valueType="text" entityType="Participant" unit="" mimeType="" referencedEntityType="" index="22">
    <attributes>
      <attribute name="Lifestyle_behaviours" namespace="Mlstr_area" valueType="text">Phys_act</attribute>
      <attribute name="Target" namespace="Mlstr_additional" valueType="text">Participant</attribute>
      <attribute name="Physical_activity" namespace="Mlstr_habits" valueType="text">HAPAQ</attribute>
      <attribute name="label" valueType="text" locale="en">Other type of exercise</attribute>
      <attribute name="Source" namespace="Mlstr_additional" valueType="text">Questionnaire</attribute>
    </attributes>
  </variable>
  <variable name="hAPAQ19" valueType="integer" entityType="Participant" unit="" mimeType="" referencedEntityType="" index="23">
    <attributes>
      <attribute name="Lifestyle_behaviours" namespace="Mlstr_area" valueType="text">Phys_act</attribute>
      <attribute name="Target" namespace="Mlstr_additional" valueType="text">Participant</attribute>
      <attribute name="Physical_activity" namespace="Mlstr_habits" valueType="text">HAPAQ</attribute>
      <attribute name="label" valueType="text" locale="en">How many hours/week</attribute>
      <attribute name="Source" namespace="Mlstr_additional" valueType="text">Questionnaire</attribute>
    </attributes>
  </variable>
  <variable name="hAPAQ20a" valueType="text" entityType="Participant" unit="" mimeType="" referencedEntityType="" index="24">
    <attributes>
      <attribute name="Lifestyle_behaviours" namespace="Mlstr_area" valueType="text">Phys_act</attribute>
      <attribute name="Target" namespace="Mlstr_additional" valueType="text">Participant</attribute>
      <attribute name="Physical_activity" namespace="Mlstr_habits" valueType="text">HAPAQ</attribute>
      <attribute name="label" valueType="text" locale="en">Other type of exercise</attribute>
      <attribute name="Source" namespace="Mlstr_additional" valueType="text">Questionnaire</attribute>
    </attributes>
  </variable>
  <variable name="hAPAQ20" valueType="integer" entityType="Participant" unit="" mimeType="" referencedEntityType="" index="25">
    <attributes>
      <attribute name="Lifestyle_behaviours" namespace="Mlstr_area" valueType="text">Phys_act</attribute>
      <attribute name="Target" namespace="Mlstr_additional" valueType="text">Participant</attribute>
      <attribute name="Physical_activity" namespace="Mlstr_habits" valueType="text">HAPAQ</attribute>
      <attribute name="label" valueType="text" locale="en">How many hours/week</attribute>
      <attribute name="Source" namespace="Mlstr_additional" valueType="text">Questionnaire</attribute>
    </attributes>
  </variable>
  <variable name="hAPAQ21" valueType="integer" entityType="Participant" unit="" mimeType="" referencedEntityType="" index="26">
    <attributes>
      <attribute name="Lifestyle_behaviours" namespace="Mlstr_area" valueType="text">Phys_act</attribute>
      <attribute name="Target" namespace="Mlstr_additional" valueType="text">Participant</attribute>
      <attribute name="Physical_activity" namespace="Mlstr_habits" valueType="text">HAPAQ</attribute>
      <attribute name="label" valueType="text" locale="en">Main way of transportation</attribute>
      <attribute name="Source" namespace="Mlstr_additional" valueType="text">Questionnaire</attribute>
    </attributes>
  </variable>
</variables>