{
  "id": "d62b9cf1-d7cd-441c-a785-9357067ad378",
  "name": [
    {
      "lang": "en",
      "value": "Recherche Internationale sur la Fragilit\u00e9 des A\u00een\u00e9s"
    }
  ],
  "acronym": [
    {
      "lang": "en",
      "value": "RIFA"
    }
  ],
  "investigators": [
    {
      "title": "Dr.",
      "firstName": "Fran\u00e7ois",
      "lastName": "B\u00e9land",
      "email": "francois.beland@umontreal.ca",
      "dataAccessCommitteeMember": false,
      "institution": {
        "name": [
          {
            "lang": "en",
            "value": "Universit\u00e9 de Montr\u00e9al"
          }
        ],
        "address": {
          "street": [
            {
              "lang": "en",
              "value": "CP 6128, Succ. Centre-ville"
            }
          ],
          "city": [
            {
              "lang": "en",
              "value": "Montr\u00e9al"
            }
          ],
          "zip": "H3C 3J7",
          "state": "Qu\u00e9bec"
        }
      }
    },
    {
      "firstName": "Lucie ",
      "lastName": "Richard",
      "email": "lucie.richard@umontreal.ca",
      "phone": "514-343-6111 #0539",
      "dataAccessCommitteeMember": false,
      "institution": {
        "name": [
          {
            "lang": "en",
            "value": "Universit\u00e9 de Montr\u00e9al"
          }
        ],
        "department": [
          {
            "lang": "en",
            "value": "Institut de recherche en sant\u00e9 publique  de l\u2019Universit\u00e9 de Montr\u00e9al"
          }
        ],
        "address": {
          "street": [
            {
              "lang": "en",
              "value": "IRSPUM, Pavillon 7101 avenue Parc, C.P. 6128,  succ. Centre-Ville"
            }
          ],
          "city": [
            {
              "lang": "en",
              "value": "Montr\u00e9al"
            }
          ],
          "zip": "H3C 3J7",
          "state": "Qu\u00e9bec",
          "country": {
            "iso": "CA",
            "name": [
              {
                "lang": "en",
                "value": "Canada"
              }
            ]
          }
        }
      }
    },
    {
      "title": "Prof.",
      "firstName": "Lise ",
      "lastName": "Gauvin",
      "email": "lise.gauvin.2@umontreal.ca",
      "phone": "514-343-6111 #44026",
      "dataAccessCommitteeMember": false,
      "institution": {
        "name": [
          {
            "lang": "en",
            "value": "Universit\u00e9 de Montr\u00e9al"
          }
        ],
        "department": [
          {
            "lang": "en",
            "value": "Facult\u00e9 de M\u00e9decine, m\u00e9decine sociale et pr\u00e9ventive"
          }
        ],
        "address": {
          "street": [
            {
              "lang": "en",
              "value": "Pavillon 7101 avenue Parc, bureau 3141, C.P. 6128, succ. Centre-Ville"
            }
          ],
          "city": [
            {
              "lang": "en",
              "value": "Montr\u00e9al"
            }
          ],
          "zip": "H3C 3J7",
          "state": "Qu\u00e9bec",
          "country": {
            "iso": "CA",
            "name": [
              {
                "lang": "en",
                "value": "Canada"
              }
            ]
          }
        }
      }
    },
    {
      "title": "Prof.",
      "firstName": "Emmanuel",
      "lastName": "Guindon",
      "email": "emmanuel.guindon@umontreal.ca",
      "phone": "514-343-6031",
      "dataAccessCommitteeMember": false,
      "institution": {
        "name": [
          {
            "lang": "en",
            "value": "Universit\u00e9 de Montr\u00e9al"
          }
        ],
        "department": [
          {
            "lang": "en",
            "value": "Facult\u00e9 de M\u00e9decine, D\u00e9partement d'administration de la sant\u00e9"
          }
        ],
        "address": {
          "street": [
            {
              "lang": "en",
              "value": "Pavillon 7101 avenue Parc, bureau 3141, C.P. 6128, succ. Centre-Ville"
            }
          ],
          "city": [
            {
              "lang": "en",
              "value": "Montr\u00e9al"
            }
          ],
          "zip": "H3C 3J7",
          "state": "Qu\u00e9bec",
          "country": {
            "iso": "CA",
            "name": [
              {
                "lang": "en",
                "value": "Canada"
              }
            ]
          }
        }
      }
    },
    {
      "title": "Prof.",
      "firstName": "V\u00e9ronique ",
      "lastName": "Provencher",
      "email": "veronique.provencher@fmed.ulaval.ca",
      "phone": "418-656-2131 #8516",
      "dataAccessCommitteeMember": false,
      "institution": {
        "name": [
          {
            "lang": "en",
            "value": "Universit\u00e9 Laval"
          }
        ],
        "department": [
          {
            "lang": "en",
            "value": "Facult\u00e9 de M\u00e9decine, R\u00e9adaptation"
          }
        ],
        "address": {
          "street": [
            {
              "lang": "en",
              "value": "1050 avenue de la M\u00e9decine"
            }
          ],
          "city": [
            {
              "lang": "en",
              "value": "Qu\u00e9bec"
            }
          ],
          "state": "Qu\u00e9bec",
          "country": {
            "iso": "CA",
            "name": [
              {
                "lang": "en",
                "value": "Canada"
              }
            ]
          }
        }
      }
    },
    {
      "title": "Dr.",
      "firstName": "Nicolas ",
      "lastName": "Sirven",
      "email": "sirven@irdes.fr",
      "phone": "33 (0)1 53 93 43 64",
      "dataAccessCommitteeMember": false,
      "institution": {
        "name": [
          {
            "lang": "en",
            "value": "IRDES: institut de recherche et documentation en \u00e9conomie de la sant\u00e9"
          }
        ],
        "department": [
          {
            "lang": "en",
            "value": "Facult\u00e9 des sciences aliments et de nutrition"
          }
        ],
        "address": {
          "street": [
            {
              "lang": "en",
              "value": "10 rue Vauvenargues"
            }
          ],
          "city": [
            {
              "lang": "en",
              "value": "Paris"
            }
          ],
          "zip": "75018",
          "country": {
            "iso": "FR",
            "name": [
              {
                "lang": "en",
                "value": "France"
              }
            ]
          }
        }
      }
    }
  ],
  "contacts": [
    {
      "title": "Dr.",
      "firstName": "Dominic ",
      "lastName": "Julien",
      "email": "dominic.julien@umontreal.ca",
      "phone": "514-528-2400 #3057",
      "dataAccessCommitteeMember": false,
      "institution": {
        "name": [
          {
            "lang": "en",
            "value": "Universit\u00e9 de Montr\u00e9al"
          }
        ],
        "department": [
          {
            "lang": "en",
            "value": "IRSPUM"
          }
        ],
        "address": {
          "street": [
            {
              "lang": "en",
              "value": "1301, rue Sherbrooke Est"
            }
          ],
          "city": [
            {
              "lang": "en",
              "value": "Montr\u00e9al"
            }
          ],
          "zip": "H2L 1M3",
          "state": "Qu\u00e9bec",
          "country": {
            "iso": "CA",
            "name": [
              {
                "lang": "en",
                "value": "Canada"
              }
            ]
          }
        }
      }
    }
  ],
  "description": [
    {
      "lang": "en",
      "value": "<p>The RIFA (Recherche internationale sur la fragilit\u00e9 des a\u00een\u00e9s \u2013 French&nbsp;<span>acronym for International Research on Frail Elders) project aims to increase knowledge of frailty among older&nbsp;<\/span><span>people in order to better plan social and health services and to orient health promotion interventions. The RIFA&nbsp;<\/span><span>project plans to integrate existing data from six sources: the Nutrition and Aging (NuAge) study, the Fragilit\u00e9,&nbsp;<\/span><span>une \u00e9tude longitudinale de ses expression (FR\u00e9LE) study, the Canadian Longitudinal Study on Aging (CLSA), the&nbsp;<\/span><span>English Longitudinal Study of Aging (ELSA), the Survey of Health, Aging and Retirement in Europe (SHARE),&nbsp;<\/span><span>and the Health and Retirement Study (HRS).<\/span><\/p>\r\n\r\n<p><span>The aims are to identify common frailty profiles across nations in order to explore similarities and differences in&nbsp;<\/span><span>prevalence and determinants across nations, to characterize trajectories of frailty over time, to identify correlates&nbsp;<\/span><span>of profiles and determinants of trajectories of frailty (with a particular interest for neighborhood and social&nbsp;<\/span><span>correlates\/determinants) both within and across nations, and to investigate consequences of frailty in terms of&nbsp;<\/span><span>chronic illnesses, depression, disability, autonomy, and use of medical services and its associated costs.<\/span><\/p>\r\n"
    }
  ],
  "maelstromAuthorization": {
    "authorized": false,
    "date": "2013-09-17T00:00:00-04:00"
  },
  "studyIds": [
    "92f1036b-da70-4985-956c-08ca004948ba"
  ],
  "published": false,
  "content": "{\"maelstromAuthorization\":{\"authorized\":false,\"authorizer\":null}}"
}