{
  "id": "8d10f75b-75ca-4b72-b20c-d3a06dd2b91f",
  "name": [
    {
      "lang": "en",
      "value": "Atlantic Partnership for Tomorrow's Health (The)"
    }
  ],
  "acronym": [
    {
      "lang": "en",
      "value": "Atlantic PATH"
    }
  ],
  "logo": {
    "id": "4cd73577-05eb-4d61-9c8f-714c3e83d852",
    "fileName": "timthumb.jpg",
    "type": "logo",
    "description": [
      {
        "lang": "en"
      }
    ],
    "lang": "en",
    "justUploaded": true
  },
  "investigators": [
    {
      "title": "Dr.",
      "firstName": "David W ",
      "lastName": "Hoskin ",
      "dataAccessCommitteeMember": false,
      "institution": {
        "name": [
          {
            "lang": "en",
            "value": "Dalhousie University"
          }
        ],
        "address": {
          "city": [
            {
              "lang": "en",
              "value": "Halifax"
            }
          ],
          "state": "Nova Scotia",
          "country": {
            "iso": "CA",
            "name": [
              {
                "lang": "en",
                "value": "Canada"
              }
            ]
          }
        }
      }
    },
    {
      "title": "Dr.",
      "firstName": "Louise ",
      "lastName": "Parker",
      "email": "louise.parker@iwk.nshealth.ca",
      "phone": "902-494-3566",
      "dataAccessCommitteeMember": false,
      "institution": {
        "name": [
          {
            "lang": "en",
            "value": "Dalhousie University"
          }
        ],
        "address": {
          "city": [
            {
              "lang": "en",
              "value": "Halifax"
            }
          ],
          "state": "Nova Scotia",
          "country": {
            "iso": "CA",
            "name": [
              {
                "lang": "en",
                "value": "Canada"
              }
            ]
          }
        }
      }
    }
  ],
  "contacts": [
    {
      "title": "Dr.",
      "firstName": "Louise ",
      "lastName": "Parker",
      "email": "louise.parker@iwk.nshealth.ca",
      "phone": "902-494-3566",
      "dataAccessCommitteeMember": false,
      "institution": {
        "name": [
          {
            "lang": "en",
            "value": "Dalhousie University"
          }
        ],
        "address": {
          "city": [
            {
              "lang": "en",
              "value": "Halifax"
            }
          ],
          "state": "Nova Scotia",
          "country": {
            "iso": "CA",
            "name": [
              {
                "lang": "en",
                "value": "Canada"
              }
            ]
          }
        }
      }
    }
  ],
  "objectives": [
    {
      "lang": "en",
      "value": "<p>&nbsp;<\/p>\r\n\r\n<p><span>The Atlantic PATH is a long-term research project investigating environmental, lifestyle and genetic factors related to the development of cancer in Atlantic Canada.<\/span><\/p>\r\n\r\n<div>&nbsp;<\/div>\r\n"
    }
  ],
  "website": "http:\/\/atlanticpath.ca\/",
  "specificAuthorization": {
    "authorized": false,
    "date": "1969-12-31T19:00:00-05:00"
  },
  "maelstromAuthorization": {
    "authorized": true,
    "date": "1969-12-31T19:00:00-05:00"
  },
  "methods": {
    "designs": [
      "cohort_study"
    ],
    "recruitments": [
      "individuals"
    ]
  },
  "numberOfParticipants": {
    "participant": {
      "noLimit": false,
      "number": 30000
    },
    "sample": {
      "noLimit": false,
      "number": 22500
    }
  },
  "startYear": 2009,
  "access": [
    "data",
    "biosamples"
  ],
  "populations": [
    {
      "id": "3c16ebe5-6bf0-49cd-abd2-5c34e841bbd1",
      "name": [
        {
          "lang": "en",
          "value": "Atlantic PATH population"
        }
      ],
      "description": [
        {
          "lang": "en",
          "value": "<p>The Atlantic PATH&nbsp;cohort consists of men and women aged between 35&nbsp;and 69 years residing in Atlantic Canada.<\/p>\r\n"
        }
      ],
      "recruitment": {
        "dataSources": [
          "general"
        ],
        "generalPopulationSources": [
          "volunteer"
        ]
      },
      "selectionCriteria": {
        "ageMin": 35,
        "ageMax": 69,
        "countriesIso": [
          "CAN"
        ]
      },
      "numberOfParticipants": {
        "participant": {
          "noLimit": false
        },
        "sample": {
          "noLimit": false
        }
      },
      "dataCollectionEvents": [
        {
          "id": "4bdf56bc-6d6a-4094-83be-d5b553727e3f",
          "name": [
            {
              "lang": "en",
              "value": "Atlantic PATH - Baseline Recruitment"
            }
          ],
          "description": [
            {
              "lang": "en",
              "value": "<p>The baseline recruitment is ongoing (planned end year 2015).<\/p>\r\n"
            }
          ],
          "startYear": 2009,
          "endYear": 2015,
          "dataSources": [
            "questionnaires",
            "physical_measures",
            "biological_samples"
          ],
          "bioSamples": [
            "blood",
            "saliva",
            "urine",
            "others"
          ],
          "otherBioSamples": [
            {
              "lang": "en",
              "value": "<p>Toenail clippings<\/p>\r\n"
            }
          ],
          "content": "{\"bioSamples\":[\"blood\",\"saliva\",\"urine\",\"others\"],\"description\":{\"en\":\"<p>The baseline recruitment is ongoing (planned end year 2015).</p>\\r\\n\"},\"otherBioSamples\":{\"en\":\"<p>Toenail clippings</p>\\r\\n\"},\"dataSources\":[\"questionnaires\",\"physical_measures\",\"biological_samples\"]}"
        },
        {
          "id": "d5b86568-2d0c-4336-b9b6-767b0dc9e173",
          "name": [
            {
              "lang": "en",
              "value": "Atlantic PATH - Pilot"
            }
          ],
          "description": [
            {
              "lang": "en",
              "value": ""
            }
          ],
          "startYear": 2009,
          "endYear": 2009,
          "dataSources": [
            "questionnaires",
            "physical_measures",
            "biological_samples"
          ],
          "bioSamples": [
            "blood",
            "saliva",
            "urine",
            "others"
          ],
          "otherBioSamples": [
            {
              "lang": "en",
              "value": "<p>Toenail clippings<\/p>\r\n"
            }
          ],
          "content": "{\"bioSamples\":[\"blood\",\"saliva\",\"urine\",\"others\"],\"description\":{},\"otherBioSamples\":{\"en\":\"<p>Toenail clippings</p>\\r\\n\"},\"dataSources\":[\"questionnaires\",\"physical_measures\",\"biological_samples\"]}"
        }
      ],
      "content": "{\"numberOfParticipants\":{\"participant\":{\"noLimit\":false,\"number\":null},\"sample\":{\"noLimit\":false,\"number\":null},\"info\":null},\"selectionCriteria\":{\"gender\":null,\"ageMin\":35.0,\"ageMax\":69.0,\"countriesIso\":[\"CAN\"],\"territory\":null,\"criteria\":null,\"ethnicOrigin\":null,\"healthStatus\":null,\"otherCriteria\":null,\"info\":null},\"recruitment\":{\"dataSources\":[\"general\"],\"generalPopulationSources\":[\"volunteer\"],\"specificPopulationSources\":null,\"otherSpecificPopulationSource\":null,\"studies\":null,\"otherSource\":null,\"info\":null}}"
    }
  ],
  "content": "{\"numberOfParticipants\":{\"participant\":{\"noLimit\":false,\"number\":30000},\"sample\":{\"noLimit\":false,\"number\":22500},\"info\":null},\"website\":\"http://atlanticpath.ca/\",\"access\":[\"data\",\"biosamples\"],\"maelstromAuthorization\":{\"authorized\":true,\"authorizer\":null},\"methods\":{\"designs\":[\"cohort_study\"],\"design\":\"cohort_study\",\"otherDesign\":null,\"followUpInfo\":null,\"recruitments\":[\"individuals\"],\"otherRecruitment\":null,\"info\":null},\"start\":2009,\"specificAuthorization\":{\"authorized\":false,\"authorizer\":null},\"end\":null}"
}