<variables>
  <variable name="L20" valueType="integer" entityType="Participant" unit="" mimeType="" referencedEntityType="" index="0">
    <attributes>
      <attribute name="Circulation" namespace="Mlstr_physmeas" valueType="text">Blood_Pressure_office</attribute>
      <attribute name="Target" namespace="Mlstr_additional" valueType="text">Participant</attribute>
      <attribute name="Physical_measures" namespace="Mlstr_area" valueType="text">Circulation_respiration</attribute>
      <attribute name="label" valueType="text" locale="en">Systolic blood pressure</attribute>
      <attribute name="Source" namespace="Mlstr_additional" valueType="text">Physical_measure</attribute>
    </attributes>
  </variable>
  <variable name="L21" valueType="integer" entityType="Participant" unit="" mimeType="" referencedEntityType="" index="0">
    <attributes>
      <attribute name="Circulation" namespace="Mlstr_physmeas" valueType="text">Blood_Pressure_office</attribute>
      <attribute name="Target" namespace="Mlstr_additional" valueType="text">Participant</attribute>
      <attribute name="Physical_measures" namespace="Mlstr_area" valueType="text">Circulation_respiration</attribute>
      <attribute name="label" valueType="text" locale="en">Diastolic blood pressure</attribute>
      <attribute name="Source" namespace="Mlstr_additional" valueType="text">Physical_measure</attribute>
    </attributes>
  </variable>
  <variable name="L22" valueType="integer" entityType="Participant" unit="" mimeType="" referencedEntityType="" index="0">
    <attributes>
      <attribute name="Circulation" namespace="Mlstr_physmeas" valueType="text">Blood_Pressure_office</attribute>
      <attribute name="Target" namespace="Mlstr_additional" valueType="text">Participant</attribute>
      <attribute name="Physical_measures" namespace="Mlstr_area" valueType="text">Circulation_respiration</attribute>
      <attribute name="label" valueType="text" locale="en">Number of heart beats per minute</attribute>
      <attribute name="Source" namespace="Mlstr_additional" valueType="text">Physical_measure</attribute>
    </attributes>
  </variable>
  <variable name="L26" valueType="integer" entityType="Participant" unit="" mimeType="" referencedEntityType="" index="0">
    <attributes>
      <attribute name="Target" namespace="Mlstr_additional" valueType="text">Participant</attribute>
      <attribute name="Physical_measures" namespace="Mlstr_area" valueType="text">Sensory_pain</attribute>
      <attribute name="label" valueType="text" locale="en">Visual acuity</attribute>
      <attribute name="Source" namespace="Mlstr_additional" valueType="text">Physical_measure</attribute>
    </attributes>
  </variable>
  <variable name="L26a" valueType="integer" entityType="Participant" unit="" mimeType="" referencedEntityType="" index="0">
    <attributes>
      <attribute name="Target" namespace="Mlstr_additional" valueType="text">Participant</attribute>
      <attribute name="Physical_measures" namespace="Mlstr_area" valueType="text">Sensory_pain</attribute>
      <attribute name="label" valueType="text" locale="en">Visual acuity optometric measure</attribute>
      <attribute name="Source" namespace="Mlstr_additional" valueType="text">Physical_measure</attribute>
    </attributes>
  </variable>
  <variable name="L27" valueType="integer" entityType="Participant" unit="" mimeType="" referencedEntityType="" index="0">
    <attributes>
      <attribute name="Target" namespace="Mlstr_additional" valueType="text">Participant</attribute>
      <attribute name="Diseases" namespace="Mlstr_area" valueType="text">Ear_mastoid_dis</attribute>
      <attribute name="label" valueType="text" locale="en">Hearing: interviewer&apos;s judgment</attribute>
      <attribute name="Source" namespace="Mlstr_additional" valueType="text">Physical_measure</attribute>
    </attributes>
  </variable>
  <variable name="L27a" valueType="integer" entityType="Participant" unit="" mimeType="" referencedEntityType="" index="0">
    <attributes>
      <attribute name="Target" namespace="Mlstr_additional" valueType="text">Participant</attribute>
      <attribute name="Physical_measures" namespace="Mlstr_area" valueType="text">Physical_characteristics</attribute>
      <attribute name="label" valueType="text" locale="en">Handedness of the participant</attribute>
      <attribute name="Source" namespace="Mlstr_additional" valueType="text">Questionnaire</attribute>
    </attributes>
  </variable>
</variables>