{
  "id": "398269cf-2c9f-40d3-a1f3-87d68569ac46",
  "name": [
    {
      "lang": "en",
      "value": "National FINRISK Study 2007"
    }
  ],
  "acronym": [
    {
      "lang": "en",
      "value": "FINRISK 2007"
    }
  ],
  "contacts": [
    {
      "firstName": "Helena",
      "lastName": "Kaariainen",
      "email": "helena.kaariainen@ktl.fi",
      "phone": "+358 (0) 20 610 6000",
      "dataAccessCommitteeMember": false
    },
    {
      "title": "Dr.",
      "firstName": "Markus",
      "lastName": "Perola",
      "email": "markus.perola@ktl.fi",
      "phone": "+358-40-8612557",
      "dataAccessCommitteeMember": false,
      "institution": {
        "name": [
          {
            "lang": "en",
            "value": "National Institute For Health and Welfare"
          }
        ],
        "address": {
          "city": [
            {
              "lang": "en",
              "value": "Helsinki"
            }
          ],
          "zip": "251",
          "country": {
            "iso": "FI",
            "name": [
              {
                "lang": "en",
                "value": "Finland"
              }
            ]
          }
        }
      }
    },
    {
      "title": "Prof.",
      "firstName": "Erkki",
      "lastName": "Vartiainen",
      "email": "erkki.vartiainen@ktl.fi",
      "phone": "358 9 4744 8622",
      "dataAccessCommitteeMember": false,
      "institution": {
        "address": {
          "street": [
            {
              "lang": "en",
              "value": "Mannerheimintie 166"
            }
          ],
          "city": [
            {
              "lang": "en",
              "value": "Helsinki"
            }
          ],
          "zip": "FI-00300"
        }
      }
    }
  ],
  "objectives": [
    {
      "lang": "en",
      "value": "This survey is the 2007 part of the \"National FINRISK Study\" which is a large population survey on risk factors of chronic, noncommunicable diseases. The survey is carried out since 1972 every five years using independent, random and representative population samples from different parts of Finland."
    }
  ],
  "website": "http:\/\/www.ktl.fi\/portal\/english\/research__people___programs\/health_promotion_an...",
  "specificAuthorization": {
    "authorized": false,
    "authorizer": "l.giepmans@umcg.nl",
    "date": "2012-04-16T00:00:00-04:00"
  },
  "maelstromAuthorization": {
    "authorized": false,
    "date": "2012-04-16T00:00:00-04:00"
  },
  "methods": {
    "designs": [
      "cross_sectional"
    ]
  },
  "numberOfParticipants": {
    "participant": {
      "noLimit": false,
      "number": 10000
    },
    "sample": {
      "noLimit": false
    }
  },
  "info": [
    {
      "lang": "en",
      "value": "<p>2000 inhabitants years were invited to participate in each of the 5 areas (Helsinkin\/Vantaa,Oulun l\u00e4\u00e4ni, Pohjois-Savo, Pohjois-Karjala,Turku\/Loimaa).<\/p>\r\n"
    }
  ],
  "populations": [
    {
      "id": "9f5bd3d9-86f0-416f-b0a6-177a793ca4a3",
      "name": [
        {
          "lang": "en",
          "value": "2007 Study Population"
        }
      ],
      "description": [
        {
          "lang": "en"
        }
      ],
      "numberOfParticipants": {
        "participant": {
          "noLimit": false
        },
        "sample": {
          "noLimit": false
        }
      },
      "dataCollectionEvents": [
        {
          "id": "2c929b76-6808-4818-a37e-2a9fd7ff2c6c",
          "name": [
            {
              "lang": "en",
              "value": "2007 Data Collection"
            }
          ],
          "startYear": 2007,
          "startMonth": 1,
          "endYear": 2007,
          "endMonth": 12
        }
      ],
      "content": "{\"numberOfParticipants\":{\"participant\":{\"noLimit\":false,\"number\":null},\"sample\":{\"noLimit\":false,\"number\":null},\"info\":null}}"
    }
  ],
  "content": "{\"numberOfParticipants\":{\"participant\":{\"noLimit\":false,\"number\":10000},\"sample\":{\"noLimit\":false,\"number\":null},\"info\":null},\"website\":\"http://www.ktl.fi/portal/english/research__people___programs/health_promotion_an...\",\"maelstromAuthorization\":{\"authorized\":false,\"authorizer\":null},\"methods\":{\"designs\":[\"cross_sectional\"],\"design\":\"cross_sectional\",\"otherDesign\":null,\"followUpInfo\":null,\"recruitments\":null,\"otherRecruitment\":null,\"info\":null},\"start\":null,\"specificAuthorization\":{\"authorized\":false,\"authorizer\":\"l.giepmans@umcg.nl\"},\"end\":null,\"info\":{\"en\":\"<p>2000 inhabitants years were invited to participate in each of the 5 areas (Helsinkin/Vantaa,Oulun lääni, Pohjois-Savo, Pohjois-Karjala,Turku/Loimaa).</p>\\r\\n\"}}"
}