<variables>
  <variable name="minimental.30" valueType="integer" entityType="Participant" unit="" mimeType="" referencedEntityType="" index="0">
    <attributes>
      <attribute name="Target" namespace="Mlstr_additional" valueType="text">Participant</attribute>
      <attribute name="Cog_scale" namespace="Mlstr_cogscale" valueType="text">MMSE</attribute>
      <attribute name="Cognitive_psychological_measures" namespace="Mlstr_area" valueType="text">Cognitive_functioning</attribute>
      <attribute name="label" valueType="text" locale="en">MMSE max 30</attribute>
      <attribute name="Source" namespace="Mlstr_additional" valueType="text">Cognitive_measure</attribute>
    </attributes>
  </variable>
  <variable name="mini.per30" valueType="decimal" entityType="Participant" unit="" mimeType="" referencedEntityType="" index="0">
    <attributes>
      <attribute name="Target" namespace="Mlstr_additional" valueType="text">Participant</attribute>
      <attribute name="Cog_scale" namespace="Mlstr_cogscale" valueType="text">MMSE</attribute>
      <attribute name="Cognitive_psychological_measures" namespace="Mlstr_area" valueType="text">Cognitive_functioning</attribute>
      <attribute name="label" valueType="text" locale="en">Percentage of MMSE max 30</attribute>
      <attribute name="Source" namespace="Mlstr_additional" valueType="text">Cognitive_measure</attribute>
    </attributes>
  </variable>
  <variable name="minimental.23" valueType="integer" entityType="Participant" unit="" mimeType="" referencedEntityType="" index="0">
    <attributes>
      <attribute name="Target" namespace="Mlstr_additional" valueType="text">Participant</attribute>
      <attribute name="Cog_scale" namespace="Mlstr_cogscale" valueType="text">MMSE</attribute>
      <attribute name="Cognitive_psychological_measures" namespace="Mlstr_area" valueType="text">Cognitive_functioning</attribute>
      <attribute name="label" valueType="text" locale="en">MMSE max 23</attribute>
      <attribute name="Source" namespace="Mlstr_additional" valueType="text">Cognitive_measure</attribute>
    </attributes>
  </variable>
  <variable name="mm.per23" valueType="decimal" entityType="Participant" unit="" mimeType="" referencedEntityType="" index="0">
    <attributes>
      <attribute name="Target" namespace="Mlstr_additional" valueType="text">Participant</attribute>
      <attribute name="Cog_scale" namespace="Mlstr_cogscale" valueType="text">MMSE</attribute>
      <attribute name="Cognitive_psychological_measures" namespace="Mlstr_area" valueType="text">Cognitive_functioning</attribute>
      <attribute name="label" valueType="text" locale="en">Percentage of MMSE max 23</attribute>
      <attribute name="Source" namespace="Mlstr_additional" valueType="text">Cognitive_measure</attribute>
    </attributes>
  </variable>
</variables>