<valueSet valueTable="CNSIM3" entityType="Participant" entityIdentifier="1861">
  <variableValue variable="LAB_TSC">
    <value valueType="decimal">5.593</value>
  </variableValue>
  <variableValue variable="LAB_TRIG">
    <value valueType="decimal">3.171</value>
  </variableValue>
  <variableValue variable="LAB_HDL">
    <value valueType="decimal">1.251</value>
  </variableValue>
  <variableValue variable="LAB_GLUC_ADJUSTED">
    <value valueType="decimal">4.729</value>
  </variableValue>
  <variableValue variable="PM_BMI_CONTINUOUS">
    <value valueType="decimal">25.5</value>
  </variableValue>
  <variableValue variable="DIS_CVA">
    <value valueType="integer">0</value>
  </variableValue>
  <variableValue variable="MEDI_LPD">
    <value valueType="integer">0</value>
  </variableValue>
  <variableValue variable="DIS_DIAB">
    <value valueType="integer">0</value>
  </variableValue>
  <variableValue variable="DIS_AMI">
    <value valueType="integer">0</value>
  </variableValue>
  <variableValue variable="GENDER">
    <value valueType="integer">0</value>
  </variableValue>
  <variableValue variable="PM_BMI_CATEGORICAL">
    <value valueType="integer">2</value>
  </variableValue>
</valueSet>