<valueSet valueTable="CNSIM3" entityType="Participant" entityIdentifier="3556">
  <variableValue variable="LAB_TSC">
    <value valueType="decimal">5.345</value>
  </variableValue>
  <variableValue variable="LAB_TRIG">
    <value valueType="decimal">3.318</value>
  </variableValue>
  <variableValue variable="LAB_HDL">
    <value valueType="decimal">1.237</value>
  </variableValue>
  <variableValue variable="LAB_GLUC_ADJUSTED">
    <value valueType="decimal">6.278</value>
  </variableValue>
  <variableValue variable="PM_BMI_CONTINUOUS">
    <value valueType="decimal">30.94</value>
  </variableValue>
  <variableValue variable="DIS_CVA">
    <value valueType="integer">0</value>
  </variableValue>
  <variableValue variable="MEDI_LPD">
    <value valueType="integer">0</value>
  </variableValue>
  <variableValue variable="DIS_DIAB">
    <value valueType="integer">0</value>
  </variableValue>
  <variableValue variable="DIS_AMI">
    <value valueType="integer">0</value>
  </variableValue>
  <variableValue variable="GENDER">
    <value valueType="integer">0</value>
  </variableValue>
  <variableValue variable="PM_BMI_CATEGORICAL">
    <value valueType="integer">3</value>
  </variableValue>
</valueSet>