<valueSet valueTable="CNSIM3" entityType="Participant" entityIdentifier="1733">
  <variableValue variable="LAB_TSC">
    <value valueType="decimal">5.889</value>
  </variableValue>
  <variableValue variable="LAB_TRIG">
    <value valueType="decimal">1.561</value>
  </variableValue>
  <variableValue variable="LAB_HDL">
    <value valueType="decimal">1.871</value>
  </variableValue>
  <variableValue variable="LAB_GLUC_ADJUSTED">
    <value valueType="decimal">8.093</value>
  </variableValue>
  <variableValue variable="PM_BMI_CONTINUOUS">
    <value valueType="decimal">23.7</value>
  </variableValue>
  <variableValue variable="DIS_CVA">
    <value valueType="integer">0</value>
  </variableValue>
  <variableValue variable="MEDI_LPD">
    <value valueType="integer">0</value>
  </variableValue>
  <variableValue variable="DIS_DIAB">
    <value valueType="integer">0</value>
  </variableValue>
  <variableValue variable="DIS_AMI">
    <value valueType="integer">0</value>
  </variableValue>
  <variableValue variable="GENDER">
    <value valueType="integer">0</value>
  </variableValue>
  <variableValue variable="PM_BMI_CATEGORICAL">
    <value valueType="integer">1</value>
  </variableValue>
</valueSet>