<variables>
  <variable name="DIS_CANCER_EVER" valueType="integer" entityType="Participant" unit="" mimeType="" referencedEntityType="" index="1">
    <attributes>
      <attribute name="description" valueType="text">Occurrence of cancer at any point during the life of the participant.</attribute>
      <attribute name="label" valueType="text">Occurrence of cancer</attribute>
    </attributes>
    <categories>
      <category name="0">
        <attributes>
          <attribute name="label" valueType="text">Never had cancer</attribute>
        </attributes>
      </category>
      <category name="1">
        <attributes>
          <attribute name="label" valueType="text">Ever had cancer</attribute>
        </attributes>
      </category>
    </categories>
  </variable>
  <variable name="DIS_CANCER_BLADDER" valueType="integer" entityType="Participant" unit="" mimeType="" referencedEntityType="" index="2">
    <attributes>
      <attribute name="description" valueType="text">Occurrence of bladder cancer at any point during the life of the participant.</attribute>
      <attribute name="label" valueType="text">Occurence of bladder cancer </attribute>
    </attributes>
    <categories>
      <category name="0">
        <attributes>
          <attribute name="label" valueType="text">Never had bladder cancer</attribute>
        </attributes>
      </category>
      <category name="1">
        <attributes>
          <attribute name="label" valueType="text">Ever had bladder cancer</attribute>
        </attributes>
      </category>
    </categories>
  </variable>
  <variable name="DIS_CANCER_BRAIN" valueType="integer" entityType="Participant" unit="" mimeType="" referencedEntityType="" index="3">
    <attributes>
      <attribute name="description" valueType="text">Occurrence of brain cancer at any point during the life of the participant, including eye or other part of the nervous system cancer.</attribute>
      <attribute name="label" valueType="text">Occurence of brain cancer </attribute>
    </attributes>
    <categories>
      <category name="0">
        <attributes>
          <attribute name="label" valueType="text">Never had brain cancer</attribute>
        </attributes>
      </category>
      <category name="1">
        <attributes>
          <attribute name="label" valueType="text">Ever had brain cancer</attribute>
        </attributes>
      </category>
    </categories>
  </variable>
  <variable name="DIS_CANCER_BREAST" valueType="integer" entityType="Participant" unit="" mimeType="" referencedEntityType="" index="4">
    <attributes>
      <attribute name="description" valueType="text">Occurrence of breast cancer at any point during the life of the participant.</attribute>
      <attribute name="label" valueType="text">Occurence of breast cancer </attribute>
    </attributes>
    <categories>
      <category name="0">
        <attributes>
          <attribute name="label" valueType="text">Never had breast cancer</attribute>
        </attributes>
      </category>
      <category name="1">
        <attributes>
          <attribute name="label" valueType="text">Ever had breast cancer</attribute>
        </attributes>
      </category>
    </categories>
  </variable>
  <variable name="DIS_CANCER_CERVIX" valueType="integer" entityType="Participant" unit="" mimeType="" referencedEntityType="" index="5">
    <attributes>
      <attribute name="description" valueType="text">Occurrence of cervical cancer at any point during the life of the participant.</attribute>
      <attribute name="label" valueType="text">Occurence of cervical cancer </attribute>
    </attributes>
    <categories>
      <category name="0">
        <attributes>
          <attribute name="label" valueType="text">Never had cervical cancer</attribute>
        </attributes>
      </category>
      <category name="1">
        <attributes>
          <attribute name="label" valueType="text">Ever had cervical cancer</attribute>
        </attributes>
      </category>
    </categories>
  </variable>
  <variable name="DIS_CANCER_COLORECTUM" valueType="integer" entityType="Participant" unit="" mimeType="" referencedEntityType="" index="6">
    <attributes>
      <attribute name="description" valueType="text">Occurrence of colorectal cancer at any point during the life of the participant, including colon and/or rectum cancer.</attribute>
      <attribute name="label" valueType="text">Occurrence of colorectal cancer</attribute>
    </attributes>
    <categories>
      <category name="0">
        <attributes>
          <attribute name="label" valueType="text">Never had colorectum cancer</attribute>
        </attributes>
      </category>
      <category name="1">
        <attributes>
          <attribute name="label" valueType="text">Ever had colorectum cancer</attribute>
        </attributes>
      </category>
    </categories>
  </variable>
  <variable name="DIS_CANCER_ESOPHAGUS" valueType="integer" entityType="Participant" unit="" mimeType="" referencedEntityType="" index="8">
    <attributes>
      <attribute name="description" valueType="text">Occurrence of esophageal cancer at any point during the life of the participant.</attribute>
      <attribute name="label" valueType="text">Occurence of esophageal cancer </attribute>
    </attributes>
    <categories>
      <category name="0">
        <attributes>
          <attribute name="label" valueType="text">Never had esophageal cancer</attribute>
        </attributes>
      </category>
      <category name="1">
        <attributes>
          <attribute name="label" valueType="text">Ever had esophageal cancer</attribute>
        </attributes>
      </category>
    </categories>
  </variable>
  <variable name="DIS_CANCER_GALLBLADDER" valueType="integer" entityType="Participant" unit="" mimeType="" referencedEntityType="" index="9">
    <attributes>
      <attribute name="description" valueType="text">Occurrence of gallbladder cancer at any point during the life of the participant.</attribute>
      <attribute name="label" valueType="text">Occurence of gallbladder cancer </attribute>
    </attributes>
    <categories>
      <category name="0">
        <attributes>
          <attribute name="label" valueType="text">Never had gallbladder cancer</attribute>
        </attributes>
      </category>
      <category name="1">
        <attributes>
          <attribute name="label" valueType="text">Ever had gallbladder cancer</attribute>
        </attributes>
      </category>
    </categories>
  </variable>
  <variable name="DIS_CANCER_HL" valueType="integer" entityType="Participant" unit="" mimeType="" referencedEntityType="" index="10">
    <attributes>
      <attribute name="description" valueType="text">Occurrence of Hodgkin&apos;s lymphoma at any point during the life of the participant.</attribute>
      <attribute name="label" valueType="text">Occurence of Hodgkin&apos;s lymphoma </attribute>
    </attributes>
    <categories>
      <category name="0">
        <attributes>
          <attribute name="label" valueType="text">Never had Hodgkin&apos;s lymphoma</attribute>
        </attributes>
      </category>
      <category name="1">
        <attributes>
          <attribute name="label" valueType="text">Ever had Hodgkin&apos;s lymphoma</attribute>
        </attributes>
      </category>
    </categories>
  </variable>
  <variable name="DIS_CANCER_KIDNEY" valueType="integer" entityType="Participant" unit="" mimeType="" referencedEntityType="" index="11">
    <attributes>
      <attribute name="description" valueType="text">Occurrence of kidney cancer at any point during the life of the participant.</attribute>
      <attribute name="label" valueType="text">Occurence of kidney cancer </attribute>
    </attributes>
    <categories>
      <category name="0">
        <attributes>
          <attribute name="label" valueType="text">Never had kidney cancer</attribute>
        </attributes>
      </category>
      <category name="1">
        <attributes>
          <attribute name="label" valueType="text">Ever had kidney cancer</attribute>
        </attributes>
      </category>
    </categories>
  </variable>
  <variable name="DIS_CANCER_LARYNX" valueType="integer" entityType="Participant" unit="" mimeType="" referencedEntityType="" index="12">
    <attributes>
      <attribute name="description" valueType="text">Occurrence of laryngeal cancer at any point during the life of the participant.</attribute>
      <attribute name="label" valueType="text">Occurence of laryngeal cancer </attribute>
    </attributes>
    <categories>
      <category name="0">
        <attributes>
          <attribute name="label" valueType="text">Never had laryngeal cancer</attribute>
        </attributes>
      </category>
      <category name="1">
        <attributes>
          <attribute name="label" valueType="text">Ever had laryngeal cancer</attribute>
        </attributes>
      </category>
    </categories>
  </variable>
  <variable name="DIS_CANCER_LEUKEMIA" valueType="integer" entityType="Participant" unit="" mimeType="" referencedEntityType="" index="13">
    <attributes>
      <attribute name="description" valueType="text">Occurrence of leukemia at any point during the life of the participant.</attribute>
      <attribute name="label" valueType="text">Occurence of leukemia </attribute>
    </attributes>
    <categories>
      <category name="0">
        <attributes>
          <attribute name="label" valueType="text">Never had leukemia</attribute>
        </attributes>
      </category>
      <category name="1">
        <attributes>
          <attribute name="label" valueType="text">Ever had leukemia</attribute>
        </attributes>
      </category>
    </categories>
  </variable>
  <variable name="DIS_CANCER_LIVER" valueType="integer" entityType="Participant" unit="" mimeType="" referencedEntityType="" index="14">
    <attributes>
      <attribute name="description" valueType="text">Occurrence of liver cancer at any point during the life of the participant.</attribute>
      <attribute name="label" valueType="text">Occurence of liver cancer </attribute>
    </attributes>
    <categories>
      <category name="0">
        <attributes>
          <attribute name="label" valueType="text">Never had liver cancer</attribute>
        </attributes>
      </category>
      <category name="1">
        <attributes>
          <attribute name="label" valueType="text">Ever had liver cancer</attribute>
        </attributes>
      </category>
    </categories>
  </variable>
  <variable name="DIS_CANCER_LUNG" valueType="integer" entityType="Participant" unit="" mimeType="" referencedEntityType="" index="15">
    <attributes>
      <attribute name="description" valueType="text">Occurrence of lung cancer at any point during the life of the participant, including  bronchus.</attribute>
      <attribute name="label" valueType="text">Occurence of lung cancer </attribute>
    </attributes>
    <categories>
      <category name="0">
        <attributes>
          <attribute name="label" valueType="text">Never had lung cancer</attribute>
        </attributes>
      </category>
      <category name="1">
        <attributes>
          <attribute name="label" valueType="text">Ever had lung cancer</attribute>
        </attributes>
      </category>
    </categories>
  </variable>
  <variable name="DIS_CANCER_MELANOMA" valueType="integer" entityType="Participant" unit="" mimeType="" referencedEntityType="" index="16">
    <attributes>
      <attribute name="description" valueType="text">Occurrence of melanoma skin cancer at any point during the life of the participant.</attribute>
      <attribute name="label" valueType="text">Occurence of melanoma of skin </attribute>
    </attributes>
    <categories>
      <category name="0">
        <attributes>
          <attribute name="label" valueType="text">Never had melanoma skin cancer</attribute>
        </attributes>
      </category>
      <category name="1">
        <attributes>
          <attribute name="label" valueType="text">Ever had melanoma skin cancer</attribute>
        </attributes>
      </category>
    </categories>
  </variable>
  <variable name="DIS_CANCER_MULTIPLE_MYELOMA" valueType="integer" entityType="Participant" unit="" mimeType="" referencedEntityType="" index="17">
    <attributes>
      <attribute name="description" valueType="text">Occurrence of multiple myeloma at any point during the life of the participant.</attribute>
      <attribute name="label" valueType="text">Occurence of multiple myeloma cancer </attribute>
    </attributes>
    <categories>
      <category name="0">
        <attributes>
          <attribute name="label" valueType="text">Never had multiple myeloma</attribute>
        </attributes>
      </category>
      <category name="1">
        <attributes>
          <attribute name="label" valueType="text">Ever had multiple myeloma</attribute>
        </attributes>
      </category>
    </categories>
  </variable>
  <variable name="DIS_CANCER_NHL" valueType="integer" entityType="Participant" unit="" mimeType="" referencedEntityType="" index="18">
    <attributes>
      <attribute name="description" valueType="text">Occurrence of non-Hodgkin&apos;s lymphoma at any point during the life of the participant.</attribute>
      <attribute name="label" valueType="text">Occurence of non-Hodgkin&apos;s lymphoma </attribute>
    </attributes>
    <categories>
      <category name="0">
        <attributes>
          <attribute name="label" valueType="text">Never had  non-Hodgkin&apos;s lymphoma</attribute>
        </attributes>
      </category>
      <category name="1">
        <attributes>
          <attribute name="label" valueType="text">Ever had non-Hodgkin&apos;s lymphoma</attribute>
        </attributes>
      </category>
    </categories>
  </variable>
  <variable name="DIS_CANCER_ORAL" valueType="integer" entityType="Participant" unit="" mimeType="" referencedEntityType="" index="19">
    <attributes>
      <attribute name="description" valueType="text">Occurrence of oral cancer at any point during the life of the participant, including lip, oral cavity or pharyngeal cancer.</attribute>
      <attribute name="label" valueType="text">Occurence of oral cancer </attribute>
    </attributes>
    <categories>
      <category name="0">
        <attributes>
          <attribute name="label" valueType="text">Never had oral cancer</attribute>
        </attributes>
      </category>
      <category name="1">
        <attributes>
          <attribute name="label" valueType="text">Ever had oral cancer</attribute>
        </attributes>
      </category>
    </categories>
  </variable>
  <variable name="DIS_CANCER_OVARY" valueType="integer" entityType="Participant" unit="" mimeType="" referencedEntityType="" index="20">
    <attributes>
      <attribute name="description" valueType="text">Occurrence of ovarian cancer at any point during the life of the participant.</attribute>
      <attribute name="label" valueType="text">Occurence of ovarian cancer </attribute>
    </attributes>
    <categories>
      <category name="0">
        <attributes>
          <attribute name="label" valueType="text">Never had ovarian cancer</attribute>
        </attributes>
      </category>
      <category name="1">
        <attributes>
          <attribute name="label" valueType="text">Ever had ovarian cancer</attribute>
        </attributes>
      </category>
    </categories>
  </variable>
  <variable name="DIS_CANCER_PANCREAS" valueType="integer" entityType="Participant" unit="" mimeType="" referencedEntityType="" index="21">
    <attributes>
      <attribute name="description" valueType="text">Occurrence of pancreatic cancer at any point during the life of the participant.</attribute>
      <attribute name="label" valueType="text">Occurence of pancreatic cancer </attribute>
    </attributes>
    <categories>
      <category name="0">
        <attributes>
          <attribute name="label" valueType="text">Never had pancreatic cancer</attribute>
        </attributes>
      </category>
      <category name="1">
        <attributes>
          <attribute name="label" valueType="text">Ever had pancreatic cancer</attribute>
        </attributes>
      </category>
    </categories>
  </variable>
  <variable name="DIS_CANCER_PROSTATE" valueType="integer" entityType="Participant" unit="" mimeType="" referencedEntityType="" index="22">
    <attributes>
      <attribute name="description" valueType="text">Occurrence of prostate cancer at any point during the life of the participant.</attribute>
      <attribute name="label" valueType="text">Occurence of prostate cancer </attribute>
    </attributes>
    <categories>
      <category name="0">
        <attributes>
          <attribute name="label" valueType="text">Never had prostate cancer</attribute>
        </attributes>
      </category>
      <category name="1">
        <attributes>
          <attribute name="label" valueType="text">Ever had prostate cancer</attribute>
        </attributes>
      </category>
    </categories>
  </variable>
  <variable name="DIS_CANCER_STOMACH" valueType="integer" entityType="Participant" unit="" mimeType="" referencedEntityType="" index="23">
    <attributes>
      <attribute name="description" valueType="text">Occurrence of stomach cancer at any point during the life of the participant.</attribute>
      <attribute name="label" valueType="text">Occurence of stomach cancer </attribute>
    </attributes>
    <categories>
      <category name="0">
        <attributes>
          <attribute name="label" valueType="text">Never had stomach cancer</attribute>
        </attributes>
      </category>
      <category name="1">
        <attributes>
          <attribute name="label" valueType="text">Ever had stomach cancer</attribute>
        </attributes>
      </category>
    </categories>
  </variable>
  <variable name="DIS_CANCER_THYROID" valueType="integer" entityType="Participant" unit="" mimeType="" referencedEntityType="" index="24">
    <attributes>
      <attribute name="description" valueType="text">Occurrence of thyroid cancer at any point during the life of the participant.</attribute>
      <attribute name="label" valueType="text">Occurence of thyroid cancer </attribute>
    </attributes>
    <categories>
      <category name="0">
        <attributes>
          <attribute name="label" valueType="text">Never had thyroid cancer</attribute>
        </attributes>
      </category>
      <category name="1">
        <attributes>
          <attribute name="label" valueType="text">Ever had thyroid cancer</attribute>
        </attributes>
      </category>
    </categories>
  </variable>
  <variable name="DIS_CANCER_UTERUS" valueType="integer" entityType="Participant" unit="" mimeType="" referencedEntityType="" index="25">
    <attributes>
      <attribute name="description" valueType="text">Occurrence of uterine cancer at any point during the life of the participant.</attribute>
      <attribute name="label" valueType="text">Occurence of uterine cancer </attribute>
    </attributes>
    <categories>
      <category name="0">
        <attributes>
          <attribute name="label" valueType="text">Never had uterine cancer</attribute>
        </attributes>
      </category>
      <category name="1">
        <attributes>
          <attribute name="label" valueType="text">Ever had uterine cancer</attribute>
        </attributes>
      </category>
    </categories>
  </variable>
  <variable name="DIS_CANCER_OTHER" valueType="integer" entityType="Participant" unit="" mimeType="" referencedEntityType="" index="26">
    <attributes>
      <attribute name="description" valueType="text">Occurrence of other cancer at any point during the life of the participant.</attribute>
      <attribute name="label" valueType="text">Occurence of other cancer </attribute>
    </attributes>
    <categories>
      <category name="0">
        <attributes>
          <attribute name="label" valueType="text">Never had other cancer </attribute>
        </attributes>
      </category>
      <category name="1">
        <attributes>
          <attribute name="label" valueType="text">Ever had other cancer</attribute>
        </attributes>
      </category>
    </categories>
  </variable>
  <variable name="DIS_CANCER_BLADDER_AGE" valueType="integer" entityType="Participant" unit="years" mimeType="" referencedEntityType="" index="27">
    <attributes>
      <attribute name="description" valueType="text">Age of the participant at bladder cancer first diagnosis.</attribute>
      <attribute name="label" valueType="text">Bladder cancer: Age at first diagnosis </attribute>
    </attributes>
  </variable>
  <variable name="DIS_CANCER_BRAIN_AGE" valueType="integer" entityType="Participant" unit="years" mimeType="" referencedEntityType="" index="28">
    <attributes>
      <attribute name="description" valueType="text">Age of the participant at brain cancer first diagnosis, including eye and other part of the nervous system cancer.</attribute>
      <attribute name="label" valueType="text">Brain cancer: Age at first diagnosis </attribute>
    </attributes>
  </variable>
  <variable name="DIS_CANCER_BREAST_AGE" valueType="integer" entityType="Participant" unit="years" mimeType="" referencedEntityType="" index="29">
    <attributes>
      <attribute name="description" valueType="text">Age of the participant at breast cancer first diagnosis.</attribute>
      <attribute name="label" valueType="text">Breast cancer: Age at first diagnosis </attribute>
    </attributes>
  </variable>
  <variable name="DIS_CANCER_CERVIX_AGE" valueType="integer" entityType="Participant" unit="years" mimeType="" referencedEntityType="" index="30">
    <attributes>
      <attribute name="description" valueType="text">Age of the participant at cervical cancer first diagnosis.</attribute>
      <attribute name="label" valueType="text">Cervical cancer: Age at first diagnosis </attribute>
    </attributes>
  </variable>
  <variable name="DIS_CANCER_COLORECTUM_AGE" valueType="integer" entityType="Participant" unit="years" mimeType="" referencedEntityType="" index="31">
    <attributes>
      <attribute name="description" valueType="text">Age of the participant at colorectal cancer first diagnosis, including colon and/or rectum cancer.</attribute>
      <attribute name="label" valueType="text">Colorectal cancer: Age at first diagnosis </attribute>
    </attributes>
  </variable>
  <variable name="DIS_CANCER_ESOPHAGUS_AGE" valueType="integer" entityType="Participant" unit="years" mimeType="" referencedEntityType="" index="32">
    <attributes>
      <attribute name="description" valueType="text">Age of the participant at esophageal cancer first diagnosis.</attribute>
      <attribute name="label" valueType="text">Esophageal cancer: Age at first diagnosis </attribute>
    </attributes>
  </variable>
  <variable name="DIS_CANCER_GALLBLADDER_AGE" valueType="integer" entityType="Participant" unit="years" mimeType="" referencedEntityType="" index="33">
    <attributes>
      <attribute name="description" valueType="text">Age of the participant at gallbladder cancer first diagnosis.</attribute>
      <attribute name="label" valueType="text">Gallbladder cancer: Age at first diagnosis </attribute>
    </attributes>
  </variable>
  <variable name="DIS_CANCER_HL_AGE" valueType="integer" entityType="Participant" unit="years" mimeType="" referencedEntityType="" index="34">
    <attributes>
      <attribute name="description" valueType="text">Age of the participant at Hodgkin&apos;s lymphoma first diagnosis.</attribute>
      <attribute name="label" valueType="text">Hodgkin&apos;s lymphoma: Age at first diagnosis </attribute>
    </attributes>
  </variable>
  <variable name="DIS_CANCER_KIDNEY_AGE" valueType="integer" entityType="Participant" unit="years" mimeType="" referencedEntityType="" index="35">
    <attributes>
      <attribute name="description" valueType="text">Age of the participant at kidney cancer first diagnosis.</attribute>
      <attribute name="label" valueType="text">Kidney cancer: Age at first diagnosis </attribute>
    </attributes>
  </variable>
  <variable name="DIS_CANCER_LARYNX_AGE" valueType="integer" entityType="Participant" unit="years" mimeType="" referencedEntityType="" index="36">
    <attributes>
      <attribute name="description" valueType="text">Age of the participant at laryngeal cancer first diagnosis.</attribute>
      <attribute name="label" valueType="text">Laryngeal cancer: Age at first diagnosis </attribute>
    </attributes>
  </variable>
  <variable name="DIS_CANCER_LEUKEMIA_AGE" valueType="integer" entityType="Participant" unit="years" mimeType="" referencedEntityType="" index="37">
    <attributes>
      <attribute name="description" valueType="text">Age of the participant at leukemia first diagnosis.</attribute>
      <attribute name="label" valueType="text">Leukemia: Age at first diagnosis </attribute>
    </attributes>
  </variable>
  <variable name="DIS_CANCER_LIVER_AGE" valueType="integer" entityType="Participant" unit="years" mimeType="" referencedEntityType="" index="38">
    <attributes>
      <attribute name="description" valueType="text">Age of the participant at liver cancer first diagnosis.</attribute>
      <attribute name="label" valueType="text">Liver cancer: Age at first diagnosis </attribute>
    </attributes>
  </variable>
  <variable name="DIS_CANCER_LUNG_AGE" valueType="integer" entityType="Participant" unit="years" mimeType="" referencedEntityType="" index="39">
    <attributes>
      <attribute name="description" valueType="text">Age of the participant at lung cancer first diagnosis, including bronchus cancer.</attribute>
      <attribute name="label" valueType="text">Lung cancer: Age at first diagnosis </attribute>
    </attributes>
  </variable>
  <variable name="DIS_CANCER_MELANOMA_AGE" valueType="integer" entityType="Participant" unit="years" mimeType="" referencedEntityType="" index="40">
    <attributes>
      <attribute name="description" valueType="text">Age of the participant at melanoma skin cancer first diagnosis.</attribute>
      <attribute name="label" valueType="text">Melanoma skin cancer: Age at first diagnosis </attribute>
    </attributes>
  </variable>
  <variable name="DIS_CANCER_MULTIPLE_MYELOMA_AGE" valueType="integer" entityType="Participant" unit="years" mimeType="" referencedEntityType="" index="41">
    <attributes>
      <attribute name="description" valueType="text">Age of the participant at multiple myeloma first diagnosis.</attribute>
      <attribute name="label" valueType="text">Multiple myeloma: Age at first diagnosis </attribute>
    </attributes>
  </variable>
  <variable name="DIS_CANCER_NHL_AGE" valueType="integer" entityType="Participant" unit="years" mimeType="" referencedEntityType="" index="42">
    <attributes>
      <attribute name="description" valueType="text">Age of the participant at non-Hodgkin&apos;s lymphoma first diagnosis.</attribute>
      <attribute name="label" valueType="text">Non-Hodgkin&apos;s lymphoma: Age at first diagnosis </attribute>
    </attributes>
  </variable>
  <variable name="DIS_CANCER_ORAL_AGE" valueType="integer" entityType="Participant" unit="years" mimeType="" referencedEntityType="" index="43">
    <attributes>
      <attribute name="description" valueType="text">Age of the participant at oral cancer first diagnosis, including lip, oral cavity and pharyngeal cancer.</attribute>
      <attribute name="label" valueType="text">Oral cancer: Age at first diagnosis </attribute>
    </attributes>
  </variable>
  <variable name="DIS_CANCER_OVARY_AGE" valueType="integer" entityType="Participant" unit="years" mimeType="" referencedEntityType="" index="44">
    <attributes>
      <attribute name="description" valueType="text">Age of the participant at ovarian cancer first diagnosis.</attribute>
      <attribute name="label" valueType="text">Ovarian cancer: Age at first diagnosis </attribute>
    </attributes>
  </variable>
  <variable name="DIS_CANCER_PANCREAS_AGE" valueType="integer" entityType="Participant" unit="years" mimeType="" referencedEntityType="" index="45">
    <attributes>
      <attribute name="description" valueType="text">Age of the participant at pancreatic cancer first diagnosis.</attribute>
      <attribute name="label" valueType="text">Pancreatic cancer: Age at first diagnosis </attribute>
    </attributes>
  </variable>
  <variable name="DIS_CANCER_PROSTATE_AGE" valueType="integer" entityType="Participant" unit="years" mimeType="" referencedEntityType="" index="46">
    <attributes>
      <attribute name="description" valueType="text">Age of the participant at prostate cancer first diagnosis.</attribute>
      <attribute name="label" valueType="text">Prostate cancer: Age at first diagnosis </attribute>
    </attributes>
  </variable>
  <variable name="DIS_CANCER_STOMACH_AGE" valueType="integer" entityType="Participant" unit="years" mimeType="" referencedEntityType="" index="47">
    <attributes>
      <attribute name="description" valueType="text">Age of the participant at stomach cancer first diagnosis.</attribute>
      <attribute name="label" valueType="text">Stomach cancer: Age at first diagnosis </attribute>
    </attributes>
  </variable>
  <variable name="DIS_CANCER_THYROID_AGE" valueType="integer" entityType="Participant" unit="years" mimeType="" referencedEntityType="" index="48">
    <attributes>
      <attribute name="description" valueType="text">Age of the participant at thyroid cancer first diagnosis.</attribute>
      <attribute name="label" valueType="text">Thyroid cancer: Age at first diagnosis </attribute>
    </attributes>
  </variable>
  <variable name="DIS_CANCER_UTERUS_AGE" valueType="integer" entityType="Participant" unit="years" mimeType="" referencedEntityType="" index="49">
    <attributes>
      <attribute name="description" valueType="text">Age of the participant at uterine cancer first diagnosis.</attribute>
      <attribute name="label" valueType="text">Uterine cancer: Age at first diagnosis </attribute>
    </attributes>
  </variable>
  <variable name="DIS_CANCER_OTHER_AGE" valueType="integer" entityType="Participant" unit="years" mimeType="" referencedEntityType="" index="50">
    <attributes>
      <attribute name="description" valueType="text">Age of the participant at other cancer first diagnosis.</attribute>
      <attribute name="label" valueType="text">Other cancer: Age at first diagnosis </attribute>
    </attributes>
  </variable>
  <variable name="DIS_DIAB_EVER" valueType="integer" entityType="Participant" unit="" mimeType="" referencedEntityType="" index="51">
    <attributes>
      <attribute name="description" valueType="text">Occurrence of any type of diabetes at any point during the life of the participant.</attribute>
      <attribute name="label" valueType="text">Occurrence of diabetes</attribute>
    </attributes>
    <categories>
      <category name="0">
        <attributes>
          <attribute name="label" valueType="text">Never had diabetes</attribute>
        </attributes>
      </category>
      <category name="1">
        <attributes>
          <attribute name="label" valueType="text">Ever had diabetes</attribute>
        </attributes>
      </category>
    </categories>
  </variable>
  <variable name="DIS_DIAB_TYPE" valueType="integer" entityType="Participant" unit="" mimeType="" referencedEntityType="" index="52">
    <attributes>
      <attribute name="description" valueType="text">Type of diabetes diagnosed.
</attribute>
      <attribute name="label" valueType="text">Type of diabetes</attribute>
    </attributes>
    <categories>
      <category name="1">
        <attributes>
          <attribute name="label" valueType="text">Diabetes Type 1</attribute>
        </attributes>
      </category>
      <category name="2">
        <attributes>
          <attribute name="label" valueType="text">Diabetes Type 2</attribute>
        </attributes>
      </category>
    </categories>
  </variable>
  <variable name="DIS_DIAB_AGE" valueType="integer" entityType="Participant" unit="years" mimeType="" referencedEntityType="" index="53">
    <attributes>
      <attribute name="description" valueType="text">Age of the participant at diabetes first diagnosis, type not specified.</attribute>
      <attribute name="label" valueType="text">Diabetes: Age at first diagnosis</attribute>
    </attributes>
  </variable>
  <variable name="DIS_HBP_EVER" valueType="integer" entityType="Participant" unit="" mimeType="" referencedEntityType="" index="54">
    <attributes>
      <attribute name="description" valueType="text">Occurrence of high blood pressure or hypertension at any point during the life of the participant.</attribute>
      <attribute name="label" valueType="text">Occurrence of high blood pressure</attribute>
    </attributes>
    <categories>
      <category name="0">
        <attributes>
          <attribute name="label" valueType="text">Never had high blood pressure or hypertension</attribute>
        </attributes>
      </category>
      <category name="1">
        <attributes>
          <attribute name="label" valueType="text">Ever had high blood pressure or hypertension</attribute>
        </attributes>
      </category>
    </categories>
  </variable>
  <variable name="DIS_HBP_AGE" valueType="integer" entityType="Participant" unit="years" mimeType="" referencedEntityType="" index="55">
    <attributes>
      <attribute name="description" valueType="text">Age of the participant at high blood pressure or hypertension first diagnosis.
</attribute>
      <attribute name="label" valueType="text">High blood pressure or hypertension: Age at first diagnosis</attribute>
    </attributes>
  </variable>
  <variable name="DIS_CVA_EVER" valueType="integer" entityType="Participant" unit="" mimeType="" referencedEntityType="" index="56">
    <attributes>
      <attribute name="description" valueType="text">Occurrence of cerebrovascular diseases at any point during the life of the participant, including stroke, cerebrovascular accident or brain hemmorrhage.
</attribute>
      <attribute name="label" valueType="text">Occurrence of cerebrovascular disease</attribute>
    </attributes>
    <categories>
      <category name="0">
        <attributes>
          <attribute name="label" valueType="text">Never had cerebrovascular disease</attribute>
        </attributes>
      </category>
      <category name="1">
        <attributes>
          <attribute name="label" valueType="text">Ever had cerebrovascular disease</attribute>
        </attributes>
      </category>
    </categories>
  </variable>
  <variable name="DIS_CVA_AGE" valueType="integer" entityType="Participant" unit="years" mimeType="" referencedEntityType="" index="57">
    <attributes>
      <attribute name="description" valueType="text">Age of the participant at cerebrovascular disease first diagnosis, including stroke, cerebrovascular accident or brain hemmorrhage.
</attribute>
      <attribute name="label" valueType="text">Cerebrovascular disease: Age at first diagnosis</attribute>
    </attributes>
  </variable>
  <variable name="DIS_MI_EVER" valueType="integer" entityType="Participant" unit="" mimeType="" referencedEntityType="" index="58">
    <attributes>
      <attribute name="description" valueType="text">Occurrence of myocardial infarction (heart attack) at any point during the life of the participant.
</attribute>
      <attribute name="label" valueType="text">Occurrence of myocardial infarction</attribute>
    </attributes>
    <categories>
      <category name="0">
        <attributes>
          <attribute name="label" valueType="text">Never had myocardial infarction</attribute>
        </attributes>
      </category>
      <category name="1">
        <attributes>
          <attribute name="label" valueType="text">Ever had myocardial infarction</attribute>
        </attributes>
      </category>
    </categories>
  </variable>
  <variable name="DIS_MI_AGE" valueType="integer" entityType="Participant" unit="years" mimeType="" referencedEntityType="" index="59">
    <attributes>
      <attribute name="description" valueType="text">Age of the participant at myocardial infarction (heart attack) first diagnosis.
</attribute>
      <attribute name="label" valueType="text">Myocardial infarction: Age at first diagnosis</attribute>
    </attributes>
  </variable>
  <variable name="DIS_COPD_EVER" valueType="integer" entityType="Participant" unit="" mimeType="" referencedEntityType="" index="60">
    <attributes>
      <attribute name="description" valueType="text">Occurrence of chronic obstructive pulmonary disease at any point during the life of the participant, including emphysema and chronic bronchitis.
</attribute>
      <attribute name="label" valueType="text">Occurrence of chronic obstructive pulmonary disease</attribute>
    </attributes>
    <categories>
      <category name="0">
        <attributes>
          <attribute name="label" valueType="text">Never had chronic obstructive pulmonary disease</attribute>
        </attributes>
      </category>
      <category name="1">
        <attributes>
          <attribute name="label" valueType="text">Ever had chronic obstructive pulmonary disease</attribute>
        </attributes>
      </category>
    </categories>
  </variable>
  <variable name="DIS_COPD_AGE" valueType="integer" entityType="Participant" unit="years" mimeType="" referencedEntityType="" index="61">
    <attributes>
      <attribute name="description" valueType="text">Age of the participant at chronic obstructive pulmonary disease first diagnosis, including emphysema and chronic bronchitis.
</attribute>
      <attribute name="label" valueType="text">Chronic obstructive pulmonary disease: Age at first diagnosis</attribute>
    </attributes>
  </variable>
  <variable name="DIS_ASTHMA_EVER" valueType="integer" entityType="Participant" unit="" mimeType="" referencedEntityType="" index="62">
    <attributes>
      <attribute name="description" valueType="text">Occurrence of asthma at any point during the life of the participant.
</attribute>
      <attribute name="label" valueType="text">Occurrence of asthma</attribute>
    </attributes>
    <categories>
      <category name="0">
        <attributes>
          <attribute name="label" valueType="text">Never had asthma</attribute>
        </attributes>
      </category>
      <category name="1">
        <attributes>
          <attribute name="label" valueType="text">Ever had asthma</attribute>
        </attributes>
      </category>
    </categories>
  </variable>
  <variable name="DIS_ASTHMA_AGE" valueType="integer" entityType="Participant" unit="years" mimeType="" referencedEntityType="" index="63">
    <attributes>
      <attribute name="description" valueType="text">Age of the participant at asthma first diagnosis.
</attribute>
      <attribute name="label" valueType="text">Asthma: Age at first diagnosis</attribute>
    </attributes>
  </variable>
  <variable name="DIS_OTHER_MAJOR_DISORDERS_EVER" valueType="integer" entityType="Participant" unit="" mimeType="" referencedEntityType="" index="64">
    <attributes>
      <attribute name="description" valueType="text">Occurrence of any other major disorders at any point during the life of the participant.</attribute>
      <attribute name="label" valueType="text">Occurrence of any other major disorders</attribute>
    </attributes>
    <categories>
      <category name="0">
        <attributes>
          <attribute name="label" valueType="text">Never had other major disorders</attribute>
        </attributes>
      </category>
      <category name="1">
        <attributes>
          <attribute name="label" valueType="text">Ever had other major disorders</attribute>
        </attributes>
      </category>
    </categories>
  </variable>
  <variable name="WH_MENSTRUATION_AGE" valueType="integer" entityType="Participant" unit="years" mimeType="" referencedEntityType="" index="65">
    <attributes>
      <attribute name="description" valueType="text">Age of the female participant at menarche.</attribute>
      <attribute name="label" valueType="text">Menstruation age</attribute>
    </attributes>
  </variable>
  <variable name="WH_CONTRACEPTIVES_EVER" valueType="integer" entityType="Participant" unit="" mimeType="" referencedEntityType="" index="66">
    <attributes>
      <attribute name="description" valueType="text">Indicator of whether the female participant has ever used any type of hormonal contraceptives.</attribute>
      <attribute name="label" valueType="text">Ever used hormonal contraceptives </attribute>
    </attributes>
    <categories>
      <category name="0">
        <attributes>
          <attribute name="label" valueType="text">Never used hormonal contraceptives</attribute>
        </attributes>
      </category>
      <category name="1">
        <attributes>
          <attribute name="label" valueType="text">Ever used hormonal contraceptives</attribute>
        </attributes>
      </category>
    </categories>
  </variable>
  <variable name="WH_CONTRACEPTIVES_AGE" valueType="integer" entityType="Participant" unit="years" mimeType="" referencedEntityType="" index="67">
    <attributes>
      <attribute name="description" valueType="text">Age of the female participant when she started using hormonal contraceptives.</attribute>
      <attribute name="label" valueType="text">Age started using hormonal contraceptives </attribute>
    </attributes>
  </variable>
  <variable name="WH_MENOPAUSE_EVER" valueType="integer" entityType="Participant" unit="" mimeType="" referencedEntityType="" index="68">
    <attributes>
      <attribute name="description" valueType="text">Occurrence of menopause at any point during the life of the female participant.
</attribute>
      <attribute name="label" valueType="text">Occurrence of menopause</attribute>
    </attributes>
    <categories>
      <category name="0">
        <attributes>
          <attribute name="label" valueType="text">Never had menopause</attribute>
        </attributes>
      </category>
      <category name="1">
        <attributes>
          <attribute name="label" valueType="text">Ever had menopause</attribute>
        </attributes>
      </category>
    </categories>
  </variable>
  <variable name="WH_MENOPAUSE_AGE" valueType="integer" entityType="Participant" unit="years" mimeType="" referencedEntityType="" index="69">
    <attributes>
      <attribute name="description" valueType="text">Age of the female participant at menopause.
</attribute>
      <attribute name="label" valueType="text">Menopause age</attribute>
    </attributes>
  </variable>
  <variable name="WH_HRT_EVER" valueType="integer" entityType="Participant" unit="" mimeType="" referencedEntityType="" index="70">
    <attributes>
      <attribute name="description" valueType="text">Indicator of whether the female participant has ever used hormone replacement therapy.</attribute>
      <attribute name="label" valueType="text">Ever used hormone replacement therapy </attribute>
    </attributes>
    <categories>
      <category name="0">
        <attributes>
          <attribute name="label" valueType="text">Never used hormone replacement therapy</attribute>
        </attributes>
      </category>
      <category name="1">
        <attributes>
          <attribute name="label" valueType="text">Ever used hormone replacement therapy</attribute>
        </attributes>
      </category>
    </categories>
  </variable>
  <variable name="WH_HRT_AGE" valueType="integer" entityType="Participant" unit="years" mimeType="" referencedEntityType="" index="71">
    <attributes>
      <attribute name="description" valueType="text">Age of the female participant when she started using hormone replacement therapy.</attribute>
      <attribute name="label" valueType="text">Age started using hormone replacement therapy </attribute>
    </attributes>
  </variable>
  <variable name="WH_HYSTERECTOMY_EVER" valueType="integer" entityType="Participant" unit="" mimeType="" referencedEntityType="" index="72">
    <attributes>
      <attribute name="description" valueType="text">Occurrence of hysterectomy at any point during the life of the female participant.</attribute>
      <attribute name="label" valueType="text">Occurrence of hysterectomy</attribute>
    </attributes>
    <categories>
      <category name="0">
        <attributes>
          <attribute name="label" valueType="text">Never had hysterectomy</attribute>
        </attributes>
      </category>
      <category name="1">
        <attributes>
          <attribute name="label" valueType="text">Ever had hysterectomy</attribute>
        </attributes>
      </category>
    </categories>
  </variable>
  <variable name="WH_HYSTERECTOMY_AGE" valueType="integer" entityType="Participant" unit="years" mimeType="" referencedEntityType="" index="73">
    <attributes>
      <attribute name="description" valueType="text">Age of the female participant at hysterectomy.</attribute>
      <attribute name="label" valueType="text">Hysterectomy age</attribute>
    </attributes>
  </variable>
  <variable name="WH_BI_OOPHORECTOMY_EVER" valueType="integer" entityType="Participant" unit="" mimeType="" referencedEntityType="" index="74">
    <attributes>
      <attribute name="description" valueType="text">Occurrence of bilateral oophorectomy at any point during the life of the female participant.
</attribute>
      <attribute name="label" valueType="text">Occurrence of bi-oophorectomy</attribute>
    </attributes>
    <categories>
      <category name="0">
        <attributes>
          <attribute name="label" valueType="text">Never had bilateral oophorectomy</attribute>
        </attributes>
      </category>
      <category name="1">
        <attributes>
          <attribute name="label" valueType="text">Ever had bilateral oophorectomy</attribute>
        </attributes>
      </category>
    </categories>
  </variable>
  <variable name="WH_BI_OOPHORECTOMY_AGE_LAST" valueType="integer" entityType="Participant" unit="years" mimeType="" referencedEntityType="" index="75">
    <attributes>
      <attribute name="description" valueType="text">Age of the female participant at the last ovary removal surgery. This corresponds to the age of the female participant at the surgery when both ovaries were removed at the same time or the age of the female participant at the last surgery when ovaries were not removed at the same time.</attribute>
      <attribute name="label" valueType="text">Age at last ovary removed</attribute>
    </attributes>
  </variable>
  <variable name="WH_LIVE_BIRTHS_NUM" valueType="integer" entityType="Participant" unit="live births" mimeType="" referencedEntityType="" index="76">
    <attributes>
      <attribute name="description" valueType="text">Number of live births the female participant has had.
</attribute>
      <attribute name="label" valueType="text">Number of live births mothered</attribute>
    </attributes>
  </variable>
  <variable name="WH_BIRTHS_NUM" valueType="integer" entityType="Participant" unit="births" mimeType="" referencedEntityType="" index="77">
    <attributes>
      <attribute name="description" valueType="text">Number of births the female participant has had, including live births and still births.</attribute>
      <attribute name="label" valueType="text">Number of births mothered</attribute>
    </attributes>
  </variable>
  <variable name="MH_LIVE_BIRTHS_NUM" valueType="integer" entityType="Participant" unit="live births" mimeType="" referencedEntityType="" index="78">
    <attributes>
      <attribute name="description" valueType="text">Number of live births the male participant has had.</attribute>
      <attribute name="label" valueType="text">Number of live births fathered</attribute>
    </attributes>
  </variable>
  <variable name="MH_BIRTHS_NUM" valueType="integer" entityType="Participant" unit="births" mimeType="" referencedEntityType="" index="79">
    <attributes>
      <attribute name="description" valueType="text">Number of births the male participant has had, including live births and still births.</attribute>
      <attribute name="label" valueType="text">Number of births fathered</attribute>
    </attributes>
  </variable>
  <variable name="WRH_GRAVIDITY" valueType="integer" entityType="Participant" unit="pregnancies" mimeType="" referencedEntityType="" index="80">
    <attributes>
      <attribute name="description" valueType="text">Total number of times a female participant has been pregnant.</attribute>
      <attribute name="label" valueType="text">Gravidity</attribute>
    </attributes>
  </variable>
  <variable name="WRH_PREGNANCY_AGE_FIRST" valueType="integer" entityType="Participant" unit="years" mimeType="" referencedEntityType="" index="81">
    <attributes>
      <attribute name="description" valueType="text">Age of the female participant at first pregnancy.</attribute>
      <attribute name="label" valueType="text">Age at first pregnancy</attribute>
    </attributes>
  </variable>
  <variable name="WRH_LIVE_BIRTH_AGE_FIRST" valueType="integer" entityType="Participant" unit="years" mimeType="" referencedEntityType="" index="82">
    <attributes>
      <attribute name="description" valueType="text">Age of the female participant at first delivery, excluding still births.</attribute>
      <attribute name="label" valueType="text">Age at first live birth</attribute>
    </attributes>
  </variable>
  <variable name="TOB_EVER" valueType="integer" entityType="Participant" unit="" mimeType="" referencedEntityType="" index="83">
    <attributes>
      <attribute name="description" valueType="text">Indicator of whether the participant has ever smoked any tobacco product (cigarettes, cigars, cigarillos or pipes) or used any nicotine product (patches, gum).</attribute>
      <attribute name="label" valueType="text">Ever used any tobacco product</attribute>
    </attributes>
    <categories>
      <category name="0">
        <attributes>
          <attribute name="label" valueType="text">Never used any tobacco product</attribute>
        </attributes>
      </category>
      <category name="1">
        <attributes>
          <attribute name="label" valueType="text">Ever used any tobacco product</attribute>
        </attributes>
      </category>
    </categories>
  </variable>
  <variable name="TOB_INITIATION_AGE" valueType="integer" entityType="Participant" unit="years" mimeType="" referencedEntityType="" index="84">
    <attributes>
      <attribute name="description" valueType="text">Age at which the participant began smoking any tobacco product (cigarettes, cigars, cigarillos or pipes) or used any nicotine product (patches, gum).</attribute>
      <attribute name="label" valueType="text">Any tobacco product initiation age</attribute>
    </attributes>
  </variable>
  <variable name="TOB_CURRENT" valueType="integer" entityType="Participant" unit="" mimeType="" referencedEntityType="" index="85">
    <attributes>
      <attribute name="description" valueType="text">Indicator of whether the participant currently smokes any tobacco product (cigarettes, cigars, cigarillos or pipes) or used any nicotine product (patches, gum).</attribute>
      <attribute name="label" valueType="text">Currently uses any tobacco product</attribute>
    </attributes>
    <categories>
      <category name="0">
        <attributes>
          <attribute name="label" valueType="text">Does not currently use any tobacco product</attribute>
        </attributes>
      </category>
      <category name="1">
        <attributes>
          <attribute name="label" valueType="text">Currently uses any tobacco product</attribute>
        </attributes>
      </category>
    </categories>
  </variable>
  <variable name="TOB_CESSATION_AGE" valueType="integer" entityType="Participant" unit="years" mimeType="" referencedEntityType="" index="86">
    <attributes>
      <attribute name="description" valueType="text">Age at which the participant last smoked any tobacco product (cigarettes, cigars, cigarillos or pipes) or used any nicotine product (patches, gum).</attribute>
      <attribute name="label" valueType="text">Any tobacco product use cessation age</attribute>
    </attributes>
  </variable>
  <variable name="SMK_CIG_EVER" valueType="integer" entityType="Participant" unit="" mimeType="" referencedEntityType="" index="87">
    <attributes>
      <attribute name="description" valueType="text">Indicator of whether the participant has ever smoked cigarettes.</attribute>
      <attribute name="label" valueType="text">Ever smoked cigarettes</attribute>
    </attributes>
    <categories>
      <category name="0">
        <attributes>
          <attribute name="label" valueType="text">Never smoked cigarettes</attribute>
        </attributes>
      </category>
      <category name="1">
        <attributes>
          <attribute name="label" valueType="text">Ever smoked cigarettes</attribute>
        </attributes>
      </category>
    </categories>
  </variable>
  <variable name="SMK_CIG_INITIATION_AGE" valueType="integer" entityType="Participant" unit="years" mimeType="" referencedEntityType="" index="88">
    <attributes>
      <attribute name="description" valueType="text">Age at which the participant began smoking cigarettes.</attribute>
      <attribute name="label" valueType="text">Cigarette initiation age</attribute>
    </attributes>
  </variable>
  <variable name="SMK_CIG_CURRENT" valueType="integer" entityType="Participant" unit="" mimeType="" referencedEntityType="" index="89">
    <attributes>
      <attribute name="description" valueType="text">Indicator of whether the participant currently smokes cigarettes.</attribute>
      <attribute name="label" valueType="text">Currently smokes cigarettes</attribute>
    </attributes>
    <categories>
      <category name="0">
        <attributes>
          <attribute name="label" valueType="text">Does not currently smoke cigarettes</attribute>
        </attributes>
      </category>
      <category name="1">
        <attributes>
          <attribute name="label" valueType="text">Currently smokes cigarettes</attribute>
        </attributes>
      </category>
    </categories>
  </variable>
  <variable name="SMK_CIG_QTY_CURRENT" valueType="integer" entityType="Participant" unit="cigarettes per day" mimeType="" referencedEntityType="" index="90">
    <attributes>
      <attribute name="description" valueType="text">Current average number of cigarettes smoked per day.</attribute>
      <attribute name="label" valueType="text">Current quantity of cigarettes smoked</attribute>
    </attributes>
  </variable>
  <variable name="SMK_CIG_CESSATION_AGE" valueType="integer" entityType="Participant" unit="years" mimeType="" referencedEntityType="" index="91">
    <attributes>
      <attribute name="description" valueType="text">Age at which the participant last smoked cigarettes.</attribute>
      <attribute name="label" valueType="text">Cigarettes smoking cessation age</attribute>
    </attributes>
  </variable>
  <variable name="PSE_SMK_CHILDHOOD_EVER" valueType="integer" entityType="Participant" unit="" mimeType="" referencedEntityType="" index="92">
    <attributes>
      <attribute name="description" valueType="text">Indicator of whether the participant has ever been exposed to passive smoking during childhood.</attribute>
      <attribute name="label" valueType="text">Occurrence of passive smoking exposure during childhood
</attribute>
    </attributes>
    <categories>
      <category name="0">
        <attributes>
          <attribute name="label" valueType="text">Never been exposed to passive smoking during childhood</attribute>
        </attributes>
      </category>
      <category name="1">
        <attributes>
          <attribute name="label" valueType="text">Ever been exposed to passive smoking during childhood</attribute>
        </attributes>
      </category>
    </categories>
  </variable>
  <variable name="PSE_SMK_ADULTHOOD_EVER" valueType="integer" entityType="Participant" unit="" mimeType="" referencedEntityType="" index="93">
    <attributes>
      <attribute name="description" valueType="text">Indicator of whether the participant has ever been exposed to passive smoking during adulthood whether it is at home, at work or during leisure time.</attribute>
      <attribute name="label" valueType="text">Occurrence of passive smoking exposure during adulthood
</attribute>
    </attributes>
    <categories>
      <category name="0">
        <attributes>
          <attribute name="label" valueType="text">Never been exposed to passive smoking during adulthood</attribute>
        </attributes>
      </category>
      <category name="1">
        <attributes>
          <attribute name="label" valueType="text">Ever been exposed to passive smoking during adulthood</attribute>
        </attributes>
      </category>
    </categories>
  </variable>
  <variable name="PSE_SMK_CURRENT" valueType="integer" entityType="Participant" unit="" mimeType="" referencedEntityType="" index="94">
    <attributes>
      <attribute name="description" valueType="text">Current passive smoking exposure at home, at work or during leisure time.</attribute>
      <attribute name="label" valueType="text">Current passive smoking exposure
</attribute>
    </attributes>
    <categories>
      <category name="0">
        <attributes>
          <attribute name="label" valueType="text">Not currently exposed to passive smoking</attribute>
        </attributes>
      </category>
      <category name="1">
        <attributes>
          <attribute name="label" valueType="text">Currently exposed to passive smoking</attribute>
        </attributes>
      </category>
    </categories>
  </variable>
  <variable name="PASSIVE_SMK_HRS_CURRENT" valueType="integer" entityType="Participant" unit="hours per week" mimeType="" referencedEntityType="" index="95">
    <attributes>
      <attribute name="description" valueType="text">Number of hours per week of current passive smoking exposure, whether it is at home, at work or during leisure time</attribute>
      <attribute name="label" valueType="text">Hours of current passive smoking exposure</attribute>
    </attributes>
  </variable>
  <variable name="ALC_EVER" valueType="integer" entityType="Participant" unit="" mimeType="" referencedEntityType="" index="96">
    <attributes>
      <attribute name="description" valueType="text">Indicator of whether the participant has ever consumed alcohol.</attribute>
      <attribute name="label" valueType="text">Ever alcohol consumption</attribute>
    </attributes>
    <categories>
      <category name="0">
        <attributes>
          <attribute name="label" valueType="text">Never consumed alcohol</attribute>
        </attributes>
      </category>
      <category name="1">
        <attributes>
          <attribute name="label" valueType="text">Ever consumed alcohol</attribute>
        </attributes>
      </category>
    </categories>
  </variable>
  <variable name="ALC_CURRENT" valueType="integer" entityType="Participant" unit="" mimeType="" referencedEntityType="" index="97">
    <attributes>
      <attribute name="description" valueType="text">Indicator of whether the participant currently consumes alcohol.</attribute>
      <attribute name="label" valueType="text">Current use of alcohol</attribute>
    </attributes>
    <categories>
      <category name="0">
        <attributes>
          <attribute name="label" valueType="text">Currently consumes alcohol</attribute>
        </attributes>
      </category>
      <category name="1">
        <attributes>
          <attribute name="label" valueType="text">Currently consumes alcohol</attribute>
        </attributes>
      </category>
    </categories>
  </variable>
  <variable name="ALC_RED_WINE_QTY_CURRENT" valueType="integer" entityType="Participant" unit="drinks per week" mimeType="" referencedEntityType="" index="98">
    <attributes>
      <attribute name="description" valueType="text">Current quantity of red wine consumed per week.</attribute>
      <attribute name="label" valueType="text">Current quantity of red wine consumed</attribute>
    </attributes>
  </variable>
  <variable name="ALC_WHITE_WINE_QTY_CURRENT" valueType="integer" entityType="Participant" unit="drinks per week" mimeType="" referencedEntityType="" index="99">
    <attributes>
      <attribute name="description" valueType="text">Current quantity of white wine consumed per week.</attribute>
      <attribute name="label" valueType="text">Current quantity of white wine consumed</attribute>
    </attributes>
  </variable>
  <variable name="ALC_WINE_QTY_CURRENT" valueType="integer" entityType="Participant" unit="drinks per week" mimeType="" referencedEntityType="" index="100">
    <attributes>
      <attribute name="description" valueType="text">Current quantity of wine consumed per week.</attribute>
      <attribute name="label" valueType="text">Current quantity of wine consumed</attribute>
    </attributes>
  </variable>
  <variable name="ALC_BEER_QTY_CURRENT" valueType="integer" entityType="Participant" unit="drinks per week" mimeType="" referencedEntityType="" index="101">
    <attributes>
      <attribute name="description" valueType="text">Current quantity of beer consumed per week.</attribute>
      <attribute name="label" valueType="text">Current quantity of beer consumed</attribute>
    </attributes>
  </variable>
  <variable name="ALC_LIQUOR_QTY_CURRENT" valueType="integer" entityType="Participant" unit="drinks per week" mimeType="" referencedEntityType="" index="102">
    <attributes>
      <attribute name="description" valueType="text">Current quantity of liquor consumed per week.</attribute>
      <attribute name="label" valueType="text">Current quantity of liquor consumed</attribute>
    </attributes>
  </variable>
  <variable name="ALC_OTHER_QTY_CURRENT" valueType="integer" entityType="Participant" unit="drinks per week" mimeType="" referencedEntityType="" index="103">
    <attributes>
      <attribute name="description" valueType="text">Current quantity of other alcohol consumed per week.</attribute>
      <attribute name="label" valueType="text">Current quantity of other alcohol consumed</attribute>
    </attributes>
  </variable>
  <variable name="ALC_BINGE_FREQ_CURRENT" valueType="integer" entityType="Participant" unit="times per month" mimeType="" referencedEntityType="" index="104">
    <attributes>
      <attribute name="description" valueType="text">Current frequency of binge drinking.</attribute>
      <attribute name="label" valueType="text">Current frequency of binge drinking</attribute>
    </attributes>
  </variable>
  <variable name="SDC_AGE" valueType="integer" entityType="Participant" unit="years" mimeType="" referencedEntityType="" index="105">
    <attributes>
      <attribute name="description" valueType="text">Age of the participant.</attribute>
      <attribute name="label" valueType="text">Age</attribute>
    </attributes>
  </variable>
  <variable name="SDC_SEX" valueType="integer" entityType="Participant" unit="" mimeType="" referencedEntityType="" index="106">
    <attributes>
      <attribute name="description" valueType="text">Sex of the participant.</attribute>
      <attribute name="label" valueType="text">Sex</attribute>
    </attributes>
    <categories>
      <category name="0">
        <attributes>
          <attribute name="label" valueType="text">Female</attribute>
        </attributes>
      </category>
      <category name="1">
        <attributes>
          <attribute name="label" valueType="text">Male</attribute>
        </attributes>
      </category>
    </categories>
  </variable>
  <variable name="SDC_SIB_NUM" valueType="integer" entityType="Participant" unit="siblings" mimeType="" referencedEntityType="" index="107">
    <attributes>
      <attribute name="description" valueType="text">Number of biological (one or two common parents) brothers and sisters of the participant.</attribute>
      <attribute name="label" valueType="text">Number of biological siblings</attribute>
    </attributes>
  </variable>
  <variable name="SDC_MULTIPLE_BIRTH" valueType="integer" entityType="Participant" unit="" mimeType="" referencedEntityType="" index="108">
    <attributes>
      <attribute name="description" valueType="text">Indicator of whether the participant was born in a multiple birth.</attribute>
      <attribute name="label" valueType="text">Born in a multiple birth</attribute>
    </attributes>
    <categories>
      <category name="0">
        <attributes>
          <attribute name="label" valueType="text">Not born in a multiple birth</attribute>
        </attributes>
      </category>
      <category name="1">
        <attributes>
          <attribute name="label" valueType="text">Born in a multiple birth</attribute>
        </attributes>
      </category>
    </categories>
  </variable>
  <variable name="SDC_MARITAL_PARTNER_STATUS" valueType="integer" entityType="Participant" unit="" mimeType="" referencedEntityType="" index="109">
    <attributes>
      <attribute name="description" valueType="text">Indicator of whether the participant is currently married or is currently living with a spouse or a partner in a common household.</attribute>
      <attribute name="label" valueType="text">Marital or living with partner status</attribute>
    </attributes>
  </variable>
  <variable name="SDC_HIGHEST_EDU_LEVEL" valueType="integer" entityType="Participant" unit="" mimeType="" referencedEntityType="" index="110">
    <attributes>
      <attribute name="description" valueType="text">Highest level of education completed by the participant in accordance with the International Standard Classification of Education (ISCED 1997).</attribute>
      <attribute name="label" valueType="text">Highest level of education</attribute>
    </attributes>
    <categories>
      <category name="1">
        <attributes>
          <attribute name="label" valueType="text">Lower secondary or less (ISCED 0-2)</attribute>
        </attributes>
      </category>
      <category name="2">
        <attributes>
          <attribute name="label" valueType="text">Upper secondary (ISCED 3)</attribute>
        </attributes>
      </category>
      <category name="3">
        <attributes>
          <attribute name="label" valueType="text">Post-secondary non-tertiary education (ISCED 4)</attribute>
        </attributes>
      </category>
      <category name="4">
        <attributes>
          <attribute name="label" valueType="text">Tertiary education or more (ISCED 5,6)</attribute>
        </attributes>
      </category>
    </categories>
  </variable>
  <variable name="SDC_INCOME" valueType="integer" entityType="Participant" unit="" mimeType="" referencedEntityType="" index="111">
    <attributes>
      <attribute name="description" valueType="text">Average current annual income of the participant&apos;s entire household.</attribute>
      <attribute name="label" valueType="text">Household income</attribute>
    </attributes>
  </variable>
  <variable name="SDC_HOUSEHOLD_PEOPLE_NUM" valueType="integer" entityType="Participant" unit="individuals" mimeType="" referencedEntityType="" index="112">
    <attributes>
      <attribute name="description" valueType="text">Number of people currently living in the same household, including the participant.</attribute>
      <attribute name="label" valueType="text">Number of people in the household</attribute>
    </attributes>
  </variable>
  <variable name="WRK_EMPLOYMENT" valueType="integer" entityType="Participant" unit="" mimeType="" referencedEntityType="" index="113">
    <attributes>
      <attribute name="description" valueType="text">Indicator of whether the participant is currently in a paid employment or is self-employed.</attribute>
      <attribute name="label" valueType="text">Employment status</attribute>
    </attributes>
    <categories>
      <category name="0">
        <attributes>
          <attribute name="label" valueType="text">Not currently employed</attribute>
        </attributes>
      </category>
      <category name="1">
        <attributes>
          <attribute name="label" valueType="text">Currently employed</attribute>
        </attributes>
      </category>
    </categories>
  </variable>
  <variable name="WRK_RETIREMENT" valueType="integer" entityType="Participant" unit="" mimeType="" referencedEntityType="" index="114">
    <attributes>
      <attribute name="description" valueType="text">Indicator of whether the participant is currently retired.
</attribute>
      <attribute name="label" valueType="text">Retirement status</attribute>
    </attributes>
    <categories>
      <category name="0">
        <attributes>
          <attribute name="label" valueType="text">Not currently retired</attribute>
        </attributes>
      </category>
      <category name="1">
        <attributes>
          <attribute name="label" valueType="text">Currently retired</attribute>
        </attributes>
      </category>
    </categories>
  </variable>
  <variable name="WRK_JOB_TITLE_CURRENT" valueType="text" entityType="Participant" unit="" mimeType="" referencedEntityType="" index="115">
    <attributes>
      <attribute name="description" valueType="text">Participant&apos;s current job title.</attribute>
      <attribute name="label" valueType="text">Current job title</attribute>
    </attributes>
  </variable>
  <variable name="WRK_INDUSTRY_TYPE_CURRENT" valueType="text" entityType="Participant" unit="" mimeType="" referencedEntityType="" index="116">
    <attributes>
      <attribute name="description" valueType="text">Type of industry in which the participant currently works.</attribute>
      <attribute name="label" valueType="text">Current type of industry</attribute>
    </attributes>
  </variable>
  <variable name="WRK_JOB_DURATION_CURRENT" valueType="text" entityType="Participant" unit="" mimeType="" referencedEntityType="" index="117">
    <attributes>
      <attribute name="description" valueType="text">Duration in current occupation.</attribute>
      <attribute name="label" valueType="text">Duration in current job</attribute>
    </attributes>
  </variable>
  <variable name="WRK_JOB_TITLE_LONGEST_DURATION" valueType="text" entityType="Participant" unit="" mimeType="" referencedEntityType="" index="118">
    <attributes>
      <attribute name="description" valueType="text">Job title of the participant&apos;s longest held job.</attribute>
      <attribute name="label" valueType="text">Job title for occupation of longest duration</attribute>
    </attributes>
  </variable>
  <variable name="WRK_INDUSTRY_TYPE_LONGEST_DURATION" valueType="text" entityType="Participant" unit="" mimeType="" referencedEntityType="" index="119">
    <attributes>
      <attribute name="description" valueType="text">Type of industry for occupation of longest duration.</attribute>
      <attribute name="label" valueType="text">Type of industry for occupation of longest duration</attribute>
    </attributes>
  </variable>
  <variable name="WRK_JOB_HELD_LONGEST_DURATION" valueType="text" entityType="Participant" unit="" mimeType="" referencedEntityType="" index="120">
    <attributes>
      <attribute name="description" valueType="text">Duration of the job the participant held for the longest duration.</attribute>
      <attribute name="label" valueType="text">Duration of occupation held longest</attribute>
    </attributes>
  </variable>
  <variable name="PM_HEIGHT" valueType="decimal" entityType="Participant" unit="centimeters" mimeType="" referencedEntityType="" index="121">
    <attributes>
      <attribute name="description" valueType="text">The vertical measurement or distance from the foot to the head of the participant, whether it is self-reported or measured by a trained professional.</attribute>
      <attribute name="label" valueType="text">Height</attribute>
    </attributes>
  </variable>
  <variable name="PM_WEIGHT" valueType="decimal" entityType="Participant" unit="kilograms" mimeType="" referencedEntityType="" index="122">
    <attributes>
      <attribute name="description" valueType="text">Weight of the participant, whether it is self-reported or measured by a trained professional.</attribute>
      <attribute name="label" valueType="text">Weight</attribute>
    </attributes>
  </variable>
  <variable name="PM_BMI" valueType="decimal" entityType="Participant" unit="" mimeType="" referencedEntityType="" index="123">
    <attributes>
      <attribute name="description" valueType="text">Body mass index of the participant, whether it is calculated from measures self-reported by the participant or measured by a trained professional.</attribute>
      <attribute name="label" valueType="text">Body mass index</attribute>
    </attributes>
  </variable>
  <variable name="PM_HR_REST" valueType="integer" entityType="Participant" unit="beats/min" mimeType="" referencedEntityType="" index="124">
    <attributes>
      <attribute name="description" valueType="text">Number of heart beats per minute measured at rest.</attribute>
      <attribute name="label" valueType="text">Heart rate at rest</attribute>
    </attributes>
  </variable>
  <variable name="PM_DBP_REST" valueType="integer" entityType="Participant" unit="mmHg" mimeType="" referencedEntityType="" index="125">
    <attributes>
      <attribute name="description" valueType="text">Diastolic blood pressure measured at rest.</attribute>
      <attribute name="label" valueType="text">Diastolic blood pressure at rest</attribute>
    </attributes>
  </variable>
  <variable name="PM_SBP_REST" valueType="integer" entityType="Participant" unit="mmHg" mimeType="" referencedEntityType="" index="126">
    <attributes>
      <attribute name="description" valueType="text">Systolic blood pressure measured at rest.</attribute>
      <attribute name="label" valueType="text">Systolic blood pressure at rest</attribute>
    </attributes>
  </variable>
  <variable name="PHYSICAL_ACTIVITY" valueType="text" entityType="Participant" unit="" mimeType="" referencedEntityType="" index="127">
    <attributes>
      <attribute name="description" valueType="text">Physical Activity</attribute>
      <attribute name="label" valueType="text">Physical Activity</attribute>
    </attributes>
  </variable>
  <variable name="NUTRITION" valueType="text" entityType="Participant" unit="" mimeType="" referencedEntityType="" index="128">
    <attributes>
      <attribute name="description" valueType="text">Nutrition</attribute>
      <attribute name="label" valueType="text">Nutrition</attribute>
    </attributes>
  </variable>
</variables>