<variables>
  <variable name="L16_1a" valueType="text" entityType="Participant" unit="" mimeType="" referencedEntityType="" index="1">
    <attributes>
      <attribute name="Target" namespace="Mlstr_additional" valueType="text">Participant</attribute>
      <attribute name="Physical_measures" namespace="Mlstr_area" valueType="text">Muscles_skeleton_mobility</attribute>
      <attribute name="label" valueType="text" locale="en">Walking time for first meter_first effort</attribute>
      <attribute name="Source" namespace="Mlstr_additional" valueType="text">Questionnaire</attribute>
    </attributes>
  </variable>
  <variable name="L16_1b" valueType="text" entityType="Participant" unit="" mimeType="" referencedEntityType="" index="2">
    <attributes>
      <attribute name="Target" namespace="Mlstr_additional" valueType="text">Participant</attribute>
      <attribute name="Physical_measures" namespace="Mlstr_area" valueType="text">Muscles_skeleton_mobility</attribute>
      <attribute name="label" valueType="text" locale="en">Walking time for first meter_second effort</attribute>
      <attribute name="Source" namespace="Mlstr_additional" valueType="text">Questionnaire</attribute>
    </attributes>
  </variable>
  <variable name="L17_2a" valueType="text" entityType="Participant" unit="" mimeType="" referencedEntityType="" index="3">
    <attributes>
      <attribute name="Target" namespace="Mlstr_additional" valueType="text">Participant</attribute>
      <attribute name="Physical_measures" namespace="Mlstr_area" valueType="text">Muscles_skeleton_mobility</attribute>
      <attribute name="label" valueType="text" locale="en">Time for complete course_first effort</attribute>
      <attribute name="Source" namespace="Mlstr_additional" valueType="text">Questionnaire</attribute>
    </attributes>
  </variable>
  <variable name="L17_2b" valueType="text" entityType="Participant" unit="" mimeType="" referencedEntityType="" index="4">
    <attributes>
      <attribute name="Target" namespace="Mlstr_additional" valueType="text">Participant</attribute>
      <attribute name="Physical_measures" namespace="Mlstr_area" valueType="text">Muscles_skeleton_mobility</attribute>
      <attribute name="label" valueType="text" locale="en">Time for complete course_second effort</attribute>
      <attribute name="Source" namespace="Mlstr_additional" valueType="text">Questionnaire</attribute>
    </attributes>
  </variable>
  <variable name="L18" valueType="integer" entityType="Participant" unit="" mimeType="" referencedEntityType="" index="5">
    <attributes>
      <attribute name="Target" namespace="Mlstr_additional" valueType="text">Participant</attribute>
      <attribute name="Physical_measures" namespace="Mlstr_area" valueType="text">Muscles_skeleton_mobility</attribute>
      <attribute name="label" valueType="text" locale="en">If not attempted/ not completed</attribute>
      <attribute name="Source" namespace="Mlstr_additional" valueType="text">Questionnaire</attribute>
    </attributes>
  </variable>
  <variable name="L19" valueType="integer" entityType="Participant" unit="" mimeType="" referencedEntityType="" index="6">
    <attributes>
      <attribute name="Health_status_functional_limitations" namespace="Mlstr_area" valueType="text">Use_devices</attribute>
      <attribute name="Target" namespace="Mlstr_additional" valueType="text">Participant</attribute>
      <attribute name="label" valueType="text" locale="en">Aids used for walk</attribute>
      <attribute name="Source" namespace="Mlstr_additional" valueType="text">Questionnaire</attribute>
    </attributes>
  </variable>
</variables>