{
  "id": "5b02696d-1c18-4e4d-b377-2a128275ef3e",
  "name": [
    {
      "lang": "en",
      "value": "Canadian Partnership for Tomorrow Project"
    }
  ],
  "acronym": [
    {
      "lang": "en",
      "value": "CPTP"
    }
  ],
  "investigators": [
    {
      "title": "Dr.",
      "firstName": "John",
      "lastName": "Spinelli",
      "email": "jspinelli@bccrc.ca",
      "phone": "604-675-8055",
      "dataAccessCommitteeMember": false,
      "institution": {
        "name": [
          {
            "lang": "en",
            "value": "British Columbia Cancer Research Centre"
          }
        ],
        "address": {
          "city": [
            {
              "lang": "en",
              "value": "Vancouver"
            }
          ],
          "state": "British Columbia",
          "country": {
            "iso": "CA",
            "name": [
              {
                "lang": "en",
                "value": "Canada"
              }
            ]
          }
        }
      }
    },
    {
      "title": "Dr.",
      "firstName": "Paula ",
      "lastName": "Robson",
      "email": "paula.robson@albertahealthservices.ca",
      "dataAccessCommitteeMember": false,
      "institution": {
        "name": [
          {
            "lang": "en",
            "value": "Alberta Health Services - CancerControl"
          }
        ],
        "department": [
          {
            "lang": "en",
            "value": "Richmond Road Diagnostic & Treatment Centre"
          }
        ],
        "address": {
          "street": [
            {
              "lang": "en",
              "value": "1820 Richmond Road SW"
            }
          ],
          "city": [
            {
              "lang": "en",
              "value": "Calgary"
            }
          ],
          "zip": "T2T 5C7",
          "state": "Alberta",
          "country": {
            "iso": "CA",
            "name": [
              {
                "lang": "en",
                "value": "Canada"
              }
            ]
          }
        }
      }
    },
    {
      "lastName": "Property title",
      "institution": {
        "address": []
      }
    },
    {
      "title": "Prof.",
      "firstName": "Philip",
      "lastName": "Awadalla",
      "email": "philip.awadalla@umontreal.ca",
      "dataAccessCommitteeMember": false,
      "institution": {
        "name": [
          {
            "lang": "en",
            "value": "CHU Sainte-Justine Research Centre"
          }
        ],
        "address": {
          "street": [
            {
              "lang": "en",
              "value": "3175 Chemin de la Cote-Sainte-Catherine"
            }
          ],
          "city": [
            {
              "lang": "en",
              "value": "Montreal"
            }
          ],
          "zip": "H3T 1C5",
          "state": "Quebec",
          "country": {
            "iso": "CA",
            "name": [
              {
                "lang": "en",
                "value": "Canada"
              }
            ]
          }
        }
      }
    },
    {
      "title": "Dr.",
      "firstName": "Louise",
      "lastName": "Parker",
      "email": "louise.parker@dal.ca",
      "dataAccessCommitteeMember": false,
      "institution": {
        "name": [
          {
            "lang": "en",
            "value": "Dalhousie University"
          }
        ],
        "address": {
          "city": [
            {
              "lang": "en",
              "value": "Halifax"
            }
          ],
          "state": "Nova Scotia",
          "country": {
            "iso": "CA",
            "name": [
              {
                "lang": "en",
                "value": "Canada"
              }
            ]
          }
        }
      }
    }
  ],
  "contacts": [
    {
      "firstName": "Greg",
      "lastName": "Martyn",
      "email": "greg.martyn@partnershipagainstcancer.ca",
      "phone": "416-619-5562",
      "dataAccessCommitteeMember": false,
      "institution": {
        "name": [
          {
            "lang": "en",
            "value": "Canadian Partnership for Tomorrow Project"
          }
        ],
        "address": {
          "street": [
            {
              "lang": "en",
              "value": "1 University Avenue, Suite 300"
            }
          ],
          "city": [
            {
              "lang": "en",
              "value": "Toronto"
            }
          ],
          "zip": "M5J 2P1",
          "state": "Ontario",
          "country": {
            "iso": "CA",
            "name": [
              {
                "lang": "en",
                "value": "Canada"
              }
            ]
          }
        }
      }
    }
  ],
  "description": [
    {
      "lang": "en",
      "value": "<p>The Canadian Partnership for Tomorrow Project (CPTP) will support novel, leading edge Canadian and international trans-disciplinary health and chronic disease research.  The CPTP is a consortium of five Canadian cohort studies.  It will be enriched over time with lifestyle, environmental, and phenotyping data, and biological samples, and will enable research into the causes of cancer and related chronic conditions in adults. The regional studies include: BC Generations Project, The Tomorrow Project (Alberta),  Ontario Health Study, CARTaGENE (Quebec) and the Atlantic Partnership for Tomorrow\u2019s Health (PATH).<p>\r\n\r\n<strong> Objectives:<\/strong> The CPTP aims to investigate environmental, lifestyle and genetic factors related to the development of cancer and related chronic conditions. This cohort study will enrol Canadians between the ages of 35 and 69 years old from Alberta, British Columbia, New Brunswick, Newfoundland and Labrador, Nova Scotia, Prince Edward Island, Ontario and Quebec. A total of 180,000 participants with samples will be recruited. <p>\r\n\r\n<p><strong>Baseline recruitement:<\/strong> From 2009 to March 31, 2013*.<p>\r\n  *Passive recruitment may continue beyond March, 2013 via online tools. Collection of venous blood samples and phenotypes will continue to March, 2017. <p>\r\n\r\n<strong>Follow-up of participant:<\/strong> Starting in 2013, follow-up will continue indefinetely.\r\n\r\n<strong>Current number of participants:<\/strong> 257,759 (as of December 15, 2012)<p>\r\n\r\n<strong>Current number of participants with samples:<\/strong> 75,308 (as of December 15, 2012)<p>\r\n\r\n<p>As the project\u2019s national funder, The Canadian Partnership Against Cancer is working in close collaboration with funding partners, sponsoring institutions, and leading Canadian and international scientific experts to deliver a legacy project for future generations.   The value of this rich resource will come from its utilization.  Soon, researchers will be able to access harmonized data and samples through a single point of access.  Over time, the CPTP will be expanded with data from this research, adding further breadth, depth and scientific value to the resource.  A specific enrichment initiative in cardiovascular disease will begin shortly.\r\n<\/p>"
    }
  ],
  "website": "www.partnershipfortomorrow.ca",
  "maelstromAuthorization": {
    "authorized": false,
    "date": "2012-11-02T00:00:00-04:00"
  },
  "attachments": [
    {
      "id": "cd3a5bfb-3778-43de-8aeb-e503d46931e6",
      "fileName": "spotlight-cptp.jpg",
      "type": "logo",
      "description": [
        {
          "lang": "en"
        }
      ],
      "lang": "en",
      "justUploaded": true
    }
  ],
  "studyIds": [
    "9e8f92dd-09cf-460d-a35e-d2ca675114df"
  ],
  "published": false,
  "content": "{\"website\":\"http://www.partnershipfortomorrow.ca\",\"maelstromAuthorization\":{\"authorized\":false,\"authorizer\":null}}"
}