<valueSet valueTable="FNAC" entityType="Participant" entityIdentifier="5233961904995718853">
  <variableValue variable="SVUOSI">
    <value valueType="integer">1970</value>
  </variableValue>
  <variableValue variable="SUKUP">
    <value valueType="text">1</value>
  </variableValue>
  <variableValue variable="PITUUS">
    <value valueType="decimal">1.6318634670130383</value>
  </variableValue>
  <variableValue variable="PAINO">
    <value valueType="decimal">82.33639746965842</value>
  </variableValue>
  <variableValue variable="VYOTARO">
    <value valueType="decimal">83.08904084438349</value>
  </variableValue>
  <variableValue variable="LANTIO">
    <value valueType="decimal">107.66448085686021</value>
  </variableValue>
  <variableValue variable="DIAS1">
    <value valueType="decimal">51.46448732785157</value>
  </variableValue>
  <variableValue variable="DIAS2">
    <value valueType="decimal">53.99170062601512</value>
  </variableValue>
  <variableValue variable="DIAS3">
    <value valueType="decimal">114.49742777115016</value>
  </variableValue>
  <variableValue variable="SYS1">
    <value valueType="decimal">195.63203493167305</value>
  </variableValue>
  <variableValue variable="SYS2">
    <value valueType="decimal">209.60824941885858</value>
  </variableValue>
  <variableValue variable="SYS3">
    <value valueType="decimal">212.8472687847495</value>
  </variableValue>
  <variableValue variable="Q29">
    <value valueType="text">1</value>
  </variableValue>
  <variableValue variable="Q30">
    <value valueType="text">2</value>
  </variableValue>
  <variableValue variable="K34">
    <value valueType="text">2</value>
  </variableValue>
  <variableValue variable="Q38">
    <value valueType="text">3</value>
  </variableValue>
  <variableValue variable="Q17A">
    <value valueType="text">2</value>
  </variableValue>
  <variableValue variable="FR07_38">
    <value valueType="text">1</value>
  </variableValue>
  <variableValue variable="Q16A">
    <value valueType="text">1</value>
  </variableValue>
  <variableValue variable="Q15A">
    <value valueType="text">2</value>
  </variableValue>
  <variableValue variable="TUPI3">
    <value valueType="text">4</value>
  </variableValue>
  <variableValue variable="Q67">
    <value valueType="text">1</value>
  </variableValue>
  <variableValue variable="TUPI1">
    <value valueType="integer">41</value>
  </variableValue>
  <variableValue variable="FR07_13_laani">
    <value valueType="text">5</value>
  </variableValue>
  <variableValue variable="KOL">
    <value valueType="decimal">4.598641569561033</value>
  </variableValue>
  <variableValue variable="TRIG">
    <value valueType="decimal">1.3471740091085083</value>
  </variableValue>
  <variableValue variable="HDL">
    <value valueType="decimal">1.4877793288078067</value>
  </variableValue>
  <variableValue variable="sl_gluk_0h">
    <value valueType="decimal">6.0006419895285195</value>
  </variableValue>
  <variableValue variable="Q128A">
    <value valueType="text">3</value>
  </variableValue>
  <variableValue variable="FR02_145B">
    <value valueType="integer">24</value>
  </variableValue>
  <variableValue variable="FR02_145E">
    <value valueType="integer">92</value>
  </variableValue>
  <variableValue variable="FR02_145F">
    <value valueType="integer">20</value>
  </variableValue>
  <variableValue variable="FR02_145D">
    <value valueType="integer">33</value>
  </variableValue>
  <variableValue variable="ALKI1">
    <value valueType="integer">1686</value>
  </variableValue>
  <variableValue variable="KY2">
    <value valueType="text">2</value>
  </variableValue>
  <variableValue variable="k13">
    <value valueType="integer">14</value>
  </variableValue>
  <variableValue variable="TULOT">
    <value valueType="text">8</value>
  </variableValue>
  <variableValue variable="FR02_3">
    <value valueType="text">1</value>
  </variableValue>
  <variableValue variable="KOULV">
    <value valueType="integer">37</value>
  </variableValue>
  <variableValue variable="FR07_11">
    <value valueType="text">4</value>
  </variableValue>
  <variableValue variable="Q56">
    <value valueType="text">3</value>
  </variableValue>
  <variableValue variable="Q57">
    <value valueType="text">2</value>
  </variableValue>
  <variableValue variable="Q58">
    <value valueType="text">5</value>
  </variableValue>
  <variableValue variable="FRO7_81">
    <value valueType="text">1</value>
  </variableValue>
  <variableValue variable="Q61">
    <value valueType="text">4</value>
  </variableValue>
  <variableValue variable="KY74">
    <value valueType="text">1</value>
  </variableValue>
  <variableValue variable="Q63">
    <value valueType="text">3</value>
  </variableValue>
  <variableValue variable="FR07_85_1">
    <value valueType="integer">26</value>
  </variableValue>
  <variableValue variable="FR07_85_2">
    <value valueType="integer">38</value>
  </variableValue>
  <variableValue variable="FR07_85_3">
    <value valueType="integer">23</value>
  </variableValue>
  <variableValue variable="FR07_85_4">
    <value valueType="integer">76</value>
  </variableValue>
  <variableValue variable="FR07_85_5">
    <value valueType="integer">1</value>
  </variableValue>
  <variableValue variable="FR07_85_6">
    <value valueType="integer">20</value>
  </variableValue>
  <variableValue variable="FR07_86_1T">
    <value valueType="integer">11</value>
  </variableValue>
  <variableValue variable="FR07_86_1M">
    <value valueType="integer">14</value>
  </variableValue>
  <variableValue variable="FR07_86_2T">
    <value valueType="integer">15</value>
  </variableValue>
  <variableValue variable="FR07_86_2M">
    <value valueType="integer">25</value>
  </variableValue>
  <variableValue variable="FR07_86_3T">
    <value valueType="integer">8</value>
  </variableValue>
  <variableValue variable="FR07_86_3M">
    <value valueType="integer">15</value>
  </variableValue>
  <variableValue variable="FR07_86_4T">
    <value valueType="integer">2</value>
  </variableValue>
  <variableValue variable="FR07_86_4M">
    <value valueType="integer">14</value>
  </variableValue>
  <variableValue variable="FR07_86_5T">
    <value valueType="integer">6</value>
  </variableValue>
  <variableValue variable="FR07_86_5M">
    <value valueType="integer">16</value>
  </variableValue>
  <variableValue variable="FR07_105_1">
    <value valueType="text">6</value>
  </variableValue>
  <variableValue variable="FR07_105_2">
    <value valueType="text">6</value>
  </variableValue>
  <variableValue variable="FR07_105_3">
    <value valueType="text">1</value>
  </variableValue>
  <variableValue variable="FR07_105_4">
    <value valueType="text">4</value>
  </variableValue>
  <variableValue variable="FR07_105_5">
    <value valueType="text">4</value>
  </variableValue>
  <variableValue variable="FR07_105_6">
    <value valueType="text">7</value>
  </variableValue>
  <variableValue variable="FR07_105_7">
    <value valueType="text">1</value>
  </variableValue>
  <variableValue variable="FR07_105_8">
    <value valueType="text">2</value>
  </variableValue>
  <variableValue variable="FR07_105_9">
    <value valueType="text">5</value>
  </variableValue>
  <variableValue variable="FR07_105_10">
    <value valueType="text">7</value>
  </variableValue>
  <variableValue variable="FR07_105_11">
    <value valueType="text">4</value>
  </variableValue>
  <variableValue variable="FR07_105_12">
    <value valueType="text">5</value>
  </variableValue>
  <variableValue variable="FR07_105_13">
    <value valueType="text">5</value>
  </variableValue>
  <variableValue variable="FR07_105_14">
    <value valueType="text">3</value>
  </variableValue>
  <variableValue variable="FR07_105_15">
    <value valueType="text">5</value>
  </variableValue>
  <variableValue variable="FR07_105_16">
    <value valueType="text">8</value>
  </variableValue>
  <variableValue variable="FR07_105_17">
    <value valueType="text">7</value>
  </variableValue>
  <variableValue variable="FR07_105_18">
    <value valueType="text">4</value>
  </variableValue>
  <variableValue variable="FR07_105_19">
    <value valueType="text">5</value>
  </variableValue>
  <variableValue variable="FR07_105_20">
    <value valueType="text">4</value>
  </variableValue>
  <variableValue variable="FR07_105_21">
    <value valueType="text">2</value>
  </variableValue>
  <variableValue variable="FR07_105_22">
    <value valueType="text">3</value>
  </variableValue>
  <variableValue variable="FR07_105_23">
    <value valueType="text">8</value>
  </variableValue>
  <variableValue variable="FR07_105_24">
    <value valueType="text">2</value>
  </variableValue>
  <variableValue variable="FR07_105_25">
    <value valueType="text">6</value>
  </variableValue>
  <variableValue variable="FR07_105_26">
    <value valueType="text">5</value>
  </variableValue>
  <variableValue variable="FR07_105_27">
    <value valueType="text">4</value>
  </variableValue>
  <variableValue variable="FR07_105_28">
    <value valueType="text">8</value>
  </variableValue>
  <variableValue variable="FR07_105_29">
    <value valueType="text">4</value>
  </variableValue>
  <variableValue variable="FR07_105_30">
    <value valueType="text">4</value>
  </variableValue>
  <variableValue variable="FR07_105_31">
    <value valueType="text">7</value>
  </variableValue>
  <variableValue variable="FR07_105_32">
    <value valueType="text">5</value>
  </variableValue>
  <variableValue variable="FR07_105_33">
    <value valueType="text">4</value>
  </variableValue>
  <variableValue variable="FR07_105_34">
    <value valueType="text">8</value>
  </variableValue>
  <variableValue variable="FR07_105_35">
    <value valueType="text">4</value>
  </variableValue>
  <variableValue variable="FR07_105_36">
    <value valueType="text">6</value>
  </variableValue>
  <variableValue variable="FR07_105_37">
    <value valueType="text">7</value>
  </variableValue>
  <variableValue variable="FR07_106_1">
    <value valueType="text">2</value>
  </variableValue>
  <variableValue variable="FR07_106_2">
    <value valueType="text">4</value>
  </variableValue>
  <variableValue variable="FR07_106_3">
    <value valueType="text">3</value>
  </variableValue>
  <variableValue variable="FR02_100A">
    <value valueType="text">2</value>
  </variableValue>
  <variableValue variable="FR02_100B">
    <value valueType="text">1</value>
  </variableValue>
  <variableValue variable="FR02_100C">
    <value valueType="text">1</value>
  </variableValue>
  <variableValue variable="FR02_100D">
    <value valueType="text">1</value>
  </variableValue>
  <variableValue variable="FR02_100E">
    <value valueType="text">2</value>
  </variableValue>
  <variableValue variable="FR02_100F">
    <value valueType="text">1</value>
  </variableValue>
  <variableValue variable="FR02_100G">
    <value valueType="text">1</value>
  </variableValue>
  <variableValue variable="FR07_108_9">
    <value valueType="text">2</value>
  </variableValue>
  <variableValue variable="FR02_100H">
    <value valueType="text">2</value>
  </variableValue>
  <variableValue variable="FR07_109_1P">
    <value valueType="integer">34</value>
  </variableValue>
  <variableValue variable="FR07_109_1V">
    <value valueType="integer">54</value>
  </variableValue>
  <variableValue variable="FR07_109_2P">
    <value valueType="integer">4</value>
  </variableValue>
  <variableValue variable="FR07_109_2V">
    <value valueType="integer">37</value>
  </variableValue>
  <variableValue variable="FR07_109_3P">
    <value valueType="integer">0</value>
  </variableValue>
  <variableValue variable="FR07_109_3V">
    <value valueType="integer">12</value>
  </variableValue>
  <variableValue variable="FR07_109_4P">
    <value valueType="integer">10</value>
  </variableValue>
  <variableValue variable="FR07_109_4V">
    <value valueType="integer">34</value>
  </variableValue>
  <variableValue variable="FR07_109_5P">
    <value valueType="integer">2</value>
  </variableValue>
  <variableValue variable="FR07_109_5V">
    <value valueType="integer">112</value>
  </variableValue>
  <variableValue variable="FR07_109_6P">
    <value valueType="integer">23</value>
  </variableValue>
  <variableValue variable="FR07_109_6V">
    <value valueType="integer">43</value>
  </variableValue>
  <variableValue variable="FR07_109_7P">
    <value valueType="integer">11</value>
  </variableValue>
  <variableValue variable="FR07_109_7V">
    <value valueType="integer">45</value>
  </variableValue>
  <variableValue variable="FR07_109_8P">
    <value valueType="integer">16</value>
  </variableValue>
  <variableValue variable="FR07_109_8V">
    <value valueType="integer">126</value>
  </variableValue>
  <variableValue variable="FR07_109_9P">
    <value valueType="integer">2</value>
  </variableValue>
  <variableValue variable="FR07_109_9V">
    <value valueType="integer">29</value>
  </variableValue>
  <variableValue variable="FR07_109_10P">
    <value valueType="integer">1</value>
  </variableValue>
  <variableValue variable="FR07_109_10V">
    <value valueType="integer">24</value>
  </variableValue>
  <variableValue variable="FR07_109_11P">
    <value valueType="integer">4</value>
  </variableValue>
  <variableValue variable="FR07_109_11V">
    <value valueType="integer">44</value>
  </variableValue>
  <variableValue variable="FR07_109_12P">
    <value valueType="integer">6</value>
  </variableValue>
  <variableValue variable="FR07_109_12V">
    <value valueType="integer">26</value>
  </variableValue>
  <variableValue variable="FR07_109_13P">
    <value valueType="integer">3</value>
  </variableValue>
  <variableValue variable="FR07_109_13V">
    <value valueType="integer">61</value>
  </variableValue>
  <variableValue variable="FR07_109_14P">
    <value valueType="integer">5</value>
  </variableValue>
  <variableValue variable="FR07_109_14V">
    <value valueType="integer">44</value>
  </variableValue>
  <variableValue variable="FR07_109_15P">
    <value valueType="integer">5</value>
  </variableValue>
  <variableValue variable="FR07_109_15V">
    <value valueType="integer">18</value>
  </variableValue>
  <variableValue variable="KY97">
    <value valueType="text">0</value>
  </variableValue>
  <variableValue variable="FR02_112">
    <value valueType="text">5</value>
  </variableValue>
  <variableValue variable="FR07_112">
    <value valueType="text">7</value>
  </variableValue>
  <variableValue variable="FR07_113">
    <value valueType="text">7</value>
  </variableValue>
  <variableValue variable="FR02_114">
    <value valueType="text">1</value>
  </variableValue>
  <variableValue variable="ANNOSPV1">
    <value valueType="integer">-4609438162996426752</value>
  </variableValue>
  <variableValue variable="ANNOSVKO1">
    <value valueType="integer">-3494423086970302464</value>
  </variableValue>
  <variableValue variable="KAYTTO1">
    <value valueType="text">1</value>
  </variableValue>
  <variableValue variable="ANNOSPV2">
    <value valueType="integer">-4864240985817491456</value>
  </variableValue>
  <variableValue variable="ANNOSVKO2">
    <value valueType="integer">-7236979651674402816</value>
  </variableValue>
  <variableValue variable="KAYTTO2">
    <value valueType="text">2</value>
  </variableValue>
  <variableValue variable="ANNOSPV3">
    <value valueType="integer">-5160797118226507776</value>
  </variableValue>
  <variableValue variable="ANNOSVKO3">
    <value valueType="integer">-5847823657300819968</value>
  </variableValue>
  <variableValue variable="KAYTTO3">
    <value valueType="text">2</value>
  </variableValue>
  <variableValue variable="ANNOSPV4">
    <value valueType="integer">7076849725070870528</value>
  </variableValue>
  <variableValue variable="ANNOSVKO4">
    <value valueType="integer">-4074102703274989568</value>
  </variableValue>
  <variableValue variable="KAYTTO4">
    <value valueType="text">1</value>
  </variableValue>
  <variableValue variable="ANNOSPV5">
    <value valueType="integer">-8030800411845830656</value>
  </variableValue>
  <variableValue variable="ANNOSVKO5">
    <value valueType="integer">-8633864956190162944</value>
  </variableValue>
  <variableValue variable="KAYTTO5">
    <value valueType="text">2</value>
  </variableValue>
  <variableValue variable="ANNOSPV6">
    <value valueType="integer">6433989850306383872</value>
  </variableValue>
  <variableValue variable="ANNOSVKO6">
    <value valueType="integer">-1364205644344899584</value>
  </variableValue>
  <variableValue variable="KAYTTO6">
    <value valueType="text">1</value>
  </variableValue>
  <variableValue variable="ANNOSPV7">
    <value valueType="integer">-8350192175324354560</value>
  </variableValue>
  <variableValue variable="ANNOSVKO7">
    <value valueType="integer">-4775030623673317376</value>
  </variableValue>
  <variableValue variable="KAYTTO7">
    <value valueType="text">1</value>
  </variableValue>
  <variableValue variable="ANNOSPV8">
    <value valueType="integer">6877950908824762368</value>
  </variableValue>
  <variableValue variable="ANNOSVKO8">
    <value valueType="integer">6641090925747576832</value>
  </variableValue>
  <variableValue variable="KAYTTO8">
    <value valueType="text">2</value>
  </variableValue>
  <variableValue variable="ANNOSPV9">
    <value valueType="integer">5018399285332883456</value>
  </variableValue>
  <variableValue variable="ANNOSVKO9">
    <value valueType="integer">6200852256515250176</value>
  </variableValue>
  <variableValue variable="KAYTTO9">
    <value valueType="text">1</value>
  </variableValue>
  <variableValue variable="ANNOSPV10">
    <value valueType="integer">-6149470351707021312</value>
  </variableValue>
  <variableValue variable="ANNOSVKO10">
    <value valueType="integer">-7119170226159820800</value>
  </variableValue>
  <variableValue variable="KAYTTO10">
    <value valueType="text">2</value>
  </variableValue>
  <variableValue variable="ANNOSPV11">
    <value valueType="integer">-3177959491815647232</value>
  </variableValue>
  <variableValue variable="ANNOSVKO11">
    <value valueType="integer">195746097969547264</value>
  </variableValue>
  <variableValue variable="KAYTTO11">
    <value valueType="text">2</value>
  </variableValue>
  <variableValue variable="ANNOSPV12">
    <value valueType="integer">-54500757680394240</value>
  </variableValue>
  <variableValue variable="ANNOSVKO12">
    <value valueType="integer">7985831813049688064</value>
  </variableValue>
  <variableValue variable="KAYTTO12">
    <value valueType="text">2</value>
  </variableValue>
  <variableValue variable="ANNOSPV13">
    <value valueType="integer">-575770984299395072</value>
  </variableValue>
  <variableValue variable="ANNOSVKO13">
    <value valueType="integer">-1800534601639694336</value>
  </variableValue>
  <variableValue variable="KAYTTO13">
    <value valueType="text">2</value>
  </variableValue>
  <variableValue variable="ANNOSPV14">
    <value valueType="integer">-2747815958567940096</value>
  </variableValue>
  <variableValue variable="ANNOSVKO14">
    <value valueType="integer">-6437526358303881216</value>
  </variableValue>
  <variableValue variable="KAYTTO14">
    <value valueType="text">2</value>
  </variableValue>
</valueSet>