<valueSet valueTable="FNAC" entityType="Participant" entityIdentifier="8582284285925249554">
  <variableValue variable="SVUOSI">
    <value valueType="integer">1969</value>
  </variableValue>
  <variableValue variable="SUKUP">
    <value valueType="text">2</value>
  </variableValue>
  <variableValue variable="PITUUS">
    <value valueType="decimal">1.5805615738783914</value>
  </variableValue>
  <variableValue variable="PAINO">
    <value valueType="decimal">78.68008276100204</value>
  </variableValue>
  <variableValue variable="VYOTARO">
    <value valueType="decimal">80.91863435205997</value>
  </variableValue>
  <variableValue variable="LANTIO">
    <value valueType="decimal">109.58949228542787</value>
  </variableValue>
  <variableValue variable="DIAS1">
    <value valueType="decimal">52.396827689695286</value>
  </variableValue>
  <variableValue variable="DIAS2">
    <value valueType="decimal">70.3546383383625</value>
  </variableValue>
  <variableValue variable="DIAS3">
    <value valueType="decimal">47.36263835978669</value>
  </variableValue>
  <variableValue variable="SYS1">
    <value valueType="decimal">163.13144778720303</value>
  </variableValue>
  <variableValue variable="SYS2">
    <value valueType="decimal">221.64280730272728</value>
  </variableValue>
  <variableValue variable="SYS3">
    <value valueType="decimal">93.53257723135802</value>
  </variableValue>
  <variableValue variable="Q29">
    <value valueType="text">1</value>
  </variableValue>
  <variableValue variable="Q30">
    <value valueType="text">3</value>
  </variableValue>
  <variableValue variable="K34">
    <value valueType="text">2</value>
  </variableValue>
  <variableValue variable="Q38">
    <value valueType="text">4</value>
  </variableValue>
  <variableValue variable="Q17A">
    <value valueType="text">2</value>
  </variableValue>
  <variableValue variable="FR07_38">
    <value valueType="text">1</value>
  </variableValue>
  <variableValue variable="Q16A">
    <value valueType="text">2</value>
  </variableValue>
  <variableValue variable="Q15A">
    <value valueType="text">1</value>
  </variableValue>
  <variableValue variable="TUPI3">
    <value valueType="text">3</value>
  </variableValue>
  <variableValue variable="Q67">
    <value valueType="text">2</value>
  </variableValue>
  <variableValue variable="TUPI1">
    <value valueType="integer">32</value>
  </variableValue>
  <variableValue variable="FR07_13_laani">
    <value valueType="text">4</value>
  </variableValue>
  <variableValue variable="KOL">
    <value valueType="decimal">5.604443666511191</value>
  </variableValue>
  <variableValue variable="TRIG">
    <value valueType="decimal">2.3305506553878352</value>
  </variableValue>
  <variableValue variable="HDL">
    <value valueType="decimal">1.5759362445290397</value>
  </variableValue>
  <variableValue variable="sl_gluk_0h">
    <value valueType="decimal">6.3053053689196155</value>
  </variableValue>
  <variableValue variable="Q128A">
    <value valueType="text">3</value>
  </variableValue>
  <variableValue variable="FR02_145B">
    <value valueType="integer">14</value>
  </variableValue>
  <variableValue variable="FR02_145E">
    <value valueType="integer">62</value>
  </variableValue>
  <variableValue variable="FR02_145F">
    <value valueType="integer">8</value>
  </variableValue>
  <variableValue variable="FR02_145D">
    <value valueType="integer">14</value>
  </variableValue>
  <variableValue variable="ALKI1">
    <value valueType="integer">711</value>
  </variableValue>
  <variableValue variable="KY2">
    <value valueType="text">1</value>
  </variableValue>
  <variableValue variable="k13">
    <value valueType="integer">9</value>
  </variableValue>
  <variableValue variable="TULOT">
    <value valueType="text">7</value>
  </variableValue>
  <variableValue variable="FR02_3">
    <value valueType="text">5</value>
  </variableValue>
  <variableValue variable="KOULV">
    <value valueType="integer">44</value>
  </variableValue>
  <variableValue variable="FR07_11">
    <value valueType="text">11</value>
  </variableValue>
  <variableValue variable="Q56">
    <value valueType="text">1</value>
  </variableValue>
  <variableValue variable="Q57">
    <value valueType="text">2</value>
  </variableValue>
  <variableValue variable="Q58">
    <value valueType="text">3</value>
  </variableValue>
  <variableValue variable="FRO7_81">
    <value valueType="text">2</value>
  </variableValue>
  <variableValue variable="Q61">
    <value valueType="text">0</value>
  </variableValue>
  <variableValue variable="KY74">
    <value valueType="text">5</value>
  </variableValue>
  <variableValue variable="Q63">
    <value valueType="text">1</value>
  </variableValue>
  <variableValue variable="FR07_85_1">
    <value valueType="integer">24</value>
  </variableValue>
  <variableValue variable="FR07_85_2">
    <value valueType="integer">74</value>
  </variableValue>
  <variableValue variable="FR07_85_3">
    <value valueType="integer">54</value>
  </variableValue>
  <variableValue variable="FR07_85_4">
    <value valueType="integer">31</value>
  </variableValue>
  <variableValue variable="FR07_85_5">
    <value valueType="integer">76</value>
  </variableValue>
  <variableValue variable="FR07_85_6">
    <value valueType="integer">30</value>
  </variableValue>
  <variableValue variable="FR07_86_1T">
    <value valueType="integer">9</value>
  </variableValue>
  <variableValue variable="FR07_86_1M">
    <value valueType="integer">17</value>
  </variableValue>
  <variableValue variable="FR07_86_2T">
    <value valueType="integer">22</value>
  </variableValue>
  <variableValue variable="FR07_86_2M">
    <value valueType="integer">42</value>
  </variableValue>
  <variableValue variable="FR07_86_3T">
    <value valueType="integer">0</value>
  </variableValue>
  <variableValue variable="FR07_86_3M">
    <value valueType="integer">50</value>
  </variableValue>
  <variableValue variable="FR07_86_4T">
    <value valueType="integer">8</value>
  </variableValue>
  <variableValue variable="FR07_86_4M">
    <value valueType="integer">2</value>
  </variableValue>
  <variableValue variable="FR07_86_5T">
    <value valueType="integer">5</value>
  </variableValue>
  <variableValue variable="FR07_86_5M">
    <value valueType="integer">30</value>
  </variableValue>
  <variableValue variable="FR07_105_1">
    <value valueType="text">3</value>
  </variableValue>
  <variableValue variable="FR07_105_2">
    <value valueType="text">8</value>
  </variableValue>
  <variableValue variable="FR07_105_3">
    <value valueType="text">5</value>
  </variableValue>
  <variableValue variable="FR07_105_4">
    <value valueType="text">2</value>
  </variableValue>
  <variableValue variable="FR07_105_5">
    <value valueType="text">3</value>
  </variableValue>
  <variableValue variable="FR07_105_6">
    <value valueType="text">2</value>
  </variableValue>
  <variableValue variable="FR07_105_7">
    <value valueType="text">3</value>
  </variableValue>
  <variableValue variable="FR07_105_8">
    <value valueType="text">6</value>
  </variableValue>
  <variableValue variable="FR07_105_9">
    <value valueType="text">6</value>
  </variableValue>
  <variableValue variable="FR07_105_10">
    <value valueType="text">2</value>
  </variableValue>
  <variableValue variable="FR07_105_11">
    <value valueType="text">3</value>
  </variableValue>
  <variableValue variable="FR07_105_12">
    <value valueType="text">6</value>
  </variableValue>
  <variableValue variable="FR07_105_13">
    <value valueType="text">4</value>
  </variableValue>
  <variableValue variable="FR07_105_14">
    <value valueType="text">7</value>
  </variableValue>
  <variableValue variable="FR07_105_15">
    <value valueType="text">3</value>
  </variableValue>
  <variableValue variable="FR07_105_16">
    <value valueType="text">3</value>
  </variableValue>
  <variableValue variable="FR07_105_17">
    <value valueType="text">6</value>
  </variableValue>
  <variableValue variable="FR07_105_18">
    <value valueType="text">3</value>
  </variableValue>
  <variableValue variable="FR07_105_19">
    <value valueType="text">1</value>
  </variableValue>
  <variableValue variable="FR07_105_20">
    <value valueType="text">8</value>
  </variableValue>
  <variableValue variable="FR07_105_21">
    <value valueType="text">5</value>
  </variableValue>
  <variableValue variable="FR07_105_22">
    <value valueType="text">4</value>
  </variableValue>
  <variableValue variable="FR07_105_23">
    <value valueType="text">3</value>
  </variableValue>
  <variableValue variable="FR07_105_24">
    <value valueType="text">4</value>
  </variableValue>
  <variableValue variable="FR07_105_25">
    <value valueType="text">8</value>
  </variableValue>
  <variableValue variable="FR07_105_26">
    <value valueType="text">2</value>
  </variableValue>
  <variableValue variable="FR07_105_27">
    <value valueType="text">2</value>
  </variableValue>
  <variableValue variable="FR07_105_28">
    <value valueType="text">4</value>
  </variableValue>
  <variableValue variable="FR07_105_29">
    <value valueType="text">1</value>
  </variableValue>
  <variableValue variable="FR07_105_30">
    <value valueType="text">3</value>
  </variableValue>
  <variableValue variable="FR07_105_31">
    <value valueType="text">4</value>
  </variableValue>
  <variableValue variable="FR07_105_32">
    <value valueType="text">7</value>
  </variableValue>
  <variableValue variable="FR07_105_33">
    <value valueType="text">6</value>
  </variableValue>
  <variableValue variable="FR07_105_34">
    <value valueType="text">4</value>
  </variableValue>
  <variableValue variable="FR07_105_35">
    <value valueType="text">6</value>
  </variableValue>
  <variableValue variable="FR07_105_36">
    <value valueType="text">2</value>
  </variableValue>
  <variableValue variable="FR07_105_37">
    <value valueType="text">1</value>
  </variableValue>
  <variableValue variable="FR07_106_1">
    <value valueType="text">2</value>
  </variableValue>
  <variableValue variable="FR07_106_2">
    <value valueType="text">1</value>
  </variableValue>
  <variableValue variable="FR07_106_3">
    <value valueType="text">2</value>
  </variableValue>
  <variableValue variable="FR02_100A">
    <value valueType="text">1</value>
  </variableValue>
  <variableValue variable="FR02_100B">
    <value valueType="text">1</value>
  </variableValue>
  <variableValue variable="FR02_100C">
    <value valueType="text">1</value>
  </variableValue>
  <variableValue variable="FR02_100D">
    <value valueType="text">2</value>
  </variableValue>
  <variableValue variable="FR02_100E">
    <value valueType="text">1</value>
  </variableValue>
  <variableValue variable="FR02_100F">
    <value valueType="text">2</value>
  </variableValue>
  <variableValue variable="FR02_100G">
    <value valueType="text">1</value>
  </variableValue>
  <variableValue variable="FR07_108_9">
    <value valueType="text">2</value>
  </variableValue>
  <variableValue variable="FR02_100H">
    <value valueType="text">1</value>
  </variableValue>
  <variableValue variable="FR07_109_1P">
    <value valueType="integer">3</value>
  </variableValue>
  <variableValue variable="FR07_109_1V">
    <value valueType="integer">18</value>
  </variableValue>
  <variableValue variable="FR07_109_2P">
    <value valueType="integer">1</value>
  </variableValue>
  <variableValue variable="FR07_109_2V">
    <value valueType="integer">46</value>
  </variableValue>
  <variableValue variable="FR07_109_3P">
    <value valueType="integer">1</value>
  </variableValue>
  <variableValue variable="FR07_109_3V">
    <value valueType="integer">19</value>
  </variableValue>
  <variableValue variable="FR07_109_4P">
    <value valueType="integer">0</value>
  </variableValue>
  <variableValue variable="FR07_109_4V">
    <value valueType="integer">61</value>
  </variableValue>
  <variableValue variable="FR07_109_5P">
    <value valueType="integer">14</value>
  </variableValue>
  <variableValue variable="FR07_109_5V">
    <value valueType="integer">83</value>
  </variableValue>
  <variableValue variable="FR07_109_6P">
    <value valueType="integer">10</value>
  </variableValue>
  <variableValue variable="FR07_109_6V">
    <value valueType="integer">115</value>
  </variableValue>
  <variableValue variable="FR07_109_7P">
    <value valueType="integer">9</value>
  </variableValue>
  <variableValue variable="FR07_109_7V">
    <value valueType="integer">112</value>
  </variableValue>
  <variableValue variable="FR07_109_8P">
    <value valueType="integer">7</value>
  </variableValue>
  <variableValue variable="FR07_109_8V">
    <value valueType="integer">28</value>
  </variableValue>
  <variableValue variable="FR07_109_9P">
    <value valueType="integer">6</value>
  </variableValue>
  <variableValue variable="FR07_109_9V">
    <value valueType="integer">14</value>
  </variableValue>
  <variableValue variable="FR07_109_10P">
    <value valueType="integer">4</value>
  </variableValue>
  <variableValue variable="FR07_109_10V">
    <value valueType="integer">43</value>
  </variableValue>
  <variableValue variable="FR07_109_11P">
    <value valueType="integer">4</value>
  </variableValue>
  <variableValue variable="FR07_109_11V">
    <value valueType="integer">6</value>
  </variableValue>
  <variableValue variable="FR07_109_12P">
    <value valueType="integer">5</value>
  </variableValue>
  <variableValue variable="FR07_109_12V">
    <value valueType="integer">36</value>
  </variableValue>
  <variableValue variable="FR07_109_13P">
    <value valueType="integer">10</value>
  </variableValue>
  <variableValue variable="FR07_109_13V">
    <value valueType="integer">68</value>
  </variableValue>
  <variableValue variable="FR07_109_14P">
    <value valueType="integer">8</value>
  </variableValue>
  <variableValue variable="FR07_109_14V">
    <value valueType="integer">44</value>
  </variableValue>
  <variableValue variable="FR07_109_15P">
    <value valueType="integer">1</value>
  </variableValue>
  <variableValue variable="FR07_109_15V">
    <value valueType="integer">35</value>
  </variableValue>
  <variableValue variable="KY97">
    <value valueType="text">0</value>
  </variableValue>
  <variableValue variable="FR02_112">
    <value valueType="text">0</value>
  </variableValue>
  <variableValue variable="FR07_112">
    <value valueType="text">6</value>
  </variableValue>
  <variableValue variable="FR07_113">
    <value valueType="text">2</value>
  </variableValue>
  <variableValue variable="FR02_114">
    <value valueType="text">1</value>
  </variableValue>
  <variableValue variable="ANNOSPV1">
    <value valueType="integer">-6430471804554792960</value>
  </variableValue>
  <variableValue variable="ANNOSVKO1">
    <value valueType="integer">-7707776185503438848</value>
  </variableValue>
  <variableValue variable="KAYTTO1">
    <value valueType="text">1</value>
  </variableValue>
  <variableValue variable="ANNOSPV2">
    <value valueType="integer">-1561919466392188928</value>
  </variableValue>
  <variableValue variable="ANNOSVKO2">
    <value valueType="integer">2206331532755486720</value>
  </variableValue>
  <variableValue variable="KAYTTO2">
    <value valueType="text">1</value>
  </variableValue>
  <variableValue variable="ANNOSPV3">
    <value valueType="integer">5823969079635433472</value>
  </variableValue>
  <variableValue variable="ANNOSVKO3">
    <value valueType="integer">-8167523980610320384</value>
  </variableValue>
  <variableValue variable="KAYTTO3">
    <value valueType="text">2</value>
  </variableValue>
  <variableValue variable="ANNOSPV4">
    <value valueType="integer">404304612290048000</value>
  </variableValue>
  <variableValue variable="ANNOSVKO4">
    <value valueType="integer">3085330759715115008</value>
  </variableValue>
  <variableValue variable="KAYTTO4">
    <value valueType="text">2</value>
  </variableValue>
  <variableValue variable="ANNOSPV5">
    <value valueType="integer">2386280604899862528</value>
  </variableValue>
  <variableValue variable="ANNOSVKO5">
    <value valueType="integer">7848281747177420800</value>
  </variableValue>
  <variableValue variable="KAYTTO5">
    <value valueType="text">1</value>
  </variableValue>
  <variableValue variable="ANNOSPV6">
    <value valueType="integer">-3316733150197829632</value>
  </variableValue>
  <variableValue variable="ANNOSVKO6">
    <value valueType="integer">-3626356947829110784</value>
  </variableValue>
  <variableValue variable="KAYTTO6">
    <value valueType="text">1</value>
  </variableValue>
  <variableValue variable="ANNOSPV7">
    <value valueType="integer">6330947504009717760</value>
  </variableValue>
  <variableValue variable="ANNOSVKO7">
    <value valueType="integer">-8276149613091190784</value>
  </variableValue>
  <variableValue variable="KAYTTO7">
    <value valueType="text">1</value>
  </variableValue>
  <variableValue variable="ANNOSPV8">
    <value valueType="integer">-2859630899788503040</value>
  </variableValue>
  <variableValue variable="ANNOSVKO8">
    <value valueType="integer">-202641269042532352</value>
  </variableValue>
  <variableValue variable="KAYTTO8">
    <value valueType="text">2</value>
  </variableValue>
  <variableValue variable="ANNOSPV9">
    <value valueType="integer">9173485721838299136</value>
  </variableValue>
  <variableValue variable="ANNOSVKO9">
    <value valueType="integer">-5504279595193817088</value>
  </variableValue>
  <variableValue variable="KAYTTO9">
    <value valueType="text">2</value>
  </variableValue>
  <variableValue variable="ANNOSPV10">
    <value valueType="integer">-5555369282900023296</value>
  </variableValue>
  <variableValue variable="ANNOSVKO10">
    <value valueType="integer">2467807422899871744</value>
  </variableValue>
  <variableValue variable="KAYTTO10">
    <value valueType="text">2</value>
  </variableValue>
  <variableValue variable="ANNOSPV11">
    <value valueType="integer">-5885764877206079488</value>
  </variableValue>
  <variableValue variable="ANNOSVKO11">
    <value valueType="integer">-3305220899530082304</value>
  </variableValue>
  <variableValue variable="KAYTTO11">
    <value valueType="text">1</value>
  </variableValue>
  <variableValue variable="ANNOSPV12">
    <value valueType="integer">5988721123035535360</value>
  </variableValue>
  <variableValue variable="ANNOSVKO12">
    <value valueType="integer">-3076777072156960768</value>
  </variableValue>
  <variableValue variable="KAYTTO12">
    <value valueType="text">2</value>
  </variableValue>
  <variableValue variable="ANNOSPV13">
    <value valueType="integer">8422874249460963328</value>
  </variableValue>
  <variableValue variable="ANNOSVKO13">
    <value valueType="integer">2423029508084609024</value>
  </variableValue>
  <variableValue variable="KAYTTO13">
    <value valueType="text">1</value>
  </variableValue>
  <variableValue variable="ANNOSPV14">
    <value valueType="integer">6200018372946923520</value>
  </variableValue>
  <variableValue variable="ANNOSVKO14">
    <value valueType="integer">6435926249218646016</value>
  </variableValue>
  <variableValue variable="KAYTTO14">
    <value valueType="text">1</value>
  </variableValue>
</valueSet>