<valueSet valueTable="FNAC" entityType="Participant" entityIdentifier="7710733228779420627">
  <variableValue variable="SVUOSI">
    <value valueType="integer">1943</value>
  </variableValue>
  <variableValue variable="SUKUP">
    <value valueType="text">2</value>
  </variableValue>
  <variableValue variable="PITUUS">
    <value valueType="decimal">1.706048465621981</value>
  </variableValue>
  <variableValue variable="PAINO">
    <value valueType="decimal">92.74063110499537</value>
  </variableValue>
  <variableValue variable="VYOTARO">
    <value valueType="decimal">92.47131002979788</value>
  </variableValue>
  <variableValue variable="LANTIO">
    <value valueType="decimal">106.42401354538879</value>
  </variableValue>
  <variableValue variable="DIAS1">
    <value valueType="decimal">101.35150851831969</value>
  </variableValue>
  <variableValue variable="DIAS2">
    <value valueType="decimal">65.43184976088457</value>
  </variableValue>
  <variableValue variable="DIAS3">
    <value valueType="decimal">121.2748716755435</value>
  </variableValue>
  <variableValue variable="SYS1">
    <value valueType="decimal">114.58725678118213</value>
  </variableValue>
  <variableValue variable="SYS2">
    <value valueType="decimal">82.49784261185783</value>
  </variableValue>
  <variableValue variable="SYS3">
    <value valueType="decimal">138.46663963129612</value>
  </variableValue>
  <variableValue variable="Q29">
    <value valueType="text">2</value>
  </variableValue>
  <variableValue variable="Q30">
    <value valueType="text">6</value>
  </variableValue>
  <variableValue variable="K34">
    <value valueType="text">2</value>
  </variableValue>
  <variableValue variable="Q38">
    <value valueType="text">1</value>
  </variableValue>
  <variableValue variable="Q17A">
    <value valueType="text">1</value>
  </variableValue>
  <variableValue variable="FR07_38">
    <value valueType="text">5</value>
  </variableValue>
  <variableValue variable="Q16A">
    <value valueType="text">2</value>
  </variableValue>
  <variableValue variable="Q15A">
    <value valueType="text">2</value>
  </variableValue>
  <variableValue variable="TUPI3">
    <value valueType="text">4</value>
  </variableValue>
  <variableValue variable="Q67">
    <value valueType="text">1</value>
  </variableValue>
  <variableValue variable="TUPI1">
    <value valueType="integer">54</value>
  </variableValue>
  <variableValue variable="FR07_13_laani">
    <value valueType="text">2</value>
  </variableValue>
  <variableValue variable="KOL">
    <value valueType="decimal">6.162319790810627</value>
  </variableValue>
  <variableValue variable="TRIG">
    <value valueType="decimal">3.1479426666156924</value>
  </variableValue>
  <variableValue variable="HDL">
    <value valueType="decimal">1.459248753548322</value>
  </variableValue>
  <variableValue variable="sl_gluk_0h">
    <value valueType="decimal">4.496973086716705</value>
  </variableValue>
  <variableValue variable="Q128A">
    <value valueType="text">1</value>
  </variableValue>
  <variableValue variable="FR02_145B">
    <value valueType="integer">20</value>
  </variableValue>
  <variableValue variable="FR02_145E">
    <value valueType="integer">34</value>
  </variableValue>
  <variableValue variable="FR02_145F">
    <value valueType="integer">30</value>
  </variableValue>
  <variableValue variable="FR02_145D">
    <value valueType="integer">4</value>
  </variableValue>
  <variableValue variable="ALKI1">
    <value valueType="integer">1189</value>
  </variableValue>
  <variableValue variable="KY2">
    <value valueType="text">4</value>
  </variableValue>
  <variableValue variable="k13">
    <value valueType="integer">13</value>
  </variableValue>
  <variableValue variable="TULOT">
    <value valueType="text">1</value>
  </variableValue>
  <variableValue variable="FR02_3">
    <value valueType="text">3</value>
  </variableValue>
  <variableValue variable="KOULV">
    <value valueType="integer">42</value>
  </variableValue>
  <variableValue variable="FR07_11">
    <value valueType="text">12</value>
  </variableValue>
  <variableValue variable="Q56">
    <value valueType="text">2</value>
  </variableValue>
  <variableValue variable="Q57">
    <value valueType="text">1</value>
  </variableValue>
  <variableValue variable="Q58">
    <value valueType="text">1</value>
  </variableValue>
  <variableValue variable="FRO7_81">
    <value valueType="text">4</value>
  </variableValue>
  <variableValue variable="Q61">
    <value valueType="text">2</value>
  </variableValue>
  <variableValue variable="KY74">
    <value valueType="text">5</value>
  </variableValue>
  <variableValue variable="Q63">
    <value valueType="text">3</value>
  </variableValue>
  <variableValue variable="FR07_85_1">
    <value valueType="integer">71</value>
  </variableValue>
  <variableValue variable="FR07_85_2">
    <value valueType="integer">46</value>
  </variableValue>
  <variableValue variable="FR07_85_3">
    <value valueType="integer">93</value>
  </variableValue>
  <variableValue variable="FR07_85_4">
    <value valueType="integer">20</value>
  </variableValue>
  <variableValue variable="FR07_85_5">
    <value valueType="integer">79</value>
  </variableValue>
  <variableValue variable="FR07_85_6">
    <value valueType="integer">89</value>
  </variableValue>
  <variableValue variable="FR07_86_1T">
    <value valueType="integer">11</value>
  </variableValue>
  <variableValue variable="FR07_86_1M">
    <value valueType="integer">1</value>
  </variableValue>
  <variableValue variable="FR07_86_2T">
    <value valueType="integer">16</value>
  </variableValue>
  <variableValue variable="FR07_86_2M">
    <value valueType="integer">16</value>
  </variableValue>
  <variableValue variable="FR07_86_3T">
    <value valueType="integer">18</value>
  </variableValue>
  <variableValue variable="FR07_86_3M">
    <value valueType="integer">12</value>
  </variableValue>
  <variableValue variable="FR07_86_4T">
    <value valueType="integer">15</value>
  </variableValue>
  <variableValue variable="FR07_86_4M">
    <value valueType="integer">22</value>
  </variableValue>
  <variableValue variable="FR07_86_5T">
    <value valueType="integer">0</value>
  </variableValue>
  <variableValue variable="FR07_86_5M">
    <value valueType="integer">0</value>
  </variableValue>
  <variableValue variable="FR07_105_1">
    <value valueType="text">7</value>
  </variableValue>
  <variableValue variable="FR07_105_2">
    <value valueType="text">3</value>
  </variableValue>
  <variableValue variable="FR07_105_3">
    <value valueType="text">6</value>
  </variableValue>
  <variableValue variable="FR07_105_4">
    <value valueType="text">7</value>
  </variableValue>
  <variableValue variable="FR07_105_5">
    <value valueType="text">7</value>
  </variableValue>
  <variableValue variable="FR07_105_6">
    <value valueType="text">2</value>
  </variableValue>
  <variableValue variable="FR07_105_7">
    <value valueType="text">2</value>
  </variableValue>
  <variableValue variable="FR07_105_8">
    <value valueType="text">1</value>
  </variableValue>
  <variableValue variable="FR07_105_9">
    <value valueType="text">2</value>
  </variableValue>
  <variableValue variable="FR07_105_10">
    <value valueType="text">8</value>
  </variableValue>
  <variableValue variable="FR07_105_11">
    <value valueType="text">4</value>
  </variableValue>
  <variableValue variable="FR07_105_12">
    <value valueType="text">6</value>
  </variableValue>
  <variableValue variable="FR07_105_13">
    <value valueType="text">4</value>
  </variableValue>
  <variableValue variable="FR07_105_14">
    <value valueType="text">6</value>
  </variableValue>
  <variableValue variable="FR07_105_15">
    <value valueType="text">5</value>
  </variableValue>
  <variableValue variable="FR07_105_16">
    <value valueType="text">1</value>
  </variableValue>
  <variableValue variable="FR07_105_17">
    <value valueType="text">6</value>
  </variableValue>
  <variableValue variable="FR07_105_18">
    <value valueType="text">5</value>
  </variableValue>
  <variableValue variable="FR07_105_19">
    <value valueType="text">2</value>
  </variableValue>
  <variableValue variable="FR07_105_20">
    <value valueType="text">2</value>
  </variableValue>
  <variableValue variable="FR07_105_21">
    <value valueType="text">3</value>
  </variableValue>
  <variableValue variable="FR07_105_22">
    <value valueType="text">5</value>
  </variableValue>
  <variableValue variable="FR07_105_23">
    <value valueType="text">2</value>
  </variableValue>
  <variableValue variable="FR07_105_24">
    <value valueType="text">5</value>
  </variableValue>
  <variableValue variable="FR07_105_25">
    <value valueType="text">3</value>
  </variableValue>
  <variableValue variable="FR07_105_26">
    <value valueType="text">4</value>
  </variableValue>
  <variableValue variable="FR07_105_27">
    <value valueType="text">6</value>
  </variableValue>
  <variableValue variable="FR07_105_28">
    <value valueType="text">2</value>
  </variableValue>
  <variableValue variable="FR07_105_29">
    <value valueType="text">7</value>
  </variableValue>
  <variableValue variable="FR07_105_30">
    <value valueType="text">2</value>
  </variableValue>
  <variableValue variable="FR07_105_31">
    <value valueType="text">1</value>
  </variableValue>
  <variableValue variable="FR07_105_32">
    <value valueType="text">3</value>
  </variableValue>
  <variableValue variable="FR07_105_33">
    <value valueType="text">6</value>
  </variableValue>
  <variableValue variable="FR07_105_34">
    <value valueType="text">4</value>
  </variableValue>
  <variableValue variable="FR07_105_35">
    <value valueType="text">8</value>
  </variableValue>
  <variableValue variable="FR07_105_36">
    <value valueType="text">3</value>
  </variableValue>
  <variableValue variable="FR07_105_37">
    <value valueType="text">8</value>
  </variableValue>
  <variableValue variable="FR07_106_1">
    <value valueType="text">7</value>
  </variableValue>
  <variableValue variable="FR07_106_2">
    <value valueType="text">5</value>
  </variableValue>
  <variableValue variable="FR07_106_3">
    <value valueType="text">7</value>
  </variableValue>
  <variableValue variable="FR02_100A">
    <value valueType="text">2</value>
  </variableValue>
  <variableValue variable="FR02_100B">
    <value valueType="text">2</value>
  </variableValue>
  <variableValue variable="FR02_100C">
    <value valueType="text">1</value>
  </variableValue>
  <variableValue variable="FR02_100D">
    <value valueType="text">1</value>
  </variableValue>
  <variableValue variable="FR02_100E">
    <value valueType="text">2</value>
  </variableValue>
  <variableValue variable="FR02_100F">
    <value valueType="text">2</value>
  </variableValue>
  <variableValue variable="FR02_100G">
    <value valueType="text">2</value>
  </variableValue>
  <variableValue variable="FR07_108_9">
    <value valueType="text">1</value>
  </variableValue>
  <variableValue variable="FR02_100H">
    <value valueType="text">2</value>
  </variableValue>
  <variableValue variable="FR07_109_1P">
    <value valueType="integer">4</value>
  </variableValue>
  <variableValue variable="FR07_109_1V">
    <value valueType="integer">137</value>
  </variableValue>
  <variableValue variable="FR07_109_2P">
    <value valueType="integer">2</value>
  </variableValue>
  <variableValue variable="FR07_109_2V">
    <value valueType="integer">38</value>
  </variableValue>
  <variableValue variable="FR07_109_3P">
    <value valueType="integer">2</value>
  </variableValue>
  <variableValue variable="FR07_109_3V">
    <value valueType="integer">4</value>
  </variableValue>
  <variableValue variable="FR07_109_4P">
    <value valueType="integer">0</value>
  </variableValue>
  <variableValue variable="FR07_109_4V">
    <value valueType="integer">43</value>
  </variableValue>
  <variableValue variable="FR07_109_5P">
    <value valueType="integer">8</value>
  </variableValue>
  <variableValue variable="FR07_109_5V">
    <value valueType="integer">102</value>
  </variableValue>
  <variableValue variable="FR07_109_6P">
    <value valueType="integer">4</value>
  </variableValue>
  <variableValue variable="FR07_109_6V">
    <value valueType="integer">145</value>
  </variableValue>
  <variableValue variable="FR07_109_7P">
    <value valueType="integer">17</value>
  </variableValue>
  <variableValue variable="FR07_109_7V">
    <value valueType="integer">12</value>
  </variableValue>
  <variableValue variable="FR07_109_8P">
    <value valueType="integer">7</value>
  </variableValue>
  <variableValue variable="FR07_109_8V">
    <value valueType="integer">85</value>
  </variableValue>
  <variableValue variable="FR07_109_9P">
    <value valueType="integer">9</value>
  </variableValue>
  <variableValue variable="FR07_109_9V">
    <value valueType="integer">60</value>
  </variableValue>
  <variableValue variable="FR07_109_10P">
    <value valueType="integer">7</value>
  </variableValue>
  <variableValue variable="FR07_109_10V">
    <value valueType="integer">39</value>
  </variableValue>
  <variableValue variable="FR07_109_11P">
    <value valueType="integer">0</value>
  </variableValue>
  <variableValue variable="FR07_109_11V">
    <value valueType="integer">19</value>
  </variableValue>
  <variableValue variable="FR07_109_12P">
    <value valueType="integer">1</value>
  </variableValue>
  <variableValue variable="FR07_109_12V">
    <value valueType="integer">31</value>
  </variableValue>
  <variableValue variable="FR07_109_13P">
    <value valueType="integer">1</value>
  </variableValue>
  <variableValue variable="FR07_109_13V">
    <value valueType="integer">24</value>
  </variableValue>
  <variableValue variable="FR07_109_14P">
    <value valueType="integer">10</value>
  </variableValue>
  <variableValue variable="FR07_109_14V">
    <value valueType="integer">15</value>
  </variableValue>
  <variableValue variable="FR07_109_15P">
    <value valueType="integer">12</value>
  </variableValue>
  <variableValue variable="FR07_109_15V">
    <value valueType="integer">97</value>
  </variableValue>
  <variableValue variable="KY97">
    <value valueType="text">1</value>
  </variableValue>
  <variableValue variable="FR02_112">
    <value valueType="text">3</value>
  </variableValue>
  <variableValue variable="FR07_112">
    <value valueType="text">1</value>
  </variableValue>
  <variableValue variable="FR07_113">
    <value valueType="text">7</value>
  </variableValue>
  <variableValue variable="FR02_114">
    <value valueType="text">2</value>
  </variableValue>
  <variableValue variable="ANNOSPV1">
    <value valueType="integer">-2321712605785534464</value>
  </variableValue>
  <variableValue variable="ANNOSVKO1">
    <value valueType="integer">-3355996824613744640</value>
  </variableValue>
  <variableValue variable="KAYTTO1">
    <value valueType="text">2</value>
  </variableValue>
  <variableValue variable="ANNOSPV2">
    <value valueType="integer">-8438074025406722048</value>
  </variableValue>
  <variableValue variable="ANNOSVKO2">
    <value valueType="integer">2602049603791343616</value>
  </variableValue>
  <variableValue variable="KAYTTO2">
    <value valueType="text">2</value>
  </variableValue>
  <variableValue variable="ANNOSPV3">
    <value valueType="integer">6157696285694083072</value>
  </variableValue>
  <variableValue variable="ANNOSVKO3">
    <value valueType="integer">-4760632247772878848</value>
  </variableValue>
  <variableValue variable="KAYTTO3">
    <value valueType="text">2</value>
  </variableValue>
  <variableValue variable="ANNOSPV4">
    <value valueType="integer">2858399700036622336</value>
  </variableValue>
  <variableValue variable="ANNOSVKO4">
    <value valueType="integer">-6728759209879918592</value>
  </variableValue>
  <variableValue variable="KAYTTO4">
    <value valueType="text">1</value>
  </variableValue>
  <variableValue variable="ANNOSPV5">
    <value valueType="integer">4747378025469442048</value>
  </variableValue>
  <variableValue variable="ANNOSVKO5">
    <value valueType="integer">-5326943000234422272</value>
  </variableValue>
  <variableValue variable="KAYTTO5">
    <value valueType="text">2</value>
  </variableValue>
  <variableValue variable="ANNOSPV6">
    <value valueType="integer">128980739162480640</value>
  </variableValue>
  <variableValue variable="ANNOSVKO6">
    <value valueType="integer">5657291056230838272</value>
  </variableValue>
  <variableValue variable="KAYTTO6">
    <value valueType="text">1</value>
  </variableValue>
  <variableValue variable="ANNOSPV7">
    <value valueType="integer">3137972395523375104</value>
  </variableValue>
  <variableValue variable="ANNOSVKO7">
    <value valueType="integer">-3988760836926138368</value>
  </variableValue>
  <variableValue variable="KAYTTO7">
    <value valueType="text">1</value>
  </variableValue>
  <variableValue variable="ANNOSPV8">
    <value valueType="integer">-7506229305379250176</value>
  </variableValue>
  <variableValue variable="ANNOSVKO8">
    <value valueType="integer">501150763701673984</value>
  </variableValue>
  <variableValue variable="KAYTTO8">
    <value valueType="text">1</value>
  </variableValue>
  <variableValue variable="ANNOSPV9">
    <value valueType="integer">-4834835024940535808</value>
  </variableValue>
  <variableValue variable="ANNOSVKO9">
    <value valueType="integer">-4659467997756700672</value>
  </variableValue>
  <variableValue variable="KAYTTO9">
    <value valueType="text">1</value>
  </variableValue>
  <variableValue variable="ANNOSPV10">
    <value valueType="integer">-3177613796654202880</value>
  </variableValue>
  <variableValue variable="ANNOSVKO10">
    <value valueType="integer">6004515081264785408</value>
  </variableValue>
  <variableValue variable="KAYTTO10">
    <value valueType="text">1</value>
  </variableValue>
  <variableValue variable="ANNOSPV11">
    <value valueType="integer">7798951979607220224</value>
  </variableValue>
  <variableValue variable="ANNOSVKO11">
    <value valueType="integer">2048488616410308608</value>
  </variableValue>
  <variableValue variable="KAYTTO11">
    <value valueType="text">1</value>
  </variableValue>
  <variableValue variable="ANNOSPV12">
    <value valueType="integer">-3129109169173766144</value>
  </variableValue>
  <variableValue variable="ANNOSVKO12">
    <value valueType="integer">5389838479890458624</value>
  </variableValue>
  <variableValue variable="KAYTTO12">
    <value valueType="text">1</value>
  </variableValue>
  <variableValue variable="ANNOSPV13">
    <value valueType="integer">4314482324627009536</value>
  </variableValue>
  <variableValue variable="ANNOSVKO13">
    <value valueType="integer">-342218975648116736</value>
  </variableValue>
  <variableValue variable="KAYTTO13">
    <value valueType="text">1</value>
  </variableValue>
  <variableValue variable="ANNOSPV14">
    <value valueType="integer">331044681094293504</value>
  </variableValue>
  <variableValue variable="ANNOSVKO14">
    <value valueType="integer">819340087750225920</value>
  </variableValue>
  <variableValue variable="KAYTTO14">
    <value valueType="text">2</value>
  </variableValue>
</valueSet>