<valueSet valueTable="FNAC" entityType="Participant" entityIdentifier="6786377835934803147">
  <variableValue variable="SVUOSI">
    <value valueType="integer">1973</value>
  </variableValue>
  <variableValue variable="SUKUP">
    <value valueType="text">1</value>
  </variableValue>
  <variableValue variable="PITUUS">
    <value valueType="decimal">1.807403869150042</value>
  </variableValue>
  <variableValue variable="PAINO">
    <value valueType="decimal">88.99832215623925</value>
  </variableValue>
  <variableValue variable="VYOTARO">
    <value valueType="decimal">93.58368695593465</value>
  </variableValue>
  <variableValue variable="LANTIO">
    <value valueType="decimal">105.37695638685578</value>
  </variableValue>
  <variableValue variable="DIAS1">
    <value valueType="decimal">115.81743778353317</value>
  </variableValue>
  <variableValue variable="DIAS2">
    <value valueType="decimal">82.75321436419517</value>
  </variableValue>
  <variableValue variable="DIAS3">
    <value valueType="decimal">78.90296047444814</value>
  </variableValue>
  <variableValue variable="SYS1">
    <value valueType="decimal">148.86982928333526</value>
  </variableValue>
  <variableValue variable="SYS2">
    <value valueType="decimal">156.32154466631363</value>
  </variableValue>
  <variableValue variable="SYS3">
    <value valueType="decimal">200.27933399472093</value>
  </variableValue>
  <variableValue variable="Q29">
    <value valueType="text">2</value>
  </variableValue>
  <variableValue variable="Q30">
    <value valueType="text">3</value>
  </variableValue>
  <variableValue variable="K34">
    <value valueType="text">2</value>
  </variableValue>
  <variableValue variable="Q38">
    <value valueType="text">2</value>
  </variableValue>
  <variableValue variable="Q17A">
    <value valueType="text">2</value>
  </variableValue>
  <variableValue variable="FR07_38">
    <value valueType="text">2</value>
  </variableValue>
  <variableValue variable="Q16A">
    <value valueType="text">2</value>
  </variableValue>
  <variableValue variable="Q15A">
    <value valueType="text">1</value>
  </variableValue>
  <variableValue variable="TUPI3">
    <value valueType="text">3</value>
  </variableValue>
  <variableValue variable="Q67">
    <value valueType="text">1</value>
  </variableValue>
  <variableValue variable="TUPI1">
    <value valueType="integer">20</value>
  </variableValue>
  <variableValue variable="FR07_13_laani">
    <value valueType="text">3</value>
  </variableValue>
  <variableValue variable="KOL">
    <value valueType="decimal">4.611078397571905</value>
  </variableValue>
  <variableValue variable="TRIG">
    <value valueType="decimal">1.862396402106199</value>
  </variableValue>
  <variableValue variable="HDL">
    <value valueType="decimal">1.3987624569460062</value>
  </variableValue>
  <variableValue variable="sl_gluk_0h">
    <value valueType="decimal">6.592333798506534</value>
  </variableValue>
  <variableValue variable="Q128A">
    <value valueType="text">2</value>
  </variableValue>
  <variableValue variable="FR02_145B">
    <value valueType="integer">18</value>
  </variableValue>
  <variableValue variable="FR02_145E">
    <value valueType="integer">81</value>
  </variableValue>
  <variableValue variable="FR02_145F">
    <value valueType="integer">28</value>
  </variableValue>
  <variableValue variable="FR02_145D">
    <value valueType="integer">76</value>
  </variableValue>
  <variableValue variable="ALKI1">
    <value valueType="integer">1236</value>
  </variableValue>
  <variableValue variable="KY2">
    <value valueType="text">4</value>
  </variableValue>
  <variableValue variable="k13">
    <value valueType="integer">10</value>
  </variableValue>
  <variableValue variable="TULOT">
    <value valueType="text">4</value>
  </variableValue>
  <variableValue variable="FR02_3">
    <value valueType="text">6</value>
  </variableValue>
  <variableValue variable="KOULV">
    <value valueType="integer">20</value>
  </variableValue>
  <variableValue variable="FR07_11">
    <value valueType="text">12</value>
  </variableValue>
  <variableValue variable="Q56">
    <value valueType="text">1</value>
  </variableValue>
  <variableValue variable="Q57">
    <value valueType="text">2</value>
  </variableValue>
  <variableValue variable="Q58">
    <value valueType="text">3</value>
  </variableValue>
  <variableValue variable="FRO7_81">
    <value valueType="text">6</value>
  </variableValue>
  <variableValue variable="Q61">
    <value valueType="text">3</value>
  </variableValue>
  <variableValue variable="KY74">
    <value valueType="text">1</value>
  </variableValue>
  <variableValue variable="Q63">
    <value valueType="text">5</value>
  </variableValue>
  <variableValue variable="FR07_85_1">
    <value valueType="integer">66</value>
  </variableValue>
  <variableValue variable="FR07_85_2">
    <value valueType="integer">41</value>
  </variableValue>
  <variableValue variable="FR07_85_3">
    <value valueType="integer">37</value>
  </variableValue>
  <variableValue variable="FR07_85_4">
    <value valueType="integer">80</value>
  </variableValue>
  <variableValue variable="FR07_85_5">
    <value valueType="integer">94</value>
  </variableValue>
  <variableValue variable="FR07_85_6">
    <value valueType="integer">67</value>
  </variableValue>
  <variableValue variable="FR07_86_1T">
    <value valueType="integer">4</value>
  </variableValue>
  <variableValue variable="FR07_86_1M">
    <value valueType="integer">21</value>
  </variableValue>
  <variableValue variable="FR07_86_2T">
    <value valueType="integer">11</value>
  </variableValue>
  <variableValue variable="FR07_86_2M">
    <value valueType="integer">23</value>
  </variableValue>
  <variableValue variable="FR07_86_3T">
    <value valueType="integer">3</value>
  </variableValue>
  <variableValue variable="FR07_86_3M">
    <value valueType="integer">35</value>
  </variableValue>
  <variableValue variable="FR07_86_4T">
    <value valueType="integer">7</value>
  </variableValue>
  <variableValue variable="FR07_86_4M">
    <value valueType="integer">43</value>
  </variableValue>
  <variableValue variable="FR07_86_5T">
    <value valueType="integer">1</value>
  </variableValue>
  <variableValue variable="FR07_86_5M">
    <value valueType="integer">49</value>
  </variableValue>
  <variableValue variable="FR07_105_1">
    <value valueType="text">8</value>
  </variableValue>
  <variableValue variable="FR07_105_2">
    <value valueType="text">8</value>
  </variableValue>
  <variableValue variable="FR07_105_3">
    <value valueType="text">3</value>
  </variableValue>
  <variableValue variable="FR07_105_4">
    <value valueType="text">8</value>
  </variableValue>
  <variableValue variable="FR07_105_5">
    <value valueType="text">6</value>
  </variableValue>
  <variableValue variable="FR07_105_6">
    <value valueType="text">7</value>
  </variableValue>
  <variableValue variable="FR07_105_7">
    <value valueType="text">4</value>
  </variableValue>
  <variableValue variable="FR07_105_8">
    <value valueType="text">1</value>
  </variableValue>
  <variableValue variable="FR07_105_9">
    <value valueType="text">2</value>
  </variableValue>
  <variableValue variable="FR07_105_10">
    <value valueType="text">1</value>
  </variableValue>
  <variableValue variable="FR07_105_11">
    <value valueType="text">8</value>
  </variableValue>
  <variableValue variable="FR07_105_12">
    <value valueType="text">1</value>
  </variableValue>
  <variableValue variable="FR07_105_13">
    <value valueType="text">2</value>
  </variableValue>
  <variableValue variable="FR07_105_14">
    <value valueType="text">6</value>
  </variableValue>
  <variableValue variable="FR07_105_15">
    <value valueType="text">1</value>
  </variableValue>
  <variableValue variable="FR07_105_16">
    <value valueType="text">2</value>
  </variableValue>
  <variableValue variable="FR07_105_17">
    <value valueType="text">6</value>
  </variableValue>
  <variableValue variable="FR07_105_18">
    <value valueType="text">5</value>
  </variableValue>
  <variableValue variable="FR07_105_19">
    <value valueType="text">5</value>
  </variableValue>
  <variableValue variable="FR07_105_20">
    <value valueType="text">6</value>
  </variableValue>
  <variableValue variable="FR07_105_21">
    <value valueType="text">6</value>
  </variableValue>
  <variableValue variable="FR07_105_22">
    <value valueType="text">2</value>
  </variableValue>
  <variableValue variable="FR07_105_23">
    <value valueType="text">2</value>
  </variableValue>
  <variableValue variable="FR07_105_24">
    <value valueType="text">8</value>
  </variableValue>
  <variableValue variable="FR07_105_25">
    <value valueType="text">5</value>
  </variableValue>
  <variableValue variable="FR07_105_26">
    <value valueType="text">3</value>
  </variableValue>
  <variableValue variable="FR07_105_27">
    <value valueType="text">3</value>
  </variableValue>
  <variableValue variable="FR07_105_28">
    <value valueType="text">1</value>
  </variableValue>
  <variableValue variable="FR07_105_29">
    <value valueType="text">6</value>
  </variableValue>
  <variableValue variable="FR07_105_30">
    <value valueType="text">7</value>
  </variableValue>
  <variableValue variable="FR07_105_31">
    <value valueType="text">7</value>
  </variableValue>
  <variableValue variable="FR07_105_32">
    <value valueType="text">4</value>
  </variableValue>
  <variableValue variable="FR07_105_33">
    <value valueType="text">8</value>
  </variableValue>
  <variableValue variable="FR07_105_34">
    <value valueType="text">4</value>
  </variableValue>
  <variableValue variable="FR07_105_35">
    <value valueType="text">5</value>
  </variableValue>
  <variableValue variable="FR07_105_36">
    <value valueType="text">2</value>
  </variableValue>
  <variableValue variable="FR07_105_37">
    <value valueType="text">7</value>
  </variableValue>
  <variableValue variable="FR07_106_1">
    <value valueType="text">1</value>
  </variableValue>
  <variableValue variable="FR07_106_2">
    <value valueType="text">1</value>
  </variableValue>
  <variableValue variable="FR07_106_3">
    <value valueType="text">4</value>
  </variableValue>
  <variableValue variable="FR02_100A">
    <value valueType="text">1</value>
  </variableValue>
  <variableValue variable="FR02_100B">
    <value valueType="text">1</value>
  </variableValue>
  <variableValue variable="FR02_100C">
    <value valueType="text">2</value>
  </variableValue>
  <variableValue variable="FR02_100D">
    <value valueType="text">2</value>
  </variableValue>
  <variableValue variable="FR02_100E">
    <value valueType="text">2</value>
  </variableValue>
  <variableValue variable="FR02_100F">
    <value valueType="text">2</value>
  </variableValue>
  <variableValue variable="FR02_100G">
    <value valueType="text">2</value>
  </variableValue>
  <variableValue variable="FR07_108_9">
    <value valueType="text">1</value>
  </variableValue>
  <variableValue variable="FR02_100H">
    <value valueType="text">2</value>
  </variableValue>
  <variableValue variable="FR07_109_1P">
    <value valueType="integer">19</value>
  </variableValue>
  <variableValue variable="FR07_109_1V">
    <value valueType="integer">139</value>
  </variableValue>
  <variableValue variable="FR07_109_2P">
    <value valueType="integer">4</value>
  </variableValue>
  <variableValue variable="FR07_109_2V">
    <value valueType="integer">73</value>
  </variableValue>
  <variableValue variable="FR07_109_3P">
    <value valueType="integer">1</value>
  </variableValue>
  <variableValue variable="FR07_109_3V">
    <value valueType="integer">7</value>
  </variableValue>
  <variableValue variable="FR07_109_4P">
    <value valueType="integer">7</value>
  </variableValue>
  <variableValue variable="FR07_109_4V">
    <value valueType="integer">26</value>
  </variableValue>
  <variableValue variable="FR07_109_5P">
    <value valueType="integer">12</value>
  </variableValue>
  <variableValue variable="FR07_109_5V">
    <value valueType="integer">102</value>
  </variableValue>
  <variableValue variable="FR07_109_6P">
    <value valueType="integer">4</value>
  </variableValue>
  <variableValue variable="FR07_109_6V">
    <value valueType="integer">171</value>
  </variableValue>
  <variableValue variable="FR07_109_7P">
    <value valueType="integer">13</value>
  </variableValue>
  <variableValue variable="FR07_109_7V">
    <value valueType="integer">47</value>
  </variableValue>
  <variableValue variable="FR07_109_8P">
    <value valueType="integer">19</value>
  </variableValue>
  <variableValue variable="FR07_109_8V">
    <value valueType="integer">17</value>
  </variableValue>
  <variableValue variable="FR07_109_9P">
    <value valueType="integer">6</value>
  </variableValue>
  <variableValue variable="FR07_109_9V">
    <value valueType="integer">24</value>
  </variableValue>
  <variableValue variable="FR07_109_10P">
    <value valueType="integer">0</value>
  </variableValue>
  <variableValue variable="FR07_109_10V">
    <value valueType="integer">30</value>
  </variableValue>
  <variableValue variable="FR07_109_11P">
    <value valueType="integer">5</value>
  </variableValue>
  <variableValue variable="FR07_109_11V">
    <value valueType="integer">54</value>
  </variableValue>
  <variableValue variable="FR07_109_12P">
    <value valueType="integer">7</value>
  </variableValue>
  <variableValue variable="FR07_109_12V">
    <value valueType="integer">43</value>
  </variableValue>
  <variableValue variable="FR07_109_13P">
    <value valueType="integer">1</value>
  </variableValue>
  <variableValue variable="FR07_109_13V">
    <value valueType="integer">35</value>
  </variableValue>
  <variableValue variable="FR07_109_14P">
    <value valueType="integer">0</value>
  </variableValue>
  <variableValue variable="FR07_109_14V">
    <value valueType="integer">68</value>
  </variableValue>
  <variableValue variable="FR07_109_15P">
    <value valueType="integer">6</value>
  </variableValue>
  <variableValue variable="FR07_109_15V">
    <value valueType="integer">79</value>
  </variableValue>
  <variableValue variable="KY97">
    <value valueType="text">2</value>
  </variableValue>
  <variableValue variable="FR02_112">
    <value valueType="text">3</value>
  </variableValue>
  <variableValue variable="FR07_112">
    <value valueType="text">4</value>
  </variableValue>
  <variableValue variable="FR07_113">
    <value valueType="text">3</value>
  </variableValue>
  <variableValue variable="FR02_114">
    <value valueType="text">2</value>
  </variableValue>
  <variableValue variable="ANNOSPV1">
    <value valueType="integer">7890704231348217856</value>
  </variableValue>
  <variableValue variable="ANNOSVKO1">
    <value valueType="integer">3728806878211444736</value>
  </variableValue>
  <variableValue variable="KAYTTO1">
    <value valueType="text">2</value>
  </variableValue>
  <variableValue variable="ANNOSPV2">
    <value valueType="integer">-6390998912799727616</value>
  </variableValue>
  <variableValue variable="ANNOSVKO2">
    <value valueType="integer">1966084241252937728</value>
  </variableValue>
  <variableValue variable="KAYTTO2">
    <value valueType="text">1</value>
  </variableValue>
  <variableValue variable="ANNOSPV3">
    <value valueType="integer">-4872217694983227392</value>
  </variableValue>
  <variableValue variable="ANNOSVKO3">
    <value valueType="integer">-8996271712299540480</value>
  </variableValue>
  <variableValue variable="KAYTTO3">
    <value valueType="text">2</value>
  </variableValue>
  <variableValue variable="ANNOSPV4">
    <value valueType="integer">3529848159582062592</value>
  </variableValue>
  <variableValue variable="ANNOSVKO4">
    <value valueType="integer">8825692786537951232</value>
  </variableValue>
  <variableValue variable="KAYTTO4">
    <value valueType="text">1</value>
  </variableValue>
  <variableValue variable="ANNOSPV5">
    <value valueType="integer">-7520108257252978688</value>
  </variableValue>
  <variableValue variable="ANNOSVKO5">
    <value valueType="integer">4381835380226506752</value>
  </variableValue>
  <variableValue variable="KAYTTO5">
    <value valueType="text">1</value>
  </variableValue>
  <variableValue variable="ANNOSPV6">
    <value valueType="integer">8606748258559490048</value>
  </variableValue>
  <variableValue variable="ANNOSVKO6">
    <value valueType="integer">-6629617581962819584</value>
  </variableValue>
  <variableValue variable="KAYTTO6">
    <value valueType="text">1</value>
  </variableValue>
  <variableValue variable="ANNOSPV7">
    <value valueType="integer">4353893731950608384</value>
  </variableValue>
  <variableValue variable="ANNOSVKO7">
    <value valueType="integer">6257982154653581312</value>
  </variableValue>
  <variableValue variable="KAYTTO7">
    <value valueType="text">1</value>
  </variableValue>
  <variableValue variable="ANNOSPV8">
    <value valueType="integer">-1324880035419789312</value>
  </variableValue>
  <variableValue variable="ANNOSVKO8">
    <value valueType="integer">3839292037261348864</value>
  </variableValue>
  <variableValue variable="KAYTTO8">
    <value valueType="text">1</value>
  </variableValue>
  <variableValue variable="ANNOSPV9">
    <value valueType="integer">-5343006796410644480</value>
  </variableValue>
  <variableValue variable="ANNOSVKO9">
    <value valueType="integer">2870091321974683648</value>
  </variableValue>
  <variableValue variable="KAYTTO9">
    <value valueType="text">1</value>
  </variableValue>
  <variableValue variable="ANNOSPV10">
    <value valueType="integer">-8536554045940219904</value>
  </variableValue>
  <variableValue variable="ANNOSVKO10">
    <value valueType="integer">-7992920121199411200</value>
  </variableValue>
  <variableValue variable="KAYTTO10">
    <value valueType="text">2</value>
  </variableValue>
  <variableValue variable="ANNOSPV11">
    <value valueType="integer">-7669644079504644096</value>
  </variableValue>
  <variableValue variable="ANNOSVKO11">
    <value valueType="integer">-2922524702515650560</value>
  </variableValue>
  <variableValue variable="KAYTTO11">
    <value valueType="text">1</value>
  </variableValue>
  <variableValue variable="ANNOSPV12">
    <value valueType="integer">5832698099913379840</value>
  </variableValue>
  <variableValue variable="ANNOSVKO12">
    <value valueType="integer">1255272535528906752</value>
  </variableValue>
  <variableValue variable="KAYTTO12">
    <value valueType="text">2</value>
  </variableValue>
  <variableValue variable="ANNOSPV13">
    <value valueType="integer">6123620932417003520</value>
  </variableValue>
  <variableValue variable="ANNOSVKO13">
    <value valueType="integer">-3878111239287707648</value>
  </variableValue>
  <variableValue variable="KAYTTO13">
    <value valueType="text">1</value>
  </variableValue>
  <variableValue variable="ANNOSPV14">
    <value valueType="integer">-4834533487614871552</value>
  </variableValue>
  <variableValue variable="ANNOSVKO14">
    <value valueType="integer">3934394913228754944</value>
  </variableValue>
  <variableValue variable="KAYTTO14">
    <value valueType="text">1</value>
  </variableValue>
</valueSet>