<valueSet valueTable="FNAC" entityType="Participant" entityIdentifier="1208801305526335313">
  <variableValue variable="SVUOSI">
    <value valueType="integer">1966</value>
  </variableValue>
  <variableValue variable="SUKUP">
    <value valueType="text">1</value>
  </variableValue>
  <variableValue variable="PITUUS">
    <value valueType="decimal">1.613743271000753</value>
  </variableValue>
  <variableValue variable="PAINO">
    <value valueType="decimal">67.51946188879518</value>
  </variableValue>
  <variableValue variable="VYOTARO">
    <value valueType="decimal">104.94846319689812</value>
  </variableValue>
  <variableValue variable="LANTIO">
    <value valueType="decimal">118.99801287468645</value>
  </variableValue>
  <variableValue variable="DIAS1">
    <value valueType="decimal">99.30964082389428</value>
  </variableValue>
  <variableValue variable="DIAS2">
    <value valueType="decimal">95.24167450268648</value>
  </variableValue>
  <variableValue variable="DIAS3">
    <value valueType="decimal">103.62844708232821</value>
  </variableValue>
  <variableValue variable="SYS1">
    <value valueType="decimal">219.32436937640688</value>
  </variableValue>
  <variableValue variable="SYS2">
    <value valueType="decimal">117.11343642930137</value>
  </variableValue>
  <variableValue variable="SYS3">
    <value valueType="decimal">66.23159641266615</value>
  </variableValue>
  <variableValue variable="Q29">
    <value valueType="text">1</value>
  </variableValue>
  <variableValue variable="FR07_36">
    <value valueType="text"/>
  </variableValue>
  <variableValue variable="Q30">
    <value valueType="text">6</value>
  </variableValue>
  <variableValue variable="K34">
    <value valueType="text">2</value>
  </variableValue>
  <variableValue variable="FR07_30L">
    <value valueType="text"/>
  </variableValue>
  <variableValue variable="Q38">
    <value valueType="text">3</value>
  </variableValue>
  <variableValue variable="Q17A">
    <value valueType="text">1</value>
  </variableValue>
  <variableValue variable="FR07_38">
    <value valueType="text">5</value>
  </variableValue>
  <variableValue variable="Q16A">
    <value valueType="text">1</value>
  </variableValue>
  <variableValue variable="Q15A">
    <value valueType="text">1</value>
  </variableValue>
  <variableValue variable="TUPI3">
    <value valueType="text">3</value>
  </variableValue>
  <variableValue variable="Q67">
    <value valueType="text">2</value>
  </variableValue>
  <variableValue variable="TUPI1">
    <value valueType="integer">59</value>
  </variableValue>
  <variableValue variable="FR07_13_laani">
    <value valueType="text">4</value>
  </variableValue>
  <variableValue variable="KOL">
    <value valueType="decimal">5.508674803950478</value>
  </variableValue>
  <variableValue variable="TRIG">
    <value valueType="decimal">1.2572503157681054</value>
  </variableValue>
  <variableValue variable="HDL">
    <value valueType="decimal">1.1316158372066298</value>
  </variableValue>
  <variableValue variable="sl_gluk_0h">
    <value valueType="decimal">4.836423713760059</value>
  </variableValue>
  <variableValue variable="Q128A">
    <value valueType="text">2</value>
  </variableValue>
  <variableValue variable="FR02_145B">
    <value valueType="integer">19</value>
  </variableValue>
  <variableValue variable="FR02_145E">
    <value valueType="integer">12</value>
  </variableValue>
  <variableValue variable="FR02_145F">
    <value valueType="integer">60</value>
  </variableValue>
  <variableValue variable="FR02_145D">
    <value valueType="integer">90</value>
  </variableValue>
  <variableValue variable="ALKI1">
    <value valueType="integer">1277</value>
  </variableValue>
  <variableValue variable="KY2">
    <value valueType="text">3</value>
  </variableValue>
  <variableValue variable="k13">
    <value valueType="integer">2</value>
  </variableValue>
  <variableValue variable="TULOT">
    <value valueType="text">8</value>
  </variableValue>
  <variableValue variable="FR02_3">
    <value valueType="text">3</value>
  </variableValue>
  <variableValue variable="KOULV">
    <value valueType="integer">21</value>
  </variableValue>
  <variableValue variable="FR07_11">
    <value valueType="text">1</value>
  </variableValue>
  <variableValue variable="FR07_10">
    <value valueType="text"/>
  </variableValue>
  <variableValue variable="Q56">
    <value valueType="text">4</value>
  </variableValue>
  <variableValue variable="Q57">
    <value valueType="text">1</value>
  </variableValue>
  <variableValue variable="Q58">
    <value valueType="text">1</value>
  </variableValue>
  <variableValue variable="FRO7_81">
    <value valueType="text">7</value>
  </variableValue>
  <variableValue variable="Q61">
    <value valueType="text">1</value>
  </variableValue>
  <variableValue variable="KY74">
    <value valueType="text">5</value>
  </variableValue>
  <variableValue variable="Q63">
    <value valueType="text">5</value>
  </variableValue>
  <variableValue variable="FR07_85_1">
    <value valueType="integer">77</value>
  </variableValue>
  <variableValue variable="FR07_85_2">
    <value valueType="integer">4</value>
  </variableValue>
  <variableValue variable="FR07_85_3">
    <value valueType="integer">32</value>
  </variableValue>
  <variableValue variable="FR07_85_4">
    <value valueType="integer">53</value>
  </variableValue>
  <variableValue variable="FR07_85_5">
    <value valueType="integer">49</value>
  </variableValue>
  <variableValue variable="FR07_85_6">
    <value valueType="integer">77</value>
  </variableValue>
  <variableValue variable="FR07_86_1T">
    <value valueType="integer">9</value>
  </variableValue>
  <variableValue variable="FR07_86_1M">
    <value valueType="integer">54</value>
  </variableValue>
  <variableValue variable="FR07_86_2T">
    <value valueType="integer">8</value>
  </variableValue>
  <variableValue variable="FR07_86_2M">
    <value valueType="integer">54</value>
  </variableValue>
  <variableValue variable="FR07_86_3T">
    <value valueType="integer">5</value>
  </variableValue>
  <variableValue variable="FR07_86_3M">
    <value valueType="integer">11</value>
  </variableValue>
  <variableValue variable="FR07_86_4T">
    <value valueType="integer">20</value>
  </variableValue>
  <variableValue variable="FR07_86_4M">
    <value valueType="integer">1</value>
  </variableValue>
  <variableValue variable="FR07_86_5T">
    <value valueType="integer">12</value>
  </variableValue>
  <variableValue variable="FR07_86_5M">
    <value valueType="integer">35</value>
  </variableValue>
  <variableValue variable="FR07_105_1">
    <value valueType="text">8</value>
  </variableValue>
  <variableValue variable="FR07_105_2">
    <value valueType="text">4</value>
  </variableValue>
  <variableValue variable="FR07_105_3">
    <value valueType="text">1</value>
  </variableValue>
  <variableValue variable="FR07_105_4">
    <value valueType="text">1</value>
  </variableValue>
  <variableValue variable="FR07_105_5">
    <value valueType="text">4</value>
  </variableValue>
  <variableValue variable="FR07_105_6">
    <value valueType="text">2</value>
  </variableValue>
  <variableValue variable="FR07_105_7">
    <value valueType="text">2</value>
  </variableValue>
  <variableValue variable="FR07_105_8">
    <value valueType="text">2</value>
  </variableValue>
  <variableValue variable="FR07_105_9">
    <value valueType="text">1</value>
  </variableValue>
  <variableValue variable="FR07_105_10">
    <value valueType="text">4</value>
  </variableValue>
  <variableValue variable="FR07_105_11">
    <value valueType="text">4</value>
  </variableValue>
  <variableValue variable="FR07_105_12">
    <value valueType="text">6</value>
  </variableValue>
  <variableValue variable="FR07_105_13">
    <value valueType="text">6</value>
  </variableValue>
  <variableValue variable="FR07_105_14">
    <value valueType="text">6</value>
  </variableValue>
  <variableValue variable="FR07_105_15">
    <value valueType="text">1</value>
  </variableValue>
  <variableValue variable="FR07_105_16">
    <value valueType="text">4</value>
  </variableValue>
  <variableValue variable="FR07_105_17">
    <value valueType="text">7</value>
  </variableValue>
  <variableValue variable="FR07_105_18">
    <value valueType="text">7</value>
  </variableValue>
  <variableValue variable="FR07_105_19">
    <value valueType="text">1</value>
  </variableValue>
  <variableValue variable="FR07_105_20">
    <value valueType="text">2</value>
  </variableValue>
  <variableValue variable="FR07_105_21">
    <value valueType="text">8</value>
  </variableValue>
  <variableValue variable="FR07_105_22">
    <value valueType="text">8</value>
  </variableValue>
  <variableValue variable="FR07_105_23">
    <value valueType="text">4</value>
  </variableValue>
  <variableValue variable="FR07_105_24">
    <value valueType="text">7</value>
  </variableValue>
  <variableValue variable="FR07_105_25">
    <value valueType="text">2</value>
  </variableValue>
  <variableValue variable="FR07_105_26">
    <value valueType="text">1</value>
  </variableValue>
  <variableValue variable="FR07_105_27">
    <value valueType="text">6</value>
  </variableValue>
  <variableValue variable="FR07_105_28">
    <value valueType="text">7</value>
  </variableValue>
  <variableValue variable="FR07_105_29">
    <value valueType="text">1</value>
  </variableValue>
  <variableValue variable="FR07_105_30">
    <value valueType="text">2</value>
  </variableValue>
  <variableValue variable="FR07_105_31">
    <value valueType="text">1</value>
  </variableValue>
  <variableValue variable="FR07_105_32">
    <value valueType="text">2</value>
  </variableValue>
  <variableValue variable="FR07_105_33">
    <value valueType="text">3</value>
  </variableValue>
  <variableValue variable="FR07_105_34">
    <value valueType="text">7</value>
  </variableValue>
  <variableValue variable="FR07_105_35">
    <value valueType="text">5</value>
  </variableValue>
  <variableValue variable="FR07_105_36">
    <value valueType="text">7</value>
  </variableValue>
  <variableValue variable="FR07_105_37">
    <value valueType="text">4</value>
  </variableValue>
  <variableValue variable="FR07_106_1">
    <value valueType="text">2</value>
  </variableValue>
  <variableValue variable="FR07_106_2">
    <value valueType="text">6</value>
  </variableValue>
  <variableValue variable="FR07_106_3">
    <value valueType="text">1</value>
  </variableValue>
  <variableValue variable="FR02_100A">
    <value valueType="text">2</value>
  </variableValue>
  <variableValue variable="FR02_100B">
    <value valueType="text">1</value>
  </variableValue>
  <variableValue variable="FR02_100C">
    <value valueType="text">1</value>
  </variableValue>
  <variableValue variable="FR02_100C2">
    <value valueType="text"/>
  </variableValue>
  <variableValue variable="FR02_100D">
    <value valueType="text">2</value>
  </variableValue>
  <variableValue variable="FR02_100E">
    <value valueType="text">2</value>
  </variableValue>
  <variableValue variable="FR02_100F">
    <value valueType="text">1</value>
  </variableValue>
  <variableValue variable="FR02_100G">
    <value valueType="text">1</value>
  </variableValue>
  <variableValue variable="FR07_108_9">
    <value valueType="text">2</value>
  </variableValue>
  <variableValue variable="FR02_100H">
    <value valueType="text">1</value>
  </variableValue>
  <variableValue variable="FR02_100H2">
    <value valueType="text"/>
  </variableValue>
  <variableValue variable="FR07_109_1P">
    <value valueType="integer">38</value>
  </variableValue>
  <variableValue variable="FR07_109_1V">
    <value valueType="integer">279</value>
  </variableValue>
  <variableValue variable="FR07_109_2P">
    <value valueType="integer">10</value>
  </variableValue>
  <variableValue variable="FR07_109_2V">
    <value valueType="integer">0</value>
  </variableValue>
  <variableValue variable="FR07_109_3P">
    <value valueType="integer">3</value>
  </variableValue>
  <variableValue variable="FR07_109_3V">
    <value valueType="integer">23</value>
  </variableValue>
  <variableValue variable="FR07_109_4P">
    <value valueType="integer">8</value>
  </variableValue>
  <variableValue variable="FR07_109_4V">
    <value valueType="integer">41</value>
  </variableValue>
  <variableValue variable="FR07_109_5P">
    <value valueType="integer">3</value>
  </variableValue>
  <variableValue variable="FR07_109_5V">
    <value valueType="integer">92</value>
  </variableValue>
  <variableValue variable="FR07_109_6P">
    <value valueType="integer">0</value>
  </variableValue>
  <variableValue variable="FR07_109_6V">
    <value valueType="integer">65</value>
  </variableValue>
  <variableValue variable="FR07_109_7P">
    <value valueType="integer">5</value>
  </variableValue>
  <variableValue variable="FR07_109_7V">
    <value valueType="integer">63</value>
  </variableValue>
  <variableValue variable="FR07_109_8P">
    <value valueType="integer">4</value>
  </variableValue>
  <variableValue variable="FR07_109_8V">
    <value valueType="integer">132</value>
  </variableValue>
  <variableValue variable="FR07_109_9P">
    <value valueType="integer">9</value>
  </variableValue>
  <variableValue variable="FR07_109_9V">
    <value valueType="integer">41</value>
  </variableValue>
  <variableValue variable="FR07_109_10P">
    <value valueType="integer">4</value>
  </variableValue>
  <variableValue variable="FR07_109_10V">
    <value valueType="integer">21</value>
  </variableValue>
  <variableValue variable="FR07_109_11P">
    <value valueType="integer">2</value>
  </variableValue>
  <variableValue variable="FR07_109_11V">
    <value valueType="integer">44</value>
  </variableValue>
  <variableValue variable="FR07_109_12P">
    <value valueType="integer">6</value>
  </variableValue>
  <variableValue variable="FR07_109_12V">
    <value valueType="integer">33</value>
  </variableValue>
  <variableValue variable="FR07_109_13P">
    <value valueType="integer">1</value>
  </variableValue>
  <variableValue variable="FR07_109_13V">
    <value valueType="integer">55</value>
  </variableValue>
  <variableValue variable="FR07_109_14P">
    <value valueType="integer">10</value>
  </variableValue>
  <variableValue variable="FR07_109_14V">
    <value valueType="integer">56</value>
  </variableValue>
  <variableValue variable="FR07_109_15P">
    <value valueType="integer">3</value>
  </variableValue>
  <variableValue variable="FR07_109_15V">
    <value valueType="integer">72</value>
  </variableValue>
  <variableValue variable="KY97">
    <value valueType="text">4</value>
  </variableValue>
  <variableValue variable="FR02_112">
    <value valueType="text">1</value>
  </variableValue>
  <variableValue variable="FR07_112">
    <value valueType="text">4</value>
  </variableValue>
  <variableValue variable="FR07_113">
    <value valueType="text">8</value>
  </variableValue>
  <variableValue variable="FR02_114">
    <value valueType="text">1</value>
  </variableValue>
  <variableValue variable="VALMISTE1">
    <value valueType="text"/>
  </variableValue>
  <variableValue variable="MUOTO1">
    <value valueType="text"/>
  </variableValue>
  <variableValue variable="ANNOSPV1">
    <value valueType="integer">1038805733325158400</value>
  </variableValue>
  <variableValue variable="ANNOSVKO1">
    <value valueType="integer">5134934295249188864</value>
  </variableValue>
  <variableValue variable="KAYTTO1">
    <value valueType="text">1</value>
  </variableValue>
  <variableValue variable="VALMISTE2">
    <value valueType="text"/>
  </variableValue>
  <variableValue variable="MUOTO2">
    <value valueType="text"/>
  </variableValue>
  <variableValue variable="ANNOSPV2">
    <value valueType="integer">7692044359348946944</value>
  </variableValue>
  <variableValue variable="ANNOSVKO2">
    <value valueType="integer">4585466883205640192</value>
  </variableValue>
  <variableValue variable="KAYTTO2">
    <value valueType="text">2</value>
  </variableValue>
  <variableValue variable="VALMISTE3">
    <value valueType="text"/>
  </variableValue>
  <variableValue variable="MUOTO3">
    <value valueType="text"/>
  </variableValue>
  <variableValue variable="ANNOSPV3">
    <value valueType="integer">-3889308774682806272</value>
  </variableValue>
  <variableValue variable="ANNOSVKO3">
    <value valueType="integer">-5991723709465317376</value>
  </variableValue>
  <variableValue variable="KAYTTO3">
    <value valueType="text">1</value>
  </variableValue>
  <variableValue variable="VALMISTE4">
    <value valueType="text"/>
  </variableValue>
  <variableValue variable="MUOTO4">
    <value valueType="text"/>
  </variableValue>
  <variableValue variable="ANNOSPV4">
    <value valueType="integer">1706015449432137728</value>
  </variableValue>
  <variableValue variable="ANNOSVKO4">
    <value valueType="integer">2419148764626171904</value>
  </variableValue>
  <variableValue variable="KAYTTO4">
    <value valueType="text">1</value>
  </variableValue>
  <variableValue variable="VALMISTE5">
    <value valueType="text"/>
  </variableValue>
  <variableValue variable="MUOTO5">
    <value valueType="text"/>
  </variableValue>
  <variableValue variable="ANNOSPV5">
    <value valueType="integer">8736609003148214272</value>
  </variableValue>
  <variableValue variable="ANNOSVKO5">
    <value valueType="integer">358010859231625216</value>
  </variableValue>
  <variableValue variable="KAYTTO5">
    <value valueType="text">2</value>
  </variableValue>
  <variableValue variable="VALMISTE6">
    <value valueType="text"/>
  </variableValue>
  <variableValue variable="MUOTO6">
    <value valueType="text"/>
  </variableValue>
  <variableValue variable="ANNOSPV6">
    <value valueType="integer">-3243180087210135552</value>
  </variableValue>
  <variableValue variable="ANNOSVKO6">
    <value valueType="integer">-2519149249535385600</value>
  </variableValue>
  <variableValue variable="KAYTTO6">
    <value valueType="text">2</value>
  </variableValue>
  <variableValue variable="VALMISTE7">
    <value valueType="text"/>
  </variableValue>
  <variableValue variable="MUOTO7">
    <value valueType="text"/>
  </variableValue>
  <variableValue variable="ANNOSPV7">
    <value valueType="integer">4197218070211454976</value>
  </variableValue>
  <variableValue variable="ANNOSVKO7">
    <value valueType="integer">-1783148623633451008</value>
  </variableValue>
  <variableValue variable="KAYTTO7">
    <value valueType="text">2</value>
  </variableValue>
  <variableValue variable="VALMISTE8">
    <value valueType="text"/>
  </variableValue>
  <variableValue variable="MUOTO8">
    <value valueType="text"/>
  </variableValue>
  <variableValue variable="ANNOSPV8">
    <value valueType="integer">1137946104838955008</value>
  </variableValue>
  <variableValue variable="ANNOSVKO8">
    <value valueType="integer">-5229336140076695552</value>
  </variableValue>
  <variableValue variable="KAYTTO8">
    <value valueType="text">1</value>
  </variableValue>
  <variableValue variable="VALMISTE9">
    <value valueType="text"/>
  </variableValue>
  <variableValue variable="MUOTO9">
    <value valueType="text"/>
  </variableValue>
  <variableValue variable="ANNOSPV9">
    <value valueType="integer">-5279731100209278976</value>
  </variableValue>
  <variableValue variable="ANNOSVKO9">
    <value valueType="integer">-7342207214040504320</value>
  </variableValue>
  <variableValue variable="KAYTTO9">
    <value valueType="text">1</value>
  </variableValue>
  <variableValue variable="VALMISTE10">
    <value valueType="text"/>
  </variableValue>
  <variableValue variable="MUOTO10">
    <value valueType="text"/>
  </variableValue>
  <variableValue variable="ANNOSPV10">
    <value valueType="integer">8861654296449556480</value>
  </variableValue>
  <variableValue variable="ANNOSVKO10">
    <value valueType="integer">8781700816701429760</value>
  </variableValue>
  <variableValue variable="KAYTTO10">
    <value valueType="text">1</value>
  </variableValue>
  <variableValue variable="VALMISTE11">
    <value valueType="text"/>
  </variableValue>
  <variableValue variable="MUOTO11">
    <value valueType="text"/>
  </variableValue>
  <variableValue variable="ANNOSPV11">
    <value valueType="integer">-8378040168224188416</value>
  </variableValue>
  <variableValue variable="ANNOSVKO11">
    <value valueType="integer">7850573456359915520</value>
  </variableValue>
  <variableValue variable="KAYTTO11">
    <value valueType="text">1</value>
  </variableValue>
  <variableValue variable="VALMISTE12">
    <value valueType="text"/>
  </variableValue>
  <variableValue variable="MUOTO12">
    <value valueType="text"/>
  </variableValue>
  <variableValue variable="ANNOSPV12">
    <value valueType="integer">3194314216153092096</value>
  </variableValue>
  <variableValue variable="ANNOSVKO12">
    <value valueType="integer">-1028312809128796160</value>
  </variableValue>
  <variableValue variable="KAYTTO12">
    <value valueType="text">1</value>
  </variableValue>
  <variableValue variable="VALMISTE13">
    <value valueType="text"/>
  </variableValue>
  <variableValue variable="MUOTO13">
    <value valueType="text"/>
  </variableValue>
  <variableValue variable="ANNOSPV13">
    <value valueType="integer">-7088397277908166656</value>
  </variableValue>
  <variableValue variable="ANNOSVKO13">
    <value valueType="integer">-3379670290755907584</value>
  </variableValue>
  <variableValue variable="KAYTTO13">
    <value valueType="text">2</value>
  </variableValue>
  <variableValue variable="VALMISTE14">
    <value valueType="text"/>
  </variableValue>
  <variableValue variable="MUOTO14">
    <value valueType="text"/>
  </variableValue>
  <variableValue variable="ANNOSPV14">
    <value valueType="integer">-4914280274165663744</value>
  </variableValue>
  <variableValue variable="ANNOSVKO14">
    <value valueType="integer">-5486336039352150016</value>
  </variableValue>
  <variableValue variable="KAYTTO14">
    <value valueType="text">1</value>
  </variableValue>
</valueSet>