<valueSet valueTable="FNAC" entityType="Participant" entityIdentifier="2134156467983665210">
  <variableValue variable="SVUOSI">
    <value valueType="integer">1939</value>
  </variableValue>
  <variableValue variable="SUKUP">
    <value valueType="text">1</value>
  </variableValue>
  <variableValue variable="PITUUS">
    <value valueType="decimal">1.7384723846613668</value>
  </variableValue>
  <variableValue variable="PAINO">
    <value valueType="decimal">65.44994713599286</value>
  </variableValue>
  <variableValue variable="VYOTARO">
    <value valueType="decimal">88.29169772823317</value>
  </variableValue>
  <variableValue variable="LANTIO">
    <value valueType="decimal">103.16365559786284</value>
  </variableValue>
  <variableValue variable="DIAS1">
    <value valueType="decimal">46.06232402071703</value>
  </variableValue>
  <variableValue variable="DIAS2">
    <value valueType="decimal">113.74639200537514</value>
  </variableValue>
  <variableValue variable="DIAS3">
    <value valueType="decimal">77.53665695206462</value>
  </variableValue>
  <variableValue variable="SYS1">
    <value valueType="decimal">235.05729469362774</value>
  </variableValue>
  <variableValue variable="SYS2">
    <value valueType="decimal">231.4880284615314</value>
  </variableValue>
  <variableValue variable="SYS3">
    <value valueType="decimal">139.01945444199356</value>
  </variableValue>
  <variableValue variable="Q29">
    <value valueType="text">1</value>
  </variableValue>
  <variableValue variable="Q30">
    <value valueType="text">4</value>
  </variableValue>
  <variableValue variable="K34">
    <value valueType="text">2</value>
  </variableValue>
  <variableValue variable="Q38">
    <value valueType="text">3</value>
  </variableValue>
  <variableValue variable="Q17A">
    <value valueType="text">2</value>
  </variableValue>
  <variableValue variable="FR07_38">
    <value valueType="text">3</value>
  </variableValue>
  <variableValue variable="Q16A">
    <value valueType="text">1</value>
  </variableValue>
  <variableValue variable="Q15A">
    <value valueType="text">1</value>
  </variableValue>
  <variableValue variable="TUPI3">
    <value valueType="text">4</value>
  </variableValue>
  <variableValue variable="Q67">
    <value valueType="text">1</value>
  </variableValue>
  <variableValue variable="TUPI1">
    <value valueType="integer">44</value>
  </variableValue>
  <variableValue variable="FR07_13_laani">
    <value valueType="text">2</value>
  </variableValue>
  <variableValue variable="KOL">
    <value valueType="decimal">5.004166813818392</value>
  </variableValue>
  <variableValue variable="TRIG">
    <value valueType="decimal">0.8526718792394128</value>
  </variableValue>
  <variableValue variable="HDL">
    <value valueType="decimal">1.827003320504117</value>
  </variableValue>
  <variableValue variable="sl_gluk_0h">
    <value valueType="decimal">6.136447917619373</value>
  </variableValue>
  <variableValue variable="Q128A">
    <value valueType="text">2</value>
  </variableValue>
  <variableValue variable="FR02_145B">
    <value valueType="integer">7</value>
  </variableValue>
  <variableValue variable="FR02_145E">
    <value valueType="integer">29</value>
  </variableValue>
  <variableValue variable="FR02_145F">
    <value valueType="integer">61</value>
  </variableValue>
  <variableValue variable="FR02_145D">
    <value valueType="integer">9</value>
  </variableValue>
  <variableValue variable="ALKI1">
    <value valueType="integer">1410</value>
  </variableValue>
  <variableValue variable="KY2">
    <value valueType="text">4</value>
  </variableValue>
  <variableValue variable="k13">
    <value valueType="integer">4</value>
  </variableValue>
  <variableValue variable="TULOT">
    <value valueType="text">4</value>
  </variableValue>
  <variableValue variable="FR02_3">
    <value valueType="text">4</value>
  </variableValue>
  <variableValue variable="KOULV">
    <value valueType="integer">30</value>
  </variableValue>
  <variableValue variable="FR07_11">
    <value valueType="text">14</value>
  </variableValue>
  <variableValue variable="Q56">
    <value valueType="text">4</value>
  </variableValue>
  <variableValue variable="Q57">
    <value valueType="text">3</value>
  </variableValue>
  <variableValue variable="Q58">
    <value valueType="text">1</value>
  </variableValue>
  <variableValue variable="FRO7_81">
    <value valueType="text">3</value>
  </variableValue>
  <variableValue variable="Q61">
    <value valueType="text">2</value>
  </variableValue>
  <variableValue variable="KY74">
    <value valueType="text">3</value>
  </variableValue>
  <variableValue variable="Q63">
    <value valueType="text">4</value>
  </variableValue>
  <variableValue variable="FR07_85_1">
    <value valueType="integer">51</value>
  </variableValue>
  <variableValue variable="FR07_85_2">
    <value valueType="integer">96</value>
  </variableValue>
  <variableValue variable="FR07_85_3">
    <value valueType="integer">7</value>
  </variableValue>
  <variableValue variable="FR07_85_4">
    <value valueType="integer">50</value>
  </variableValue>
  <variableValue variable="FR07_85_5">
    <value valueType="integer">55</value>
  </variableValue>
  <variableValue variable="FR07_85_6">
    <value valueType="integer">38</value>
  </variableValue>
  <variableValue variable="FR07_86_1T">
    <value valueType="integer">10</value>
  </variableValue>
  <variableValue variable="FR07_86_1M">
    <value valueType="integer">45</value>
  </variableValue>
  <variableValue variable="FR07_86_2T">
    <value valueType="integer">1</value>
  </variableValue>
  <variableValue variable="FR07_86_2M">
    <value valueType="integer">0</value>
  </variableValue>
  <variableValue variable="FR07_86_3T">
    <value valueType="integer">5</value>
  </variableValue>
  <variableValue variable="FR07_86_3M">
    <value valueType="integer">42</value>
  </variableValue>
  <variableValue variable="FR07_86_4T">
    <value valueType="integer">15</value>
  </variableValue>
  <variableValue variable="FR07_86_4M">
    <value valueType="integer">19</value>
  </variableValue>
  <variableValue variable="FR07_86_5T">
    <value valueType="integer">12</value>
  </variableValue>
  <variableValue variable="FR07_86_5M">
    <value valueType="integer">38</value>
  </variableValue>
  <variableValue variable="FR07_105_1">
    <value valueType="text">1</value>
  </variableValue>
  <variableValue variable="FR07_105_2">
    <value valueType="text">2</value>
  </variableValue>
  <variableValue variable="FR07_105_3">
    <value valueType="text">5</value>
  </variableValue>
  <variableValue variable="FR07_105_4">
    <value valueType="text">2</value>
  </variableValue>
  <variableValue variable="FR07_105_5">
    <value valueType="text">1</value>
  </variableValue>
  <variableValue variable="FR07_105_6">
    <value valueType="text">3</value>
  </variableValue>
  <variableValue variable="FR07_105_7">
    <value valueType="text">3</value>
  </variableValue>
  <variableValue variable="FR07_105_8">
    <value valueType="text">4</value>
  </variableValue>
  <variableValue variable="FR07_105_9">
    <value valueType="text">8</value>
  </variableValue>
  <variableValue variable="FR07_105_10">
    <value valueType="text">6</value>
  </variableValue>
  <variableValue variable="FR07_105_11">
    <value valueType="text">2</value>
  </variableValue>
  <variableValue variable="FR07_105_12">
    <value valueType="text">3</value>
  </variableValue>
  <variableValue variable="FR07_105_13">
    <value valueType="text">5</value>
  </variableValue>
  <variableValue variable="FR07_105_14">
    <value valueType="text">8</value>
  </variableValue>
  <variableValue variable="FR07_105_15">
    <value valueType="text">3</value>
  </variableValue>
  <variableValue variable="FR07_105_16">
    <value valueType="text">7</value>
  </variableValue>
  <variableValue variable="FR07_105_17">
    <value valueType="text">5</value>
  </variableValue>
  <variableValue variable="FR07_105_18">
    <value valueType="text">4</value>
  </variableValue>
  <variableValue variable="FR07_105_19">
    <value valueType="text">6</value>
  </variableValue>
  <variableValue variable="FR07_105_20">
    <value valueType="text">6</value>
  </variableValue>
  <variableValue variable="FR07_105_21">
    <value valueType="text">1</value>
  </variableValue>
  <variableValue variable="FR07_105_22">
    <value valueType="text">5</value>
  </variableValue>
  <variableValue variable="FR07_105_23">
    <value valueType="text">2</value>
  </variableValue>
  <variableValue variable="FR07_105_24">
    <value valueType="text">2</value>
  </variableValue>
  <variableValue variable="FR07_105_25">
    <value valueType="text">7</value>
  </variableValue>
  <variableValue variable="FR07_105_26">
    <value valueType="text">5</value>
  </variableValue>
  <variableValue variable="FR07_105_27">
    <value valueType="text">2</value>
  </variableValue>
  <variableValue variable="FR07_105_28">
    <value valueType="text">4</value>
  </variableValue>
  <variableValue variable="FR07_105_29">
    <value valueType="text">1</value>
  </variableValue>
  <variableValue variable="FR07_105_30">
    <value valueType="text">5</value>
  </variableValue>
  <variableValue variable="FR07_105_31">
    <value valueType="text">7</value>
  </variableValue>
  <variableValue variable="FR07_105_32">
    <value valueType="text">8</value>
  </variableValue>
  <variableValue variable="FR07_105_33">
    <value valueType="text">7</value>
  </variableValue>
  <variableValue variable="FR07_105_34">
    <value valueType="text">4</value>
  </variableValue>
  <variableValue variable="FR07_105_35">
    <value valueType="text">4</value>
  </variableValue>
  <variableValue variable="FR07_105_36">
    <value valueType="text">4</value>
  </variableValue>
  <variableValue variable="FR07_105_37">
    <value valueType="text">5</value>
  </variableValue>
  <variableValue variable="FR07_106_1">
    <value valueType="text">1</value>
  </variableValue>
  <variableValue variable="FR07_106_2">
    <value valueType="text">8</value>
  </variableValue>
  <variableValue variable="FR07_106_3">
    <value valueType="text">6</value>
  </variableValue>
  <variableValue variable="FR02_100A">
    <value valueType="text">2</value>
  </variableValue>
  <variableValue variable="FR02_100B">
    <value valueType="text">1</value>
  </variableValue>
  <variableValue variable="FR02_100C">
    <value valueType="text">1</value>
  </variableValue>
  <variableValue variable="FR02_100D">
    <value valueType="text">1</value>
  </variableValue>
  <variableValue variable="FR02_100E">
    <value valueType="text">2</value>
  </variableValue>
  <variableValue variable="FR02_100F">
    <value valueType="text">2</value>
  </variableValue>
  <variableValue variable="FR02_100G">
    <value valueType="text">1</value>
  </variableValue>
  <variableValue variable="FR07_108_9">
    <value valueType="text">2</value>
  </variableValue>
  <variableValue variable="FR02_100H">
    <value valueType="text">1</value>
  </variableValue>
  <variableValue variable="FR07_109_1P">
    <value valueType="integer">7</value>
  </variableValue>
  <variableValue variable="FR07_109_1V">
    <value valueType="integer">244</value>
  </variableValue>
  <variableValue variable="FR07_109_2P">
    <value valueType="integer">9</value>
  </variableValue>
  <variableValue variable="FR07_109_2V">
    <value valueType="integer">0</value>
  </variableValue>
  <variableValue variable="FR07_109_3P">
    <value valueType="integer">0</value>
  </variableValue>
  <variableValue variable="FR07_109_3V">
    <value valueType="integer">24</value>
  </variableValue>
  <variableValue variable="FR07_109_4P">
    <value valueType="integer">7</value>
  </variableValue>
  <variableValue variable="FR07_109_4V">
    <value valueType="integer">53</value>
  </variableValue>
  <variableValue variable="FR07_109_5P">
    <value valueType="integer">6</value>
  </variableValue>
  <variableValue variable="FR07_109_5V">
    <value valueType="integer">8</value>
  </variableValue>
  <variableValue variable="FR07_109_6P">
    <value valueType="integer">19</value>
  </variableValue>
  <variableValue variable="FR07_109_6V">
    <value valueType="integer">14</value>
  </variableValue>
  <variableValue variable="FR07_109_7P">
    <value valueType="integer">13</value>
  </variableValue>
  <variableValue variable="FR07_109_7V">
    <value valueType="integer">124</value>
  </variableValue>
  <variableValue variable="FR07_109_8P">
    <value valueType="integer">1</value>
  </variableValue>
  <variableValue variable="FR07_109_8V">
    <value valueType="integer">128</value>
  </variableValue>
  <variableValue variable="FR07_109_9P">
    <value valueType="integer">3</value>
  </variableValue>
  <variableValue variable="FR07_109_9V">
    <value valueType="integer">18</value>
  </variableValue>
  <variableValue variable="FR07_109_10P">
    <value valueType="integer">0</value>
  </variableValue>
  <variableValue variable="FR07_109_10V">
    <value valueType="integer">22</value>
  </variableValue>
  <variableValue variable="FR07_109_11P">
    <value valueType="integer">2</value>
  </variableValue>
  <variableValue variable="FR07_109_11V">
    <value valueType="integer">14</value>
  </variableValue>
  <variableValue variable="FR07_109_12P">
    <value valueType="integer">4</value>
  </variableValue>
  <variableValue variable="FR07_109_12V">
    <value valueType="integer">9</value>
  </variableValue>
  <variableValue variable="FR07_109_13P">
    <value valueType="integer">2</value>
  </variableValue>
  <variableValue variable="FR07_109_13V">
    <value valueType="integer">41</value>
  </variableValue>
  <variableValue variable="FR07_109_14P">
    <value valueType="integer">0</value>
  </variableValue>
  <variableValue variable="FR07_109_14V">
    <value valueType="integer">23</value>
  </variableValue>
  <variableValue variable="FR07_109_15P">
    <value valueType="integer">15</value>
  </variableValue>
  <variableValue variable="FR07_109_15V">
    <value valueType="integer">45</value>
  </variableValue>
  <variableValue variable="KY97">
    <value valueType="text">1</value>
  </variableValue>
  <variableValue variable="FR02_112">
    <value valueType="text">4</value>
  </variableValue>
  <variableValue variable="FR07_112">
    <value valueType="text">3</value>
  </variableValue>
  <variableValue variable="FR07_113">
    <value valueType="text">5</value>
  </variableValue>
  <variableValue variable="FR02_114">
    <value valueType="text">2</value>
  </variableValue>
  <variableValue variable="ANNOSPV1">
    <value valueType="integer">4487666875992178688</value>
  </variableValue>
  <variableValue variable="ANNOSVKO1">
    <value valueType="integer">1020613050975393792</value>
  </variableValue>
  <variableValue variable="KAYTTO1">
    <value valueType="text">2</value>
  </variableValue>
  <variableValue variable="ANNOSPV2">
    <value valueType="integer">-2363453639030847488</value>
  </variableValue>
  <variableValue variable="ANNOSVKO2">
    <value valueType="integer">8576552624035411968</value>
  </variableValue>
  <variableValue variable="KAYTTO2">
    <value valueType="text">1</value>
  </variableValue>
  <variableValue variable="ANNOSPV3">
    <value valueType="integer">7649275136776425472</value>
  </variableValue>
  <variableValue variable="ANNOSVKO3">
    <value valueType="integer">-3613608414007437312</value>
  </variableValue>
  <variableValue variable="KAYTTO3">
    <value valueType="text">2</value>
  </variableValue>
  <variableValue variable="ANNOSPV4">
    <value valueType="integer">2778784110219530240</value>
  </variableValue>
  <variableValue variable="ANNOSVKO4">
    <value valueType="integer">-4413484266230558720</value>
  </variableValue>
  <variableValue variable="KAYTTO4">
    <value valueType="text">1</value>
  </variableValue>
  <variableValue variable="ANNOSPV5">
    <value valueType="integer">-5874987036027246592</value>
  </variableValue>
  <variableValue variable="ANNOSVKO5">
    <value valueType="integer">6721030313376073728</value>
  </variableValue>
  <variableValue variable="KAYTTO5">
    <value valueType="text">1</value>
  </variableValue>
  <variableValue variable="ANNOSPV6">
    <value valueType="integer">3163187084539080704</value>
  </variableValue>
  <variableValue variable="ANNOSVKO6">
    <value valueType="integer">-2741366135373973504</value>
  </variableValue>
  <variableValue variable="KAYTTO6">
    <value valueType="text">1</value>
  </variableValue>
  <variableValue variable="ANNOSPV7">
    <value valueType="integer">-4219788954296209408</value>
  </variableValue>
  <variableValue variable="ANNOSVKO7">
    <value valueType="integer">4922499512089933824</value>
  </variableValue>
  <variableValue variable="KAYTTO7">
    <value valueType="text">2</value>
  </variableValue>
  <variableValue variable="ANNOSPV8">
    <value valueType="integer">-5921819588044556288</value>
  </variableValue>
  <variableValue variable="ANNOSVKO8">
    <value valueType="integer">6654666056838871040</value>
  </variableValue>
  <variableValue variable="KAYTTO8">
    <value valueType="text">1</value>
  </variableValue>
  <variableValue variable="ANNOSPV9">
    <value valueType="integer">5548028584681535488</value>
  </variableValue>
  <variableValue variable="ANNOSVKO9">
    <value valueType="integer">-3577703482839797760</value>
  </variableValue>
  <variableValue variable="KAYTTO9">
    <value valueType="text">1</value>
  </variableValue>
  <variableValue variable="ANNOSPV10">
    <value valueType="integer">-475288334374969344</value>
  </variableValue>
  <variableValue variable="ANNOSVKO10">
    <value valueType="integer">8318739600171749376</value>
  </variableValue>
  <variableValue variable="KAYTTO10">
    <value valueType="text">2</value>
  </variableValue>
  <variableValue variable="ANNOSPV11">
    <value valueType="integer">9098641891091218432</value>
  </variableValue>
  <variableValue variable="ANNOSVKO11">
    <value valueType="integer">1084412825293146112</value>
  </variableValue>
  <variableValue variable="KAYTTO11">
    <value valueType="text">2</value>
  </variableValue>
  <variableValue variable="ANNOSPV12">
    <value valueType="integer">-5841296254468775936</value>
  </variableValue>
  <variableValue variable="ANNOSVKO12">
    <value valueType="integer">256291666156593152</value>
  </variableValue>
  <variableValue variable="KAYTTO12">
    <value valueType="text">1</value>
  </variableValue>
  <variableValue variable="ANNOSPV13">
    <value valueType="integer">3753609744247148544</value>
  </variableValue>
  <variableValue variable="ANNOSVKO13">
    <value valueType="integer">4928053904922238976</value>
  </variableValue>
  <variableValue variable="KAYTTO13">
    <value valueType="text">2</value>
  </variableValue>
  <variableValue variable="ANNOSPV14">
    <value valueType="integer">8420814839535732736</value>
  </variableValue>
  <variableValue variable="ANNOSVKO14">
    <value valueType="integer">2022821319225565184</value>
  </variableValue>
  <variableValue variable="KAYTTO14">
    <value valueType="text">1</value>
  </variableValue>
</valueSet>