<valueSet valueTable="FNAC" entityType="Participant" entityIdentifier="6083704543900645888">
  <variableValue variable="SVUOSI">
    <value valueType="integer">1935</value>
  </variableValue>
  <variableValue variable="SUKUP">
    <value valueType="text">1</value>
  </variableValue>
  <variableValue variable="PITUUS">
    <value valueType="decimal">1.7441907434064812</value>
  </variableValue>
  <variableValue variable="PAINO">
    <value valueType="decimal">87.08870245907895</value>
  </variableValue>
  <variableValue variable="VYOTARO">
    <value valueType="decimal">98.4366877589312</value>
  </variableValue>
  <variableValue variable="LANTIO">
    <value valueType="decimal">108.09163340977823</value>
  </variableValue>
  <variableValue variable="DIAS1">
    <value valueType="decimal">48.54068553449376</value>
  </variableValue>
  <variableValue variable="DIAS2">
    <value valueType="decimal">56.6393061092289</value>
  </variableValue>
  <variableValue variable="DIAS3">
    <value valueType="decimal">61.16791179815172</value>
  </variableValue>
  <variableValue variable="SYS1">
    <value valueType="decimal">241.82019752480568</value>
  </variableValue>
  <variableValue variable="SYS2">
    <value valueType="decimal">142.0326845305856</value>
  </variableValue>
  <variableValue variable="SYS3">
    <value valueType="decimal">129.7575569823577</value>
  </variableValue>
  <variableValue variable="Q29">
    <value valueType="text">1</value>
  </variableValue>
  <variableValue variable="Q30">
    <value valueType="text">4</value>
  </variableValue>
  <variableValue variable="K34">
    <value valueType="text">1</value>
  </variableValue>
  <variableValue variable="Q38">
    <value valueType="text">3</value>
  </variableValue>
  <variableValue variable="Q17A">
    <value valueType="text">2</value>
  </variableValue>
  <variableValue variable="FR07_38">
    <value valueType="text">1</value>
  </variableValue>
  <variableValue variable="Q16A">
    <value valueType="text">1</value>
  </variableValue>
  <variableValue variable="Q15A">
    <value valueType="text">2</value>
  </variableValue>
  <variableValue variable="TUPI3">
    <value valueType="text">1</value>
  </variableValue>
  <variableValue variable="Q67">
    <value valueType="text">2</value>
  </variableValue>
  <variableValue variable="TUPI1">
    <value valueType="integer">24</value>
  </variableValue>
  <variableValue variable="FR07_13_laani">
    <value valueType="text">3</value>
  </variableValue>
  <variableValue variable="KOL">
    <value valueType="decimal">4.56310084036463</value>
  </variableValue>
  <variableValue variable="TRIG">
    <value valueType="decimal">2.8147696728778344</value>
  </variableValue>
  <variableValue variable="HDL">
    <value valueType="decimal">1.8001139037531328</value>
  </variableValue>
  <variableValue variable="sl_gluk_0h">
    <value valueType="decimal">5.967155437313685</value>
  </variableValue>
  <variableValue variable="Q128A">
    <value valueType="text">3</value>
  </variableValue>
  <variableValue variable="FR02_145B">
    <value valueType="integer">19</value>
  </variableValue>
  <variableValue variable="FR02_145E">
    <value valueType="integer">74</value>
  </variableValue>
  <variableValue variable="FR02_145F">
    <value valueType="integer">27</value>
  </variableValue>
  <variableValue variable="FR02_145D">
    <value valueType="integer">16</value>
  </variableValue>
  <variableValue variable="ALKI1">
    <value valueType="integer">1554</value>
  </variableValue>
  <variableValue variable="KY2">
    <value valueType="text">5</value>
  </variableValue>
  <variableValue variable="k13">
    <value valueType="integer">1</value>
  </variableValue>
  <variableValue variable="TULOT">
    <value valueType="text">7</value>
  </variableValue>
  <variableValue variable="FR02_3">
    <value valueType="text">5</value>
  </variableValue>
  <variableValue variable="KOULV">
    <value valueType="integer">20</value>
  </variableValue>
  <variableValue variable="FR07_11">
    <value valueType="text">12</value>
  </variableValue>
  <variableValue variable="Q56">
    <value valueType="text">4</value>
  </variableValue>
  <variableValue variable="Q57">
    <value valueType="text">4</value>
  </variableValue>
  <variableValue variable="Q58">
    <value valueType="text">6</value>
  </variableValue>
  <variableValue variable="FRO7_81">
    <value valueType="text">7</value>
  </variableValue>
  <variableValue variable="Q61">
    <value valueType="text">0</value>
  </variableValue>
  <variableValue variable="KY74">
    <value valueType="text">5</value>
  </variableValue>
  <variableValue variable="Q63">
    <value valueType="text">1</value>
  </variableValue>
  <variableValue variable="FR07_85_1">
    <value valueType="integer">82</value>
  </variableValue>
  <variableValue variable="FR07_85_2">
    <value valueType="integer">5</value>
  </variableValue>
  <variableValue variable="FR07_85_3">
    <value valueType="integer">37</value>
  </variableValue>
  <variableValue variable="FR07_85_4">
    <value valueType="integer">99</value>
  </variableValue>
  <variableValue variable="FR07_85_5">
    <value valueType="integer">44</value>
  </variableValue>
  <variableValue variable="FR07_85_6">
    <value valueType="integer">71</value>
  </variableValue>
  <variableValue variable="FR07_86_1T">
    <value valueType="integer">6</value>
  </variableValue>
  <variableValue variable="FR07_86_1M">
    <value valueType="integer">54</value>
  </variableValue>
  <variableValue variable="FR07_86_2T">
    <value valueType="integer">13</value>
  </variableValue>
  <variableValue variable="FR07_86_2M">
    <value valueType="integer">9</value>
  </variableValue>
  <variableValue variable="FR07_86_3T">
    <value valueType="integer">4</value>
  </variableValue>
  <variableValue variable="FR07_86_3M">
    <value valueType="integer">6</value>
  </variableValue>
  <variableValue variable="FR07_86_4T">
    <value valueType="integer">22</value>
  </variableValue>
  <variableValue variable="FR07_86_4M">
    <value valueType="integer">6</value>
  </variableValue>
  <variableValue variable="FR07_86_5T">
    <value valueType="integer">7</value>
  </variableValue>
  <variableValue variable="FR07_86_5M">
    <value valueType="integer">29</value>
  </variableValue>
  <variableValue variable="FR07_105_1">
    <value valueType="text">3</value>
  </variableValue>
  <variableValue variable="FR07_105_2">
    <value valueType="text">6</value>
  </variableValue>
  <variableValue variable="FR07_105_3">
    <value valueType="text">8</value>
  </variableValue>
  <variableValue variable="FR07_105_4">
    <value valueType="text">2</value>
  </variableValue>
  <variableValue variable="FR07_105_5">
    <value valueType="text">6</value>
  </variableValue>
  <variableValue variable="FR07_105_6">
    <value valueType="text">1</value>
  </variableValue>
  <variableValue variable="FR07_105_7">
    <value valueType="text">2</value>
  </variableValue>
  <variableValue variable="FR07_105_8">
    <value valueType="text">5</value>
  </variableValue>
  <variableValue variable="FR07_105_9">
    <value valueType="text">1</value>
  </variableValue>
  <variableValue variable="FR07_105_10">
    <value valueType="text">5</value>
  </variableValue>
  <variableValue variable="FR07_105_11">
    <value valueType="text">1</value>
  </variableValue>
  <variableValue variable="FR07_105_12">
    <value valueType="text">2</value>
  </variableValue>
  <variableValue variable="FR07_105_13">
    <value valueType="text">1</value>
  </variableValue>
  <variableValue variable="FR07_105_14">
    <value valueType="text">4</value>
  </variableValue>
  <variableValue variable="FR07_105_15">
    <value valueType="text">7</value>
  </variableValue>
  <variableValue variable="FR07_105_16">
    <value valueType="text">4</value>
  </variableValue>
  <variableValue variable="FR07_105_17">
    <value valueType="text">7</value>
  </variableValue>
  <variableValue variable="FR07_105_18">
    <value valueType="text">5</value>
  </variableValue>
  <variableValue variable="FR07_105_19">
    <value valueType="text">1</value>
  </variableValue>
  <variableValue variable="FR07_105_20">
    <value valueType="text">4</value>
  </variableValue>
  <variableValue variable="FR07_105_21">
    <value valueType="text">2</value>
  </variableValue>
  <variableValue variable="FR07_105_22">
    <value valueType="text">1</value>
  </variableValue>
  <variableValue variable="FR07_105_23">
    <value valueType="text">2</value>
  </variableValue>
  <variableValue variable="FR07_105_24">
    <value valueType="text">1</value>
  </variableValue>
  <variableValue variable="FR07_105_25">
    <value valueType="text">3</value>
  </variableValue>
  <variableValue variable="FR07_105_26">
    <value valueType="text">8</value>
  </variableValue>
  <variableValue variable="FR07_105_27">
    <value valueType="text">3</value>
  </variableValue>
  <variableValue variable="FR07_105_28">
    <value valueType="text">4</value>
  </variableValue>
  <variableValue variable="FR07_105_29">
    <value valueType="text">7</value>
  </variableValue>
  <variableValue variable="FR07_105_30">
    <value valueType="text">2</value>
  </variableValue>
  <variableValue variable="FR07_105_31">
    <value valueType="text">5</value>
  </variableValue>
  <variableValue variable="FR07_105_32">
    <value valueType="text">4</value>
  </variableValue>
  <variableValue variable="FR07_105_33">
    <value valueType="text">4</value>
  </variableValue>
  <variableValue variable="FR07_105_34">
    <value valueType="text">3</value>
  </variableValue>
  <variableValue variable="FR07_105_35">
    <value valueType="text">7</value>
  </variableValue>
  <variableValue variable="FR07_105_36">
    <value valueType="text">1</value>
  </variableValue>
  <variableValue variable="FR07_105_37">
    <value valueType="text">8</value>
  </variableValue>
  <variableValue variable="FR07_106_1">
    <value valueType="text">3</value>
  </variableValue>
  <variableValue variable="FR07_106_2">
    <value valueType="text">6</value>
  </variableValue>
  <variableValue variable="FR07_106_3">
    <value valueType="text">8</value>
  </variableValue>
  <variableValue variable="FR02_100A">
    <value valueType="text">1</value>
  </variableValue>
  <variableValue variable="FR02_100B">
    <value valueType="text">2</value>
  </variableValue>
  <variableValue variable="FR02_100C">
    <value valueType="text">1</value>
  </variableValue>
  <variableValue variable="FR02_100D">
    <value valueType="text">1</value>
  </variableValue>
  <variableValue variable="FR02_100E">
    <value valueType="text">2</value>
  </variableValue>
  <variableValue variable="FR02_100F">
    <value valueType="text">2</value>
  </variableValue>
  <variableValue variable="FR02_100G">
    <value valueType="text">2</value>
  </variableValue>
  <variableValue variable="FR07_108_9">
    <value valueType="text">1</value>
  </variableValue>
  <variableValue variable="FR02_100H">
    <value valueType="text">2</value>
  </variableValue>
  <variableValue variable="FR07_109_1P">
    <value valueType="integer">19</value>
  </variableValue>
  <variableValue variable="FR07_109_1V">
    <value valueType="integer">140</value>
  </variableValue>
  <variableValue variable="FR07_109_2P">
    <value valueType="integer">6</value>
  </variableValue>
  <variableValue variable="FR07_109_2V">
    <value valueType="integer">44</value>
  </variableValue>
  <variableValue variable="FR07_109_3P">
    <value valueType="integer">1</value>
  </variableValue>
  <variableValue variable="FR07_109_3V">
    <value valueType="integer">4</value>
  </variableValue>
  <variableValue variable="FR07_109_4P">
    <value valueType="integer">9</value>
  </variableValue>
  <variableValue variable="FR07_109_4V">
    <value valueType="integer">17</value>
  </variableValue>
  <variableValue variable="FR07_109_5P">
    <value valueType="integer">14</value>
  </variableValue>
  <variableValue variable="FR07_109_5V">
    <value valueType="integer">59</value>
  </variableValue>
  <variableValue variable="FR07_109_6P">
    <value valueType="integer">11</value>
  </variableValue>
  <variableValue variable="FR07_109_6V">
    <value valueType="integer">153</value>
  </variableValue>
  <variableValue variable="FR07_109_7P">
    <value valueType="integer">19</value>
  </variableValue>
  <variableValue variable="FR07_109_7V">
    <value valueType="integer">50</value>
  </variableValue>
  <variableValue variable="FR07_109_8P">
    <value valueType="integer">0</value>
  </variableValue>
  <variableValue variable="FR07_109_8V">
    <value valueType="integer">76</value>
  </variableValue>
  <variableValue variable="FR07_109_9P">
    <value valueType="integer">0</value>
  </variableValue>
  <variableValue variable="FR07_109_9V">
    <value valueType="integer">6</value>
  </variableValue>
  <variableValue variable="FR07_109_10P">
    <value valueType="integer">6</value>
  </variableValue>
  <variableValue variable="FR07_109_10V">
    <value valueType="integer">48</value>
  </variableValue>
  <variableValue variable="FR07_109_11P">
    <value valueType="integer">3</value>
  </variableValue>
  <variableValue variable="FR07_109_11V">
    <value valueType="integer">18</value>
  </variableValue>
  <variableValue variable="FR07_109_12P">
    <value valueType="integer">6</value>
  </variableValue>
  <variableValue variable="FR07_109_12V">
    <value valueType="integer">2</value>
  </variableValue>
  <variableValue variable="FR07_109_13P">
    <value valueType="integer">3</value>
  </variableValue>
  <variableValue variable="FR07_109_13V">
    <value valueType="integer">38</value>
  </variableValue>
  <variableValue variable="FR07_109_14P">
    <value valueType="integer">9</value>
  </variableValue>
  <variableValue variable="FR07_109_14V">
    <value valueType="integer">28</value>
  </variableValue>
  <variableValue variable="FR07_109_15P">
    <value valueType="integer">0</value>
  </variableValue>
  <variableValue variable="FR07_109_15V">
    <value valueType="integer">98</value>
  </variableValue>
  <variableValue variable="KY97">
    <value valueType="text">2</value>
  </variableValue>
  <variableValue variable="FR02_112">
    <value valueType="text">3</value>
  </variableValue>
  <variableValue variable="FR07_112">
    <value valueType="text">2</value>
  </variableValue>
  <variableValue variable="FR07_113">
    <value valueType="text">9</value>
  </variableValue>
  <variableValue variable="FR02_114">
    <value valueType="text">1</value>
  </variableValue>
  <variableValue variable="ANNOSPV1">
    <value valueType="integer">-1422265709572227072</value>
  </variableValue>
  <variableValue variable="ANNOSVKO1">
    <value valueType="integer">-3447692654467872768</value>
  </variableValue>
  <variableValue variable="KAYTTO1">
    <value valueType="text">1</value>
  </variableValue>
  <variableValue variable="ANNOSPV2">
    <value valueType="integer">-7616741959017390080</value>
  </variableValue>
  <variableValue variable="ANNOSVKO2">
    <value valueType="integer">-6058561537172883456</value>
  </variableValue>
  <variableValue variable="KAYTTO2">
    <value valueType="text">2</value>
  </variableValue>
  <variableValue variable="ANNOSPV3">
    <value valueType="integer">7318205235946037248</value>
  </variableValue>
  <variableValue variable="ANNOSVKO3">
    <value valueType="integer">7891266867057883136</value>
  </variableValue>
  <variableValue variable="KAYTTO3">
    <value valueType="text">1</value>
  </variableValue>
  <variableValue variable="ANNOSPV4">
    <value valueType="integer">-8318778522451421184</value>
  </variableValue>
  <variableValue variable="ANNOSVKO4">
    <value valueType="integer">-930362659125669888</value>
  </variableValue>
  <variableValue variable="KAYTTO4">
    <value valueType="text">2</value>
  </variableValue>
  <variableValue variable="ANNOSPV5">
    <value valueType="integer">-4291261929528770560</value>
  </variableValue>
  <variableValue variable="ANNOSVKO5">
    <value valueType="integer">-6817203303026194432</value>
  </variableValue>
  <variableValue variable="KAYTTO5">
    <value valueType="text">2</value>
  </variableValue>
  <variableValue variable="ANNOSPV6">
    <value valueType="integer">9173017636787806208</value>
  </variableValue>
  <variableValue variable="ANNOSVKO6">
    <value valueType="integer">5160673746577100800</value>
  </variableValue>
  <variableValue variable="KAYTTO6">
    <value valueType="text">2</value>
  </variableValue>
  <variableValue variable="ANNOSPV7">
    <value valueType="integer">4631403412917039104</value>
  </variableValue>
  <variableValue variable="ANNOSVKO7">
    <value valueType="integer">3902363709315657728</value>
  </variableValue>
  <variableValue variable="KAYTTO7">
    <value valueType="text">1</value>
  </variableValue>
  <variableValue variable="ANNOSPV8">
    <value valueType="integer">-4300984351175262208</value>
  </variableValue>
  <variableValue variable="ANNOSVKO8">
    <value valueType="integer">1373216083028004864</value>
  </variableValue>
  <variableValue variable="KAYTTO8">
    <value valueType="text">2</value>
  </variableValue>
  <variableValue variable="ANNOSPV9">
    <value valueType="integer">6159721458641778688</value>
  </variableValue>
  <variableValue variable="ANNOSVKO9">
    <value valueType="integer">4094741176541327360</value>
  </variableValue>
  <variableValue variable="KAYTTO9">
    <value valueType="text">1</value>
  </variableValue>
  <variableValue variable="ANNOSPV10">
    <value valueType="integer">5716663466378311680</value>
  </variableValue>
  <variableValue variable="ANNOSVKO10">
    <value valueType="integer">-7364302082382006272</value>
  </variableValue>
  <variableValue variable="KAYTTO10">
    <value valueType="text">2</value>
  </variableValue>
  <variableValue variable="ANNOSPV11">
    <value valueType="integer">2280553154796824576</value>
  </variableValue>
  <variableValue variable="ANNOSVKO11">
    <value valueType="integer">-3198715938182240256</value>
  </variableValue>
  <variableValue variable="KAYTTO11">
    <value valueType="text">1</value>
  </variableValue>
  <variableValue variable="ANNOSPV12">
    <value valueType="integer">1533970195975659520</value>
  </variableValue>
  <variableValue variable="ANNOSVKO12">
    <value valueType="integer">-7531415280523376640</value>
  </variableValue>
  <variableValue variable="KAYTTO12">
    <value valueType="text">1</value>
  </variableValue>
  <variableValue variable="ANNOSPV13">
    <value valueType="integer">-226405757989525504</value>
  </variableValue>
  <variableValue variable="ANNOSVKO13">
    <value valueType="integer">7339582456913342464</value>
  </variableValue>
  <variableValue variable="KAYTTO13">
    <value valueType="text">2</value>
  </variableValue>
  <variableValue variable="ANNOSPV14">
    <value valueType="integer">3947025149246912512</value>
  </variableValue>
  <variableValue variable="ANNOSVKO14">
    <value valueType="integer">3496658072971790336</value>
  </variableValue>
  <variableValue variable="KAYTTO14">
    <value valueType="text">1</value>
  </variableValue>
</valueSet>