<valueSet valueTable="FNAC" entityType="Participant" entityIdentifier="4904195359565102953">
  <variableValue variable="SVUOSI">
    <value valueType="integer">1966</value>
  </variableValue>
  <variableValue variable="SUKUP">
    <value valueType="text">2</value>
  </variableValue>
  <variableValue variable="PITUUS">
    <value valueType="decimal">1.6628940007297932</value>
  </variableValue>
  <variableValue variable="PAINO">
    <value valueType="decimal">83.03739519928169</value>
  </variableValue>
  <variableValue variable="VYOTARO">
    <value valueType="decimal">108.9293520704911</value>
  </variableValue>
  <variableValue variable="LANTIO">
    <value valueType="decimal">95.14787051922784</value>
  </variableValue>
  <variableValue variable="DIAS1">
    <value valueType="decimal">63.17104335441526</value>
  </variableValue>
  <variableValue variable="DIAS2">
    <value valueType="decimal">51.27453681981079</value>
  </variableValue>
  <variableValue variable="DIAS3">
    <value valueType="decimal">74.96100552968898</value>
  </variableValue>
  <variableValue variable="SYS1">
    <value valueType="decimal">134.89833878989293</value>
  </variableValue>
  <variableValue variable="SYS2">
    <value valueType="decimal">202.6180337287823</value>
  </variableValue>
  <variableValue variable="SYS3">
    <value valueType="decimal">103.49887217001128</value>
  </variableValue>
  <variableValue variable="Q29">
    <value valueType="text">1</value>
  </variableValue>
  <variableValue variable="Q30">
    <value valueType="text">3</value>
  </variableValue>
  <variableValue variable="K34">
    <value valueType="text">1</value>
  </variableValue>
  <variableValue variable="Q38">
    <value valueType="text">3</value>
  </variableValue>
  <variableValue variable="Q17A">
    <value valueType="text">2</value>
  </variableValue>
  <variableValue variable="FR07_38">
    <value valueType="text">6</value>
  </variableValue>
  <variableValue variable="Q16A">
    <value valueType="text">1</value>
  </variableValue>
  <variableValue variable="Q15A">
    <value valueType="text">2</value>
  </variableValue>
  <variableValue variable="TUPI3">
    <value valueType="text">1</value>
  </variableValue>
  <variableValue variable="Q67">
    <value valueType="text">1</value>
  </variableValue>
  <variableValue variable="TUPI1">
    <value valueType="integer">57</value>
  </variableValue>
  <variableValue variable="FR07_13_laani">
    <value valueType="text">4</value>
  </variableValue>
  <variableValue variable="KOL">
    <value valueType="decimal">5.183894772894531</value>
  </variableValue>
  <variableValue variable="TRIG">
    <value valueType="decimal">1.5786188522132627</value>
  </variableValue>
  <variableValue variable="HDL">
    <value valueType="decimal">1.496408229796476</value>
  </variableValue>
  <variableValue variable="sl_gluk_0h">
    <value valueType="decimal">5.949811425258901</value>
  </variableValue>
  <variableValue variable="Q128A">
    <value valueType="text">1</value>
  </variableValue>
  <variableValue variable="FR02_145B">
    <value valueType="integer">3</value>
  </variableValue>
  <variableValue variable="FR02_145E">
    <value valueType="integer">96</value>
  </variableValue>
  <variableValue variable="FR02_145F">
    <value valueType="integer">8</value>
  </variableValue>
  <variableValue variable="FR02_145D">
    <value valueType="integer">31</value>
  </variableValue>
  <variableValue variable="ALKI1">
    <value valueType="integer">1107</value>
  </variableValue>
  <variableValue variable="KY2">
    <value valueType="text">4</value>
  </variableValue>
  <variableValue variable="k13">
    <value valueType="integer">6</value>
  </variableValue>
  <variableValue variable="TULOT">
    <value valueType="text">7</value>
  </variableValue>
  <variableValue variable="FR02_3">
    <value valueType="text">2</value>
  </variableValue>
  <variableValue variable="KOULV">
    <value valueType="integer">12</value>
  </variableValue>
  <variableValue variable="FR07_11">
    <value valueType="text">6</value>
  </variableValue>
  <variableValue variable="Q56">
    <value valueType="text">4</value>
  </variableValue>
  <variableValue variable="Q57">
    <value valueType="text">1</value>
  </variableValue>
  <variableValue variable="Q58">
    <value valueType="text">2</value>
  </variableValue>
  <variableValue variable="FRO7_81">
    <value valueType="text">2</value>
  </variableValue>
  <variableValue variable="Q61">
    <value valueType="text">4</value>
  </variableValue>
  <variableValue variable="KY74">
    <value valueType="text">5</value>
  </variableValue>
  <variableValue variable="Q63">
    <value valueType="text">3</value>
  </variableValue>
  <variableValue variable="FR07_85_1">
    <value valueType="integer">23</value>
  </variableValue>
  <variableValue variable="FR07_85_2">
    <value valueType="integer">52</value>
  </variableValue>
  <variableValue variable="FR07_85_3">
    <value valueType="integer">100</value>
  </variableValue>
  <variableValue variable="FR07_85_4">
    <value valueType="integer">2</value>
  </variableValue>
  <variableValue variable="FR07_85_5">
    <value valueType="integer">57</value>
  </variableValue>
  <variableValue variable="FR07_85_6">
    <value valueType="integer">100</value>
  </variableValue>
  <variableValue variable="FR07_86_1T">
    <value valueType="integer">2</value>
  </variableValue>
  <variableValue variable="FR07_86_1M">
    <value valueType="integer">11</value>
  </variableValue>
  <variableValue variable="FR07_86_2T">
    <value valueType="integer">2</value>
  </variableValue>
  <variableValue variable="FR07_86_2M">
    <value valueType="integer">1</value>
  </variableValue>
  <variableValue variable="FR07_86_3T">
    <value valueType="integer">9</value>
  </variableValue>
  <variableValue variable="FR07_86_3M">
    <value valueType="integer">45</value>
  </variableValue>
  <variableValue variable="FR07_86_4T">
    <value valueType="integer">10</value>
  </variableValue>
  <variableValue variable="FR07_86_4M">
    <value valueType="integer">46</value>
  </variableValue>
  <variableValue variable="FR07_86_5T">
    <value valueType="integer">12</value>
  </variableValue>
  <variableValue variable="FR07_86_5M">
    <value valueType="integer">3</value>
  </variableValue>
  <variableValue variable="FR07_105_1">
    <value valueType="text">2</value>
  </variableValue>
  <variableValue variable="FR07_105_2">
    <value valueType="text">8</value>
  </variableValue>
  <variableValue variable="FR07_105_3">
    <value valueType="text">8</value>
  </variableValue>
  <variableValue variable="FR07_105_4">
    <value valueType="text">7</value>
  </variableValue>
  <variableValue variable="FR07_105_5">
    <value valueType="text">5</value>
  </variableValue>
  <variableValue variable="FR07_105_6">
    <value valueType="text">3</value>
  </variableValue>
  <variableValue variable="FR07_105_7">
    <value valueType="text">7</value>
  </variableValue>
  <variableValue variable="FR07_105_8">
    <value valueType="text">2</value>
  </variableValue>
  <variableValue variable="FR07_105_9">
    <value valueType="text">7</value>
  </variableValue>
  <variableValue variable="FR07_105_10">
    <value valueType="text">6</value>
  </variableValue>
  <variableValue variable="FR07_105_11">
    <value valueType="text">5</value>
  </variableValue>
  <variableValue variable="FR07_105_12">
    <value valueType="text">4</value>
  </variableValue>
  <variableValue variable="FR07_105_13">
    <value valueType="text">3</value>
  </variableValue>
  <variableValue variable="FR07_105_14">
    <value valueType="text">1</value>
  </variableValue>
  <variableValue variable="FR07_105_15">
    <value valueType="text">5</value>
  </variableValue>
  <variableValue variable="FR07_105_16">
    <value valueType="text">3</value>
  </variableValue>
  <variableValue variable="FR07_105_17">
    <value valueType="text">3</value>
  </variableValue>
  <variableValue variable="FR07_105_18">
    <value valueType="text">3</value>
  </variableValue>
  <variableValue variable="FR07_105_19">
    <value valueType="text">5</value>
  </variableValue>
  <variableValue variable="FR07_105_20">
    <value valueType="text">3</value>
  </variableValue>
  <variableValue variable="FR07_105_21">
    <value valueType="text">3</value>
  </variableValue>
  <variableValue variable="FR07_105_22">
    <value valueType="text">4</value>
  </variableValue>
  <variableValue variable="FR07_105_23">
    <value valueType="text">8</value>
  </variableValue>
  <variableValue variable="FR07_105_24">
    <value valueType="text">8</value>
  </variableValue>
  <variableValue variable="FR07_105_25">
    <value valueType="text">8</value>
  </variableValue>
  <variableValue variable="FR07_105_26">
    <value valueType="text">4</value>
  </variableValue>
  <variableValue variable="FR07_105_27">
    <value valueType="text">5</value>
  </variableValue>
  <variableValue variable="FR07_105_28">
    <value valueType="text">1</value>
  </variableValue>
  <variableValue variable="FR07_105_29">
    <value valueType="text">3</value>
  </variableValue>
  <variableValue variable="FR07_105_30">
    <value valueType="text">8</value>
  </variableValue>
  <variableValue variable="FR07_105_31">
    <value valueType="text">5</value>
  </variableValue>
  <variableValue variable="FR07_105_32">
    <value valueType="text">6</value>
  </variableValue>
  <variableValue variable="FR07_105_33">
    <value valueType="text">7</value>
  </variableValue>
  <variableValue variable="FR07_105_34">
    <value valueType="text">2</value>
  </variableValue>
  <variableValue variable="FR07_105_35">
    <value valueType="text">7</value>
  </variableValue>
  <variableValue variable="FR07_105_36">
    <value valueType="text">5</value>
  </variableValue>
  <variableValue variable="FR07_105_37">
    <value valueType="text">4</value>
  </variableValue>
  <variableValue variable="FR07_106_1">
    <value valueType="text">8</value>
  </variableValue>
  <variableValue variable="FR07_106_2">
    <value valueType="text">3</value>
  </variableValue>
  <variableValue variable="FR07_106_3">
    <value valueType="text">2</value>
  </variableValue>
  <variableValue variable="FR02_100A">
    <value valueType="text">1</value>
  </variableValue>
  <variableValue variable="FR02_100B">
    <value valueType="text">1</value>
  </variableValue>
  <variableValue variable="FR02_100C">
    <value valueType="text">1</value>
  </variableValue>
  <variableValue variable="FR02_100D">
    <value valueType="text">1</value>
  </variableValue>
  <variableValue variable="FR02_100E">
    <value valueType="text">1</value>
  </variableValue>
  <variableValue variable="FR02_100F">
    <value valueType="text">2</value>
  </variableValue>
  <variableValue variable="FR02_100G">
    <value valueType="text">2</value>
  </variableValue>
  <variableValue variable="FR07_108_9">
    <value valueType="text">1</value>
  </variableValue>
  <variableValue variable="FR02_100H">
    <value valueType="text">1</value>
  </variableValue>
  <variableValue variable="FR07_109_1P">
    <value valueType="integer">31</value>
  </variableValue>
  <variableValue variable="FR07_109_1V">
    <value valueType="integer">17</value>
  </variableValue>
  <variableValue variable="FR07_109_2P">
    <value valueType="integer">12</value>
  </variableValue>
  <variableValue variable="FR07_109_2V">
    <value valueType="integer">4</value>
  </variableValue>
  <variableValue variable="FR07_109_3P">
    <value valueType="integer">4</value>
  </variableValue>
  <variableValue variable="FR07_109_3V">
    <value valueType="integer">9</value>
  </variableValue>
  <variableValue variable="FR07_109_4P">
    <value valueType="integer">4</value>
  </variableValue>
  <variableValue variable="FR07_109_4V">
    <value valueType="integer">6</value>
  </variableValue>
  <variableValue variable="FR07_109_5P">
    <value valueType="integer">16</value>
  </variableValue>
  <variableValue variable="FR07_109_5V">
    <value valueType="integer">81</value>
  </variableValue>
  <variableValue variable="FR07_109_6P">
    <value valueType="integer">0</value>
  </variableValue>
  <variableValue variable="FR07_109_6V">
    <value valueType="integer">46</value>
  </variableValue>
  <variableValue variable="FR07_109_7P">
    <value valueType="integer">3</value>
  </variableValue>
  <variableValue variable="FR07_109_7V">
    <value valueType="integer">98</value>
  </variableValue>
  <variableValue variable="FR07_109_8P">
    <value valueType="integer">8</value>
  </variableValue>
  <variableValue variable="FR07_109_8V">
    <value valueType="integer">130</value>
  </variableValue>
  <variableValue variable="FR07_109_9P">
    <value valueType="integer">5</value>
  </variableValue>
  <variableValue variable="FR07_109_9V">
    <value valueType="integer">31</value>
  </variableValue>
  <variableValue variable="FR07_109_10P">
    <value valueType="integer">3</value>
  </variableValue>
  <variableValue variable="FR07_109_10V">
    <value valueType="integer">25</value>
  </variableValue>
  <variableValue variable="FR07_109_11P">
    <value valueType="integer">7</value>
  </variableValue>
  <variableValue variable="FR07_109_11V">
    <value valueType="integer">49</value>
  </variableValue>
  <variableValue variable="FR07_109_12P">
    <value valueType="integer">7</value>
  </variableValue>
  <variableValue variable="FR07_109_12V">
    <value valueType="integer">47</value>
  </variableValue>
  <variableValue variable="FR07_109_13P">
    <value valueType="integer">4</value>
  </variableValue>
  <variableValue variable="FR07_109_13V">
    <value valueType="integer">10</value>
  </variableValue>
  <variableValue variable="FR07_109_14P">
    <value valueType="integer">5</value>
  </variableValue>
  <variableValue variable="FR07_109_14V">
    <value valueType="integer">49</value>
  </variableValue>
  <variableValue variable="FR07_109_15P">
    <value valueType="integer">13</value>
  </variableValue>
  <variableValue variable="FR07_109_15V">
    <value valueType="integer">83</value>
  </variableValue>
  <variableValue variable="KY97">
    <value valueType="text">0</value>
  </variableValue>
  <variableValue variable="FR02_112">
    <value valueType="text">5</value>
  </variableValue>
  <variableValue variable="FR07_112">
    <value valueType="text">1</value>
  </variableValue>
  <variableValue variable="FR07_113">
    <value valueType="text">6</value>
  </variableValue>
  <variableValue variable="FR02_114">
    <value valueType="text">1</value>
  </variableValue>
  <variableValue variable="ANNOSPV1">
    <value valueType="integer">-1026878358939475968</value>
  </variableValue>
  <variableValue variable="ANNOSVKO1">
    <value valueType="integer">2160596934907490304</value>
  </variableValue>
  <variableValue variable="KAYTTO1">
    <value valueType="text">2</value>
  </variableValue>
  <variableValue variable="ANNOSPV2">
    <value valueType="integer">-3228554636623392768</value>
  </variableValue>
  <variableValue variable="ANNOSVKO2">
    <value valueType="integer">-5426581177480538112</value>
  </variableValue>
  <variableValue variable="KAYTTO2">
    <value valueType="text">2</value>
  </variableValue>
  <variableValue variable="ANNOSPV3">
    <value valueType="integer">-4349046523836942336</value>
  </variableValue>
  <variableValue variable="ANNOSVKO3">
    <value valueType="integer">159921462785722368</value>
  </variableValue>
  <variableValue variable="KAYTTO3">
    <value valueType="text">2</value>
  </variableValue>
  <variableValue variable="ANNOSPV4">
    <value valueType="integer">-5889422999005376512</value>
  </variableValue>
  <variableValue variable="ANNOSVKO4">
    <value valueType="integer">-3311178439113492480</value>
  </variableValue>
  <variableValue variable="KAYTTO4">
    <value valueType="text">1</value>
  </variableValue>
  <variableValue variable="ANNOSPV5">
    <value valueType="integer">-6482084350787870720</value>
  </variableValue>
  <variableValue variable="ANNOSVKO5">
    <value valueType="integer">4640379006470637568</value>
  </variableValue>
  <variableValue variable="KAYTTO5">
    <value valueType="text">2</value>
  </variableValue>
  <variableValue variable="ANNOSPV6">
    <value valueType="integer">7628531331334512640</value>
  </variableValue>
  <variableValue variable="ANNOSVKO6">
    <value valueType="integer">1727431613299079168</value>
  </variableValue>
  <variableValue variable="KAYTTO6">
    <value valueType="text">2</value>
  </variableValue>
  <variableValue variable="ANNOSPV7">
    <value valueType="integer">-1291289228780249088</value>
  </variableValue>
  <variableValue variable="ANNOSVKO7">
    <value valueType="integer">8143865593470511104</value>
  </variableValue>
  <variableValue variable="KAYTTO7">
    <value valueType="text">2</value>
  </variableValue>
  <variableValue variable="ANNOSPV8">
    <value valueType="integer">-3123719795283443712</value>
  </variableValue>
  <variableValue variable="ANNOSVKO8">
    <value valueType="integer">-7005112539872358400</value>
  </variableValue>
  <variableValue variable="KAYTTO8">
    <value valueType="text">1</value>
  </variableValue>
  <variableValue variable="ANNOSPV9">
    <value valueType="integer">3376974303162984448</value>
  </variableValue>
  <variableValue variable="ANNOSVKO9">
    <value valueType="integer">1049491459639924736</value>
  </variableValue>
  <variableValue variable="KAYTTO9">
    <value valueType="text">2</value>
  </variableValue>
  <variableValue variable="ANNOSPV10">
    <value valueType="integer">3332419766654203904</value>
  </variableValue>
  <variableValue variable="ANNOSVKO10">
    <value valueType="integer">699516734441179136</value>
  </variableValue>
  <variableValue variable="KAYTTO10">
    <value valueType="text">1</value>
  </variableValue>
  <variableValue variable="ANNOSPV11">
    <value valueType="integer">6735629435459485696</value>
  </variableValue>
  <variableValue variable="ANNOSVKO11">
    <value valueType="integer">6043616412448561152</value>
  </variableValue>
  <variableValue variable="KAYTTO11">
    <value valueType="text">1</value>
  </variableValue>
  <variableValue variable="ANNOSPV12">
    <value valueType="integer">1695658400956706816</value>
  </variableValue>
  <variableValue variable="ANNOSVKO12">
    <value valueType="integer">1714651922157647872</value>
  </variableValue>
  <variableValue variable="KAYTTO12">
    <value valueType="text">1</value>
  </variableValue>
  <variableValue variable="ANNOSPV13">
    <value valueType="integer">-39036856180781056</value>
  </variableValue>
  <variableValue variable="ANNOSVKO13">
    <value valueType="integer">-8071385701110474752</value>
  </variableValue>
  <variableValue variable="KAYTTO13">
    <value valueType="text">2</value>
  </variableValue>
  <variableValue variable="ANNOSPV14">
    <value valueType="integer">6207232942134892544</value>
  </variableValue>
  <variableValue variable="ANNOSVKO14">
    <value valueType="integer">7125538089678804992</value>
  </variableValue>
  <variableValue variable="KAYTTO14">
    <value valueType="text">2</value>
  </variableValue>
</valueSet>