<valueSet valueTable="FNAC" entityType="Participant" entityIdentifier="8860240011445368960">
  <variableValue variable="SVUOSI">
    <value valueType="integer">1980</value>
  </variableValue>
  <variableValue variable="SUKUP">
    <value valueType="text">1</value>
  </variableValue>
  <variableValue variable="PITUUS">
    <value valueType="decimal">1.7282078171390423</value>
  </variableValue>
  <variableValue variable="PAINO">
    <value valueType="decimal">77.0301967622219</value>
  </variableValue>
  <variableValue variable="VYOTARO">
    <value valueType="decimal">80.29887758522328</value>
  </variableValue>
  <variableValue variable="LANTIO">
    <value valueType="decimal">92.1328457202748</value>
  </variableValue>
  <variableValue variable="DIAS1">
    <value valueType="decimal">111.76788056674637</value>
  </variableValue>
  <variableValue variable="DIAS2">
    <value valueType="decimal">59.184014828937535</value>
  </variableValue>
  <variableValue variable="DIAS3">
    <value valueType="decimal">57.84666098748437</value>
  </variableValue>
  <variableValue variable="SYS1">
    <value valueType="decimal">243.0171241232202</value>
  </variableValue>
  <variableValue variable="SYS2">
    <value valueType="decimal">90.46914115522831</value>
  </variableValue>
  <variableValue variable="SYS3">
    <value valueType="decimal">173.3122657890106</value>
  </variableValue>
  <variableValue variable="Q29">
    <value valueType="text">2</value>
  </variableValue>
  <variableValue variable="Q30">
    <value valueType="text">1</value>
  </variableValue>
  <variableValue variable="K34">
    <value valueType="text">2</value>
  </variableValue>
  <variableValue variable="Q38">
    <value valueType="text">4</value>
  </variableValue>
  <variableValue variable="Q17A">
    <value valueType="text">1</value>
  </variableValue>
  <variableValue variable="FR07_38">
    <value valueType="text">5</value>
  </variableValue>
  <variableValue variable="Q16A">
    <value valueType="text">2</value>
  </variableValue>
  <variableValue variable="Q15A">
    <value valueType="text">1</value>
  </variableValue>
  <variableValue variable="TUPI3">
    <value valueType="text">4</value>
  </variableValue>
  <variableValue variable="Q67">
    <value valueType="text">1</value>
  </variableValue>
  <variableValue variable="TUPI1">
    <value valueType="integer">13</value>
  </variableValue>
  <variableValue variable="FR07_13_laani">
    <value valueType="text">6</value>
  </variableValue>
  <variableValue variable="KOL">
    <value valueType="decimal">7.188463923080288</value>
  </variableValue>
  <variableValue variable="TRIG">
    <value valueType="decimal">1.3838685660380587</value>
  </variableValue>
  <variableValue variable="HDL">
    <value valueType="decimal">0.9708191720622663</value>
  </variableValue>
  <variableValue variable="sl_gluk_0h">
    <value valueType="decimal">5.029544848738939</value>
  </variableValue>
  <variableValue variable="Q128A">
    <value valueType="text">3</value>
  </variableValue>
  <variableValue variable="FR02_145B">
    <value valueType="integer">2</value>
  </variableValue>
  <variableValue variable="FR02_145E">
    <value valueType="integer">69</value>
  </variableValue>
  <variableValue variable="FR02_145F">
    <value valueType="integer">70</value>
  </variableValue>
  <variableValue variable="FR02_145D">
    <value valueType="integer">34</value>
  </variableValue>
  <variableValue variable="ALKI1">
    <value valueType="integer">693</value>
  </variableValue>
  <variableValue variable="KY2">
    <value valueType="text">5</value>
  </variableValue>
  <variableValue variable="k13">
    <value valueType="integer">17</value>
  </variableValue>
  <variableValue variable="TULOT">
    <value valueType="text">2</value>
  </variableValue>
  <variableValue variable="FR02_3">
    <value valueType="text">1</value>
  </variableValue>
  <variableValue variable="KOULV">
    <value valueType="integer">26</value>
  </variableValue>
  <variableValue variable="FR07_11">
    <value valueType="text">14</value>
  </variableValue>
  <variableValue variable="Q56">
    <value valueType="text">2</value>
  </variableValue>
  <variableValue variable="Q57">
    <value valueType="text">1</value>
  </variableValue>
  <variableValue variable="Q58">
    <value valueType="text">6</value>
  </variableValue>
  <variableValue variable="FRO7_81">
    <value valueType="text">4</value>
  </variableValue>
  <variableValue variable="Q61">
    <value valueType="text">2</value>
  </variableValue>
  <variableValue variable="KY74">
    <value valueType="text">5</value>
  </variableValue>
  <variableValue variable="Q63">
    <value valueType="text">1</value>
  </variableValue>
  <variableValue variable="FR07_85_1">
    <value valueType="integer">17</value>
  </variableValue>
  <variableValue variable="FR07_85_2">
    <value valueType="integer">56</value>
  </variableValue>
  <variableValue variable="FR07_85_3">
    <value valueType="integer">21</value>
  </variableValue>
  <variableValue variable="FR07_85_4">
    <value valueType="integer">49</value>
  </variableValue>
  <variableValue variable="FR07_85_5">
    <value valueType="integer">69</value>
  </variableValue>
  <variableValue variable="FR07_85_6">
    <value valueType="integer">99</value>
  </variableValue>
  <variableValue variable="FR07_86_1T">
    <value valueType="integer">6</value>
  </variableValue>
  <variableValue variable="FR07_86_1M">
    <value valueType="integer">3</value>
  </variableValue>
  <variableValue variable="FR07_86_2T">
    <value valueType="integer">23</value>
  </variableValue>
  <variableValue variable="FR07_86_2M">
    <value valueType="integer">4</value>
  </variableValue>
  <variableValue variable="FR07_86_3T">
    <value valueType="integer">21</value>
  </variableValue>
  <variableValue variable="FR07_86_3M">
    <value valueType="integer">11</value>
  </variableValue>
  <variableValue variable="FR07_86_4T">
    <value valueType="integer">7</value>
  </variableValue>
  <variableValue variable="FR07_86_4M">
    <value valueType="integer">38</value>
  </variableValue>
  <variableValue variable="FR07_86_5T">
    <value valueType="integer">3</value>
  </variableValue>
  <variableValue variable="FR07_86_5M">
    <value valueType="integer">27</value>
  </variableValue>
  <variableValue variable="FR07_105_1">
    <value valueType="text">7</value>
  </variableValue>
  <variableValue variable="FR07_105_2">
    <value valueType="text">2</value>
  </variableValue>
  <variableValue variable="FR07_105_3">
    <value valueType="text">8</value>
  </variableValue>
  <variableValue variable="FR07_105_4">
    <value valueType="text">2</value>
  </variableValue>
  <variableValue variable="FR07_105_5">
    <value valueType="text">1</value>
  </variableValue>
  <variableValue variable="FR07_105_6">
    <value valueType="text">4</value>
  </variableValue>
  <variableValue variable="FR07_105_7">
    <value valueType="text">2</value>
  </variableValue>
  <variableValue variable="FR07_105_8">
    <value valueType="text">6</value>
  </variableValue>
  <variableValue variable="FR07_105_9">
    <value valueType="text">5</value>
  </variableValue>
  <variableValue variable="FR07_105_10">
    <value valueType="text">8</value>
  </variableValue>
  <variableValue variable="FR07_105_11">
    <value valueType="text">7</value>
  </variableValue>
  <variableValue variable="FR07_105_12">
    <value valueType="text">5</value>
  </variableValue>
  <variableValue variable="FR07_105_13">
    <value valueType="text">3</value>
  </variableValue>
  <variableValue variable="FR07_105_14">
    <value valueType="text">4</value>
  </variableValue>
  <variableValue variable="FR07_105_15">
    <value valueType="text">8</value>
  </variableValue>
  <variableValue variable="FR07_105_16">
    <value valueType="text">1</value>
  </variableValue>
  <variableValue variable="FR07_105_17">
    <value valueType="text">8</value>
  </variableValue>
  <variableValue variable="FR07_105_18">
    <value valueType="text">5</value>
  </variableValue>
  <variableValue variable="FR07_105_19">
    <value valueType="text">4</value>
  </variableValue>
  <variableValue variable="FR07_105_20">
    <value valueType="text">6</value>
  </variableValue>
  <variableValue variable="FR07_105_21">
    <value valueType="text">5</value>
  </variableValue>
  <variableValue variable="FR07_105_22">
    <value valueType="text">4</value>
  </variableValue>
  <variableValue variable="FR07_105_23">
    <value valueType="text">8</value>
  </variableValue>
  <variableValue variable="FR07_105_24">
    <value valueType="text">7</value>
  </variableValue>
  <variableValue variable="FR07_105_25">
    <value valueType="text">7</value>
  </variableValue>
  <variableValue variable="FR07_105_26">
    <value valueType="text">5</value>
  </variableValue>
  <variableValue variable="FR07_105_27">
    <value valueType="text">3</value>
  </variableValue>
  <variableValue variable="FR07_105_28">
    <value valueType="text">3</value>
  </variableValue>
  <variableValue variable="FR07_105_29">
    <value valueType="text">2</value>
  </variableValue>
  <variableValue variable="FR07_105_30">
    <value valueType="text">4</value>
  </variableValue>
  <variableValue variable="FR07_105_31">
    <value valueType="text">5</value>
  </variableValue>
  <variableValue variable="FR07_105_32">
    <value valueType="text">3</value>
  </variableValue>
  <variableValue variable="FR07_105_33">
    <value valueType="text">3</value>
  </variableValue>
  <variableValue variable="FR07_105_34">
    <value valueType="text">7</value>
  </variableValue>
  <variableValue variable="FR07_105_35">
    <value valueType="text">4</value>
  </variableValue>
  <variableValue variable="FR07_105_36">
    <value valueType="text">3</value>
  </variableValue>
  <variableValue variable="FR07_105_37">
    <value valueType="text">1</value>
  </variableValue>
  <variableValue variable="FR07_106_1">
    <value valueType="text">1</value>
  </variableValue>
  <variableValue variable="FR07_106_2">
    <value valueType="text">7</value>
  </variableValue>
  <variableValue variable="FR07_106_3">
    <value valueType="text">1</value>
  </variableValue>
  <variableValue variable="FR02_100A">
    <value valueType="text">1</value>
  </variableValue>
  <variableValue variable="FR02_100B">
    <value valueType="text">2</value>
  </variableValue>
  <variableValue variable="FR02_100C">
    <value valueType="text">1</value>
  </variableValue>
  <variableValue variable="FR02_100D">
    <value valueType="text">2</value>
  </variableValue>
  <variableValue variable="FR02_100E">
    <value valueType="text">2</value>
  </variableValue>
  <variableValue variable="FR02_100F">
    <value valueType="text">2</value>
  </variableValue>
  <variableValue variable="FR02_100G">
    <value valueType="text">2</value>
  </variableValue>
  <variableValue variable="FR07_108_9">
    <value valueType="text">2</value>
  </variableValue>
  <variableValue variable="FR02_100H">
    <value valueType="text">1</value>
  </variableValue>
  <variableValue variable="FR07_109_1P">
    <value valueType="integer">32</value>
  </variableValue>
  <variableValue variable="FR07_109_1V">
    <value valueType="integer">250</value>
  </variableValue>
  <variableValue variable="FR07_109_2P">
    <value valueType="integer">5</value>
  </variableValue>
  <variableValue variable="FR07_109_2V">
    <value valueType="integer">2</value>
  </variableValue>
  <variableValue variable="FR07_109_3P">
    <value valueType="integer">4</value>
  </variableValue>
  <variableValue variable="FR07_109_3V">
    <value valueType="integer">7</value>
  </variableValue>
  <variableValue variable="FR07_109_4P">
    <value valueType="integer">8</value>
  </variableValue>
  <variableValue variable="FR07_109_4V">
    <value valueType="integer">35</value>
  </variableValue>
  <variableValue variable="FR07_109_5P">
    <value valueType="integer">2</value>
  </variableValue>
  <variableValue variable="FR07_109_5V">
    <value valueType="integer">14</value>
  </variableValue>
  <variableValue variable="FR07_109_6P">
    <value valueType="integer">15</value>
  </variableValue>
  <variableValue variable="FR07_109_6V">
    <value valueType="integer">174</value>
  </variableValue>
  <variableValue variable="FR07_109_7P">
    <value valueType="integer">18</value>
  </variableValue>
  <variableValue variable="FR07_109_7V">
    <value valueType="integer">92</value>
  </variableValue>
  <variableValue variable="FR07_109_8P">
    <value valueType="integer">1</value>
  </variableValue>
  <variableValue variable="FR07_109_8V">
    <value valueType="integer">73</value>
  </variableValue>
  <variableValue variable="FR07_109_9P">
    <value valueType="integer">6</value>
  </variableValue>
  <variableValue variable="FR07_109_9V">
    <value valueType="integer">64</value>
  </variableValue>
  <variableValue variable="FR07_109_10P">
    <value valueType="integer">2</value>
  </variableValue>
  <variableValue variable="FR07_109_10V">
    <value valueType="integer">3</value>
  </variableValue>
  <variableValue variable="FR07_109_11P">
    <value valueType="integer">2</value>
  </variableValue>
  <variableValue variable="FR07_109_11V">
    <value valueType="integer">34</value>
  </variableValue>
  <variableValue variable="FR07_109_12P">
    <value valueType="integer">4</value>
  </variableValue>
  <variableValue variable="FR07_109_12V">
    <value valueType="integer">27</value>
  </variableValue>
  <variableValue variable="FR07_109_13P">
    <value valueType="integer">6</value>
  </variableValue>
  <variableValue variable="FR07_109_13V">
    <value valueType="integer">21</value>
  </variableValue>
  <variableValue variable="FR07_109_14P">
    <value valueType="integer">6</value>
  </variableValue>
  <variableValue variable="FR07_109_14V">
    <value valueType="integer">43</value>
  </variableValue>
  <variableValue variable="FR07_109_15P">
    <value valueType="integer">2</value>
  </variableValue>
  <variableValue variable="FR07_109_15V">
    <value valueType="integer">46</value>
  </variableValue>
  <variableValue variable="KY97">
    <value valueType="text">0</value>
  </variableValue>
  <variableValue variable="FR02_112">
    <value valueType="text">5</value>
  </variableValue>
  <variableValue variable="FR07_112">
    <value valueType="text">7</value>
  </variableValue>
  <variableValue variable="FR07_113">
    <value valueType="text">7</value>
  </variableValue>
  <variableValue variable="FR02_114">
    <value valueType="text">2</value>
  </variableValue>
  <variableValue variable="ANNOSPV1">
    <value valueType="integer">-7388645798810118144</value>
  </variableValue>
  <variableValue variable="ANNOSVKO1">
    <value valueType="integer">-4738612090569969664</value>
  </variableValue>
  <variableValue variable="KAYTTO1">
    <value valueType="text">1</value>
  </variableValue>
  <variableValue variable="ANNOSPV2">
    <value valueType="integer">-5057414890638831616</value>
  </variableValue>
  <variableValue variable="ANNOSVKO2">
    <value valueType="integer">-2024006693550503936</value>
  </variableValue>
  <variableValue variable="KAYTTO2">
    <value valueType="text">1</value>
  </variableValue>
  <variableValue variable="ANNOSPV3">
    <value valueType="integer">6728475855757856768</value>
  </variableValue>
  <variableValue variable="ANNOSVKO3">
    <value valueType="integer">-6342364761860816896</value>
  </variableValue>
  <variableValue variable="KAYTTO3">
    <value valueType="text">2</value>
  </variableValue>
  <variableValue variable="ANNOSPV4">
    <value valueType="integer">1126687008871663616</value>
  </variableValue>
  <variableValue variable="ANNOSVKO4">
    <value valueType="integer">-2740249187080792064</value>
  </variableValue>
  <variableValue variable="KAYTTO4">
    <value valueType="text">1</value>
  </variableValue>
  <variableValue variable="ANNOSPV5">
    <value valueType="integer">-5715616991522533376</value>
  </variableValue>
  <variableValue variable="ANNOSVKO5">
    <value valueType="integer">2823326395057664000</value>
  </variableValue>
  <variableValue variable="KAYTTO5">
    <value valueType="text">1</value>
  </variableValue>
  <variableValue variable="ANNOSPV6">
    <value valueType="integer">-325186704398262272</value>
  </variableValue>
  <variableValue variable="ANNOSVKO6">
    <value valueType="integer">-8433637355352469504</value>
  </variableValue>
  <variableValue variable="KAYTTO6">
    <value valueType="text">2</value>
  </variableValue>
  <variableValue variable="ANNOSPV7">
    <value valueType="integer">8173950857117669376</value>
  </variableValue>
  <variableValue variable="ANNOSVKO7">
    <value valueType="integer">882601464650049536</value>
  </variableValue>
  <variableValue variable="KAYTTO7">
    <value valueType="text">1</value>
  </variableValue>
  <variableValue variable="ANNOSPV8">
    <value valueType="integer">-949099106271916032</value>
  </variableValue>
  <variableValue variable="ANNOSVKO8">
    <value valueType="integer">1894242082037907456</value>
  </variableValue>
  <variableValue variable="KAYTTO8">
    <value valueType="text">2</value>
  </variableValue>
  <variableValue variable="ANNOSPV9">
    <value valueType="integer">5352623980634548224</value>
  </variableValue>
  <variableValue variable="ANNOSVKO9">
    <value valueType="integer">-8386088827400716288</value>
  </variableValue>
  <variableValue variable="KAYTTO9">
    <value valueType="text">1</value>
  </variableValue>
  <variableValue variable="ANNOSPV10">
    <value valueType="integer">-5339550315036778496</value>
  </variableValue>
  <variableValue variable="ANNOSVKO10">
    <value valueType="integer">-4385817230056361984</value>
  </variableValue>
  <variableValue variable="KAYTTO10">
    <value valueType="text">2</value>
  </variableValue>
  <variableValue variable="ANNOSPV11">
    <value valueType="integer">-2516820261557168128</value>
  </variableValue>
  <variableValue variable="ANNOSVKO11">
    <value valueType="integer">-2717233481479438336</value>
  </variableValue>
  <variableValue variable="KAYTTO11">
    <value valueType="text">1</value>
  </variableValue>
  <variableValue variable="ANNOSPV12">
    <value valueType="integer">-9186727014690095104</value>
  </variableValue>
  <variableValue variable="ANNOSVKO12">
    <value valueType="integer">8364398787791808512</value>
  </variableValue>
  <variableValue variable="KAYTTO12">
    <value valueType="text">1</value>
  </variableValue>
  <variableValue variable="ANNOSPV13">
    <value valueType="integer">8084509316723783680</value>
  </variableValue>
  <variableValue variable="ANNOSVKO13">
    <value valueType="integer">3060805856983496704</value>
  </variableValue>
  <variableValue variable="KAYTTO13">
    <value valueType="text">2</value>
  </variableValue>
  <variableValue variable="ANNOSPV14">
    <value valueType="integer">2390604030847006720</value>
  </variableValue>
  <variableValue variable="ANNOSVKO14">
    <value valueType="integer">6444242480508893184</value>
  </variableValue>
  <variableValue variable="KAYTTO14">
    <value valueType="text">1</value>
  </variableValue>
</valueSet>