<valueSet valueTable="FNAC" entityType="Participant" entityIdentifier="8501211333782020840">
  <variableValue variable="SVUOSI">
    <value valueType="integer">1955</value>
  </variableValue>
  <variableValue variable="SUKUP">
    <value valueType="text">1</value>
  </variableValue>
  <variableValue variable="PITUUS">
    <value valueType="decimal">1.682166547853719</value>
  </variableValue>
  <variableValue variable="PAINO">
    <value valueType="decimal">61.680550023350364</value>
  </variableValue>
  <variableValue variable="VYOTARO">
    <value valueType="decimal">116.0485873966998</value>
  </variableValue>
  <variableValue variable="LANTIO">
    <value valueType="decimal">104.74900675589058</value>
  </variableValue>
  <variableValue variable="DIAS1">
    <value valueType="decimal">113.7504183471083</value>
  </variableValue>
  <variableValue variable="DIAS2">
    <value valueType="decimal">95.77666735493939</value>
  </variableValue>
  <variableValue variable="DIAS3">
    <value valueType="decimal">80.37225769229192</value>
  </variableValue>
  <variableValue variable="SYS1">
    <value valueType="decimal">93.49207759803993</value>
  </variableValue>
  <variableValue variable="SYS2">
    <value valueType="decimal">112.03995189191733</value>
  </variableValue>
  <variableValue variable="SYS3">
    <value valueType="decimal">178.03179838354217</value>
  </variableValue>
  <variableValue variable="Q29">
    <value valueType="text">2</value>
  </variableValue>
  <variableValue variable="Q30">
    <value valueType="text">6</value>
  </variableValue>
  <variableValue variable="K34">
    <value valueType="text">2</value>
  </variableValue>
  <variableValue variable="Q38">
    <value valueType="text">2</value>
  </variableValue>
  <variableValue variable="Q17A">
    <value valueType="text">2</value>
  </variableValue>
  <variableValue variable="FR07_38">
    <value valueType="text">1</value>
  </variableValue>
  <variableValue variable="Q16A">
    <value valueType="text">1</value>
  </variableValue>
  <variableValue variable="Q15A">
    <value valueType="text">2</value>
  </variableValue>
  <variableValue variable="TUPI3">
    <value valueType="text">1</value>
  </variableValue>
  <variableValue variable="Q67">
    <value valueType="text">2</value>
  </variableValue>
  <variableValue variable="TUPI1">
    <value valueType="integer">8</value>
  </variableValue>
  <variableValue variable="FR07_13_laani">
    <value valueType="text">2</value>
  </variableValue>
  <variableValue variable="KOL">
    <value valueType="decimal">5.649996279004914</value>
  </variableValue>
  <variableValue variable="TRIG">
    <value valueType="decimal">0.3</value>
  </variableValue>
  <variableValue variable="HDL">
    <value valueType="decimal">1.446954597301079</value>
  </variableValue>
  <variableValue variable="sl_gluk_0h">
    <value valueType="decimal">6.607169260907057</value>
  </variableValue>
  <variableValue variable="Q128A">
    <value valueType="text">2</value>
  </variableValue>
  <variableValue variable="FR02_145B">
    <value valueType="integer">9</value>
  </variableValue>
  <variableValue variable="FR02_145E">
    <value valueType="integer">17</value>
  </variableValue>
  <variableValue variable="FR02_145F">
    <value valueType="integer">22</value>
  </variableValue>
  <variableValue variable="FR02_145D">
    <value valueType="integer">20</value>
  </variableValue>
  <variableValue variable="ALKI1">
    <value valueType="integer">1262</value>
  </variableValue>
  <variableValue variable="KY2">
    <value valueType="text">2</value>
  </variableValue>
  <variableValue variable="k13">
    <value valueType="integer">10</value>
  </variableValue>
  <variableValue variable="TULOT">
    <value valueType="text">6</value>
  </variableValue>
  <variableValue variable="FR02_3">
    <value valueType="text">2</value>
  </variableValue>
  <variableValue variable="KOULV">
    <value valueType="integer">14</value>
  </variableValue>
  <variableValue variable="FR07_11">
    <value valueType="text">4</value>
  </variableValue>
  <variableValue variable="Q56">
    <value valueType="text">1</value>
  </variableValue>
  <variableValue variable="Q57">
    <value valueType="text">4</value>
  </variableValue>
  <variableValue variable="Q58">
    <value valueType="text">3</value>
  </variableValue>
  <variableValue variable="FRO7_81">
    <value valueType="text">2</value>
  </variableValue>
  <variableValue variable="Q61">
    <value valueType="text">2</value>
  </variableValue>
  <variableValue variable="KY74">
    <value valueType="text">3</value>
  </variableValue>
  <variableValue variable="Q63">
    <value valueType="text">2</value>
  </variableValue>
  <variableValue variable="FR07_85_1">
    <value valueType="integer">86</value>
  </variableValue>
  <variableValue variable="FR07_85_2">
    <value valueType="integer">69</value>
  </variableValue>
  <variableValue variable="FR07_85_3">
    <value valueType="integer">98</value>
  </variableValue>
  <variableValue variable="FR07_85_4">
    <value valueType="integer">75</value>
  </variableValue>
  <variableValue variable="FR07_85_5">
    <value valueType="integer">73</value>
  </variableValue>
  <variableValue variable="FR07_85_6">
    <value valueType="integer">31</value>
  </variableValue>
  <variableValue variable="FR07_86_1T">
    <value valueType="integer">2</value>
  </variableValue>
  <variableValue variable="FR07_86_1M">
    <value valueType="integer">26</value>
  </variableValue>
  <variableValue variable="FR07_86_2T">
    <value valueType="integer">13</value>
  </variableValue>
  <variableValue variable="FR07_86_2M">
    <value valueType="integer">1</value>
  </variableValue>
  <variableValue variable="FR07_86_3T">
    <value valueType="integer">16</value>
  </variableValue>
  <variableValue variable="FR07_86_3M">
    <value valueType="integer">0</value>
  </variableValue>
  <variableValue variable="FR07_86_4T">
    <value valueType="integer">3</value>
  </variableValue>
  <variableValue variable="FR07_86_4M">
    <value valueType="integer">11</value>
  </variableValue>
  <variableValue variable="FR07_86_5T">
    <value valueType="integer">2</value>
  </variableValue>
  <variableValue variable="FR07_86_5M">
    <value valueType="integer">43</value>
  </variableValue>
  <variableValue variable="FR07_105_1">
    <value valueType="text">2</value>
  </variableValue>
  <variableValue variable="FR07_105_2">
    <value valueType="text">4</value>
  </variableValue>
  <variableValue variable="FR07_105_3">
    <value valueType="text">6</value>
  </variableValue>
  <variableValue variable="FR07_105_4">
    <value valueType="text">6</value>
  </variableValue>
  <variableValue variable="FR07_105_5">
    <value valueType="text">6</value>
  </variableValue>
  <variableValue variable="FR07_105_6">
    <value valueType="text">2</value>
  </variableValue>
  <variableValue variable="FR07_105_7">
    <value valueType="text">6</value>
  </variableValue>
  <variableValue variable="FR07_105_8">
    <value valueType="text">5</value>
  </variableValue>
  <variableValue variable="FR07_105_9">
    <value valueType="text">6</value>
  </variableValue>
  <variableValue variable="FR07_105_10">
    <value valueType="text">1</value>
  </variableValue>
  <variableValue variable="FR07_105_11">
    <value valueType="text">7</value>
  </variableValue>
  <variableValue variable="FR07_105_12">
    <value valueType="text">2</value>
  </variableValue>
  <variableValue variable="FR07_105_13">
    <value valueType="text">3</value>
  </variableValue>
  <variableValue variable="FR07_105_14">
    <value valueType="text">2</value>
  </variableValue>
  <variableValue variable="FR07_105_15">
    <value valueType="text">8</value>
  </variableValue>
  <variableValue variable="FR07_105_16">
    <value valueType="text">2</value>
  </variableValue>
  <variableValue variable="FR07_105_17">
    <value valueType="text">8</value>
  </variableValue>
  <variableValue variable="FR07_105_18">
    <value valueType="text">8</value>
  </variableValue>
  <variableValue variable="FR07_105_19">
    <value valueType="text">4</value>
  </variableValue>
  <variableValue variable="FR07_105_20">
    <value valueType="text">2</value>
  </variableValue>
  <variableValue variable="FR07_105_21">
    <value valueType="text">1</value>
  </variableValue>
  <variableValue variable="FR07_105_22">
    <value valueType="text">2</value>
  </variableValue>
  <variableValue variable="FR07_105_23">
    <value valueType="text">8</value>
  </variableValue>
  <variableValue variable="FR07_105_24">
    <value valueType="text">3</value>
  </variableValue>
  <variableValue variable="FR07_105_25">
    <value valueType="text">3</value>
  </variableValue>
  <variableValue variable="FR07_105_26">
    <value valueType="text">6</value>
  </variableValue>
  <variableValue variable="FR07_105_27">
    <value valueType="text">2</value>
  </variableValue>
  <variableValue variable="FR07_105_28">
    <value valueType="text">1</value>
  </variableValue>
  <variableValue variable="FR07_105_29">
    <value valueType="text">8</value>
  </variableValue>
  <variableValue variable="FR07_105_30">
    <value valueType="text">7</value>
  </variableValue>
  <variableValue variable="FR07_105_31">
    <value valueType="text">8</value>
  </variableValue>
  <variableValue variable="FR07_105_32">
    <value valueType="text">8</value>
  </variableValue>
  <variableValue variable="FR07_105_33">
    <value valueType="text">8</value>
  </variableValue>
  <variableValue variable="FR07_105_34">
    <value valueType="text">1</value>
  </variableValue>
  <variableValue variable="FR07_105_35">
    <value valueType="text">5</value>
  </variableValue>
  <variableValue variable="FR07_105_36">
    <value valueType="text">3</value>
  </variableValue>
  <variableValue variable="FR07_105_37">
    <value valueType="text">2</value>
  </variableValue>
  <variableValue variable="FR07_106_1">
    <value valueType="text">8</value>
  </variableValue>
  <variableValue variable="FR07_106_2">
    <value valueType="text">1</value>
  </variableValue>
  <variableValue variable="FR07_106_3">
    <value valueType="text">3</value>
  </variableValue>
  <variableValue variable="FR02_100A">
    <value valueType="text">1</value>
  </variableValue>
  <variableValue variable="FR02_100B">
    <value valueType="text">1</value>
  </variableValue>
  <variableValue variable="FR02_100C">
    <value valueType="text">1</value>
  </variableValue>
  <variableValue variable="FR02_100D">
    <value valueType="text">2</value>
  </variableValue>
  <variableValue variable="FR02_100E">
    <value valueType="text">2</value>
  </variableValue>
  <variableValue variable="FR02_100F">
    <value valueType="text">1</value>
  </variableValue>
  <variableValue variable="FR02_100G">
    <value valueType="text">2</value>
  </variableValue>
  <variableValue variable="FR07_108_9">
    <value valueType="text">1</value>
  </variableValue>
  <variableValue variable="FR02_100H">
    <value valueType="text">1</value>
  </variableValue>
  <variableValue variable="FR07_109_1P">
    <value valueType="integer">36</value>
  </variableValue>
  <variableValue variable="FR07_109_1V">
    <value valueType="integer">233</value>
  </variableValue>
  <variableValue variable="FR07_109_2P">
    <value valueType="integer">6</value>
  </variableValue>
  <variableValue variable="FR07_109_2V">
    <value valueType="integer">84</value>
  </variableValue>
  <variableValue variable="FR07_109_3P">
    <value valueType="integer">1</value>
  </variableValue>
  <variableValue variable="FR07_109_3V">
    <value valueType="integer">22</value>
  </variableValue>
  <variableValue variable="FR07_109_4P">
    <value valueType="integer">8</value>
  </variableValue>
  <variableValue variable="FR07_109_4V">
    <value valueType="integer">15</value>
  </variableValue>
  <variableValue variable="FR07_109_5P">
    <value valueType="integer">4</value>
  </variableValue>
  <variableValue variable="FR07_109_5V">
    <value valueType="integer">131</value>
  </variableValue>
  <variableValue variable="FR07_109_6P">
    <value valueType="integer">1</value>
  </variableValue>
  <variableValue variable="FR07_109_6V">
    <value valueType="integer">58</value>
  </variableValue>
  <variableValue variable="FR07_109_7P">
    <value valueType="integer">13</value>
  </variableValue>
  <variableValue variable="FR07_109_7V">
    <value valueType="integer">80</value>
  </variableValue>
  <variableValue variable="FR07_109_8P">
    <value valueType="integer">8</value>
  </variableValue>
  <variableValue variable="FR07_109_8V">
    <value valueType="integer">49</value>
  </variableValue>
  <variableValue variable="FR07_109_9P">
    <value valueType="integer">4</value>
  </variableValue>
  <variableValue variable="FR07_109_9V">
    <value valueType="integer">44</value>
  </variableValue>
  <variableValue variable="FR07_109_10P">
    <value valueType="integer">8</value>
  </variableValue>
  <variableValue variable="FR07_109_10V">
    <value valueType="integer">28</value>
  </variableValue>
  <variableValue variable="FR07_109_11P">
    <value valueType="integer">8</value>
  </variableValue>
  <variableValue variable="FR07_109_11V">
    <value valueType="integer">13</value>
  </variableValue>
  <variableValue variable="FR07_109_12P">
    <value valueType="integer">1</value>
  </variableValue>
  <variableValue variable="FR07_109_12V">
    <value valueType="integer">21</value>
  </variableValue>
  <variableValue variable="FR07_109_13P">
    <value valueType="integer">9</value>
  </variableValue>
  <variableValue variable="FR07_109_13V">
    <value valueType="integer">48</value>
  </variableValue>
  <variableValue variable="FR07_109_14P">
    <value valueType="integer">8</value>
  </variableValue>
  <variableValue variable="FR07_109_14V">
    <value valueType="integer">23</value>
  </variableValue>
  <variableValue variable="FR07_109_15P">
    <value valueType="integer">5</value>
  </variableValue>
  <variableValue variable="FR07_109_15V">
    <value valueType="integer">13</value>
  </variableValue>
  <variableValue variable="KY97">
    <value valueType="text">4</value>
  </variableValue>
  <variableValue variable="FR02_112">
    <value valueType="text">1</value>
  </variableValue>
  <variableValue variable="FR07_112">
    <value valueType="text">2</value>
  </variableValue>
  <variableValue variable="FR07_113">
    <value valueType="text">4</value>
  </variableValue>
  <variableValue variable="FR02_114">
    <value valueType="text">2</value>
  </variableValue>
  <variableValue variable="ANNOSPV1">
    <value valueType="integer">7817769103757115392</value>
  </variableValue>
  <variableValue variable="ANNOSVKO1">
    <value valueType="integer">-6276399712882145280</value>
  </variableValue>
  <variableValue variable="KAYTTO1">
    <value valueType="text">1</value>
  </variableValue>
  <variableValue variable="ANNOSPV2">
    <value valueType="integer">-6325499079274629120</value>
  </variableValue>
  <variableValue variable="ANNOSVKO2">
    <value valueType="integer">-5117548585763153920</value>
  </variableValue>
  <variableValue variable="KAYTTO2">
    <value valueType="text">1</value>
  </variableValue>
  <variableValue variable="ANNOSPV3">
    <value valueType="integer">6831444700528478208</value>
  </variableValue>
  <variableValue variable="ANNOSVKO3">
    <value valueType="integer">6368721582173325312</value>
  </variableValue>
  <variableValue variable="KAYTTO3">
    <value valueType="text">1</value>
  </variableValue>
  <variableValue variable="ANNOSPV4">
    <value valueType="integer">-8366752099359787008</value>
  </variableValue>
  <variableValue variable="ANNOSVKO4">
    <value valueType="integer">5288847839271948288</value>
  </variableValue>
  <variableValue variable="KAYTTO4">
    <value valueType="text">2</value>
  </variableValue>
  <variableValue variable="ANNOSPV5">
    <value valueType="integer">1866841896763439104</value>
  </variableValue>
  <variableValue variable="ANNOSVKO5">
    <value valueType="integer">-412213982374909952</value>
  </variableValue>
  <variableValue variable="KAYTTO5">
    <value valueType="text">1</value>
  </variableValue>
  <variableValue variable="ANNOSPV6">
    <value valueType="integer">7056988150878683136</value>
  </variableValue>
  <variableValue variable="ANNOSVKO6">
    <value valueType="integer">-8075685093081874432</value>
  </variableValue>
  <variableValue variable="KAYTTO6">
    <value valueType="text">2</value>
  </variableValue>
  <variableValue variable="ANNOSPV7">
    <value valueType="integer">-2984738700816457728</value>
  </variableValue>
  <variableValue variable="ANNOSVKO7">
    <value valueType="integer">3256807847542392832</value>
  </variableValue>
  <variableValue variable="KAYTTO7">
    <value valueType="text">2</value>
  </variableValue>
  <variableValue variable="ANNOSPV8">
    <value valueType="integer">-3520756232984848384</value>
  </variableValue>
  <variableValue variable="ANNOSVKO8">
    <value valueType="integer">961030951277312000</value>
  </variableValue>
  <variableValue variable="KAYTTO8">
    <value valueType="text">2</value>
  </variableValue>
  <variableValue variable="ANNOSPV9">
    <value valueType="integer">-2415517717571647488</value>
  </variableValue>
  <variableValue variable="ANNOSVKO9">
    <value valueType="integer">4980750933195380736</value>
  </variableValue>
  <variableValue variable="KAYTTO9">
    <value valueType="text">2</value>
  </variableValue>
  <variableValue variable="ANNOSPV10">
    <value valueType="integer">3617621953326055424</value>
  </variableValue>
  <variableValue variable="ANNOSVKO10">
    <value valueType="integer">2971400170016823296</value>
  </variableValue>
  <variableValue variable="KAYTTO10">
    <value valueType="text">1</value>
  </variableValue>
  <variableValue variable="ANNOSPV11">
    <value valueType="integer">8645962778473779200</value>
  </variableValue>
  <variableValue variable="ANNOSVKO11">
    <value valueType="integer">6079905432550303744</value>
  </variableValue>
  <variableValue variable="KAYTTO11">
    <value valueType="text">1</value>
  </variableValue>
  <variableValue variable="ANNOSPV12">
    <value valueType="integer">-5450276564233453568</value>
  </variableValue>
  <variableValue variable="ANNOSVKO12">
    <value valueType="integer">4709737048281624576</value>
  </variableValue>
  <variableValue variable="KAYTTO12">
    <value valueType="text">1</value>
  </variableValue>
  <variableValue variable="ANNOSPV13">
    <value valueType="integer">-6938107994819727360</value>
  </variableValue>
  <variableValue variable="ANNOSVKO13">
    <value valueType="integer">-5793520786500878336</value>
  </variableValue>
  <variableValue variable="KAYTTO13">
    <value valueType="text">2</value>
  </variableValue>
  <variableValue variable="ANNOSPV14">
    <value valueType="integer">-8393661009849014272</value>
  </variableValue>
  <variableValue variable="ANNOSVKO14">
    <value valueType="integer">3941149705234724864</value>
  </variableValue>
  <variableValue variable="KAYTTO14">
    <value valueType="text">1</value>
  </variableValue>
</valueSet>