<valueSet valueTable="FNAC" entityType="Participant" entityIdentifier="1287902430184113283">
  <variableValue variable="SVUOSI">
    <value valueType="integer">1935</value>
  </variableValue>
  <variableValue variable="SUKUP">
    <value valueType="text">2</value>
  </variableValue>
  <variableValue variable="PITUUS">
    <value valueType="decimal">1.5745619699719067</value>
  </variableValue>
  <variableValue variable="PAINO">
    <value valueType="decimal">80.96426098464215</value>
  </variableValue>
  <variableValue variable="VYOTARO">
    <value valueType="decimal">101.09678572206694</value>
  </variableValue>
  <variableValue variable="LANTIO">
    <value valueType="decimal">100.37015344825566</value>
  </variableValue>
  <variableValue variable="DIAS1">
    <value valueType="decimal">57.05004161076567</value>
  </variableValue>
  <variableValue variable="DIAS2">
    <value valueType="decimal">93.23050334315603</value>
  </variableValue>
  <variableValue variable="DIAS3">
    <value valueType="decimal">36.644425851111244</value>
  </variableValue>
  <variableValue variable="SYS1">
    <value valueType="decimal">117.59084918351357</value>
  </variableValue>
  <variableValue variable="SYS2">
    <value valueType="decimal">128.72019567552888</value>
  </variableValue>
  <variableValue variable="SYS3">
    <value valueType="decimal">198.66059593480588</value>
  </variableValue>
  <variableValue variable="Q29">
    <value valueType="text">2</value>
  </variableValue>
  <variableValue variable="Q30">
    <value valueType="text">3</value>
  </variableValue>
  <variableValue variable="K34">
    <value valueType="text">1</value>
  </variableValue>
  <variableValue variable="Q38">
    <value valueType="text">2</value>
  </variableValue>
  <variableValue variable="Q17A">
    <value valueType="text">2</value>
  </variableValue>
  <variableValue variable="FR07_38">
    <value valueType="text">6</value>
  </variableValue>
  <variableValue variable="Q16A">
    <value valueType="text">2</value>
  </variableValue>
  <variableValue variable="Q15A">
    <value valueType="text">2</value>
  </variableValue>
  <variableValue variable="TUPI3">
    <value valueType="text">2</value>
  </variableValue>
  <variableValue variable="Q67">
    <value valueType="text">2</value>
  </variableValue>
  <variableValue variable="TUPI1">
    <value valueType="integer">36</value>
  </variableValue>
  <variableValue variable="FR07_13_laani">
    <value valueType="text">4</value>
  </variableValue>
  <variableValue variable="KOL">
    <value valueType="decimal">3.7556296470145143</value>
  </variableValue>
  <variableValue variable="TRIG">
    <value valueType="decimal">1.4759892395590124</value>
  </variableValue>
  <variableValue variable="HDL">
    <value valueType="decimal">1.0381870846661059</value>
  </variableValue>
  <variableValue variable="sl_gluk_0h">
    <value valueType="decimal">7.018125710288857</value>
  </variableValue>
  <variableValue variable="Q128A">
    <value valueType="text">4</value>
  </variableValue>
  <variableValue variable="FR02_145B">
    <value valueType="integer">3</value>
  </variableValue>
  <variableValue variable="FR02_145E">
    <value valueType="integer">99</value>
  </variableValue>
  <variableValue variable="FR02_145F">
    <value valueType="integer">30</value>
  </variableValue>
  <variableValue variable="FR02_145D">
    <value valueType="integer">24</value>
  </variableValue>
  <variableValue variable="ALKI1">
    <value valueType="integer">33</value>
  </variableValue>
  <variableValue variable="KY2">
    <value valueType="text">4</value>
  </variableValue>
  <variableValue variable="k13">
    <value valueType="integer">16</value>
  </variableValue>
  <variableValue variable="TULOT">
    <value valueType="text">3</value>
  </variableValue>
  <variableValue variable="FR02_3">
    <value valueType="text">3</value>
  </variableValue>
  <variableValue variable="KOULV">
    <value valueType="integer">32</value>
  </variableValue>
  <variableValue variable="FR07_11">
    <value valueType="text">4</value>
  </variableValue>
  <variableValue variable="Q56">
    <value valueType="text">1</value>
  </variableValue>
  <variableValue variable="Q57">
    <value valueType="text">3</value>
  </variableValue>
  <variableValue variable="Q58">
    <value valueType="text">1</value>
  </variableValue>
  <variableValue variable="FRO7_81">
    <value valueType="text">2</value>
  </variableValue>
  <variableValue variable="Q61">
    <value valueType="text">2</value>
  </variableValue>
  <variableValue variable="KY74">
    <value valueType="text">1</value>
  </variableValue>
  <variableValue variable="Q63">
    <value valueType="text">3</value>
  </variableValue>
  <variableValue variable="FR07_85_1">
    <value valueType="integer">76</value>
  </variableValue>
  <variableValue variable="FR07_85_2">
    <value valueType="integer">96</value>
  </variableValue>
  <variableValue variable="FR07_85_3">
    <value valueType="integer">69</value>
  </variableValue>
  <variableValue variable="FR07_85_4">
    <value valueType="integer">57</value>
  </variableValue>
  <variableValue variable="FR07_85_5">
    <value valueType="integer">44</value>
  </variableValue>
  <variableValue variable="FR07_85_6">
    <value valueType="integer">37</value>
  </variableValue>
  <variableValue variable="FR07_86_1T">
    <value valueType="integer">10</value>
  </variableValue>
  <variableValue variable="FR07_86_1M">
    <value valueType="integer">8</value>
  </variableValue>
  <variableValue variable="FR07_86_2T">
    <value valueType="integer">7</value>
  </variableValue>
  <variableValue variable="FR07_86_2M">
    <value valueType="integer">53</value>
  </variableValue>
  <variableValue variable="FR07_86_3T">
    <value valueType="integer">18</value>
  </variableValue>
  <variableValue variable="FR07_86_3M">
    <value valueType="integer">8</value>
  </variableValue>
  <variableValue variable="FR07_86_4T">
    <value valueType="integer">6</value>
  </variableValue>
  <variableValue variable="FR07_86_4M">
    <value valueType="integer">34</value>
  </variableValue>
  <variableValue variable="FR07_86_5T">
    <value valueType="integer">2</value>
  </variableValue>
  <variableValue variable="FR07_86_5M">
    <value valueType="integer">33</value>
  </variableValue>
  <variableValue variable="FR07_105_1">
    <value valueType="text">6</value>
  </variableValue>
  <variableValue variable="FR07_105_2">
    <value valueType="text">5</value>
  </variableValue>
  <variableValue variable="FR07_105_3">
    <value valueType="text">4</value>
  </variableValue>
  <variableValue variable="FR07_105_4">
    <value valueType="text">5</value>
  </variableValue>
  <variableValue variable="FR07_105_5">
    <value valueType="text">8</value>
  </variableValue>
  <variableValue variable="FR07_105_6">
    <value valueType="text">3</value>
  </variableValue>
  <variableValue variable="FR07_105_7">
    <value valueType="text">1</value>
  </variableValue>
  <variableValue variable="FR07_105_8">
    <value valueType="text">8</value>
  </variableValue>
  <variableValue variable="FR07_105_9">
    <value valueType="text">4</value>
  </variableValue>
  <variableValue variable="FR07_105_10">
    <value valueType="text">7</value>
  </variableValue>
  <variableValue variable="FR07_105_11">
    <value valueType="text">4</value>
  </variableValue>
  <variableValue variable="FR07_105_12">
    <value valueType="text">2</value>
  </variableValue>
  <variableValue variable="FR07_105_13">
    <value valueType="text">5</value>
  </variableValue>
  <variableValue variable="FR07_105_14">
    <value valueType="text">6</value>
  </variableValue>
  <variableValue variable="FR07_105_15">
    <value valueType="text">8</value>
  </variableValue>
  <variableValue variable="FR07_105_16">
    <value valueType="text">8</value>
  </variableValue>
  <variableValue variable="FR07_105_17">
    <value valueType="text">7</value>
  </variableValue>
  <variableValue variable="FR07_105_18">
    <value valueType="text">4</value>
  </variableValue>
  <variableValue variable="FR07_105_19">
    <value valueType="text">2</value>
  </variableValue>
  <variableValue variable="FR07_105_20">
    <value valueType="text">4</value>
  </variableValue>
  <variableValue variable="FR07_105_21">
    <value valueType="text">6</value>
  </variableValue>
  <variableValue variable="FR07_105_22">
    <value valueType="text">4</value>
  </variableValue>
  <variableValue variable="FR07_105_23">
    <value valueType="text">8</value>
  </variableValue>
  <variableValue variable="FR07_105_24">
    <value valueType="text">3</value>
  </variableValue>
  <variableValue variable="FR07_105_25">
    <value valueType="text">6</value>
  </variableValue>
  <variableValue variable="FR07_105_26">
    <value valueType="text">3</value>
  </variableValue>
  <variableValue variable="FR07_105_27">
    <value valueType="text">5</value>
  </variableValue>
  <variableValue variable="FR07_105_28">
    <value valueType="text">8</value>
  </variableValue>
  <variableValue variable="FR07_105_29">
    <value valueType="text">5</value>
  </variableValue>
  <variableValue variable="FR07_105_30">
    <value valueType="text">1</value>
  </variableValue>
  <variableValue variable="FR07_105_31">
    <value valueType="text">6</value>
  </variableValue>
  <variableValue variable="FR07_105_32">
    <value valueType="text">1</value>
  </variableValue>
  <variableValue variable="FR07_105_33">
    <value valueType="text">5</value>
  </variableValue>
  <variableValue variable="FR07_105_34">
    <value valueType="text">2</value>
  </variableValue>
  <variableValue variable="FR07_105_35">
    <value valueType="text">6</value>
  </variableValue>
  <variableValue variable="FR07_105_36">
    <value valueType="text">2</value>
  </variableValue>
  <variableValue variable="FR07_105_37">
    <value valueType="text">8</value>
  </variableValue>
  <variableValue variable="FR07_106_1">
    <value valueType="text">8</value>
  </variableValue>
  <variableValue variable="FR07_106_2">
    <value valueType="text">6</value>
  </variableValue>
  <variableValue variable="FR07_106_3">
    <value valueType="text">1</value>
  </variableValue>
  <variableValue variable="FR02_100A">
    <value valueType="text">1</value>
  </variableValue>
  <variableValue variable="FR02_100B">
    <value valueType="text">1</value>
  </variableValue>
  <variableValue variable="FR02_100C">
    <value valueType="text">1</value>
  </variableValue>
  <variableValue variable="FR02_100D">
    <value valueType="text">1</value>
  </variableValue>
  <variableValue variable="FR02_100E">
    <value valueType="text">2</value>
  </variableValue>
  <variableValue variable="FR02_100F">
    <value valueType="text">2</value>
  </variableValue>
  <variableValue variable="FR02_100G">
    <value valueType="text">1</value>
  </variableValue>
  <variableValue variable="FR07_108_9">
    <value valueType="text">2</value>
  </variableValue>
  <variableValue variable="FR02_100H">
    <value valueType="text">2</value>
  </variableValue>
  <variableValue variable="FR07_109_1P">
    <value valueType="integer">9</value>
  </variableValue>
  <variableValue variable="FR07_109_1V">
    <value valueType="integer">263</value>
  </variableValue>
  <variableValue variable="FR07_109_2P">
    <value valueType="integer">5</value>
  </variableValue>
  <variableValue variable="FR07_109_2V">
    <value valueType="integer">59</value>
  </variableValue>
  <variableValue variable="FR07_109_3P">
    <value valueType="integer">1</value>
  </variableValue>
  <variableValue variable="FR07_109_3V">
    <value valueType="integer">6</value>
  </variableValue>
  <variableValue variable="FR07_109_4P">
    <value valueType="integer">8</value>
  </variableValue>
  <variableValue variable="FR07_109_4V">
    <value valueType="integer">52</value>
  </variableValue>
  <variableValue variable="FR07_109_5P">
    <value valueType="integer">12</value>
  </variableValue>
  <variableValue variable="FR07_109_5V">
    <value valueType="integer">99</value>
  </variableValue>
  <variableValue variable="FR07_109_6P">
    <value valueType="integer">15</value>
  </variableValue>
  <variableValue variable="FR07_109_6V">
    <value valueType="integer">145</value>
  </variableValue>
  <variableValue variable="FR07_109_7P">
    <value valueType="integer">10</value>
  </variableValue>
  <variableValue variable="FR07_109_7V">
    <value valueType="integer">130</value>
  </variableValue>
  <variableValue variable="FR07_109_8P">
    <value valueType="integer">11</value>
  </variableValue>
  <variableValue variable="FR07_109_8V">
    <value valueType="integer">66</value>
  </variableValue>
  <variableValue variable="FR07_109_9P">
    <value valueType="integer">0</value>
  </variableValue>
  <variableValue variable="FR07_109_9V">
    <value valueType="integer">7</value>
  </variableValue>
  <variableValue variable="FR07_109_10P">
    <value valueType="integer">1</value>
  </variableValue>
  <variableValue variable="FR07_109_10V">
    <value valueType="integer">39</value>
  </variableValue>
  <variableValue variable="FR07_109_11P">
    <value valueType="integer">5</value>
  </variableValue>
  <variableValue variable="FR07_109_11V">
    <value valueType="integer">3</value>
  </variableValue>
  <variableValue variable="FR07_109_12P">
    <value valueType="integer">4</value>
  </variableValue>
  <variableValue variable="FR07_109_12V">
    <value valueType="integer">14</value>
  </variableValue>
  <variableValue variable="FR07_109_13P">
    <value valueType="integer">1</value>
  </variableValue>
  <variableValue variable="FR07_109_13V">
    <value valueType="integer">62</value>
  </variableValue>
  <variableValue variable="FR07_109_14P">
    <value valueType="integer">8</value>
  </variableValue>
  <variableValue variable="FR07_109_14V">
    <value valueType="integer">66</value>
  </variableValue>
  <variableValue variable="FR07_109_15P">
    <value valueType="integer">15</value>
  </variableValue>
  <variableValue variable="FR07_109_15V">
    <value valueType="integer">62</value>
  </variableValue>
  <variableValue variable="KY97">
    <value valueType="text">2</value>
  </variableValue>
  <variableValue variable="FR02_112">
    <value valueType="text">5</value>
  </variableValue>
  <variableValue variable="FR07_112">
    <value valueType="text">2</value>
  </variableValue>
  <variableValue variable="FR07_113">
    <value valueType="text">5</value>
  </variableValue>
  <variableValue variable="FR02_114">
    <value valueType="text">2</value>
  </variableValue>
  <variableValue variable="ANNOSPV1">
    <value valueType="integer">-8399961346030145536</value>
  </variableValue>
  <variableValue variable="ANNOSVKO1">
    <value valueType="integer">-3102100318581428224</value>
  </variableValue>
  <variableValue variable="KAYTTO1">
    <value valueType="text">1</value>
  </variableValue>
  <variableValue variable="ANNOSPV2">
    <value valueType="integer">-3353863973087238144</value>
  </variableValue>
  <variableValue variable="ANNOSVKO2">
    <value valueType="integer">-501072202492981248</value>
  </variableValue>
  <variableValue variable="KAYTTO2">
    <value valueType="text">1</value>
  </variableValue>
  <variableValue variable="ANNOSPV3">
    <value valueType="integer">9013107758881251328</value>
  </variableValue>
  <variableValue variable="ANNOSVKO3">
    <value valueType="integer">5524858985065842688</value>
  </variableValue>
  <variableValue variable="KAYTTO3">
    <value valueType="text">1</value>
  </variableValue>
  <variableValue variable="ANNOSPV4">
    <value valueType="integer">-7455533187786170368</value>
  </variableValue>
  <variableValue variable="ANNOSVKO4">
    <value valueType="integer">4701405690158452736</value>
  </variableValue>
  <variableValue variable="KAYTTO4">
    <value valueType="text">2</value>
  </variableValue>
  <variableValue variable="ANNOSPV5">
    <value valueType="integer">-7028224575762233344</value>
  </variableValue>
  <variableValue variable="ANNOSVKO5">
    <value valueType="integer">2144834766746271744</value>
  </variableValue>
  <variableValue variable="KAYTTO5">
    <value valueType="text">2</value>
  </variableValue>
  <variableValue variable="ANNOSPV6">
    <value valueType="integer">2722765860769017856</value>
  </variableValue>
  <variableValue variable="ANNOSVKO6">
    <value valueType="integer">-6638204253272709120</value>
  </variableValue>
  <variableValue variable="KAYTTO6">
    <value valueType="text">1</value>
  </variableValue>
  <variableValue variable="ANNOSPV7">
    <value valueType="integer">-8866718801291202560</value>
  </variableValue>
  <variableValue variable="ANNOSVKO7">
    <value valueType="integer">-4621182421456670720</value>
  </variableValue>
  <variableValue variable="KAYTTO7">
    <value valueType="text">2</value>
  </variableValue>
  <variableValue variable="ANNOSPV8">
    <value valueType="integer">-6253110822095011840</value>
  </variableValue>
  <variableValue variable="ANNOSVKO8">
    <value valueType="integer">-5769780109058801664</value>
  </variableValue>
  <variableValue variable="KAYTTO8">
    <value valueType="text">1</value>
  </variableValue>
  <variableValue variable="ANNOSPV9">
    <value valueType="integer">-8137178311266768896</value>
  </variableValue>
  <variableValue variable="ANNOSVKO9">
    <value valueType="integer">7782065603453665280</value>
  </variableValue>
  <variableValue variable="KAYTTO9">
    <value valueType="text">2</value>
  </variableValue>
  <variableValue variable="ANNOSPV10">
    <value valueType="integer">-6113724441082841088</value>
  </variableValue>
  <variableValue variable="ANNOSVKO10">
    <value valueType="integer">8867311859102658560</value>
  </variableValue>
  <variableValue variable="KAYTTO10">
    <value valueType="text">1</value>
  </variableValue>
  <variableValue variable="ANNOSPV11">
    <value valueType="integer">504826610452856832</value>
  </variableValue>
  <variableValue variable="ANNOSVKO11">
    <value valueType="integer">-501989116599853056</value>
  </variableValue>
  <variableValue variable="KAYTTO11">
    <value valueType="text">2</value>
  </variableValue>
  <variableValue variable="ANNOSPV12">
    <value valueType="integer">-6565817348648636416</value>
  </variableValue>
  <variableValue variable="ANNOSVKO12">
    <value valueType="integer">1808489937879357440</value>
  </variableValue>
  <variableValue variable="KAYTTO12">
    <value valueType="text">2</value>
  </variableValue>
  <variableValue variable="ANNOSPV13">
    <value valueType="integer">7936324403820943360</value>
  </variableValue>
  <variableValue variable="ANNOSVKO13">
    <value valueType="integer">-4625173997304403968</value>
  </variableValue>
  <variableValue variable="KAYTTO13">
    <value valueType="text">1</value>
  </variableValue>
  <variableValue variable="ANNOSPV14">
    <value valueType="integer">-8874553622900416512</value>
  </variableValue>
  <variableValue variable="ANNOSVKO14">
    <value valueType="integer">-6386720488679686144</value>
  </variableValue>
  <variableValue variable="KAYTTO14">
    <value valueType="text">1</value>
  </variableValue>
</valueSet>