<valueSet valueTable="FNAC" entityType="Participant" entityIdentifier="46069716592759873">
  <variableValue variable="SVUOSI">
    <value valueType="integer">1940</value>
  </variableValue>
  <variableValue variable="SUKUP">
    <value valueType="text">1</value>
  </variableValue>
  <variableValue variable="PITUUS">
    <value valueType="decimal">1.710019880498919</value>
  </variableValue>
  <variableValue variable="PAINO">
    <value valueType="decimal">72.86345189137926</value>
  </variableValue>
  <variableValue variable="VYOTARO">
    <value valueType="decimal">86.93091630514148</value>
  </variableValue>
  <variableValue variable="LANTIO">
    <value valueType="decimal">95.69630877186036</value>
  </variableValue>
  <variableValue variable="DIAS1">
    <value valueType="decimal">69.77523868714705</value>
  </variableValue>
  <variableValue variable="DIAS2">
    <value valueType="decimal">105.35416357936735</value>
  </variableValue>
  <variableValue variable="DIAS3">
    <value valueType="decimal">58.63048499594409</value>
  </variableValue>
  <variableValue variable="SYS1">
    <value valueType="decimal">122.08036719661749</value>
  </variableValue>
  <variableValue variable="SYS2">
    <value valueType="decimal">172.54778604698032</value>
  </variableValue>
  <variableValue variable="SYS3">
    <value valueType="decimal">199.09647392375794</value>
  </variableValue>
  <variableValue variable="Q29">
    <value valueType="text">1</value>
  </variableValue>
  <variableValue variable="Q30">
    <value valueType="text">1</value>
  </variableValue>
  <variableValue variable="K34">
    <value valueType="text">1</value>
  </variableValue>
  <variableValue variable="Q38">
    <value valueType="text">2</value>
  </variableValue>
  <variableValue variable="Q17A">
    <value valueType="text">1</value>
  </variableValue>
  <variableValue variable="FR07_38">
    <value valueType="text">6</value>
  </variableValue>
  <variableValue variable="Q16A">
    <value valueType="text">2</value>
  </variableValue>
  <variableValue variable="Q15A">
    <value valueType="text">1</value>
  </variableValue>
  <variableValue variable="TUPI3">
    <value valueType="text">1</value>
  </variableValue>
  <variableValue variable="Q67">
    <value valueType="text">2</value>
  </variableValue>
  <variableValue variable="TUPI1">
    <value valueType="integer">49</value>
  </variableValue>
  <variableValue variable="FR07_13_laani">
    <value valueType="text">2</value>
  </variableValue>
  <variableValue variable="KOL">
    <value valueType="decimal">2.686649331473018</value>
  </variableValue>
  <variableValue variable="TRIG">
    <value valueType="decimal">1.1499868303670082</value>
  </variableValue>
  <variableValue variable="HDL">
    <value valueType="decimal">1.5202839544279403</value>
  </variableValue>
  <variableValue variable="sl_gluk_0h">
    <value valueType="decimal">6.549490669366595</value>
  </variableValue>
  <variableValue variable="Q128A">
    <value valueType="text">2</value>
  </variableValue>
  <variableValue variable="FR02_145B">
    <value valueType="integer">2</value>
  </variableValue>
  <variableValue variable="FR02_145E">
    <value valueType="integer">70</value>
  </variableValue>
  <variableValue variable="FR02_145F">
    <value valueType="integer">56</value>
  </variableValue>
  <variableValue variable="FR02_145D">
    <value valueType="integer">54</value>
  </variableValue>
  <variableValue variable="ALKI1">
    <value valueType="integer">1065</value>
  </variableValue>
  <variableValue variable="KY2">
    <value valueType="text">2</value>
  </variableValue>
  <variableValue variable="k13">
    <value valueType="integer">5</value>
  </variableValue>
  <variableValue variable="TULOT">
    <value valueType="text">6</value>
  </variableValue>
  <variableValue variable="FR02_3">
    <value valueType="text">4</value>
  </variableValue>
  <variableValue variable="KOULV">
    <value valueType="integer">49</value>
  </variableValue>
  <variableValue variable="FR07_11">
    <value valueType="text">4</value>
  </variableValue>
  <variableValue variable="Q56">
    <value valueType="text">1</value>
  </variableValue>
  <variableValue variable="Q57">
    <value valueType="text">3</value>
  </variableValue>
  <variableValue variable="Q58">
    <value valueType="text">2</value>
  </variableValue>
  <variableValue variable="FRO7_81">
    <value valueType="text">4</value>
  </variableValue>
  <variableValue variable="Q61">
    <value valueType="text">4</value>
  </variableValue>
  <variableValue variable="KY74">
    <value valueType="text">3</value>
  </variableValue>
  <variableValue variable="Q63">
    <value valueType="text">3</value>
  </variableValue>
  <variableValue variable="FR07_85_1">
    <value valueType="integer">97</value>
  </variableValue>
  <variableValue variable="FR07_85_2">
    <value valueType="integer">41</value>
  </variableValue>
  <variableValue variable="FR07_85_3">
    <value valueType="integer">84</value>
  </variableValue>
  <variableValue variable="FR07_85_4">
    <value valueType="integer">32</value>
  </variableValue>
  <variableValue variable="FR07_85_5">
    <value valueType="integer">3</value>
  </variableValue>
  <variableValue variable="FR07_85_6">
    <value valueType="integer">25</value>
  </variableValue>
  <variableValue variable="FR07_86_1T">
    <value valueType="integer">6</value>
  </variableValue>
  <variableValue variable="FR07_86_1M">
    <value valueType="integer">32</value>
  </variableValue>
  <variableValue variable="FR07_86_2T">
    <value valueType="integer">5</value>
  </variableValue>
  <variableValue variable="FR07_86_2M">
    <value valueType="integer">16</value>
  </variableValue>
  <variableValue variable="FR07_86_3T">
    <value valueType="integer">13</value>
  </variableValue>
  <variableValue variable="FR07_86_3M">
    <value valueType="integer">46</value>
  </variableValue>
  <variableValue variable="FR07_86_4T">
    <value valueType="integer">5</value>
  </variableValue>
  <variableValue variable="FR07_86_4M">
    <value valueType="integer">28</value>
  </variableValue>
  <variableValue variable="FR07_86_5T">
    <value valueType="integer">12</value>
  </variableValue>
  <variableValue variable="FR07_86_5M">
    <value valueType="integer">55</value>
  </variableValue>
  <variableValue variable="FR07_105_1">
    <value valueType="text">1</value>
  </variableValue>
  <variableValue variable="FR07_105_2">
    <value valueType="text">5</value>
  </variableValue>
  <variableValue variable="FR07_105_3">
    <value valueType="text">3</value>
  </variableValue>
  <variableValue variable="FR07_105_4">
    <value valueType="text">2</value>
  </variableValue>
  <variableValue variable="FR07_105_5">
    <value valueType="text">3</value>
  </variableValue>
  <variableValue variable="FR07_105_6">
    <value valueType="text">4</value>
  </variableValue>
  <variableValue variable="FR07_105_7">
    <value valueType="text">4</value>
  </variableValue>
  <variableValue variable="FR07_105_8">
    <value valueType="text">3</value>
  </variableValue>
  <variableValue variable="FR07_105_9">
    <value valueType="text">3</value>
  </variableValue>
  <variableValue variable="FR07_105_10">
    <value valueType="text">4</value>
  </variableValue>
  <variableValue variable="FR07_105_11">
    <value valueType="text">4</value>
  </variableValue>
  <variableValue variable="FR07_105_12">
    <value valueType="text">3</value>
  </variableValue>
  <variableValue variable="FR07_105_13">
    <value valueType="text">2</value>
  </variableValue>
  <variableValue variable="FR07_105_14">
    <value valueType="text">5</value>
  </variableValue>
  <variableValue variable="FR07_105_15">
    <value valueType="text">8</value>
  </variableValue>
  <variableValue variable="FR07_105_16">
    <value valueType="text">3</value>
  </variableValue>
  <variableValue variable="FR07_105_17">
    <value valueType="text">4</value>
  </variableValue>
  <variableValue variable="FR07_105_18">
    <value valueType="text">4</value>
  </variableValue>
  <variableValue variable="FR07_105_19">
    <value valueType="text">3</value>
  </variableValue>
  <variableValue variable="FR07_105_20">
    <value valueType="text">7</value>
  </variableValue>
  <variableValue variable="FR07_105_21">
    <value valueType="text">2</value>
  </variableValue>
  <variableValue variable="FR07_105_22">
    <value valueType="text">7</value>
  </variableValue>
  <variableValue variable="FR07_105_23">
    <value valueType="text">1</value>
  </variableValue>
  <variableValue variable="FR07_105_24">
    <value valueType="text">4</value>
  </variableValue>
  <variableValue variable="FR07_105_25">
    <value valueType="text">6</value>
  </variableValue>
  <variableValue variable="FR07_105_26">
    <value valueType="text">6</value>
  </variableValue>
  <variableValue variable="FR07_105_27">
    <value valueType="text">3</value>
  </variableValue>
  <variableValue variable="FR07_105_28">
    <value valueType="text">1</value>
  </variableValue>
  <variableValue variable="FR07_105_29">
    <value valueType="text">8</value>
  </variableValue>
  <variableValue variable="FR07_105_30">
    <value valueType="text">5</value>
  </variableValue>
  <variableValue variable="FR07_105_31">
    <value valueType="text">7</value>
  </variableValue>
  <variableValue variable="FR07_105_32">
    <value valueType="text">8</value>
  </variableValue>
  <variableValue variable="FR07_105_33">
    <value valueType="text">8</value>
  </variableValue>
  <variableValue variable="FR07_105_34">
    <value valueType="text">6</value>
  </variableValue>
  <variableValue variable="FR07_105_35">
    <value valueType="text">1</value>
  </variableValue>
  <variableValue variable="FR07_105_36">
    <value valueType="text">6</value>
  </variableValue>
  <variableValue variable="FR07_105_37">
    <value valueType="text">3</value>
  </variableValue>
  <variableValue variable="FR07_106_1">
    <value valueType="text">6</value>
  </variableValue>
  <variableValue variable="FR07_106_2">
    <value valueType="text">5</value>
  </variableValue>
  <variableValue variable="FR07_106_3">
    <value valueType="text">5</value>
  </variableValue>
  <variableValue variable="FR02_100A">
    <value valueType="text">1</value>
  </variableValue>
  <variableValue variable="FR02_100B">
    <value valueType="text">1</value>
  </variableValue>
  <variableValue variable="FR02_100C">
    <value valueType="text">1</value>
  </variableValue>
  <variableValue variable="FR02_100D">
    <value valueType="text">1</value>
  </variableValue>
  <variableValue variable="FR02_100E">
    <value valueType="text">1</value>
  </variableValue>
  <variableValue variable="FR02_100F">
    <value valueType="text">2</value>
  </variableValue>
  <variableValue variable="FR02_100G">
    <value valueType="text">2</value>
  </variableValue>
  <variableValue variable="FR07_108_9">
    <value valueType="text">2</value>
  </variableValue>
  <variableValue variable="FR02_100H">
    <value valueType="text">2</value>
  </variableValue>
  <variableValue variable="FR07_109_1P">
    <value valueType="integer">27</value>
  </variableValue>
  <variableValue variable="FR07_109_1V">
    <value valueType="integer">164</value>
  </variableValue>
  <variableValue variable="FR07_109_2P">
    <value valueType="integer">7</value>
  </variableValue>
  <variableValue variable="FR07_109_2V">
    <value valueType="integer">36</value>
  </variableValue>
  <variableValue variable="FR07_109_3P">
    <value valueType="integer">1</value>
  </variableValue>
  <variableValue variable="FR07_109_3V">
    <value valueType="integer">2</value>
  </variableValue>
  <variableValue variable="FR07_109_4P">
    <value valueType="integer">3</value>
  </variableValue>
  <variableValue variable="FR07_109_4V">
    <value valueType="integer">22</value>
  </variableValue>
  <variableValue variable="FR07_109_5P">
    <value valueType="integer">8</value>
  </variableValue>
  <variableValue variable="FR07_109_5V">
    <value valueType="integer">57</value>
  </variableValue>
  <variableValue variable="FR07_109_6P">
    <value valueType="integer">6</value>
  </variableValue>
  <variableValue variable="FR07_109_6V">
    <value valueType="integer">94</value>
  </variableValue>
  <variableValue variable="FR07_109_7P">
    <value valueType="integer">0</value>
  </variableValue>
  <variableValue variable="FR07_109_7V">
    <value valueType="integer">97</value>
  </variableValue>
  <variableValue variable="FR07_109_8P">
    <value valueType="integer">18</value>
  </variableValue>
  <variableValue variable="FR07_109_8V">
    <value valueType="integer">124</value>
  </variableValue>
  <variableValue variable="FR07_109_9P">
    <value valueType="integer">4</value>
  </variableValue>
  <variableValue variable="FR07_109_9V">
    <value valueType="integer">17</value>
  </variableValue>
  <variableValue variable="FR07_109_10P">
    <value valueType="integer">8</value>
  </variableValue>
  <variableValue variable="FR07_109_10V">
    <value valueType="integer">43</value>
  </variableValue>
  <variableValue variable="FR07_109_11P">
    <value valueType="integer">5</value>
  </variableValue>
  <variableValue variable="FR07_109_11V">
    <value valueType="integer">18</value>
  </variableValue>
  <variableValue variable="FR07_109_12P">
    <value valueType="integer">6</value>
  </variableValue>
  <variableValue variable="FR07_109_12V">
    <value valueType="integer">7</value>
  </variableValue>
  <variableValue variable="FR07_109_13P">
    <value valueType="integer">6</value>
  </variableValue>
  <variableValue variable="FR07_109_13V">
    <value valueType="integer">67</value>
  </variableValue>
  <variableValue variable="FR07_109_14P">
    <value valueType="integer">3</value>
  </variableValue>
  <variableValue variable="FR07_109_14V">
    <value valueType="integer">34</value>
  </variableValue>
  <variableValue variable="FR07_109_15P">
    <value valueType="integer">7</value>
  </variableValue>
  <variableValue variable="FR07_109_15V">
    <value valueType="integer">70</value>
  </variableValue>
  <variableValue variable="KY97">
    <value valueType="text">3</value>
  </variableValue>
  <variableValue variable="FR02_112">
    <value valueType="text">1</value>
  </variableValue>
  <variableValue variable="FR07_112">
    <value valueType="text">6</value>
  </variableValue>
  <variableValue variable="FR07_113">
    <value valueType="text">7</value>
  </variableValue>
  <variableValue variable="FR02_114">
    <value valueType="text">1</value>
  </variableValue>
  <variableValue variable="ANNOSPV1">
    <value valueType="integer">5626393351426652160</value>
  </variableValue>
  <variableValue variable="ANNOSVKO1">
    <value valueType="integer">-5184025607384567808</value>
  </variableValue>
  <variableValue variable="KAYTTO1">
    <value valueType="text">1</value>
  </variableValue>
  <variableValue variable="ANNOSPV2">
    <value valueType="integer">1434634933703450624</value>
  </variableValue>
  <variableValue variable="ANNOSVKO2">
    <value valueType="integer">8897435539251202048</value>
  </variableValue>
  <variableValue variable="KAYTTO2">
    <value valueType="text">1</value>
  </variableValue>
  <variableValue variable="ANNOSPV3">
    <value valueType="integer">-3915341163491942400</value>
  </variableValue>
  <variableValue variable="ANNOSVKO3">
    <value valueType="integer">6961821185830774784</value>
  </variableValue>
  <variableValue variable="KAYTTO3">
    <value valueType="text">1</value>
  </variableValue>
  <variableValue variable="ANNOSPV4">
    <value valueType="integer">-8718420868206895104</value>
  </variableValue>
  <variableValue variable="ANNOSVKO4">
    <value valueType="integer">-5019109739281225728</value>
  </variableValue>
  <variableValue variable="KAYTTO4">
    <value valueType="text">2</value>
  </variableValue>
  <variableValue variable="ANNOSPV5">
    <value valueType="integer">-8286432389429645312</value>
  </variableValue>
  <variableValue variable="ANNOSVKO5">
    <value valueType="integer">5817120681344022528</value>
  </variableValue>
  <variableValue variable="KAYTTO5">
    <value valueType="text">2</value>
  </variableValue>
  <variableValue variable="ANNOSPV6">
    <value valueType="integer">-4445192644747380736</value>
  </variableValue>
  <variableValue variable="ANNOSVKO6">
    <value valueType="integer">-7425966637100572672</value>
  </variableValue>
  <variableValue variable="KAYTTO6">
    <value valueType="text">2</value>
  </variableValue>
  <variableValue variable="ANNOSPV7">
    <value valueType="integer">2215670801020080128</value>
  </variableValue>
  <variableValue variable="ANNOSVKO7">
    <value valueType="integer">8248089529573748736</value>
  </variableValue>
  <variableValue variable="KAYTTO7">
    <value valueType="text">1</value>
  </variableValue>
  <variableValue variable="ANNOSPV8">
    <value valueType="integer">5433269533559187456</value>
  </variableValue>
  <variableValue variable="ANNOSVKO8">
    <value valueType="integer">-1687570892259811328</value>
  </variableValue>
  <variableValue variable="KAYTTO8">
    <value valueType="text">1</value>
  </variableValue>
  <variableValue variable="ANNOSPV9">
    <value valueType="integer">2920480529717008384</value>
  </variableValue>
  <variableValue variable="ANNOSVKO9">
    <value valueType="integer">3313434938055141376</value>
  </variableValue>
  <variableValue variable="KAYTTO9">
    <value valueType="text">2</value>
  </variableValue>
  <variableValue variable="ANNOSPV10">
    <value valueType="integer">1197123933330739200</value>
  </variableValue>
  <variableValue variable="ANNOSVKO10">
    <value valueType="integer">4186421261875597312</value>
  </variableValue>
  <variableValue variable="KAYTTO10">
    <value valueType="text">2</value>
  </variableValue>
  <variableValue variable="ANNOSPV11">
    <value valueType="integer">4647999308038742016</value>
  </variableValue>
  <variableValue variable="ANNOSVKO11">
    <value valueType="integer">-1822028047992838144</value>
  </variableValue>
  <variableValue variable="KAYTTO11">
    <value valueType="text">1</value>
  </variableValue>
  <variableValue variable="ANNOSPV12">
    <value valueType="integer">-4863625424187176960</value>
  </variableValue>
  <variableValue variable="ANNOSVKO12">
    <value valueType="integer">-5072354750059548672</value>
  </variableValue>
  <variableValue variable="KAYTTO12">
    <value valueType="text">1</value>
  </variableValue>
  <variableValue variable="ANNOSPV13">
    <value valueType="integer">-7540110106752614400</value>
  </variableValue>
  <variableValue variable="ANNOSVKO13">
    <value valueType="integer">4320951330040809472</value>
  </variableValue>
  <variableValue variable="KAYTTO13">
    <value valueType="text">1</value>
  </variableValue>
  <variableValue variable="ANNOSPV14">
    <value valueType="integer">6510757509287159808</value>
  </variableValue>
  <variableValue variable="ANNOSVKO14">
    <value valueType="integer">-8617552133947764736</value>
  </variableValue>
  <variableValue variable="KAYTTO14">
    <value valueType="text">2</value>
  </variableValue>
</valueSet>