<valueSet valueTable="FNAC" entityType="Participant" entityIdentifier="3472688073482041604">
  <variableValue variable="SVUOSI">
    <value valueType="integer">1969</value>
  </variableValue>
  <variableValue variable="SUKUP">
    <value valueType="text">2</value>
  </variableValue>
  <variableValue variable="PITUUS">
    <value valueType="decimal">1.764376825983019</value>
  </variableValue>
  <variableValue variable="PAINO">
    <value valueType="decimal">89.50507852819632</value>
  </variableValue>
  <variableValue variable="VYOTARO">
    <value valueType="decimal">87.81226296032722</value>
  </variableValue>
  <variableValue variable="LANTIO">
    <value valueType="decimal">102.71766460385663</value>
  </variableValue>
  <variableValue variable="DIAS1">
    <value valueType="decimal">52.26768597177338</value>
  </variableValue>
  <variableValue variable="DIAS2">
    <value valueType="decimal">118.7809905254027</value>
  </variableValue>
  <variableValue variable="DIAS3">
    <value valueType="decimal">122.82924512608193</value>
  </variableValue>
  <variableValue variable="SYS1">
    <value valueType="decimal">235.82762572994497</value>
  </variableValue>
  <variableValue variable="SYS2">
    <value valueType="decimal">230.09438271582894</value>
  </variableValue>
  <variableValue variable="SYS3">
    <value valueType="decimal">102.29579112723792</value>
  </variableValue>
  <variableValue variable="Q29">
    <value valueType="text">2</value>
  </variableValue>
  <variableValue variable="FR07_36">
    <value valueType="text"/>
  </variableValue>
  <variableValue variable="Q30">
    <value valueType="text">3</value>
  </variableValue>
  <variableValue variable="K34">
    <value valueType="text">2</value>
  </variableValue>
  <variableValue variable="FR07_30L">
    <value valueType="text"/>
  </variableValue>
  <variableValue variable="Q38">
    <value valueType="text">3</value>
  </variableValue>
  <variableValue variable="Q17A">
    <value valueType="text">1</value>
  </variableValue>
  <variableValue variable="FR07_38">
    <value valueType="text">2</value>
  </variableValue>
  <variableValue variable="Q16A">
    <value valueType="text">1</value>
  </variableValue>
  <variableValue variable="Q15A">
    <value valueType="text">2</value>
  </variableValue>
  <variableValue variable="TUPI3">
    <value valueType="text">1</value>
  </variableValue>
  <variableValue variable="Q67">
    <value valueType="text">1</value>
  </variableValue>
  <variableValue variable="TUPI1">
    <value valueType="integer">48</value>
  </variableValue>
  <variableValue variable="FR07_13_laani">
    <value valueType="text">6</value>
  </variableValue>
  <variableValue variable="KOL">
    <value valueType="decimal">6.138588253951716</value>
  </variableValue>
  <variableValue variable="TRIG">
    <value valueType="decimal">1.9721137234637116</value>
  </variableValue>
  <variableValue variable="HDL">
    <value valueType="decimal">1.498006954407532</value>
  </variableValue>
  <variableValue variable="sl_gluk_0h">
    <value valueType="decimal">6.454081516344893</value>
  </variableValue>
  <variableValue variable="Q128A">
    <value valueType="text">1</value>
  </variableValue>
  <variableValue variable="FR02_145B">
    <value valueType="integer">19</value>
  </variableValue>
  <variableValue variable="FR02_145E">
    <value valueType="integer">50</value>
  </variableValue>
  <variableValue variable="FR02_145F">
    <value valueType="integer">65</value>
  </variableValue>
  <variableValue variable="FR02_145D">
    <value valueType="integer">13</value>
  </variableValue>
  <variableValue variable="ALKI1">
    <value valueType="integer">1528</value>
  </variableValue>
  <variableValue variable="KY2">
    <value valueType="text">5</value>
  </variableValue>
  <variableValue variable="k13">
    <value valueType="integer">6</value>
  </variableValue>
  <variableValue variable="TULOT">
    <value valueType="text">9</value>
  </variableValue>
  <variableValue variable="FR02_3">
    <value valueType="text">2</value>
  </variableValue>
  <variableValue variable="KOULV">
    <value valueType="integer">41</value>
  </variableValue>
  <variableValue variable="FR07_11">
    <value valueType="text">2</value>
  </variableValue>
  <variableValue variable="FR07_10">
    <value valueType="text"/>
  </variableValue>
  <variableValue variable="Q56">
    <value valueType="text">1</value>
  </variableValue>
  <variableValue variable="Q57">
    <value valueType="text">4</value>
  </variableValue>
  <variableValue variable="Q58">
    <value valueType="text">3</value>
  </variableValue>
  <variableValue variable="FRO7_81">
    <value valueType="text">3</value>
  </variableValue>
  <variableValue variable="Q61">
    <value valueType="text">2</value>
  </variableValue>
  <variableValue variable="KY74">
    <value valueType="text">2</value>
  </variableValue>
  <variableValue variable="Q63">
    <value valueType="text">1</value>
  </variableValue>
  <variableValue variable="FR07_85_1">
    <value valueType="integer">13</value>
  </variableValue>
  <variableValue variable="FR07_85_2">
    <value valueType="integer">22</value>
  </variableValue>
  <variableValue variable="FR07_85_3">
    <value valueType="integer">32</value>
  </variableValue>
  <variableValue variable="FR07_85_4">
    <value valueType="integer">59</value>
  </variableValue>
  <variableValue variable="FR07_85_5">
    <value valueType="integer">12</value>
  </variableValue>
  <variableValue variable="FR07_85_6">
    <value valueType="integer">22</value>
  </variableValue>
  <variableValue variable="FR07_86_1T">
    <value valueType="integer">7</value>
  </variableValue>
  <variableValue variable="FR07_86_1M">
    <value valueType="integer">15</value>
  </variableValue>
  <variableValue variable="FR07_86_2T">
    <value valueType="integer">4</value>
  </variableValue>
  <variableValue variable="FR07_86_2M">
    <value valueType="integer">23</value>
  </variableValue>
  <variableValue variable="FR07_86_3T">
    <value valueType="integer">5</value>
  </variableValue>
  <variableValue variable="FR07_86_3M">
    <value valueType="integer">6</value>
  </variableValue>
  <variableValue variable="FR07_86_4T">
    <value valueType="integer">8</value>
  </variableValue>
  <variableValue variable="FR07_86_4M">
    <value valueType="integer">32</value>
  </variableValue>
  <variableValue variable="FR07_86_5T">
    <value valueType="integer">10</value>
  </variableValue>
  <variableValue variable="FR07_86_5M">
    <value valueType="integer">36</value>
  </variableValue>
  <variableValue variable="FR07_105_1">
    <value valueType="text">7</value>
  </variableValue>
  <variableValue variable="FR07_105_2">
    <value valueType="text">6</value>
  </variableValue>
  <variableValue variable="FR07_105_3">
    <value valueType="text">7</value>
  </variableValue>
  <variableValue variable="FR07_105_4">
    <value valueType="text">6</value>
  </variableValue>
  <variableValue variable="FR07_105_5">
    <value valueType="text">7</value>
  </variableValue>
  <variableValue variable="FR07_105_6">
    <value valueType="text">4</value>
  </variableValue>
  <variableValue variable="FR07_105_7">
    <value valueType="text">7</value>
  </variableValue>
  <variableValue variable="FR07_105_8">
    <value valueType="text">7</value>
  </variableValue>
  <variableValue variable="FR07_105_9">
    <value valueType="text">4</value>
  </variableValue>
  <variableValue variable="FR07_105_10">
    <value valueType="text">2</value>
  </variableValue>
  <variableValue variable="FR07_105_11">
    <value valueType="text">6</value>
  </variableValue>
  <variableValue variable="FR07_105_12">
    <value valueType="text">8</value>
  </variableValue>
  <variableValue variable="FR07_105_13">
    <value valueType="text">5</value>
  </variableValue>
  <variableValue variable="FR07_105_14">
    <value valueType="text">6</value>
  </variableValue>
  <variableValue variable="FR07_105_15">
    <value valueType="text">7</value>
  </variableValue>
  <variableValue variable="FR07_105_16">
    <value valueType="text">6</value>
  </variableValue>
  <variableValue variable="FR07_105_17">
    <value valueType="text">6</value>
  </variableValue>
  <variableValue variable="FR07_105_18">
    <value valueType="text">2</value>
  </variableValue>
  <variableValue variable="FR07_105_19">
    <value valueType="text">8</value>
  </variableValue>
  <variableValue variable="FR07_105_20">
    <value valueType="text">6</value>
  </variableValue>
  <variableValue variable="FR07_105_21">
    <value valueType="text">1</value>
  </variableValue>
  <variableValue variable="FR07_105_22">
    <value valueType="text">2</value>
  </variableValue>
  <variableValue variable="FR07_105_23">
    <value valueType="text">7</value>
  </variableValue>
  <variableValue variable="FR07_105_24">
    <value valueType="text">8</value>
  </variableValue>
  <variableValue variable="FR07_105_25">
    <value valueType="text">2</value>
  </variableValue>
  <variableValue variable="FR07_105_26">
    <value valueType="text">7</value>
  </variableValue>
  <variableValue variable="FR07_105_27">
    <value valueType="text">2</value>
  </variableValue>
  <variableValue variable="FR07_105_28">
    <value valueType="text">1</value>
  </variableValue>
  <variableValue variable="FR07_105_29">
    <value valueType="text">1</value>
  </variableValue>
  <variableValue variable="FR07_105_30">
    <value valueType="text">1</value>
  </variableValue>
  <variableValue variable="FR07_105_31">
    <value valueType="text">3</value>
  </variableValue>
  <variableValue variable="FR07_105_32">
    <value valueType="text">1</value>
  </variableValue>
  <variableValue variable="FR07_105_33">
    <value valueType="text">2</value>
  </variableValue>
  <variableValue variable="FR07_105_34">
    <value valueType="text">8</value>
  </variableValue>
  <variableValue variable="FR07_105_35">
    <value valueType="text">6</value>
  </variableValue>
  <variableValue variable="FR07_105_36">
    <value valueType="text">8</value>
  </variableValue>
  <variableValue variable="FR07_105_37">
    <value valueType="text">8</value>
  </variableValue>
  <variableValue variable="FR07_106_1">
    <value valueType="text">3</value>
  </variableValue>
  <variableValue variable="FR07_106_2">
    <value valueType="text">5</value>
  </variableValue>
  <variableValue variable="FR07_106_3">
    <value valueType="text">3</value>
  </variableValue>
  <variableValue variable="FR02_100A">
    <value valueType="text">1</value>
  </variableValue>
  <variableValue variable="FR02_100B">
    <value valueType="text">2</value>
  </variableValue>
  <variableValue variable="FR02_100C">
    <value valueType="text">2</value>
  </variableValue>
  <variableValue variable="FR02_100C2">
    <value valueType="text"/>
  </variableValue>
  <variableValue variable="FR02_100D">
    <value valueType="text">1</value>
  </variableValue>
  <variableValue variable="FR02_100E">
    <value valueType="text">1</value>
  </variableValue>
  <variableValue variable="FR02_100F">
    <value valueType="text">2</value>
  </variableValue>
  <variableValue variable="FR02_100G">
    <value valueType="text">1</value>
  </variableValue>
  <variableValue variable="FR07_108_9">
    <value valueType="text">2</value>
  </variableValue>
  <variableValue variable="FR02_100H">
    <value valueType="text">2</value>
  </variableValue>
  <variableValue variable="FR02_100H2">
    <value valueType="text"/>
  </variableValue>
  <variableValue variable="FR07_109_1P">
    <value valueType="integer">31</value>
  </variableValue>
  <variableValue variable="FR07_109_1V">
    <value valueType="integer">131</value>
  </variableValue>
  <variableValue variable="FR07_109_2P">
    <value valueType="integer">9</value>
  </variableValue>
  <variableValue variable="FR07_109_2V">
    <value valueType="integer">54</value>
  </variableValue>
  <variableValue variable="FR07_109_3P">
    <value valueType="integer">2</value>
  </variableValue>
  <variableValue variable="FR07_109_3V">
    <value valueType="integer">10</value>
  </variableValue>
  <variableValue variable="FR07_109_4P">
    <value valueType="integer">5</value>
  </variableValue>
  <variableValue variable="FR07_109_4V">
    <value valueType="integer">5</value>
  </variableValue>
  <variableValue variable="FR07_109_5P">
    <value valueType="integer">2</value>
  </variableValue>
  <variableValue variable="FR07_109_5V">
    <value valueType="integer">131</value>
  </variableValue>
  <variableValue variable="FR07_109_6P">
    <value valueType="integer">5</value>
  </variableValue>
  <variableValue variable="FR07_109_6V">
    <value valueType="integer">154</value>
  </variableValue>
  <variableValue variable="FR07_109_7P">
    <value valueType="integer">5</value>
  </variableValue>
  <variableValue variable="FR07_109_7V">
    <value valueType="integer">26</value>
  </variableValue>
  <variableValue variable="FR07_109_8P">
    <value valueType="integer">15</value>
  </variableValue>
  <variableValue variable="FR07_109_8V">
    <value valueType="integer">1</value>
  </variableValue>
  <variableValue variable="FR07_109_9P">
    <value valueType="integer">7</value>
  </variableValue>
  <variableValue variable="FR07_109_9V">
    <value valueType="integer">7</value>
  </variableValue>
  <variableValue variable="FR07_109_10P">
    <value valueType="integer">5</value>
  </variableValue>
  <variableValue variable="FR07_109_10V">
    <value valueType="integer">39</value>
  </variableValue>
  <variableValue variable="FR07_109_11P">
    <value valueType="integer">3</value>
  </variableValue>
  <variableValue variable="FR07_109_11V">
    <value valueType="integer">1</value>
  </variableValue>
  <variableValue variable="FR07_109_12P">
    <value valueType="integer">0</value>
  </variableValue>
  <variableValue variable="FR07_109_12V">
    <value valueType="integer">12</value>
  </variableValue>
  <variableValue variable="FR07_109_13P">
    <value valueType="integer">2</value>
  </variableValue>
  <variableValue variable="FR07_109_13V">
    <value valueType="integer">19</value>
  </variableValue>
  <variableValue variable="FR07_109_14P">
    <value valueType="integer">1</value>
  </variableValue>
  <variableValue variable="FR07_109_14V">
    <value valueType="integer">27</value>
  </variableValue>
  <variableValue variable="FR07_109_15P">
    <value valueType="integer">15</value>
  </variableValue>
  <variableValue variable="FR07_109_15V">
    <value valueType="integer">86</value>
  </variableValue>
  <variableValue variable="KY97">
    <value valueType="text">3</value>
  </variableValue>
  <variableValue variable="FR02_112">
    <value valueType="text">5</value>
  </variableValue>
  <variableValue variable="FR07_112">
    <value valueType="text">6</value>
  </variableValue>
  <variableValue variable="FR07_113">
    <value valueType="text">8</value>
  </variableValue>
  <variableValue variable="FR02_114">
    <value valueType="text">1</value>
  </variableValue>
  <variableValue variable="VALMISTE1">
    <value valueType="text"/>
  </variableValue>
  <variableValue variable="MUOTO1">
    <value valueType="text"/>
  </variableValue>
  <variableValue variable="ANNOSPV1">
    <value valueType="integer">5061715455702861824</value>
  </variableValue>
  <variableValue variable="ANNOSVKO1">
    <value valueType="integer">6213577464160487424</value>
  </variableValue>
  <variableValue variable="KAYTTO1">
    <value valueType="text">1</value>
  </variableValue>
  <variableValue variable="VALMISTE2">
    <value valueType="text"/>
  </variableValue>
  <variableValue variable="MUOTO2">
    <value valueType="text"/>
  </variableValue>
  <variableValue variable="ANNOSPV2">
    <value valueType="integer">-2901066359588812800</value>
  </variableValue>
  <variableValue variable="ANNOSVKO2">
    <value valueType="integer">30569698447904768</value>
  </variableValue>
  <variableValue variable="KAYTTO2">
    <value valueType="text">1</value>
  </variableValue>
  <variableValue variable="VALMISTE3">
    <value valueType="text"/>
  </variableValue>
  <variableValue variable="MUOTO3">
    <value valueType="text"/>
  </variableValue>
  <variableValue variable="ANNOSPV3">
    <value valueType="integer">-6345841242534479872</value>
  </variableValue>
  <variableValue variable="ANNOSVKO3">
    <value valueType="integer">6370139913904451584</value>
  </variableValue>
  <variableValue variable="KAYTTO3">
    <value valueType="text">1</value>
  </variableValue>
  <variableValue variable="VALMISTE4">
    <value valueType="text"/>
  </variableValue>
  <variableValue variable="MUOTO4">
    <value valueType="text"/>
  </variableValue>
  <variableValue variable="ANNOSPV4">
    <value valueType="integer">7466110883899656192</value>
  </variableValue>
  <variableValue variable="ANNOSVKO4">
    <value valueType="integer">-7340581082500448256</value>
  </variableValue>
  <variableValue variable="KAYTTO4">
    <value valueType="text">1</value>
  </variableValue>
  <variableValue variable="VALMISTE5">
    <value valueType="text"/>
  </variableValue>
  <variableValue variable="MUOTO5">
    <value valueType="text"/>
  </variableValue>
  <variableValue variable="ANNOSPV5">
    <value valueType="integer">5621063519794522112</value>
  </variableValue>
  <variableValue variable="ANNOSVKO5">
    <value valueType="integer">-6703807922962774016</value>
  </variableValue>
  <variableValue variable="KAYTTO5">
    <value valueType="text">2</value>
  </variableValue>
  <variableValue variable="VALMISTE6">
    <value valueType="text"/>
  </variableValue>
  <variableValue variable="MUOTO6">
    <value valueType="text"/>
  </variableValue>
  <variableValue variable="ANNOSPV6">
    <value valueType="integer">241424671642372096</value>
  </variableValue>
  <variableValue variable="ANNOSVKO6">
    <value valueType="integer">8369968601024925696</value>
  </variableValue>
  <variableValue variable="KAYTTO6">
    <value valueType="text">2</value>
  </variableValue>
  <variableValue variable="VALMISTE7">
    <value valueType="text"/>
  </variableValue>
  <variableValue variable="MUOTO7">
    <value valueType="text"/>
  </variableValue>
  <variableValue variable="ANNOSPV7">
    <value valueType="integer">6890772340713549824</value>
  </variableValue>
  <variableValue variable="ANNOSVKO7">
    <value valueType="integer">3942146436102721536</value>
  </variableValue>
  <variableValue variable="KAYTTO7">
    <value valueType="text">2</value>
  </variableValue>
  <variableValue variable="VALMISTE8">
    <value valueType="text"/>
  </variableValue>
  <variableValue variable="MUOTO8">
    <value valueType="text"/>
  </variableValue>
  <variableValue variable="ANNOSPV8">
    <value valueType="integer">-3215481021187297280</value>
  </variableValue>
  <variableValue variable="ANNOSVKO8">
    <value valueType="integer">-8487544775996397568</value>
  </variableValue>
  <variableValue variable="KAYTTO8">
    <value valueType="text">1</value>
  </variableValue>
  <variableValue variable="VALMISTE9">
    <value valueType="text"/>
  </variableValue>
  <variableValue variable="MUOTO9">
    <value valueType="text"/>
  </variableValue>
  <variableValue variable="ANNOSPV9">
    <value valueType="integer">-585788734453637120</value>
  </variableValue>
  <variableValue variable="ANNOSVKO9">
    <value valueType="integer">-15058700130375680</value>
  </variableValue>
  <variableValue variable="KAYTTO9">
    <value valueType="text">1</value>
  </variableValue>
  <variableValue variable="VALMISTE10">
    <value valueType="text"/>
  </variableValue>
  <variableValue variable="MUOTO10">
    <value valueType="text"/>
  </variableValue>
  <variableValue variable="ANNOSPV10">
    <value valueType="integer">2824620551018545152</value>
  </variableValue>
  <variableValue variable="ANNOSVKO10">
    <value valueType="integer">7965466063274225664</value>
  </variableValue>
  <variableValue variable="KAYTTO10">
    <value valueType="text">2</value>
  </variableValue>
  <variableValue variable="VALMISTE11">
    <value valueType="text"/>
  </variableValue>
  <variableValue variable="MUOTO11">
    <value valueType="text"/>
  </variableValue>
  <variableValue variable="ANNOSPV11">
    <value valueType="integer">-7545576434243174400</value>
  </variableValue>
  <variableValue variable="ANNOSVKO11">
    <value valueType="integer">-810367033197324288</value>
  </variableValue>
  <variableValue variable="KAYTTO11">
    <value valueType="text">1</value>
  </variableValue>
  <variableValue variable="VALMISTE12">
    <value valueType="text"/>
  </variableValue>
  <variableValue variable="MUOTO12">
    <value valueType="text"/>
  </variableValue>
  <variableValue variable="ANNOSPV12">
    <value valueType="integer">6392735785118285824</value>
  </variableValue>
  <variableValue variable="ANNOSVKO12">
    <value valueType="integer">-5898672234671542272</value>
  </variableValue>
  <variableValue variable="KAYTTO12">
    <value valueType="text">2</value>
  </variableValue>
  <variableValue variable="VALMISTE13">
    <value valueType="text"/>
  </variableValue>
  <variableValue variable="MUOTO13">
    <value valueType="text"/>
  </variableValue>
  <variableValue variable="ANNOSPV13">
    <value valueType="integer">3725375866368362496</value>
  </variableValue>
  <variableValue variable="ANNOSVKO13">
    <value valueType="integer">5932863102928896000</value>
  </variableValue>
  <variableValue variable="KAYTTO13">
    <value valueType="text">2</value>
  </variableValue>
  <variableValue variable="VALMISTE14">
    <value valueType="text"/>
  </variableValue>
  <variableValue variable="MUOTO14">
    <value valueType="text"/>
  </variableValue>
  <variableValue variable="ANNOSPV14">
    <value valueType="integer">-3892712084442095616</value>
  </variableValue>
  <variableValue variable="ANNOSVKO14">
    <value valueType="integer">-2057439298598522880</value>
  </variableValue>
  <variableValue variable="KAYTTO14">
    <value valueType="text">2</value>
  </variableValue>
</valueSet>