<valueSet valueTable="FNAC" entityType="Participant" entityIdentifier="2331036111455413853">
  <variableValue variable="SVUOSI">
    <value valueType="integer">1948</value>
  </variableValue>
  <variableValue variable="SUKUP">
    <value valueType="text">1</value>
  </variableValue>
  <variableValue variable="PITUUS">
    <value valueType="decimal">1.8330392779743934</value>
  </variableValue>
  <variableValue variable="PAINO">
    <value valueType="decimal">74.11515520139338</value>
  </variableValue>
  <variableValue variable="VYOTARO">
    <value valueType="decimal">64.27028064157989</value>
  </variableValue>
  <variableValue variable="LANTIO">
    <value valueType="decimal">101.25396499572444</value>
  </variableValue>
  <variableValue variable="DIAS1">
    <value valueType="decimal">74.74850801382189</value>
  </variableValue>
  <variableValue variable="DIAS2">
    <value valueType="decimal">107.42459190966322</value>
  </variableValue>
  <variableValue variable="DIAS3">
    <value valueType="decimal">81.67948294206583</value>
  </variableValue>
  <variableValue variable="SYS1">
    <value valueType="decimal">189.48493499770785</value>
  </variableValue>
  <variableValue variable="SYS2">
    <value valueType="decimal">219.4591206168575</value>
  </variableValue>
  <variableValue variable="SYS3">
    <value valueType="decimal">113.8229680221446</value>
  </variableValue>
  <variableValue variable="Q29">
    <value valueType="text">1</value>
  </variableValue>
  <variableValue variable="Q30">
    <value valueType="text">1</value>
  </variableValue>
  <variableValue variable="K34">
    <value valueType="text">1</value>
  </variableValue>
  <variableValue variable="Q38">
    <value valueType="text">1</value>
  </variableValue>
  <variableValue variable="Q17A">
    <value valueType="text">1</value>
  </variableValue>
  <variableValue variable="FR07_38">
    <value valueType="text">5</value>
  </variableValue>
  <variableValue variable="Q16A">
    <value valueType="text">1</value>
  </variableValue>
  <variableValue variable="Q15A">
    <value valueType="text">1</value>
  </variableValue>
  <variableValue variable="TUPI3">
    <value valueType="text">4</value>
  </variableValue>
  <variableValue variable="Q67">
    <value valueType="text">1</value>
  </variableValue>
  <variableValue variable="TUPI1">
    <value valueType="integer">46</value>
  </variableValue>
  <variableValue variable="FR07_13_laani">
    <value valueType="text">1</value>
  </variableValue>
  <variableValue variable="KOL">
    <value valueType="decimal">5.277287996359568</value>
  </variableValue>
  <variableValue variable="TRIG">
    <value valueType="decimal">0.35549615515682453</value>
  </variableValue>
  <variableValue variable="HDL">
    <value valueType="decimal">1.053062907033913</value>
  </variableValue>
  <variableValue variable="sl_gluk_0h">
    <value valueType="decimal">6.373632747916768</value>
  </variableValue>
  <variableValue variable="Q128A">
    <value valueType="text">3</value>
  </variableValue>
  <variableValue variable="FR02_145B">
    <value valueType="integer">16</value>
  </variableValue>
  <variableValue variable="FR02_145E">
    <value valueType="integer">99</value>
  </variableValue>
  <variableValue variable="FR02_145F">
    <value valueType="integer">8</value>
  </variableValue>
  <variableValue variable="FR02_145D">
    <value valueType="integer">26</value>
  </variableValue>
  <variableValue variable="ALKI1">
    <value valueType="integer">1435</value>
  </variableValue>
  <variableValue variable="KY2">
    <value valueType="text">3</value>
  </variableValue>
  <variableValue variable="k13">
    <value valueType="integer">7</value>
  </variableValue>
  <variableValue variable="TULOT">
    <value valueType="text">3</value>
  </variableValue>
  <variableValue variable="FR02_3">
    <value valueType="text">7</value>
  </variableValue>
  <variableValue variable="KOULV">
    <value valueType="integer">24</value>
  </variableValue>
  <variableValue variable="FR07_11">
    <value valueType="text">12</value>
  </variableValue>
  <variableValue variable="Q56">
    <value valueType="text">1</value>
  </variableValue>
  <variableValue variable="Q57">
    <value valueType="text">1</value>
  </variableValue>
  <variableValue variable="Q58">
    <value valueType="text">4</value>
  </variableValue>
  <variableValue variable="FRO7_81">
    <value valueType="text">2</value>
  </variableValue>
  <variableValue variable="Q61">
    <value valueType="text">2</value>
  </variableValue>
  <variableValue variable="KY74">
    <value valueType="text">5</value>
  </variableValue>
  <variableValue variable="Q63">
    <value valueType="text">3</value>
  </variableValue>
  <variableValue variable="FR07_85_1">
    <value valueType="integer">13</value>
  </variableValue>
  <variableValue variable="FR07_85_2">
    <value valueType="integer">65</value>
  </variableValue>
  <variableValue variable="FR07_85_3">
    <value valueType="integer">2</value>
  </variableValue>
  <variableValue variable="FR07_85_4">
    <value valueType="integer">79</value>
  </variableValue>
  <variableValue variable="FR07_85_5">
    <value valueType="integer">14</value>
  </variableValue>
  <variableValue variable="FR07_85_6">
    <value valueType="integer">94</value>
  </variableValue>
  <variableValue variable="FR07_86_1T">
    <value valueType="integer">5</value>
  </variableValue>
  <variableValue variable="FR07_86_1M">
    <value valueType="integer">28</value>
  </variableValue>
  <variableValue variable="FR07_86_2T">
    <value valueType="integer">15</value>
  </variableValue>
  <variableValue variable="FR07_86_2M">
    <value valueType="integer">26</value>
  </variableValue>
  <variableValue variable="FR07_86_3T">
    <value valueType="integer">8</value>
  </variableValue>
  <variableValue variable="FR07_86_3M">
    <value valueType="integer">40</value>
  </variableValue>
  <variableValue variable="FR07_86_4T">
    <value valueType="integer">16</value>
  </variableValue>
  <variableValue variable="FR07_86_4M">
    <value valueType="integer">40</value>
  </variableValue>
  <variableValue variable="FR07_86_5T">
    <value valueType="integer">9</value>
  </variableValue>
  <variableValue variable="FR07_86_5M">
    <value valueType="integer">6</value>
  </variableValue>
  <variableValue variable="FR07_105_1">
    <value valueType="text">7</value>
  </variableValue>
  <variableValue variable="FR07_105_2">
    <value valueType="text">7</value>
  </variableValue>
  <variableValue variable="FR07_105_3">
    <value valueType="text">6</value>
  </variableValue>
  <variableValue variable="FR07_105_4">
    <value valueType="text">7</value>
  </variableValue>
  <variableValue variable="FR07_105_5">
    <value valueType="text">5</value>
  </variableValue>
  <variableValue variable="FR07_105_6">
    <value valueType="text">3</value>
  </variableValue>
  <variableValue variable="FR07_105_7">
    <value valueType="text">3</value>
  </variableValue>
  <variableValue variable="FR07_105_8">
    <value valueType="text">7</value>
  </variableValue>
  <variableValue variable="FR07_105_9">
    <value valueType="text">4</value>
  </variableValue>
  <variableValue variable="FR07_105_10">
    <value valueType="text">2</value>
  </variableValue>
  <variableValue variable="FR07_105_11">
    <value valueType="text">5</value>
  </variableValue>
  <variableValue variable="FR07_105_12">
    <value valueType="text">8</value>
  </variableValue>
  <variableValue variable="FR07_105_13">
    <value valueType="text">3</value>
  </variableValue>
  <variableValue variable="FR07_105_14">
    <value valueType="text">3</value>
  </variableValue>
  <variableValue variable="FR07_105_15">
    <value valueType="text">5</value>
  </variableValue>
  <variableValue variable="FR07_105_16">
    <value valueType="text">6</value>
  </variableValue>
  <variableValue variable="FR07_105_17">
    <value valueType="text">3</value>
  </variableValue>
  <variableValue variable="FR07_105_18">
    <value valueType="text">6</value>
  </variableValue>
  <variableValue variable="FR07_105_19">
    <value valueType="text">4</value>
  </variableValue>
  <variableValue variable="FR07_105_20">
    <value valueType="text">6</value>
  </variableValue>
  <variableValue variable="FR07_105_21">
    <value valueType="text">5</value>
  </variableValue>
  <variableValue variable="FR07_105_22">
    <value valueType="text">3</value>
  </variableValue>
  <variableValue variable="FR07_105_23">
    <value valueType="text">5</value>
  </variableValue>
  <variableValue variable="FR07_105_24">
    <value valueType="text">5</value>
  </variableValue>
  <variableValue variable="FR07_105_25">
    <value valueType="text">5</value>
  </variableValue>
  <variableValue variable="FR07_105_26">
    <value valueType="text">1</value>
  </variableValue>
  <variableValue variable="FR07_105_27">
    <value valueType="text">3</value>
  </variableValue>
  <variableValue variable="FR07_105_28">
    <value valueType="text">5</value>
  </variableValue>
  <variableValue variable="FR07_105_29">
    <value valueType="text">3</value>
  </variableValue>
  <variableValue variable="FR07_105_30">
    <value valueType="text">5</value>
  </variableValue>
  <variableValue variable="FR07_105_31">
    <value valueType="text">5</value>
  </variableValue>
  <variableValue variable="FR07_105_32">
    <value valueType="text">8</value>
  </variableValue>
  <variableValue variable="FR07_105_33">
    <value valueType="text">1</value>
  </variableValue>
  <variableValue variable="FR07_105_34">
    <value valueType="text">8</value>
  </variableValue>
  <variableValue variable="FR07_105_35">
    <value valueType="text">8</value>
  </variableValue>
  <variableValue variable="FR07_105_36">
    <value valueType="text">3</value>
  </variableValue>
  <variableValue variable="FR07_105_37">
    <value valueType="text">5</value>
  </variableValue>
  <variableValue variable="FR07_106_1">
    <value valueType="text">2</value>
  </variableValue>
  <variableValue variable="FR07_106_2">
    <value valueType="text">4</value>
  </variableValue>
  <variableValue variable="FR07_106_3">
    <value valueType="text">5</value>
  </variableValue>
  <variableValue variable="FR02_100A">
    <value valueType="text">1</value>
  </variableValue>
  <variableValue variable="FR02_100B">
    <value valueType="text">2</value>
  </variableValue>
  <variableValue variable="FR02_100C">
    <value valueType="text">2</value>
  </variableValue>
  <variableValue variable="FR02_100D">
    <value valueType="text">2</value>
  </variableValue>
  <variableValue variable="FR02_100E">
    <value valueType="text">1</value>
  </variableValue>
  <variableValue variable="FR02_100F">
    <value valueType="text">2</value>
  </variableValue>
  <variableValue variable="FR02_100G">
    <value valueType="text">2</value>
  </variableValue>
  <variableValue variable="FR07_108_9">
    <value valueType="text">2</value>
  </variableValue>
  <variableValue variable="FR02_100H">
    <value valueType="text">1</value>
  </variableValue>
  <variableValue variable="FR07_109_1P">
    <value valueType="integer">26</value>
  </variableValue>
  <variableValue variable="FR07_109_1V">
    <value valueType="integer">56</value>
  </variableValue>
  <variableValue variable="FR07_109_2P">
    <value valueType="integer">1</value>
  </variableValue>
  <variableValue variable="FR07_109_2V">
    <value valueType="integer">39</value>
  </variableValue>
  <variableValue variable="FR07_109_3P">
    <value valueType="integer">3</value>
  </variableValue>
  <variableValue variable="FR07_109_3V">
    <value valueType="integer">18</value>
  </variableValue>
  <variableValue variable="FR07_109_4P">
    <value valueType="integer">1</value>
  </variableValue>
  <variableValue variable="FR07_109_4V">
    <value valueType="integer">0</value>
  </variableValue>
  <variableValue variable="FR07_109_5P">
    <value valueType="integer">12</value>
  </variableValue>
  <variableValue variable="FR07_109_5V">
    <value valueType="integer">64</value>
  </variableValue>
  <variableValue variable="FR07_109_6P">
    <value valueType="integer">5</value>
  </variableValue>
  <variableValue variable="FR07_109_6V">
    <value valueType="integer">151</value>
  </variableValue>
  <variableValue variable="FR07_109_7P">
    <value valueType="integer">19</value>
  </variableValue>
  <variableValue variable="FR07_109_7V">
    <value valueType="integer">75</value>
  </variableValue>
  <variableValue variable="FR07_109_8P">
    <value valueType="integer">4</value>
  </variableValue>
  <variableValue variable="FR07_109_8V">
    <value valueType="integer">4</value>
  </variableValue>
  <variableValue variable="FR07_109_9P">
    <value valueType="integer">10</value>
  </variableValue>
  <variableValue variable="FR07_109_9V">
    <value valueType="integer">29</value>
  </variableValue>
  <variableValue variable="FR07_109_10P">
    <value valueType="integer">2</value>
  </variableValue>
  <variableValue variable="FR07_109_10V">
    <value valueType="integer">2</value>
  </variableValue>
  <variableValue variable="FR07_109_11P">
    <value valueType="integer">0</value>
  </variableValue>
  <variableValue variable="FR07_109_11V">
    <value valueType="integer">50</value>
  </variableValue>
  <variableValue variable="FR07_109_12P">
    <value valueType="integer">1</value>
  </variableValue>
  <variableValue variable="FR07_109_12V">
    <value valueType="integer">12</value>
  </variableValue>
  <variableValue variable="FR07_109_13P">
    <value valueType="integer">2</value>
  </variableValue>
  <variableValue variable="FR07_109_13V">
    <value valueType="integer">42</value>
  </variableValue>
  <variableValue variable="FR07_109_14P">
    <value valueType="integer">2</value>
  </variableValue>
  <variableValue variable="FR07_109_14V">
    <value valueType="integer">5</value>
  </variableValue>
  <variableValue variable="FR07_109_15P">
    <value valueType="integer">0</value>
  </variableValue>
  <variableValue variable="FR07_109_15V">
    <value valueType="integer">0</value>
  </variableValue>
  <variableValue variable="KY97">
    <value valueType="text">1</value>
  </variableValue>
  <variableValue variable="FR02_112">
    <value valueType="text">0</value>
  </variableValue>
  <variableValue variable="FR07_112">
    <value valueType="text">5</value>
  </variableValue>
  <variableValue variable="FR07_113">
    <value valueType="text">8</value>
  </variableValue>
  <variableValue variable="FR02_114">
    <value valueType="text">2</value>
  </variableValue>
  <variableValue variable="ANNOSPV1">
    <value valueType="integer">7104988699631216640</value>
  </variableValue>
  <variableValue variable="ANNOSVKO1">
    <value valueType="integer">3164424714464413696</value>
  </variableValue>
  <variableValue variable="KAYTTO1">
    <value valueType="text">1</value>
  </variableValue>
  <variableValue variable="ANNOSPV2">
    <value valueType="integer">-7719285141083064320</value>
  </variableValue>
  <variableValue variable="ANNOSVKO2">
    <value valueType="integer">-2534933019766839296</value>
  </variableValue>
  <variableValue variable="KAYTTO2">
    <value valueType="text">2</value>
  </variableValue>
  <variableValue variable="ANNOSPV3">
    <value valueType="integer">-8209291863115503616</value>
  </variableValue>
  <variableValue variable="ANNOSVKO3">
    <value valueType="integer">-4045091295889375232</value>
  </variableValue>
  <variableValue variable="KAYTTO3">
    <value valueType="text">1</value>
  </variableValue>
  <variableValue variable="ANNOSPV4">
    <value valueType="integer">-6503567321856669696</value>
  </variableValue>
  <variableValue variable="ANNOSVKO4">
    <value valueType="integer">5762982998761181184</value>
  </variableValue>
  <variableValue variable="KAYTTO4">
    <value valueType="text">1</value>
  </variableValue>
  <variableValue variable="ANNOSPV5">
    <value valueType="integer">3782888172141768704</value>
  </variableValue>
  <variableValue variable="ANNOSVKO5">
    <value valueType="integer">-4675210486448541696</value>
  </variableValue>
  <variableValue variable="KAYTTO5">
    <value valueType="text">2</value>
  </variableValue>
  <variableValue variable="ANNOSPV6">
    <value valueType="integer">3404032855226828800</value>
  </variableValue>
  <variableValue variable="ANNOSVKO6">
    <value valueType="integer">266254418903801856</value>
  </variableValue>
  <variableValue variable="KAYTTO6">
    <value valueType="text">1</value>
  </variableValue>
  <variableValue variable="ANNOSPV7">
    <value valueType="integer">7775305659086321664</value>
  </variableValue>
  <variableValue variable="ANNOSVKO7">
    <value valueType="integer">6044981254377943040</value>
  </variableValue>
  <variableValue variable="KAYTTO7">
    <value valueType="text">2</value>
  </variableValue>
  <variableValue variable="ANNOSPV8">
    <value valueType="integer">1412159970769518592</value>
  </variableValue>
  <variableValue variable="ANNOSVKO8">
    <value valueType="integer">2468663971103877120</value>
  </variableValue>
  <variableValue variable="KAYTTO8">
    <value valueType="text">2</value>
  </variableValue>
  <variableValue variable="ANNOSPV9">
    <value valueType="integer">1437994337931063296</value>
  </variableValue>
  <variableValue variable="ANNOSVKO9">
    <value valueType="integer">-1091996872556324864</value>
  </variableValue>
  <variableValue variable="KAYTTO9">
    <value valueType="text">2</value>
  </variableValue>
  <variableValue variable="ANNOSPV10">
    <value valueType="integer">-3862842818100480000</value>
  </variableValue>
  <variableValue variable="ANNOSVKO10">
    <value valueType="integer">-9119617069534449664</value>
  </variableValue>
  <variableValue variable="KAYTTO10">
    <value valueType="text">2</value>
  </variableValue>
  <variableValue variable="ANNOSPV11">
    <value valueType="integer">-1886186206700283904</value>
  </variableValue>
  <variableValue variable="ANNOSVKO11">
    <value valueType="integer">684903166237419520</value>
  </variableValue>
  <variableValue variable="KAYTTO11">
    <value valueType="text">1</value>
  </variableValue>
  <variableValue variable="ANNOSPV12">
    <value valueType="integer">1249545142846248960</value>
  </variableValue>
  <variableValue variable="ANNOSVKO12">
    <value valueType="integer">-470119197174044672</value>
  </variableValue>
  <variableValue variable="KAYTTO12">
    <value valueType="text">1</value>
  </variableValue>
  <variableValue variable="ANNOSPV13">
    <value valueType="integer">5768125328088930304</value>
  </variableValue>
  <variableValue variable="ANNOSVKO13">
    <value valueType="integer">-7133356859179798528</value>
  </variableValue>
  <variableValue variable="KAYTTO13">
    <value valueType="text">2</value>
  </variableValue>
  <variableValue variable="ANNOSPV14">
    <value valueType="integer">-6061389261079056384</value>
  </variableValue>
  <variableValue variable="ANNOSVKO14">
    <value valueType="integer">8237262313700298752</value>
  </variableValue>
  <variableValue variable="KAYTTO14">
    <value valueType="text">2</value>
  </variableValue>
</valueSet>