<valueSet valueTable="FNAC" entityType="Participant" entityIdentifier="3853985425843055657">
  <variableValue variable="SVUOSI">
    <value valueType="integer">1946</value>
  </variableValue>
  <variableValue variable="SUKUP">
    <value valueType="text">2</value>
  </variableValue>
  <variableValue variable="PITUUS">
    <value valueType="decimal">1.6846513068741331</value>
  </variableValue>
  <variableValue variable="PAINO">
    <value valueType="decimal">60.64973347777307</value>
  </variableValue>
  <variableValue variable="VYOTARO">
    <value valueType="decimal">92.81159389061742</value>
  </variableValue>
  <variableValue variable="LANTIO">
    <value valueType="decimal">102.59369305629681</value>
  </variableValue>
  <variableValue variable="DIAS1">
    <value valueType="decimal">97.11796136819378</value>
  </variableValue>
  <variableValue variable="DIAS2">
    <value valueType="decimal">72.29011742197449</value>
  </variableValue>
  <variableValue variable="DIAS3">
    <value valueType="decimal">82.9954009972564</value>
  </variableValue>
  <variableValue variable="SYS1">
    <value valueType="decimal">143.39670837340117</value>
  </variableValue>
  <variableValue variable="SYS2">
    <value valueType="decimal">163.25741703507066</value>
  </variableValue>
  <variableValue variable="SYS3">
    <value valueType="decimal">172.2304000923496</value>
  </variableValue>
  <variableValue variable="Q29">
    <value valueType="text">2</value>
  </variableValue>
  <variableValue variable="Q30">
    <value valueType="text">5</value>
  </variableValue>
  <variableValue variable="K34">
    <value valueType="text">1</value>
  </variableValue>
  <variableValue variable="Q38">
    <value valueType="text">3</value>
  </variableValue>
  <variableValue variable="Q17A">
    <value valueType="text">1</value>
  </variableValue>
  <variableValue variable="FR07_38">
    <value valueType="text">2</value>
  </variableValue>
  <variableValue variable="Q16A">
    <value valueType="text">2</value>
  </variableValue>
  <variableValue variable="Q15A">
    <value valueType="text">2</value>
  </variableValue>
  <variableValue variable="TUPI3">
    <value valueType="text">2</value>
  </variableValue>
  <variableValue variable="Q67">
    <value valueType="text">2</value>
  </variableValue>
  <variableValue variable="TUPI1">
    <value valueType="integer">36</value>
  </variableValue>
  <variableValue variable="FR07_13_laani">
    <value valueType="text">1</value>
  </variableValue>
  <variableValue variable="KOL">
    <value valueType="decimal">5.788832117597087</value>
  </variableValue>
  <variableValue variable="TRIG">
    <value valueType="decimal">3.5734977522353795</value>
  </variableValue>
  <variableValue variable="HDL">
    <value valueType="decimal">1.12519243323384</value>
  </variableValue>
  <variableValue variable="sl_gluk_0h">
    <value valueType="decimal">7.130449393793921</value>
  </variableValue>
  <variableValue variable="Q128A">
    <value valueType="text">1</value>
  </variableValue>
  <variableValue variable="FR02_145B">
    <value valueType="integer">18</value>
  </variableValue>
  <variableValue variable="FR02_145E">
    <value valueType="integer">1</value>
  </variableValue>
  <variableValue variable="FR02_145F">
    <value valueType="integer">24</value>
  </variableValue>
  <variableValue variable="FR02_145D">
    <value valueType="integer">18</value>
  </variableValue>
  <variableValue variable="ALKI1">
    <value valueType="integer">345</value>
  </variableValue>
  <variableValue variable="KY2">
    <value valueType="text">1</value>
  </variableValue>
  <variableValue variable="k13">
    <value valueType="integer">11</value>
  </variableValue>
  <variableValue variable="TULOT">
    <value valueType="text">1</value>
  </variableValue>
  <variableValue variable="FR02_3">
    <value valueType="text">7</value>
  </variableValue>
  <variableValue variable="KOULV">
    <value valueType="integer">49</value>
  </variableValue>
  <variableValue variable="FR07_11">
    <value valueType="text">14</value>
  </variableValue>
  <variableValue variable="Q56">
    <value valueType="text">2</value>
  </variableValue>
  <variableValue variable="Q57">
    <value valueType="text">2</value>
  </variableValue>
  <variableValue variable="Q58">
    <value valueType="text">2</value>
  </variableValue>
  <variableValue variable="FRO7_81">
    <value valueType="text">2</value>
  </variableValue>
  <variableValue variable="Q61">
    <value valueType="text">1</value>
  </variableValue>
  <variableValue variable="KY74">
    <value valueType="text">5</value>
  </variableValue>
  <variableValue variable="Q63">
    <value valueType="text">1</value>
  </variableValue>
  <variableValue variable="FR07_85_1">
    <value valueType="integer">17</value>
  </variableValue>
  <variableValue variable="FR07_85_2">
    <value valueType="integer">78</value>
  </variableValue>
  <variableValue variable="FR07_85_3">
    <value valueType="integer">4</value>
  </variableValue>
  <variableValue variable="FR07_85_4">
    <value valueType="integer">86</value>
  </variableValue>
  <variableValue variable="FR07_85_5">
    <value valueType="integer">75</value>
  </variableValue>
  <variableValue variable="FR07_85_6">
    <value valueType="integer">43</value>
  </variableValue>
  <variableValue variable="FR07_86_1T">
    <value valueType="integer">11</value>
  </variableValue>
  <variableValue variable="FR07_86_1M">
    <value valueType="integer">40</value>
  </variableValue>
  <variableValue variable="FR07_86_2T">
    <value valueType="integer">17</value>
  </variableValue>
  <variableValue variable="FR07_86_2M">
    <value valueType="integer">23</value>
  </variableValue>
  <variableValue variable="FR07_86_3T">
    <value valueType="integer">13</value>
  </variableValue>
  <variableValue variable="FR07_86_3M">
    <value valueType="integer">26</value>
  </variableValue>
  <variableValue variable="FR07_86_4T">
    <value valueType="integer">22</value>
  </variableValue>
  <variableValue variable="FR07_86_4M">
    <value valueType="integer">16</value>
  </variableValue>
  <variableValue variable="FR07_86_5T">
    <value valueType="integer">4</value>
  </variableValue>
  <variableValue variable="FR07_86_5M">
    <value valueType="integer">9</value>
  </variableValue>
  <variableValue variable="FR07_105_1">
    <value valueType="text">7</value>
  </variableValue>
  <variableValue variable="FR07_105_2">
    <value valueType="text">7</value>
  </variableValue>
  <variableValue variable="FR07_105_3">
    <value valueType="text">6</value>
  </variableValue>
  <variableValue variable="FR07_105_4">
    <value valueType="text">6</value>
  </variableValue>
  <variableValue variable="FR07_105_5">
    <value valueType="text">6</value>
  </variableValue>
  <variableValue variable="FR07_105_6">
    <value valueType="text">5</value>
  </variableValue>
  <variableValue variable="FR07_105_7">
    <value valueType="text">8</value>
  </variableValue>
  <variableValue variable="FR07_105_8">
    <value valueType="text">8</value>
  </variableValue>
  <variableValue variable="FR07_105_9">
    <value valueType="text">1</value>
  </variableValue>
  <variableValue variable="FR07_105_10">
    <value valueType="text">6</value>
  </variableValue>
  <variableValue variable="FR07_105_11">
    <value valueType="text">6</value>
  </variableValue>
  <variableValue variable="FR07_105_12">
    <value valueType="text">3</value>
  </variableValue>
  <variableValue variable="FR07_105_13">
    <value valueType="text">7</value>
  </variableValue>
  <variableValue variable="FR07_105_14">
    <value valueType="text">8</value>
  </variableValue>
  <variableValue variable="FR07_105_15">
    <value valueType="text">2</value>
  </variableValue>
  <variableValue variable="FR07_105_16">
    <value valueType="text">4</value>
  </variableValue>
  <variableValue variable="FR07_105_17">
    <value valueType="text">7</value>
  </variableValue>
  <variableValue variable="FR07_105_18">
    <value valueType="text">1</value>
  </variableValue>
  <variableValue variable="FR07_105_19">
    <value valueType="text">6</value>
  </variableValue>
  <variableValue variable="FR07_105_20">
    <value valueType="text">5</value>
  </variableValue>
  <variableValue variable="FR07_105_21">
    <value valueType="text">3</value>
  </variableValue>
  <variableValue variable="FR07_105_22">
    <value valueType="text">7</value>
  </variableValue>
  <variableValue variable="FR07_105_23">
    <value valueType="text">1</value>
  </variableValue>
  <variableValue variable="FR07_105_24">
    <value valueType="text">4</value>
  </variableValue>
  <variableValue variable="FR07_105_25">
    <value valueType="text">5</value>
  </variableValue>
  <variableValue variable="FR07_105_26">
    <value valueType="text">1</value>
  </variableValue>
  <variableValue variable="FR07_105_27">
    <value valueType="text">5</value>
  </variableValue>
  <variableValue variable="FR07_105_28">
    <value valueType="text">3</value>
  </variableValue>
  <variableValue variable="FR07_105_29">
    <value valueType="text">4</value>
  </variableValue>
  <variableValue variable="FR07_105_30">
    <value valueType="text">8</value>
  </variableValue>
  <variableValue variable="FR07_105_31">
    <value valueType="text">1</value>
  </variableValue>
  <variableValue variable="FR07_105_32">
    <value valueType="text">8</value>
  </variableValue>
  <variableValue variable="FR07_105_33">
    <value valueType="text">7</value>
  </variableValue>
  <variableValue variable="FR07_105_34">
    <value valueType="text">6</value>
  </variableValue>
  <variableValue variable="FR07_105_35">
    <value valueType="text">1</value>
  </variableValue>
  <variableValue variable="FR07_105_36">
    <value valueType="text">4</value>
  </variableValue>
  <variableValue variable="FR07_105_37">
    <value valueType="text">3</value>
  </variableValue>
  <variableValue variable="FR07_106_1">
    <value valueType="text">6</value>
  </variableValue>
  <variableValue variable="FR07_106_2">
    <value valueType="text">8</value>
  </variableValue>
  <variableValue variable="FR07_106_3">
    <value valueType="text">8</value>
  </variableValue>
  <variableValue variable="FR02_100A">
    <value valueType="text">2</value>
  </variableValue>
  <variableValue variable="FR02_100B">
    <value valueType="text">2</value>
  </variableValue>
  <variableValue variable="FR02_100C">
    <value valueType="text">1</value>
  </variableValue>
  <variableValue variable="FR02_100D">
    <value valueType="text">2</value>
  </variableValue>
  <variableValue variable="FR02_100E">
    <value valueType="text">2</value>
  </variableValue>
  <variableValue variable="FR02_100F">
    <value valueType="text">2</value>
  </variableValue>
  <variableValue variable="FR02_100G">
    <value valueType="text">1</value>
  </variableValue>
  <variableValue variable="FR07_108_9">
    <value valueType="text">2</value>
  </variableValue>
  <variableValue variable="FR02_100H">
    <value valueType="text">1</value>
  </variableValue>
  <variableValue variable="FR07_109_1P">
    <value valueType="integer">22</value>
  </variableValue>
  <variableValue variable="FR07_109_1V">
    <value valueType="integer">268</value>
  </variableValue>
  <variableValue variable="FR07_109_2P">
    <value valueType="integer">8</value>
  </variableValue>
  <variableValue variable="FR07_109_2V">
    <value valueType="integer">45</value>
  </variableValue>
  <variableValue variable="FR07_109_3P">
    <value valueType="integer">2</value>
  </variableValue>
  <variableValue variable="FR07_109_3V">
    <value valueType="integer">28</value>
  </variableValue>
  <variableValue variable="FR07_109_4P">
    <value valueType="integer">0</value>
  </variableValue>
  <variableValue variable="FR07_109_4V">
    <value valueType="integer">65</value>
  </variableValue>
  <variableValue variable="FR07_109_5P">
    <value valueType="integer">19</value>
  </variableValue>
  <variableValue variable="FR07_109_5V">
    <value valueType="integer">8</value>
  </variableValue>
  <variableValue variable="FR07_109_6P">
    <value valueType="integer">25</value>
  </variableValue>
  <variableValue variable="FR07_109_6V">
    <value valueType="integer">114</value>
  </variableValue>
  <variableValue variable="FR07_109_7P">
    <value valueType="integer">12</value>
  </variableValue>
  <variableValue variable="FR07_109_7V">
    <value valueType="integer">119</value>
  </variableValue>
  <variableValue variable="FR07_109_8P">
    <value valueType="integer">2</value>
  </variableValue>
  <variableValue variable="FR07_109_8V">
    <value valueType="integer">132</value>
  </variableValue>
  <variableValue variable="FR07_109_9P">
    <value valueType="integer">0</value>
  </variableValue>
  <variableValue variable="FR07_109_9V">
    <value valueType="integer">0</value>
  </variableValue>
  <variableValue variable="FR07_109_10P">
    <value valueType="integer">7</value>
  </variableValue>
  <variableValue variable="FR07_109_10V">
    <value valueType="integer">54</value>
  </variableValue>
  <variableValue variable="FR07_109_11P">
    <value valueType="integer">8</value>
  </variableValue>
  <variableValue variable="FR07_109_11V">
    <value valueType="integer">0</value>
  </variableValue>
  <variableValue variable="FR07_109_12P">
    <value valueType="integer">0</value>
  </variableValue>
  <variableValue variable="FR07_109_12V">
    <value valueType="integer">13</value>
  </variableValue>
  <variableValue variable="FR07_109_13P">
    <value valueType="integer">9</value>
  </variableValue>
  <variableValue variable="FR07_109_13V">
    <value valueType="integer">58</value>
  </variableValue>
  <variableValue variable="FR07_109_14P">
    <value valueType="integer">9</value>
  </variableValue>
  <variableValue variable="FR07_109_14V">
    <value valueType="integer">67</value>
  </variableValue>
  <variableValue variable="FR07_109_15P">
    <value valueType="integer">5</value>
  </variableValue>
  <variableValue variable="FR07_109_15V">
    <value valueType="integer">17</value>
  </variableValue>
  <variableValue variable="KY97">
    <value valueType="text">3</value>
  </variableValue>
  <variableValue variable="FR02_112">
    <value valueType="text">1</value>
  </variableValue>
  <variableValue variable="FR07_112">
    <value valueType="text">1</value>
  </variableValue>
  <variableValue variable="FR07_113">
    <value valueType="text">1</value>
  </variableValue>
  <variableValue variable="FR02_114">
    <value valueType="text">1</value>
  </variableValue>
  <variableValue variable="ANNOSPV1">
    <value valueType="integer">-480422325496184832</value>
  </variableValue>
  <variableValue variable="ANNOSVKO1">
    <value valueType="integer">-6977320169278709760</value>
  </variableValue>
  <variableValue variable="KAYTTO1">
    <value valueType="text">1</value>
  </variableValue>
  <variableValue variable="ANNOSPV2">
    <value valueType="integer">568969870905962496</value>
  </variableValue>
  <variableValue variable="ANNOSVKO2">
    <value valueType="integer">-8932558532954423296</value>
  </variableValue>
  <variableValue variable="KAYTTO2">
    <value valueType="text">2</value>
  </variableValue>
  <variableValue variable="ANNOSPV3">
    <value valueType="integer">856834377486376960</value>
  </variableValue>
  <variableValue variable="ANNOSVKO3">
    <value valueType="integer">3755071418709995520</value>
  </variableValue>
  <variableValue variable="KAYTTO3">
    <value valueType="text">1</value>
  </variableValue>
  <variableValue variable="ANNOSPV4">
    <value valueType="integer">2865288414775801856</value>
  </variableValue>
  <variableValue variable="ANNOSVKO4">
    <value valueType="integer">-8211545416407848960</value>
  </variableValue>
  <variableValue variable="KAYTTO4">
    <value valueType="text">2</value>
  </variableValue>
  <variableValue variable="ANNOSPV5">
    <value valueType="integer">-6864611750387994624</value>
  </variableValue>
  <variableValue variable="ANNOSVKO5">
    <value valueType="integer">-2704155545908553728</value>
  </variableValue>
  <variableValue variable="KAYTTO5">
    <value valueType="text">1</value>
  </variableValue>
  <variableValue variable="ANNOSPV6">
    <value valueType="integer">-3985846238606319616</value>
  </variableValue>
  <variableValue variable="ANNOSVKO6">
    <value valueType="integer">-4984878825630191616</value>
  </variableValue>
  <variableValue variable="KAYTTO6">
    <value valueType="text">1</value>
  </variableValue>
  <variableValue variable="ANNOSPV7">
    <value valueType="integer">-6014101030486110208</value>
  </variableValue>
  <variableValue variable="ANNOSVKO7">
    <value valueType="integer">3492514350921447424</value>
  </variableValue>
  <variableValue variable="KAYTTO7">
    <value valueType="text">2</value>
  </variableValue>
  <variableValue variable="ANNOSPV8">
    <value valueType="integer">8370503231697195008</value>
  </variableValue>
  <variableValue variable="ANNOSVKO8">
    <value valueType="integer">-3379445604304103424</value>
  </variableValue>
  <variableValue variable="KAYTTO8">
    <value valueType="text">1</value>
  </variableValue>
  <variableValue variable="ANNOSPV9">
    <value valueType="integer">6890567887249008640</value>
  </variableValue>
  <variableValue variable="ANNOSVKO9">
    <value valueType="integer">-4841567383103670272</value>
  </variableValue>
  <variableValue variable="KAYTTO9">
    <value valueType="text">2</value>
  </variableValue>
  <variableValue variable="ANNOSPV10">
    <value valueType="integer">2845813185105940480</value>
  </variableValue>
  <variableValue variable="ANNOSVKO10">
    <value valueType="integer">2833397750700195840</value>
  </variableValue>
  <variableValue variable="KAYTTO10">
    <value valueType="text">1</value>
  </variableValue>
  <variableValue variable="ANNOSPV11">
    <value valueType="integer">-8380084505299574784</value>
  </variableValue>
  <variableValue variable="ANNOSVKO11">
    <value valueType="integer">4730830868291631104</value>
  </variableValue>
  <variableValue variable="KAYTTO11">
    <value valueType="text">2</value>
  </variableValue>
  <variableValue variable="ANNOSPV12">
    <value valueType="integer">2418547586312509440</value>
  </variableValue>
  <variableValue variable="ANNOSVKO12">
    <value valueType="integer">-5695836402250983424</value>
  </variableValue>
  <variableValue variable="KAYTTO12">
    <value valueType="text">1</value>
  </variableValue>
  <variableValue variable="ANNOSPV13">
    <value valueType="integer">1213819921281011712</value>
  </variableValue>
  <variableValue variable="ANNOSVKO13">
    <value valueType="integer">-2741787597064054784</value>
  </variableValue>
  <variableValue variable="KAYTTO13">
    <value valueType="text">1</value>
  </variableValue>
  <variableValue variable="ANNOSPV14">
    <value valueType="integer">-802218142218233856</value>
  </variableValue>
  <variableValue variable="ANNOSVKO14">
    <value valueType="integer">4610496750705541120</value>
  </variableValue>
  <variableValue variable="KAYTTO14">
    <value valueType="text">1</value>
  </variableValue>
</valueSet>