<valueSet valueTable="FNAC" entityType="Participant" entityIdentifier="1462220120849938486">
  <variableValue variable="SVUOSI">
    <value valueType="integer">1941</value>
  </variableValue>
  <variableValue variable="SUKUP">
    <value valueType="text">1</value>
  </variableValue>
  <variableValue variable="PITUUS">
    <value valueType="decimal">1.6322868614816475</value>
  </variableValue>
  <variableValue variable="PAINO">
    <value valueType="decimal">58.04594088788761</value>
  </variableValue>
  <variableValue variable="VYOTARO">
    <value valueType="decimal">113.06104386423326</value>
  </variableValue>
  <variableValue variable="LANTIO">
    <value valueType="decimal">107.30071332365591</value>
  </variableValue>
  <variableValue variable="DIAS1">
    <value valueType="decimal">82.41387214260267</value>
  </variableValue>
  <variableValue variable="DIAS2">
    <value valueType="decimal">104.28374535671344</value>
  </variableValue>
  <variableValue variable="DIAS3">
    <value valueType="decimal">51.74813843948111</value>
  </variableValue>
  <variableValue variable="SYS1">
    <value valueType="decimal">107.05868212365377</value>
  </variableValue>
  <variableValue variable="SYS2">
    <value valueType="decimal">228.380077414388</value>
  </variableValue>
  <variableValue variable="SYS3">
    <value valueType="decimal">135.96170617750005</value>
  </variableValue>
  <variableValue variable="Q29">
    <value valueType="text">1</value>
  </variableValue>
  <variableValue variable="Q30">
    <value valueType="text">2</value>
  </variableValue>
  <variableValue variable="K34">
    <value valueType="text">1</value>
  </variableValue>
  <variableValue variable="Q38">
    <value valueType="text">3</value>
  </variableValue>
  <variableValue variable="Q17A">
    <value valueType="text">2</value>
  </variableValue>
  <variableValue variable="FR07_38">
    <value valueType="text">3</value>
  </variableValue>
  <variableValue variable="Q16A">
    <value valueType="text">1</value>
  </variableValue>
  <variableValue variable="Q15A">
    <value valueType="text">2</value>
  </variableValue>
  <variableValue variable="TUPI3">
    <value valueType="text">3</value>
  </variableValue>
  <variableValue variable="Q67">
    <value valueType="text">2</value>
  </variableValue>
  <variableValue variable="TUPI1">
    <value valueType="integer">49</value>
  </variableValue>
  <variableValue variable="FR07_13_laani">
    <value valueType="text">6</value>
  </variableValue>
  <variableValue variable="KOL">
    <value valueType="decimal">5.20048303651696</value>
  </variableValue>
  <variableValue variable="TRIG">
    <value valueType="decimal">0.3</value>
  </variableValue>
  <variableValue variable="HDL">
    <value valueType="decimal">1.2943882474518278</value>
  </variableValue>
  <variableValue variable="sl_gluk_0h">
    <value valueType="decimal">5.686957149653994</value>
  </variableValue>
  <variableValue variable="Q128A">
    <value valueType="text">2</value>
  </variableValue>
  <variableValue variable="FR02_145B">
    <value valueType="integer">23</value>
  </variableValue>
  <variableValue variable="FR02_145E">
    <value valueType="integer">47</value>
  </variableValue>
  <variableValue variable="FR02_145F">
    <value valueType="integer">32</value>
  </variableValue>
  <variableValue variable="FR02_145D">
    <value valueType="integer">71</value>
  </variableValue>
  <variableValue variable="ALKI1">
    <value valueType="integer">141</value>
  </variableValue>
  <variableValue variable="KY2">
    <value valueType="text">5</value>
  </variableValue>
  <variableValue variable="k13">
    <value valueType="integer">5</value>
  </variableValue>
  <variableValue variable="TULOT">
    <value valueType="text">7</value>
  </variableValue>
  <variableValue variable="FR02_3">
    <value valueType="text">2</value>
  </variableValue>
  <variableValue variable="KOULV">
    <value valueType="integer">1</value>
  </variableValue>
  <variableValue variable="FR07_11">
    <value valueType="text">5</value>
  </variableValue>
  <variableValue variable="Q56">
    <value valueType="text">4</value>
  </variableValue>
  <variableValue variable="Q57">
    <value valueType="text">2</value>
  </variableValue>
  <variableValue variable="Q58">
    <value valueType="text">3</value>
  </variableValue>
  <variableValue variable="FRO7_81">
    <value valueType="text">4</value>
  </variableValue>
  <variableValue variable="Q61">
    <value valueType="text">3</value>
  </variableValue>
  <variableValue variable="KY74">
    <value valueType="text">1</value>
  </variableValue>
  <variableValue variable="Q63">
    <value valueType="text">1</value>
  </variableValue>
  <variableValue variable="FR07_85_1">
    <value valueType="integer">93</value>
  </variableValue>
  <variableValue variable="FR07_85_2">
    <value valueType="integer">68</value>
  </variableValue>
  <variableValue variable="FR07_85_3">
    <value valueType="integer">64</value>
  </variableValue>
  <variableValue variable="FR07_85_4">
    <value valueType="integer">23</value>
  </variableValue>
  <variableValue variable="FR07_85_5">
    <value valueType="integer">12</value>
  </variableValue>
  <variableValue variable="FR07_85_6">
    <value valueType="integer">49</value>
  </variableValue>
  <variableValue variable="FR07_86_1T">
    <value valueType="integer">10</value>
  </variableValue>
  <variableValue variable="FR07_86_1M">
    <value valueType="integer">15</value>
  </variableValue>
  <variableValue variable="FR07_86_2T">
    <value valueType="integer">19</value>
  </variableValue>
  <variableValue variable="FR07_86_2M">
    <value valueType="integer">8</value>
  </variableValue>
  <variableValue variable="FR07_86_3T">
    <value valueType="integer">10</value>
  </variableValue>
  <variableValue variable="FR07_86_3M">
    <value valueType="integer">50</value>
  </variableValue>
  <variableValue variable="FR07_86_4T">
    <value valueType="integer">14</value>
  </variableValue>
  <variableValue variable="FR07_86_4M">
    <value valueType="integer">5</value>
  </variableValue>
  <variableValue variable="FR07_86_5T">
    <value valueType="integer">7</value>
  </variableValue>
  <variableValue variable="FR07_86_5M">
    <value valueType="integer">23</value>
  </variableValue>
  <variableValue variable="FR07_105_1">
    <value valueType="text">2</value>
  </variableValue>
  <variableValue variable="FR07_105_2">
    <value valueType="text">2</value>
  </variableValue>
  <variableValue variable="FR07_105_3">
    <value valueType="text">2</value>
  </variableValue>
  <variableValue variable="FR07_105_4">
    <value valueType="text">8</value>
  </variableValue>
  <variableValue variable="FR07_105_5">
    <value valueType="text">7</value>
  </variableValue>
  <variableValue variable="FR07_105_6">
    <value valueType="text">1</value>
  </variableValue>
  <variableValue variable="FR07_105_7">
    <value valueType="text">8</value>
  </variableValue>
  <variableValue variable="FR07_105_8">
    <value valueType="text">6</value>
  </variableValue>
  <variableValue variable="FR07_105_9">
    <value valueType="text">1</value>
  </variableValue>
  <variableValue variable="FR07_105_10">
    <value valueType="text">4</value>
  </variableValue>
  <variableValue variable="FR07_105_11">
    <value valueType="text">8</value>
  </variableValue>
  <variableValue variable="FR07_105_12">
    <value valueType="text">8</value>
  </variableValue>
  <variableValue variable="FR07_105_13">
    <value valueType="text">4</value>
  </variableValue>
  <variableValue variable="FR07_105_14">
    <value valueType="text">8</value>
  </variableValue>
  <variableValue variable="FR07_105_15">
    <value valueType="text">3</value>
  </variableValue>
  <variableValue variable="FR07_105_16">
    <value valueType="text">5</value>
  </variableValue>
  <variableValue variable="FR07_105_17">
    <value valueType="text">5</value>
  </variableValue>
  <variableValue variable="FR07_105_18">
    <value valueType="text">1</value>
  </variableValue>
  <variableValue variable="FR07_105_19">
    <value valueType="text">6</value>
  </variableValue>
  <variableValue variable="FR07_105_20">
    <value valueType="text">8</value>
  </variableValue>
  <variableValue variable="FR07_105_21">
    <value valueType="text">7</value>
  </variableValue>
  <variableValue variable="FR07_105_22">
    <value valueType="text">8</value>
  </variableValue>
  <variableValue variable="FR07_105_23">
    <value valueType="text">8</value>
  </variableValue>
  <variableValue variable="FR07_105_24">
    <value valueType="text">5</value>
  </variableValue>
  <variableValue variable="FR07_105_25">
    <value valueType="text">8</value>
  </variableValue>
  <variableValue variable="FR07_105_26">
    <value valueType="text">3</value>
  </variableValue>
  <variableValue variable="FR07_105_27">
    <value valueType="text">7</value>
  </variableValue>
  <variableValue variable="FR07_105_28">
    <value valueType="text">3</value>
  </variableValue>
  <variableValue variable="FR07_105_29">
    <value valueType="text">2</value>
  </variableValue>
  <variableValue variable="FR07_105_30">
    <value valueType="text">4</value>
  </variableValue>
  <variableValue variable="FR07_105_31">
    <value valueType="text">2</value>
  </variableValue>
  <variableValue variable="FR07_105_32">
    <value valueType="text">1</value>
  </variableValue>
  <variableValue variable="FR07_105_33">
    <value valueType="text">4</value>
  </variableValue>
  <variableValue variable="FR07_105_34">
    <value valueType="text">2</value>
  </variableValue>
  <variableValue variable="FR07_105_35">
    <value valueType="text">2</value>
  </variableValue>
  <variableValue variable="FR07_105_36">
    <value valueType="text">8</value>
  </variableValue>
  <variableValue variable="FR07_105_37">
    <value valueType="text">8</value>
  </variableValue>
  <variableValue variable="FR07_106_1">
    <value valueType="text">8</value>
  </variableValue>
  <variableValue variable="FR07_106_2">
    <value valueType="text">4</value>
  </variableValue>
  <variableValue variable="FR07_106_3">
    <value valueType="text">5</value>
  </variableValue>
  <variableValue variable="FR02_100A">
    <value valueType="text">1</value>
  </variableValue>
  <variableValue variable="FR02_100B">
    <value valueType="text">1</value>
  </variableValue>
  <variableValue variable="FR02_100C">
    <value valueType="text">2</value>
  </variableValue>
  <variableValue variable="FR02_100D">
    <value valueType="text">1</value>
  </variableValue>
  <variableValue variable="FR02_100E">
    <value valueType="text">2</value>
  </variableValue>
  <variableValue variable="FR02_100F">
    <value valueType="text">1</value>
  </variableValue>
  <variableValue variable="FR02_100G">
    <value valueType="text">2</value>
  </variableValue>
  <variableValue variable="FR07_108_9">
    <value valueType="text">1</value>
  </variableValue>
  <variableValue variable="FR02_100H">
    <value valueType="text">2</value>
  </variableValue>
  <variableValue variable="FR07_109_1P">
    <value valueType="integer">21</value>
  </variableValue>
  <variableValue variable="FR07_109_1V">
    <value valueType="integer">68</value>
  </variableValue>
  <variableValue variable="FR07_109_2P">
    <value valueType="integer">6</value>
  </variableValue>
  <variableValue variable="FR07_109_2V">
    <value valueType="integer">81</value>
  </variableValue>
  <variableValue variable="FR07_109_3P">
    <value valueType="integer">3</value>
  </variableValue>
  <variableValue variable="FR07_109_3V">
    <value valueType="integer">3</value>
  </variableValue>
  <variableValue variable="FR07_109_4P">
    <value valueType="integer">5</value>
  </variableValue>
  <variableValue variable="FR07_109_4V">
    <value valueType="integer">46</value>
  </variableValue>
  <variableValue variable="FR07_109_5P">
    <value valueType="integer">17</value>
  </variableValue>
  <variableValue variable="FR07_109_5V">
    <value valueType="integer">70</value>
  </variableValue>
  <variableValue variable="FR07_109_6P">
    <value valueType="integer">8</value>
  </variableValue>
  <variableValue variable="FR07_109_6V">
    <value valueType="integer">75</value>
  </variableValue>
  <variableValue variable="FR07_109_7P">
    <value valueType="integer">1</value>
  </variableValue>
  <variableValue variable="FR07_109_7V">
    <value valueType="integer">104</value>
  </variableValue>
  <variableValue variable="FR07_109_8P">
    <value valueType="integer">19</value>
  </variableValue>
  <variableValue variable="FR07_109_8V">
    <value valueType="integer">92</value>
  </variableValue>
  <variableValue variable="FR07_109_9P">
    <value valueType="integer">4</value>
  </variableValue>
  <variableValue variable="FR07_109_9V">
    <value valueType="integer">6</value>
  </variableValue>
  <variableValue variable="FR07_109_10P">
    <value valueType="integer">6</value>
  </variableValue>
  <variableValue variable="FR07_109_10V">
    <value valueType="integer">12</value>
  </variableValue>
  <variableValue variable="FR07_109_11P">
    <value valueType="integer">3</value>
  </variableValue>
  <variableValue variable="FR07_109_11V">
    <value valueType="integer">27</value>
  </variableValue>
  <variableValue variable="FR07_109_12P">
    <value valueType="integer">1</value>
  </variableValue>
  <variableValue variable="FR07_109_12V">
    <value valueType="integer">29</value>
  </variableValue>
  <variableValue variable="FR07_109_13P">
    <value valueType="integer">1</value>
  </variableValue>
  <variableValue variable="FR07_109_13V">
    <value valueType="integer">9</value>
  </variableValue>
  <variableValue variable="FR07_109_14P">
    <value valueType="integer">1</value>
  </variableValue>
  <variableValue variable="FR07_109_14V">
    <value valueType="integer">29</value>
  </variableValue>
  <variableValue variable="FR07_109_15P">
    <value valueType="integer">10</value>
  </variableValue>
  <variableValue variable="FR07_109_15V">
    <value valueType="integer">7</value>
  </variableValue>
  <variableValue variable="KY97">
    <value valueType="text">0</value>
  </variableValue>
  <variableValue variable="FR02_112">
    <value valueType="text">2</value>
  </variableValue>
  <variableValue variable="FR07_112">
    <value valueType="text">7</value>
  </variableValue>
  <variableValue variable="FR07_113">
    <value valueType="text">2</value>
  </variableValue>
  <variableValue variable="FR02_114">
    <value valueType="text">1</value>
  </variableValue>
  <variableValue variable="ANNOSPV1">
    <value valueType="integer">2564832628234100736</value>
  </variableValue>
  <variableValue variable="ANNOSVKO1">
    <value valueType="integer">8938054644580853760</value>
  </variableValue>
  <variableValue variable="KAYTTO1">
    <value valueType="text">1</value>
  </variableValue>
  <variableValue variable="ANNOSPV2">
    <value valueType="integer">-3622668464651720704</value>
  </variableValue>
  <variableValue variable="ANNOSVKO2">
    <value valueType="integer">-3975564924754968576</value>
  </variableValue>
  <variableValue variable="KAYTTO2">
    <value valueType="text">1</value>
  </variableValue>
  <variableValue variable="ANNOSPV3">
    <value valueType="integer">412388048258478080</value>
  </variableValue>
  <variableValue variable="ANNOSVKO3">
    <value valueType="integer">4769114495669716992</value>
  </variableValue>
  <variableValue variable="KAYTTO3">
    <value valueType="text">2</value>
  </variableValue>
  <variableValue variable="ANNOSPV4">
    <value valueType="integer">6483975234567559168</value>
  </variableValue>
  <variableValue variable="ANNOSVKO4">
    <value valueType="integer">-7728927129792698368</value>
  </variableValue>
  <variableValue variable="KAYTTO4">
    <value valueType="text">2</value>
  </variableValue>
  <variableValue variable="ANNOSPV5">
    <value valueType="integer">3127001100429176832</value>
  </variableValue>
  <variableValue variable="ANNOSVKO5">
    <value valueType="integer">2864590985008932864</value>
  </variableValue>
  <variableValue variable="KAYTTO5">
    <value valueType="text">1</value>
  </variableValue>
  <variableValue variable="ANNOSPV6">
    <value valueType="integer">2385980193809559552</value>
  </variableValue>
  <variableValue variable="ANNOSVKO6">
    <value valueType="integer">6147459324247767040</value>
  </variableValue>
  <variableValue variable="KAYTTO6">
    <value valueType="text">1</value>
  </variableValue>
  <variableValue variable="ANNOSPV7">
    <value valueType="integer">-4965486510391230464</value>
  </variableValue>
  <variableValue variable="ANNOSVKO7">
    <value valueType="integer">5723916035207372800</value>
  </variableValue>
  <variableValue variable="KAYTTO7">
    <value valueType="text">2</value>
  </variableValue>
  <variableValue variable="ANNOSPV8">
    <value valueType="integer">-2517705439901761536</value>
  </variableValue>
  <variableValue variable="ANNOSVKO8">
    <value valueType="integer">7089568119530276864</value>
  </variableValue>
  <variableValue variable="KAYTTO8">
    <value valueType="text">2</value>
  </variableValue>
  <variableValue variable="ANNOSPV9">
    <value valueType="integer">-7026708478103166976</value>
  </variableValue>
  <variableValue variable="ANNOSVKO9">
    <value valueType="integer">4058610259372967936</value>
  </variableValue>
  <variableValue variable="KAYTTO9">
    <value valueType="text">1</value>
  </variableValue>
  <variableValue variable="ANNOSPV10">
    <value valueType="integer">-128131610336387072</value>
  </variableValue>
  <variableValue variable="ANNOSVKO10">
    <value valueType="integer">36285861022353408</value>
  </variableValue>
  <variableValue variable="KAYTTO10">
    <value valueType="text">2</value>
  </variableValue>
  <variableValue variable="ANNOSPV11">
    <value valueType="integer">994634751162159104</value>
  </variableValue>
  <variableValue variable="ANNOSVKO11">
    <value valueType="integer">-5890127627449477120</value>
  </variableValue>
  <variableValue variable="KAYTTO11">
    <value valueType="text">1</value>
  </variableValue>
  <variableValue variable="ANNOSPV12">
    <value valueType="integer">1768095302738151424</value>
  </variableValue>
  <variableValue variable="ANNOSVKO12">
    <value valueType="integer">-8796662067999680512</value>
  </variableValue>
  <variableValue variable="KAYTTO12">
    <value valueType="text">1</value>
  </variableValue>
  <variableValue variable="ANNOSPV13">
    <value valueType="integer">310443040118200320</value>
  </variableValue>
  <variableValue variable="ANNOSVKO13">
    <value valueType="integer">6107120526118148096</value>
  </variableValue>
  <variableValue variable="KAYTTO13">
    <value valueType="text">1</value>
  </variableValue>
  <variableValue variable="ANNOSPV14">
    <value valueType="integer">-5174269207529531392</value>
  </variableValue>
  <variableValue variable="ANNOSVKO14">
    <value valueType="integer">-7182188445569792000</value>
  </variableValue>
  <variableValue variable="KAYTTO14">
    <value valueType="text">1</value>
  </variableValue>
</valueSet>