<valueSet valueTable="FNAC" entityType="Participant" entityIdentifier="89604742391982751">
  <variableValue variable="SVUOSI">
    <value valueType="integer">1972</value>
  </variableValue>
  <variableValue variable="SUKUP">
    <value valueType="text">2</value>
  </variableValue>
  <variableValue variable="PITUUS">
    <value valueType="decimal">1.5794267285955383</value>
  </variableValue>
  <variableValue variable="PAINO">
    <value valueType="decimal">95.08540526299548</value>
  </variableValue>
  <variableValue variable="VYOTARO">
    <value valueType="decimal">108.25551318092599</value>
  </variableValue>
  <variableValue variable="LANTIO">
    <value valueType="decimal">103.32500684357603</value>
  </variableValue>
  <variableValue variable="DIAS1">
    <value valueType="decimal">54.234622362163734</value>
  </variableValue>
  <variableValue variable="DIAS2">
    <value valueType="decimal">108.35946706667464</value>
  </variableValue>
  <variableValue variable="DIAS3">
    <value valueType="decimal">74.73522835617696</value>
  </variableValue>
  <variableValue variable="SYS1">
    <value valueType="decimal">92.95758025735373</value>
  </variableValue>
  <variableValue variable="SYS2">
    <value valueType="decimal">152.3645968067029</value>
  </variableValue>
  <variableValue variable="SYS3">
    <value valueType="decimal">174.48090669695918</value>
  </variableValue>
  <variableValue variable="Q29">
    <value valueType="text">2</value>
  </variableValue>
  <variableValue variable="Q30">
    <value valueType="text">5</value>
  </variableValue>
  <variableValue variable="K34">
    <value valueType="text">2</value>
  </variableValue>
  <variableValue variable="Q38">
    <value valueType="text">1</value>
  </variableValue>
  <variableValue variable="Q17A">
    <value valueType="text">1</value>
  </variableValue>
  <variableValue variable="FR07_38">
    <value valueType="text">1</value>
  </variableValue>
  <variableValue variable="Q16A">
    <value valueType="text">2</value>
  </variableValue>
  <variableValue variable="Q15A">
    <value valueType="text">2</value>
  </variableValue>
  <variableValue variable="TUPI3">
    <value valueType="text">4</value>
  </variableValue>
  <variableValue variable="Q67">
    <value valueType="text">2</value>
  </variableValue>
  <variableValue variable="TUPI1">
    <value valueType="integer">54</value>
  </variableValue>
  <variableValue variable="FR07_13_laani">
    <value valueType="text">4</value>
  </variableValue>
  <variableValue variable="KOL">
    <value valueType="decimal">5.164852038649908</value>
  </variableValue>
  <variableValue variable="TRIG">
    <value valueType="decimal">2.6947621892835354</value>
  </variableValue>
  <variableValue variable="HDL">
    <value valueType="decimal">0.48</value>
  </variableValue>
  <variableValue variable="sl_gluk_0h">
    <value valueType="decimal">5.1554341253515945</value>
  </variableValue>
  <variableValue variable="Q128A">
    <value valueType="text">3</value>
  </variableValue>
  <variableValue variable="FR02_145B">
    <value valueType="integer">11</value>
  </variableValue>
  <variableValue variable="FR02_145E">
    <value valueType="integer">3</value>
  </variableValue>
  <variableValue variable="FR02_145F">
    <value valueType="integer">17</value>
  </variableValue>
  <variableValue variable="FR02_145D">
    <value valueType="integer">31</value>
  </variableValue>
  <variableValue variable="ALKI1">
    <value valueType="integer">1163</value>
  </variableValue>
  <variableValue variable="KY2">
    <value valueType="text">2</value>
  </variableValue>
  <variableValue variable="k13">
    <value valueType="integer">14</value>
  </variableValue>
  <variableValue variable="TULOT">
    <value valueType="text">8</value>
  </variableValue>
  <variableValue variable="FR02_3">
    <value valueType="text">5</value>
  </variableValue>
  <variableValue variable="KOULV">
    <value valueType="integer">5</value>
  </variableValue>
  <variableValue variable="FR07_11">
    <value valueType="text">13</value>
  </variableValue>
  <variableValue variable="Q56">
    <value valueType="text">3</value>
  </variableValue>
  <variableValue variable="Q57">
    <value valueType="text">2</value>
  </variableValue>
  <variableValue variable="Q58">
    <value valueType="text">2</value>
  </variableValue>
  <variableValue variable="FRO7_81">
    <value valueType="text">3</value>
  </variableValue>
  <variableValue variable="Q61">
    <value valueType="text">4</value>
  </variableValue>
  <variableValue variable="KY74">
    <value valueType="text">4</value>
  </variableValue>
  <variableValue variable="Q63">
    <value valueType="text">1</value>
  </variableValue>
  <variableValue variable="FR07_85_1">
    <value valueType="integer">55</value>
  </variableValue>
  <variableValue variable="FR07_85_2">
    <value valueType="integer">94</value>
  </variableValue>
  <variableValue variable="FR07_85_3">
    <value valueType="integer">80</value>
  </variableValue>
  <variableValue variable="FR07_85_4">
    <value valueType="integer">34</value>
  </variableValue>
  <variableValue variable="FR07_85_5">
    <value valueType="integer">27</value>
  </variableValue>
  <variableValue variable="FR07_85_6">
    <value valueType="integer">93</value>
  </variableValue>
  <variableValue variable="FR07_86_1T">
    <value valueType="integer">2</value>
  </variableValue>
  <variableValue variable="FR07_86_1M">
    <value valueType="integer">51</value>
  </variableValue>
  <variableValue variable="FR07_86_2T">
    <value valueType="integer">21</value>
  </variableValue>
  <variableValue variable="FR07_86_2M">
    <value valueType="integer">34</value>
  </variableValue>
  <variableValue variable="FR07_86_3T">
    <value valueType="integer">22</value>
  </variableValue>
  <variableValue variable="FR07_86_3M">
    <value valueType="integer">20</value>
  </variableValue>
  <variableValue variable="FR07_86_4T">
    <value valueType="integer">8</value>
  </variableValue>
  <variableValue variable="FR07_86_4M">
    <value valueType="integer">8</value>
  </variableValue>
  <variableValue variable="FR07_86_5T">
    <value valueType="integer">3</value>
  </variableValue>
  <variableValue variable="FR07_86_5M">
    <value valueType="integer">32</value>
  </variableValue>
  <variableValue variable="FR07_105_1">
    <value valueType="text">5</value>
  </variableValue>
  <variableValue variable="FR07_105_2">
    <value valueType="text">7</value>
  </variableValue>
  <variableValue variable="FR07_105_3">
    <value valueType="text">7</value>
  </variableValue>
  <variableValue variable="FR07_105_4">
    <value valueType="text">3</value>
  </variableValue>
  <variableValue variable="FR07_105_5">
    <value valueType="text">8</value>
  </variableValue>
  <variableValue variable="FR07_105_6">
    <value valueType="text">1</value>
  </variableValue>
  <variableValue variable="FR07_105_7">
    <value valueType="text">5</value>
  </variableValue>
  <variableValue variable="FR07_105_8">
    <value valueType="text">1</value>
  </variableValue>
  <variableValue variable="FR07_105_9">
    <value valueType="text">6</value>
  </variableValue>
  <variableValue variable="FR07_105_10">
    <value valueType="text">4</value>
  </variableValue>
  <variableValue variable="FR07_105_11">
    <value valueType="text">3</value>
  </variableValue>
  <variableValue variable="FR07_105_12">
    <value valueType="text">7</value>
  </variableValue>
  <variableValue variable="FR07_105_13">
    <value valueType="text">3</value>
  </variableValue>
  <variableValue variable="FR07_105_14">
    <value valueType="text">6</value>
  </variableValue>
  <variableValue variable="FR07_105_15">
    <value valueType="text">3</value>
  </variableValue>
  <variableValue variable="FR07_105_16">
    <value valueType="text">6</value>
  </variableValue>
  <variableValue variable="FR07_105_17">
    <value valueType="text">4</value>
  </variableValue>
  <variableValue variable="FR07_105_18">
    <value valueType="text">3</value>
  </variableValue>
  <variableValue variable="FR07_105_19">
    <value valueType="text">4</value>
  </variableValue>
  <variableValue variable="FR07_105_20">
    <value valueType="text">7</value>
  </variableValue>
  <variableValue variable="FR07_105_21">
    <value valueType="text">8</value>
  </variableValue>
  <variableValue variable="FR07_105_22">
    <value valueType="text">6</value>
  </variableValue>
  <variableValue variable="FR07_105_23">
    <value valueType="text">2</value>
  </variableValue>
  <variableValue variable="FR07_105_24">
    <value valueType="text">6</value>
  </variableValue>
  <variableValue variable="FR07_105_25">
    <value valueType="text">8</value>
  </variableValue>
  <variableValue variable="FR07_105_26">
    <value valueType="text">3</value>
  </variableValue>
  <variableValue variable="FR07_105_27">
    <value valueType="text">7</value>
  </variableValue>
  <variableValue variable="FR07_105_28">
    <value valueType="text">8</value>
  </variableValue>
  <variableValue variable="FR07_105_29">
    <value valueType="text">5</value>
  </variableValue>
  <variableValue variable="FR07_105_30">
    <value valueType="text">6</value>
  </variableValue>
  <variableValue variable="FR07_105_31">
    <value valueType="text">3</value>
  </variableValue>
  <variableValue variable="FR07_105_32">
    <value valueType="text">1</value>
  </variableValue>
  <variableValue variable="FR07_105_33">
    <value valueType="text">5</value>
  </variableValue>
  <variableValue variable="FR07_105_34">
    <value valueType="text">5</value>
  </variableValue>
  <variableValue variable="FR07_105_35">
    <value valueType="text">3</value>
  </variableValue>
  <variableValue variable="FR07_105_36">
    <value valueType="text">3</value>
  </variableValue>
  <variableValue variable="FR07_105_37">
    <value valueType="text">2</value>
  </variableValue>
  <variableValue variable="FR07_106_1">
    <value valueType="text">3</value>
  </variableValue>
  <variableValue variable="FR07_106_2">
    <value valueType="text">5</value>
  </variableValue>
  <variableValue variable="FR07_106_3">
    <value valueType="text">2</value>
  </variableValue>
  <variableValue variable="FR02_100A">
    <value valueType="text">2</value>
  </variableValue>
  <variableValue variable="FR02_100B">
    <value valueType="text">2</value>
  </variableValue>
  <variableValue variable="FR02_100C">
    <value valueType="text">2</value>
  </variableValue>
  <variableValue variable="FR02_100D">
    <value valueType="text">1</value>
  </variableValue>
  <variableValue variable="FR02_100E">
    <value valueType="text">1</value>
  </variableValue>
  <variableValue variable="FR02_100F">
    <value valueType="text">1</value>
  </variableValue>
  <variableValue variable="FR02_100G">
    <value valueType="text">2</value>
  </variableValue>
  <variableValue variable="FR07_108_9">
    <value valueType="text">1</value>
  </variableValue>
  <variableValue variable="FR02_100H">
    <value valueType="text">2</value>
  </variableValue>
  <variableValue variable="FR07_109_1P">
    <value valueType="integer">35</value>
  </variableValue>
  <variableValue variable="FR07_109_1V">
    <value valueType="integer">192</value>
  </variableValue>
  <variableValue variable="FR07_109_2P">
    <value valueType="integer">9</value>
  </variableValue>
  <variableValue variable="FR07_109_2V">
    <value valueType="integer">25</value>
  </variableValue>
  <variableValue variable="FR07_109_3P">
    <value valueType="integer">2</value>
  </variableValue>
  <variableValue variable="FR07_109_3V">
    <value valueType="integer">5</value>
  </variableValue>
  <variableValue variable="FR07_109_4P">
    <value valueType="integer">8</value>
  </variableValue>
  <variableValue variable="FR07_109_4V">
    <value valueType="integer">57</value>
  </variableValue>
  <variableValue variable="FR07_109_5P">
    <value valueType="integer">9</value>
  </variableValue>
  <variableValue variable="FR07_109_5V">
    <value valueType="integer">23</value>
  </variableValue>
  <variableValue variable="FR07_109_6P">
    <value valueType="integer">12</value>
  </variableValue>
  <variableValue variable="FR07_109_6V">
    <value valueType="integer">27</value>
  </variableValue>
  <variableValue variable="FR07_109_7P">
    <value valueType="integer">6</value>
  </variableValue>
  <variableValue variable="FR07_109_7V">
    <value valueType="integer">59</value>
  </variableValue>
  <variableValue variable="FR07_109_8P">
    <value valueType="integer">11</value>
  </variableValue>
  <variableValue variable="FR07_109_8V">
    <value valueType="integer">75</value>
  </variableValue>
  <variableValue variable="FR07_109_9P">
    <value valueType="integer">3</value>
  </variableValue>
  <variableValue variable="FR07_109_9V">
    <value valueType="integer">36</value>
  </variableValue>
  <variableValue variable="FR07_109_10P">
    <value valueType="integer">3</value>
  </variableValue>
  <variableValue variable="FR07_109_10V">
    <value valueType="integer">14</value>
  </variableValue>
  <variableValue variable="FR07_109_11P">
    <value valueType="integer">6</value>
  </variableValue>
  <variableValue variable="FR07_109_11V">
    <value valueType="integer">4</value>
  </variableValue>
  <variableValue variable="FR07_109_12P">
    <value valueType="integer">6</value>
  </variableValue>
  <variableValue variable="FR07_109_12V">
    <value valueType="integer">10</value>
  </variableValue>
  <variableValue variable="FR07_109_13P">
    <value valueType="integer">0</value>
  </variableValue>
  <variableValue variable="FR07_109_13V">
    <value valueType="integer">41</value>
  </variableValue>
  <variableValue variable="FR07_109_14P">
    <value valueType="integer">7</value>
  </variableValue>
  <variableValue variable="FR07_109_14V">
    <value valueType="integer">28</value>
  </variableValue>
  <variableValue variable="FR07_109_15P">
    <value valueType="integer">4</value>
  </variableValue>
  <variableValue variable="FR07_109_15V">
    <value valueType="integer">14</value>
  </variableValue>
  <variableValue variable="KY97">
    <value valueType="text">0</value>
  </variableValue>
  <variableValue variable="FR02_112">
    <value valueType="text">0</value>
  </variableValue>
  <variableValue variable="FR07_112">
    <value valueType="text">6</value>
  </variableValue>
  <variableValue variable="FR07_113">
    <value valueType="text">2</value>
  </variableValue>
  <variableValue variable="FR02_114">
    <value valueType="text">2</value>
  </variableValue>
  <variableValue variable="ANNOSPV1">
    <value valueType="integer">8553525630976151552</value>
  </variableValue>
  <variableValue variable="ANNOSVKO1">
    <value valueType="integer">4695769695776845824</value>
  </variableValue>
  <variableValue variable="KAYTTO1">
    <value valueType="text">1</value>
  </variableValue>
  <variableValue variable="ANNOSPV2">
    <value valueType="integer">-3658556331192025088</value>
  </variableValue>
  <variableValue variable="ANNOSVKO2">
    <value valueType="integer">-4748733467257432064</value>
  </variableValue>
  <variableValue variable="KAYTTO2">
    <value valueType="text">2</value>
  </variableValue>
  <variableValue variable="ANNOSPV3">
    <value valueType="integer">-7193993207451772928</value>
  </variableValue>
  <variableValue variable="ANNOSVKO3">
    <value valueType="integer">-30026571063533568</value>
  </variableValue>
  <variableValue variable="KAYTTO3">
    <value valueType="text">2</value>
  </variableValue>
  <variableValue variable="ANNOSPV4">
    <value valueType="integer">850941465444255744</value>
  </variableValue>
  <variableValue variable="ANNOSVKO4">
    <value valueType="integer">-6249326623368101888</value>
  </variableValue>
  <variableValue variable="KAYTTO4">
    <value valueType="text">2</value>
  </variableValue>
  <variableValue variable="ANNOSPV5">
    <value valueType="integer">-980573247810648064</value>
  </variableValue>
  <variableValue variable="ANNOSVKO5">
    <value valueType="integer">6137911737479389184</value>
  </variableValue>
  <variableValue variable="KAYTTO5">
    <value valueType="text">1</value>
  </variableValue>
  <variableValue variable="ANNOSPV6">
    <value valueType="integer">7970955540308621312</value>
  </variableValue>
  <variableValue variable="ANNOSVKO6">
    <value valueType="integer">-1254741322459992064</value>
  </variableValue>
  <variableValue variable="KAYTTO6">
    <value valueType="text">1</value>
  </variableValue>
  <variableValue variable="ANNOSPV7">
    <value valueType="integer">-6927367565015672832</value>
  </variableValue>
  <variableValue variable="ANNOSVKO7">
    <value valueType="integer">808533584750602240</value>
  </variableValue>
  <variableValue variable="KAYTTO7">
    <value valueType="text">2</value>
  </variableValue>
  <variableValue variable="ANNOSPV8">
    <value valueType="integer">3166414558571100160</value>
  </variableValue>
  <variableValue variable="ANNOSVKO8">
    <value valueType="integer">1991941293924880384</value>
  </variableValue>
  <variableValue variable="KAYTTO8">
    <value valueType="text">1</value>
  </variableValue>
  <variableValue variable="ANNOSPV9">
    <value valueType="integer">54175960276172800</value>
  </variableValue>
  <variableValue variable="ANNOSVKO9">
    <value valueType="integer">-5089190430088562688</value>
  </variableValue>
  <variableValue variable="KAYTTO9">
    <value valueType="text">2</value>
  </variableValue>
  <variableValue variable="ANNOSPV10">
    <value valueType="integer">-6115025018640134144</value>
  </variableValue>
  <variableValue variable="ANNOSVKO10">
    <value valueType="integer">-8940377355373883392</value>
  </variableValue>
  <variableValue variable="KAYTTO10">
    <value valueType="text">1</value>
  </variableValue>
  <variableValue variable="ANNOSPV11">
    <value valueType="integer">-8897914417870510080</value>
  </variableValue>
  <variableValue variable="ANNOSVKO11">
    <value valueType="integer">1371297443629328384</value>
  </variableValue>
  <variableValue variable="KAYTTO11">
    <value valueType="text">2</value>
  </variableValue>
  <variableValue variable="ANNOSPV12">
    <value valueType="integer">-1931020666939340800</value>
  </variableValue>
  <variableValue variable="ANNOSVKO12">
    <value valueType="integer">6443287692350959616</value>
  </variableValue>
  <variableValue variable="KAYTTO12">
    <value valueType="text">2</value>
  </variableValue>
  <variableValue variable="ANNOSPV13">
    <value valueType="integer">-3252093005128435712</value>
  </variableValue>
  <variableValue variable="ANNOSVKO13">
    <value valueType="integer">-2916510351993229312</value>
  </variableValue>
  <variableValue variable="KAYTTO13">
    <value valueType="text">1</value>
  </variableValue>
  <variableValue variable="ANNOSPV14">
    <value valueType="integer">1601435817573666816</value>
  </variableValue>
  <variableValue variable="ANNOSVKO14">
    <value valueType="integer">-1737913864487356416</value>
  </variableValue>
  <variableValue variable="KAYTTO14">
    <value valueType="text">1</value>
  </variableValue>
</valueSet>