<valueSet valueTable="FNAC" entityType="Participant" entityIdentifier="1917772922485805138">
  <variableValue variable="SVUOSI">
    <value valueType="integer">1979</value>
  </variableValue>
  <variableValue variable="SUKUP">
    <value valueType="text">2</value>
  </variableValue>
  <variableValue variable="PITUUS">
    <value valueType="decimal">1.6645062766668126</value>
  </variableValue>
  <variableValue variable="PAINO">
    <value valueType="decimal">78.137057223032</value>
  </variableValue>
  <variableValue variable="VYOTARO">
    <value valueType="decimal">97.66873247284161</value>
  </variableValue>
  <variableValue variable="LANTIO">
    <value valueType="decimal">101.09346770147874</value>
  </variableValue>
  <variableValue variable="DIAS1">
    <value valueType="decimal">80.64195988925394</value>
  </variableValue>
  <variableValue variable="DIAS2">
    <value valueType="decimal">97.71265263989791</value>
  </variableValue>
  <variableValue variable="DIAS3">
    <value valueType="decimal">60.8831552249749</value>
  </variableValue>
  <variableValue variable="SYS1">
    <value valueType="decimal">119.44603965848643</value>
  </variableValue>
  <variableValue variable="SYS2">
    <value valueType="decimal">233.63932430018545</value>
  </variableValue>
  <variableValue variable="SYS3">
    <value valueType="decimal">164.94347116646702</value>
  </variableValue>
  <variableValue variable="Q29">
    <value valueType="text">2</value>
  </variableValue>
  <variableValue variable="Q30">
    <value valueType="text">1</value>
  </variableValue>
  <variableValue variable="K34">
    <value valueType="text">1</value>
  </variableValue>
  <variableValue variable="Q38">
    <value valueType="text">2</value>
  </variableValue>
  <variableValue variable="Q17A">
    <value valueType="text">1</value>
  </variableValue>
  <variableValue variable="FR07_38">
    <value valueType="text">3</value>
  </variableValue>
  <variableValue variable="Q16A">
    <value valueType="text">1</value>
  </variableValue>
  <variableValue variable="Q15A">
    <value valueType="text">2</value>
  </variableValue>
  <variableValue variable="TUPI3">
    <value valueType="text">2</value>
  </variableValue>
  <variableValue variable="Q67">
    <value valueType="text">1</value>
  </variableValue>
  <variableValue variable="TUPI1">
    <value valueType="integer">37</value>
  </variableValue>
  <variableValue variable="FR07_13_laani">
    <value valueType="text">6</value>
  </variableValue>
  <variableValue variable="KOL">
    <value valueType="decimal">6.706332504041228</value>
  </variableValue>
  <variableValue variable="TRIG">
    <value valueType="decimal">2.753467582462342</value>
  </variableValue>
  <variableValue variable="HDL">
    <value valueType="decimal">1.746450204666286</value>
  </variableValue>
  <variableValue variable="sl_gluk_0h">
    <value valueType="decimal">5.546032342835538</value>
  </variableValue>
  <variableValue variable="Q128A">
    <value valueType="text">3</value>
  </variableValue>
  <variableValue variable="FR02_145B">
    <value valueType="integer">10</value>
  </variableValue>
  <variableValue variable="FR02_145E">
    <value valueType="integer">11</value>
  </variableValue>
  <variableValue variable="FR02_145F">
    <value valueType="integer">70</value>
  </variableValue>
  <variableValue variable="FR02_145D">
    <value valueType="integer">90</value>
  </variableValue>
  <variableValue variable="ALKI1">
    <value valueType="integer">1707</value>
  </variableValue>
  <variableValue variable="KY2">
    <value valueType="text">3</value>
  </variableValue>
  <variableValue variable="k13">
    <value valueType="integer">17</value>
  </variableValue>
  <variableValue variable="TULOT">
    <value valueType="text">2</value>
  </variableValue>
  <variableValue variable="FR02_3">
    <value valueType="text">6</value>
  </variableValue>
  <variableValue variable="KOULV">
    <value valueType="integer">34</value>
  </variableValue>
  <variableValue variable="FR07_11">
    <value valueType="text">5</value>
  </variableValue>
  <variableValue variable="Q56">
    <value valueType="text">1</value>
  </variableValue>
  <variableValue variable="Q57">
    <value valueType="text">1</value>
  </variableValue>
  <variableValue variable="Q58">
    <value valueType="text">3</value>
  </variableValue>
  <variableValue variable="FRO7_81">
    <value valueType="text">7</value>
  </variableValue>
  <variableValue variable="Q61">
    <value valueType="text">3</value>
  </variableValue>
  <variableValue variable="KY74">
    <value valueType="text">3</value>
  </variableValue>
  <variableValue variable="Q63">
    <value valueType="text">5</value>
  </variableValue>
  <variableValue variable="FR07_85_1">
    <value valueType="integer">7</value>
  </variableValue>
  <variableValue variable="FR07_85_2">
    <value valueType="integer">96</value>
  </variableValue>
  <variableValue variable="FR07_85_3">
    <value valueType="integer">21</value>
  </variableValue>
  <variableValue variable="FR07_85_4">
    <value valueType="integer">67</value>
  </variableValue>
  <variableValue variable="FR07_85_5">
    <value valueType="integer">27</value>
  </variableValue>
  <variableValue variable="FR07_85_6">
    <value valueType="integer">11</value>
  </variableValue>
  <variableValue variable="FR07_86_1T">
    <value valueType="integer">14</value>
  </variableValue>
  <variableValue variable="FR07_86_1M">
    <value valueType="integer">38</value>
  </variableValue>
  <variableValue variable="FR07_86_2T">
    <value valueType="integer">12</value>
  </variableValue>
  <variableValue variable="FR07_86_2M">
    <value valueType="integer">14</value>
  </variableValue>
  <variableValue variable="FR07_86_3T">
    <value valueType="integer">18</value>
  </variableValue>
  <variableValue variable="FR07_86_3M">
    <value valueType="integer">26</value>
  </variableValue>
  <variableValue variable="FR07_86_4T">
    <value valueType="integer">3</value>
  </variableValue>
  <variableValue variable="FR07_86_4M">
    <value valueType="integer">16</value>
  </variableValue>
  <variableValue variable="FR07_86_5T">
    <value valueType="integer">4</value>
  </variableValue>
  <variableValue variable="FR07_86_5M">
    <value valueType="integer">11</value>
  </variableValue>
  <variableValue variable="FR07_105_1">
    <value valueType="text">1</value>
  </variableValue>
  <variableValue variable="FR07_105_2">
    <value valueType="text">2</value>
  </variableValue>
  <variableValue variable="FR07_105_3">
    <value valueType="text">2</value>
  </variableValue>
  <variableValue variable="FR07_105_4">
    <value valueType="text">2</value>
  </variableValue>
  <variableValue variable="FR07_105_5">
    <value valueType="text">7</value>
  </variableValue>
  <variableValue variable="FR07_105_6">
    <value valueType="text">7</value>
  </variableValue>
  <variableValue variable="FR07_105_7">
    <value valueType="text">3</value>
  </variableValue>
  <variableValue variable="FR07_105_8">
    <value valueType="text">2</value>
  </variableValue>
  <variableValue variable="FR07_105_9">
    <value valueType="text">6</value>
  </variableValue>
  <variableValue variable="FR07_105_10">
    <value valueType="text">8</value>
  </variableValue>
  <variableValue variable="FR07_105_11">
    <value valueType="text">1</value>
  </variableValue>
  <variableValue variable="FR07_105_12">
    <value valueType="text">6</value>
  </variableValue>
  <variableValue variable="FR07_105_13">
    <value valueType="text">2</value>
  </variableValue>
  <variableValue variable="FR07_105_14">
    <value valueType="text">6</value>
  </variableValue>
  <variableValue variable="FR07_105_15">
    <value valueType="text">5</value>
  </variableValue>
  <variableValue variable="FR07_105_16">
    <value valueType="text">8</value>
  </variableValue>
  <variableValue variable="FR07_105_17">
    <value valueType="text">4</value>
  </variableValue>
  <variableValue variable="FR07_105_18">
    <value valueType="text">2</value>
  </variableValue>
  <variableValue variable="FR07_105_19">
    <value valueType="text">2</value>
  </variableValue>
  <variableValue variable="FR07_105_20">
    <value valueType="text">1</value>
  </variableValue>
  <variableValue variable="FR07_105_21">
    <value valueType="text">2</value>
  </variableValue>
  <variableValue variable="FR07_105_22">
    <value valueType="text">4</value>
  </variableValue>
  <variableValue variable="FR07_105_23">
    <value valueType="text">3</value>
  </variableValue>
  <variableValue variable="FR07_105_24">
    <value valueType="text">4</value>
  </variableValue>
  <variableValue variable="FR07_105_25">
    <value valueType="text">8</value>
  </variableValue>
  <variableValue variable="FR07_105_26">
    <value valueType="text">4</value>
  </variableValue>
  <variableValue variable="FR07_105_27">
    <value valueType="text">7</value>
  </variableValue>
  <variableValue variable="FR07_105_28">
    <value valueType="text">2</value>
  </variableValue>
  <variableValue variable="FR07_105_29">
    <value valueType="text">8</value>
  </variableValue>
  <variableValue variable="FR07_105_30">
    <value valueType="text">1</value>
  </variableValue>
  <variableValue variable="FR07_105_31">
    <value valueType="text">2</value>
  </variableValue>
  <variableValue variable="FR07_105_32">
    <value valueType="text">7</value>
  </variableValue>
  <variableValue variable="FR07_105_33">
    <value valueType="text">7</value>
  </variableValue>
  <variableValue variable="FR07_105_34">
    <value valueType="text">5</value>
  </variableValue>
  <variableValue variable="FR07_105_35">
    <value valueType="text">8</value>
  </variableValue>
  <variableValue variable="FR07_105_36">
    <value valueType="text">8</value>
  </variableValue>
  <variableValue variable="FR07_105_37">
    <value valueType="text">8</value>
  </variableValue>
  <variableValue variable="FR07_106_1">
    <value valueType="text">6</value>
  </variableValue>
  <variableValue variable="FR07_106_2">
    <value valueType="text">5</value>
  </variableValue>
  <variableValue variable="FR07_106_3">
    <value valueType="text">5</value>
  </variableValue>
  <variableValue variable="FR02_100A">
    <value valueType="text">1</value>
  </variableValue>
  <variableValue variable="FR02_100B">
    <value valueType="text">2</value>
  </variableValue>
  <variableValue variable="FR02_100C">
    <value valueType="text">2</value>
  </variableValue>
  <variableValue variable="FR02_100D">
    <value valueType="text">2</value>
  </variableValue>
  <variableValue variable="FR02_100E">
    <value valueType="text">1</value>
  </variableValue>
  <variableValue variable="FR02_100F">
    <value valueType="text">2</value>
  </variableValue>
  <variableValue variable="FR02_100G">
    <value valueType="text">2</value>
  </variableValue>
  <variableValue variable="FR07_108_9">
    <value valueType="text">1</value>
  </variableValue>
  <variableValue variable="FR02_100H">
    <value valueType="text">1</value>
  </variableValue>
  <variableValue variable="FR07_109_1P">
    <value valueType="integer">33</value>
  </variableValue>
  <variableValue variable="FR07_109_1V">
    <value valueType="integer">136</value>
  </variableValue>
  <variableValue variable="FR07_109_2P">
    <value valueType="integer">3</value>
  </variableValue>
  <variableValue variable="FR07_109_2V">
    <value valueType="integer">18</value>
  </variableValue>
  <variableValue variable="FR07_109_3P">
    <value valueType="integer">1</value>
  </variableValue>
  <variableValue variable="FR07_109_3V">
    <value valueType="integer">15</value>
  </variableValue>
  <variableValue variable="FR07_109_4P">
    <value valueType="integer">6</value>
  </variableValue>
  <variableValue variable="FR07_109_4V">
    <value valueType="integer">32</value>
  </variableValue>
  <variableValue variable="FR07_109_5P">
    <value valueType="integer">8</value>
  </variableValue>
  <variableValue variable="FR07_109_5V">
    <value valueType="integer">22</value>
  </variableValue>
  <variableValue variable="FR07_109_6P">
    <value valueType="integer">14</value>
  </variableValue>
  <variableValue variable="FR07_109_6V">
    <value valueType="integer">138</value>
  </variableValue>
  <variableValue variable="FR07_109_7P">
    <value valueType="integer">7</value>
  </variableValue>
  <variableValue variable="FR07_109_7V">
    <value valueType="integer">80</value>
  </variableValue>
  <variableValue variable="FR07_109_8P">
    <value valueType="integer">0</value>
  </variableValue>
  <variableValue variable="FR07_109_8V">
    <value valueType="integer">137</value>
  </variableValue>
  <variableValue variable="FR07_109_9P">
    <value valueType="integer">7</value>
  </variableValue>
  <variableValue variable="FR07_109_9V">
    <value valueType="integer">10</value>
  </variableValue>
  <variableValue variable="FR07_109_10P">
    <value valueType="integer">3</value>
  </variableValue>
  <variableValue variable="FR07_109_10V">
    <value valueType="integer">32</value>
  </variableValue>
  <variableValue variable="FR07_109_11P">
    <value valueType="integer">6</value>
  </variableValue>
  <variableValue variable="FR07_109_11V">
    <value valueType="integer">17</value>
  </variableValue>
  <variableValue variable="FR07_109_12P">
    <value valueType="integer">1</value>
  </variableValue>
  <variableValue variable="FR07_109_12V">
    <value valueType="integer">30</value>
  </variableValue>
  <variableValue variable="FR07_109_13P">
    <value valueType="integer">3</value>
  </variableValue>
  <variableValue variable="FR07_109_13V">
    <value valueType="integer">6</value>
  </variableValue>
  <variableValue variable="FR07_109_14P">
    <value valueType="integer">0</value>
  </variableValue>
  <variableValue variable="FR07_109_14V">
    <value valueType="integer">21</value>
  </variableValue>
  <variableValue variable="FR07_109_15P">
    <value valueType="integer">1</value>
  </variableValue>
  <variableValue variable="FR07_109_15V">
    <value valueType="integer">98</value>
  </variableValue>
  <variableValue variable="KY97">
    <value valueType="text">0</value>
  </variableValue>
  <variableValue variable="FR02_112">
    <value valueType="text">3</value>
  </variableValue>
  <variableValue variable="FR07_112">
    <value valueType="text">7</value>
  </variableValue>
  <variableValue variable="FR07_113">
    <value valueType="text">6</value>
  </variableValue>
  <variableValue variable="FR02_114">
    <value valueType="text">1</value>
  </variableValue>
  <variableValue variable="ANNOSPV1">
    <value valueType="integer">-3764138210182289408</value>
  </variableValue>
  <variableValue variable="ANNOSVKO1">
    <value valueType="integer">3769522368792922112</value>
  </variableValue>
  <variableValue variable="KAYTTO1">
    <value valueType="text">1</value>
  </variableValue>
  <variableValue variable="ANNOSPV2">
    <value valueType="integer">415783871373658112</value>
  </variableValue>
  <variableValue variable="ANNOSVKO2">
    <value valueType="integer">2885891288171108352</value>
  </variableValue>
  <variableValue variable="KAYTTO2">
    <value valueType="text">1</value>
  </variableValue>
  <variableValue variable="ANNOSPV3">
    <value valueType="integer">-7144970417625577472</value>
  </variableValue>
  <variableValue variable="ANNOSVKO3">
    <value valueType="integer">-6810248111442536448</value>
  </variableValue>
  <variableValue variable="KAYTTO3">
    <value valueType="text">2</value>
  </variableValue>
  <variableValue variable="ANNOSPV4">
    <value valueType="integer">-2931138530667192320</value>
  </variableValue>
  <variableValue variable="ANNOSVKO4">
    <value valueType="integer">2657557997925693440</value>
  </variableValue>
  <variableValue variable="KAYTTO4">
    <value valueType="text">1</value>
  </variableValue>
  <variableValue variable="ANNOSPV5">
    <value valueType="integer">5931870669128214528</value>
  </variableValue>
  <variableValue variable="ANNOSVKO5">
    <value valueType="integer">5021664887754713088</value>
  </variableValue>
  <variableValue variable="KAYTTO5">
    <value valueType="text">2</value>
  </variableValue>
  <variableValue variable="ANNOSPV6">
    <value valueType="integer">7669300797956880384</value>
  </variableValue>
  <variableValue variable="ANNOSVKO6">
    <value valueType="integer">7148590455598700544</value>
  </variableValue>
  <variableValue variable="KAYTTO6">
    <value valueType="text">1</value>
  </variableValue>
  <variableValue variable="ANNOSPV7">
    <value valueType="integer">-1775552085090467840</value>
  </variableValue>
  <variableValue variable="ANNOSVKO7">
    <value valueType="integer">-8312339485027348480</value>
  </variableValue>
  <variableValue variable="KAYTTO7">
    <value valueType="text">1</value>
  </variableValue>
  <variableValue variable="ANNOSPV8">
    <value valueType="integer">9010159380502593536</value>
  </variableValue>
  <variableValue variable="ANNOSVKO8">
    <value valueType="integer">1172432480121876480</value>
  </variableValue>
  <variableValue variable="KAYTTO8">
    <value valueType="text">1</value>
  </variableValue>
  <variableValue variable="ANNOSPV9">
    <value valueType="integer">-8725579257780459520</value>
  </variableValue>
  <variableValue variable="ANNOSVKO9">
    <value valueType="integer">845579401311795200</value>
  </variableValue>
  <variableValue variable="KAYTTO9">
    <value valueType="text">1</value>
  </variableValue>
  <variableValue variable="ANNOSPV10">
    <value valueType="integer">-2893878926906810368</value>
  </variableValue>
  <variableValue variable="ANNOSVKO10">
    <value valueType="integer">-6674135570471696384</value>
  </variableValue>
  <variableValue variable="KAYTTO10">
    <value valueType="text">1</value>
  </variableValue>
  <variableValue variable="ANNOSPV11">
    <value valueType="integer">2409436881229236224</value>
  </variableValue>
  <variableValue variable="ANNOSVKO11">
    <value valueType="integer">-8552692018732468224</value>
  </variableValue>
  <variableValue variable="KAYTTO11">
    <value valueType="text">2</value>
  </variableValue>
  <variableValue variable="ANNOSPV12">
    <value valueType="integer">-597456171867484160</value>
  </variableValue>
  <variableValue variable="ANNOSVKO12">
    <value valueType="integer">5925136716632735744</value>
  </variableValue>
  <variableValue variable="KAYTTO12">
    <value valueType="text">2</value>
  </variableValue>
  <variableValue variable="ANNOSPV13">
    <value valueType="integer">4247661243840047104</value>
  </variableValue>
  <variableValue variable="ANNOSVKO13">
    <value valueType="integer">1371242840073228288</value>
  </variableValue>
  <variableValue variable="KAYTTO13">
    <value valueType="text">1</value>
  </variableValue>
  <variableValue variable="ANNOSPV14">
    <value valueType="integer">-6684383057792133120</value>
  </variableValue>
  <variableValue variable="ANNOSVKO14">
    <value valueType="integer">-115095307353419776</value>
  </variableValue>
  <variableValue variable="KAYTTO14">
    <value valueType="text">1</value>
  </variableValue>
</valueSet>