<valueSet valueTable="FNAC" entityType="Participant" entityIdentifier="3110690123611301579">
  <variableValue variable="SVUOSI">
    <value valueType="integer">1963</value>
  </variableValue>
  <variableValue variable="SUKUP">
    <value valueType="text">2</value>
  </variableValue>
  <variableValue variable="PITUUS">
    <value valueType="decimal">1.83166249139996</value>
  </variableValue>
  <variableValue variable="PAINO">
    <value valueType="decimal">93.76408097075809</value>
  </variableValue>
  <variableValue variable="VYOTARO">
    <value valueType="decimal">113.12610640931773</value>
  </variableValue>
  <variableValue variable="LANTIO">
    <value valueType="decimal">100.6518812162599</value>
  </variableValue>
  <variableValue variable="DIAS1">
    <value valueType="decimal">96.05601025296153</value>
  </variableValue>
  <variableValue variable="DIAS2">
    <value valueType="decimal">93.72848222497998</value>
  </variableValue>
  <variableValue variable="DIAS3">
    <value valueType="decimal">72.54199974450769</value>
  </variableValue>
  <variableValue variable="SYS1">
    <value valueType="decimal">231.54201003192037</value>
  </variableValue>
  <variableValue variable="SYS2">
    <value valueType="decimal">125.50459962225571</value>
  </variableValue>
  <variableValue variable="SYS3">
    <value valueType="decimal">167.47023434019025</value>
  </variableValue>
  <variableValue variable="Q29">
    <value valueType="text">1</value>
  </variableValue>
  <variableValue variable="FR07_36">
    <value valueType="text"/>
  </variableValue>
  <variableValue variable="Q30">
    <value valueType="text">5</value>
  </variableValue>
  <variableValue variable="K34">
    <value valueType="text">1</value>
  </variableValue>
  <variableValue variable="FR07_30L">
    <value valueType="text"/>
  </variableValue>
  <variableValue variable="Q38">
    <value valueType="text">2</value>
  </variableValue>
  <variableValue variable="Q17A">
    <value valueType="text">2</value>
  </variableValue>
  <variableValue variable="FR07_38">
    <value valueType="text">6</value>
  </variableValue>
  <variableValue variable="Q16A">
    <value valueType="text">1</value>
  </variableValue>
  <variableValue variable="Q15A">
    <value valueType="text">2</value>
  </variableValue>
  <variableValue variable="TUPI3">
    <value valueType="text">2</value>
  </variableValue>
  <variableValue variable="Q67">
    <value valueType="text">2</value>
  </variableValue>
  <variableValue variable="TUPI1">
    <value valueType="integer">28</value>
  </variableValue>
  <variableValue variable="FR07_13_laani">
    <value valueType="text">5</value>
  </variableValue>
  <variableValue variable="KOL">
    <value valueType="decimal">6.365727189924799</value>
  </variableValue>
  <variableValue variable="TRIG">
    <value valueType="decimal">0.3</value>
  </variableValue>
  <variableValue variable="HDL">
    <value valueType="decimal">1.4767517800676397</value>
  </variableValue>
  <variableValue variable="sl_gluk_0h">
    <value valueType="decimal">6.172038518291802</value>
  </variableValue>
  <variableValue variable="Q128A">
    <value valueType="text">3</value>
  </variableValue>
  <variableValue variable="FR02_145B">
    <value valueType="integer">8</value>
  </variableValue>
  <variableValue variable="FR02_145E">
    <value valueType="integer">0</value>
  </variableValue>
  <variableValue variable="FR02_145F">
    <value valueType="integer">70</value>
  </variableValue>
  <variableValue variable="FR02_145D">
    <value valueType="integer">51</value>
  </variableValue>
  <variableValue variable="ALKI1">
    <value valueType="integer">473</value>
  </variableValue>
  <variableValue variable="KY2">
    <value valueType="text">5</value>
  </variableValue>
  <variableValue variable="k13">
    <value valueType="integer">7</value>
  </variableValue>
  <variableValue variable="TULOT">
    <value valueType="text">7</value>
  </variableValue>
  <variableValue variable="FR02_3">
    <value valueType="text">7</value>
  </variableValue>
  <variableValue variable="KOULV">
    <value valueType="integer">0</value>
  </variableValue>
  <variableValue variable="FR07_11">
    <value valueType="text">2</value>
  </variableValue>
  <variableValue variable="FR07_10">
    <value valueType="text"/>
  </variableValue>
  <variableValue variable="Q56">
    <value valueType="text">3</value>
  </variableValue>
  <variableValue variable="Q57">
    <value valueType="text">2</value>
  </variableValue>
  <variableValue variable="Q58">
    <value valueType="text">6</value>
  </variableValue>
  <variableValue variable="FRO7_81">
    <value valueType="text">4</value>
  </variableValue>
  <variableValue variable="Q61">
    <value valueType="text">4</value>
  </variableValue>
  <variableValue variable="KY74">
    <value valueType="text">3</value>
  </variableValue>
  <variableValue variable="Q63">
    <value valueType="text">4</value>
  </variableValue>
  <variableValue variable="FR07_85_1">
    <value valueType="integer">25</value>
  </variableValue>
  <variableValue variable="FR07_85_2">
    <value valueType="integer">17</value>
  </variableValue>
  <variableValue variable="FR07_85_3">
    <value valueType="integer">30</value>
  </variableValue>
  <variableValue variable="FR07_85_4">
    <value valueType="integer">34</value>
  </variableValue>
  <variableValue variable="FR07_85_5">
    <value valueType="integer">57</value>
  </variableValue>
  <variableValue variable="FR07_85_6">
    <value valueType="integer">19</value>
  </variableValue>
  <variableValue variable="FR07_86_1T">
    <value valueType="integer">15</value>
  </variableValue>
  <variableValue variable="FR07_86_1M">
    <value valueType="integer">23</value>
  </variableValue>
  <variableValue variable="FR07_86_2T">
    <value valueType="integer">17</value>
  </variableValue>
  <variableValue variable="FR07_86_2M">
    <value valueType="integer">54</value>
  </variableValue>
  <variableValue variable="FR07_86_3T">
    <value valueType="integer">21</value>
  </variableValue>
  <variableValue variable="FR07_86_3M">
    <value valueType="integer">35</value>
  </variableValue>
  <variableValue variable="FR07_86_4T">
    <value valueType="integer">5</value>
  </variableValue>
  <variableValue variable="FR07_86_4M">
    <value valueType="integer">37</value>
  </variableValue>
  <variableValue variable="FR07_86_5T">
    <value valueType="integer">2</value>
  </variableValue>
  <variableValue variable="FR07_86_5M">
    <value valueType="integer">45</value>
  </variableValue>
  <variableValue variable="FR07_105_1">
    <value valueType="text">5</value>
  </variableValue>
  <variableValue variable="FR07_105_2">
    <value valueType="text">3</value>
  </variableValue>
  <variableValue variable="FR07_105_3">
    <value valueType="text">2</value>
  </variableValue>
  <variableValue variable="FR07_105_4">
    <value valueType="text">2</value>
  </variableValue>
  <variableValue variable="FR07_105_5">
    <value valueType="text">5</value>
  </variableValue>
  <variableValue variable="FR07_105_6">
    <value valueType="text">5</value>
  </variableValue>
  <variableValue variable="FR07_105_7">
    <value valueType="text">5</value>
  </variableValue>
  <variableValue variable="FR07_105_8">
    <value valueType="text">1</value>
  </variableValue>
  <variableValue variable="FR07_105_9">
    <value valueType="text">5</value>
  </variableValue>
  <variableValue variable="FR07_105_10">
    <value valueType="text">4</value>
  </variableValue>
  <variableValue variable="FR07_105_11">
    <value valueType="text">1</value>
  </variableValue>
  <variableValue variable="FR07_105_12">
    <value valueType="text">4</value>
  </variableValue>
  <variableValue variable="FR07_105_13">
    <value valueType="text">3</value>
  </variableValue>
  <variableValue variable="FR07_105_14">
    <value valueType="text">6</value>
  </variableValue>
  <variableValue variable="FR07_105_15">
    <value valueType="text">3</value>
  </variableValue>
  <variableValue variable="FR07_105_16">
    <value valueType="text">1</value>
  </variableValue>
  <variableValue variable="FR07_105_17">
    <value valueType="text">6</value>
  </variableValue>
  <variableValue variable="FR07_105_18">
    <value valueType="text">8</value>
  </variableValue>
  <variableValue variable="FR07_105_19">
    <value valueType="text">5</value>
  </variableValue>
  <variableValue variable="FR07_105_20">
    <value valueType="text">7</value>
  </variableValue>
  <variableValue variable="FR07_105_21">
    <value valueType="text">2</value>
  </variableValue>
  <variableValue variable="FR07_105_22">
    <value valueType="text">6</value>
  </variableValue>
  <variableValue variable="FR07_105_23">
    <value valueType="text">5</value>
  </variableValue>
  <variableValue variable="FR07_105_24">
    <value valueType="text">8</value>
  </variableValue>
  <variableValue variable="FR07_105_25">
    <value valueType="text">5</value>
  </variableValue>
  <variableValue variable="FR07_105_26">
    <value valueType="text">4</value>
  </variableValue>
  <variableValue variable="FR07_105_27">
    <value valueType="text">5</value>
  </variableValue>
  <variableValue variable="FR07_105_28">
    <value valueType="text">2</value>
  </variableValue>
  <variableValue variable="FR07_105_29">
    <value valueType="text">8</value>
  </variableValue>
  <variableValue variable="FR07_105_30">
    <value valueType="text">4</value>
  </variableValue>
  <variableValue variable="FR07_105_31">
    <value valueType="text">5</value>
  </variableValue>
  <variableValue variable="FR07_105_32">
    <value valueType="text">6</value>
  </variableValue>
  <variableValue variable="FR07_105_33">
    <value valueType="text">1</value>
  </variableValue>
  <variableValue variable="FR07_105_34">
    <value valueType="text">2</value>
  </variableValue>
  <variableValue variable="FR07_105_35">
    <value valueType="text">7</value>
  </variableValue>
  <variableValue variable="FR07_105_36">
    <value valueType="text">2</value>
  </variableValue>
  <variableValue variable="FR07_105_37">
    <value valueType="text">2</value>
  </variableValue>
  <variableValue variable="FR07_106_1">
    <value valueType="text">2</value>
  </variableValue>
  <variableValue variable="FR07_106_2">
    <value valueType="text">7</value>
  </variableValue>
  <variableValue variable="FR07_106_3">
    <value valueType="text">7</value>
  </variableValue>
  <variableValue variable="FR02_100A">
    <value valueType="text">2</value>
  </variableValue>
  <variableValue variable="FR02_100B">
    <value valueType="text">1</value>
  </variableValue>
  <variableValue variable="FR02_100C">
    <value valueType="text">1</value>
  </variableValue>
  <variableValue variable="FR02_100C2">
    <value valueType="text"/>
  </variableValue>
  <variableValue variable="FR02_100D">
    <value valueType="text">1</value>
  </variableValue>
  <variableValue variable="FR02_100E">
    <value valueType="text">2</value>
  </variableValue>
  <variableValue variable="FR02_100F">
    <value valueType="text">2</value>
  </variableValue>
  <variableValue variable="FR02_100G">
    <value valueType="text">1</value>
  </variableValue>
  <variableValue variable="FR07_108_9">
    <value valueType="text">2</value>
  </variableValue>
  <variableValue variable="FR02_100H">
    <value valueType="text">1</value>
  </variableValue>
  <variableValue variable="FR02_100H2">
    <value valueType="text"/>
  </variableValue>
  <variableValue variable="FR07_109_1P">
    <value valueType="integer">28</value>
  </variableValue>
  <variableValue variable="FR07_109_1V">
    <value valueType="integer">234</value>
  </variableValue>
  <variableValue variable="FR07_109_2P">
    <value valueType="integer">11</value>
  </variableValue>
  <variableValue variable="FR07_109_2V">
    <value valueType="integer">72</value>
  </variableValue>
  <variableValue variable="FR07_109_3P">
    <value valueType="integer">2</value>
  </variableValue>
  <variableValue variable="FR07_109_3V">
    <value valueType="integer">16</value>
  </variableValue>
  <variableValue variable="FR07_109_4P">
    <value valueType="integer">1</value>
  </variableValue>
  <variableValue variable="FR07_109_4V">
    <value valueType="integer">18</value>
  </variableValue>
  <variableValue variable="FR07_109_5P">
    <value valueType="integer">0</value>
  </variableValue>
  <variableValue variable="FR07_109_5V">
    <value valueType="integer">19</value>
  </variableValue>
  <variableValue variable="FR07_109_6P">
    <value valueType="integer">10</value>
  </variableValue>
  <variableValue variable="FR07_109_6V">
    <value valueType="integer">174</value>
  </variableValue>
  <variableValue variable="FR07_109_7P">
    <value valueType="integer">12</value>
  </variableValue>
  <variableValue variable="FR07_109_7V">
    <value valueType="integer">112</value>
  </variableValue>
  <variableValue variable="FR07_109_8P">
    <value valueType="integer">19</value>
  </variableValue>
  <variableValue variable="FR07_109_8V">
    <value valueType="integer">103</value>
  </variableValue>
  <variableValue variable="FR07_109_9P">
    <value valueType="integer">10</value>
  </variableValue>
  <variableValue variable="FR07_109_9V">
    <value valueType="integer">28</value>
  </variableValue>
  <variableValue variable="FR07_109_10P">
    <value valueType="integer">4</value>
  </variableValue>
  <variableValue variable="FR07_109_10V">
    <value valueType="integer">51</value>
  </variableValue>
  <variableValue variable="FR07_109_11P">
    <value valueType="integer">3</value>
  </variableValue>
  <variableValue variable="FR07_109_11V">
    <value valueType="integer">54</value>
  </variableValue>
  <variableValue variable="FR07_109_12P">
    <value valueType="integer">2</value>
  </variableValue>
  <variableValue variable="FR07_109_12V">
    <value valueType="integer">28</value>
  </variableValue>
  <variableValue variable="FR07_109_13P">
    <value valueType="integer">0</value>
  </variableValue>
  <variableValue variable="FR07_109_13V">
    <value valueType="integer">60</value>
  </variableValue>
  <variableValue variable="FR07_109_14P">
    <value valueType="integer">9</value>
  </variableValue>
  <variableValue variable="FR07_109_14V">
    <value valueType="integer">1</value>
  </variableValue>
  <variableValue variable="FR07_109_15P">
    <value valueType="integer">14</value>
  </variableValue>
  <variableValue variable="FR07_109_15V">
    <value valueType="integer">37</value>
  </variableValue>
  <variableValue variable="KY97">
    <value valueType="text">3</value>
  </variableValue>
  <variableValue variable="FR02_112">
    <value valueType="text">5</value>
  </variableValue>
  <variableValue variable="FR07_112">
    <value valueType="text">2</value>
  </variableValue>
  <variableValue variable="FR07_113">
    <value valueType="text">8</value>
  </variableValue>
  <variableValue variable="FR02_114">
    <value valueType="text">1</value>
  </variableValue>
  <variableValue variable="VALMISTE1">
    <value valueType="text"/>
  </variableValue>
  <variableValue variable="MUOTO1">
    <value valueType="text"/>
  </variableValue>
  <variableValue variable="ANNOSPV1">
    <value valueType="integer">-99839461145538560</value>
  </variableValue>
  <variableValue variable="ANNOSVKO1">
    <value valueType="integer">-6784319715218716672</value>
  </variableValue>
  <variableValue variable="KAYTTO1">
    <value valueType="text">1</value>
  </variableValue>
  <variableValue variable="VALMISTE2">
    <value valueType="text"/>
  </variableValue>
  <variableValue variable="MUOTO2">
    <value valueType="text"/>
  </variableValue>
  <variableValue variable="ANNOSPV2">
    <value valueType="integer">-8142640773981239296</value>
  </variableValue>
  <variableValue variable="ANNOSVKO2">
    <value valueType="integer">3975539195384000512</value>
  </variableValue>
  <variableValue variable="KAYTTO2">
    <value valueType="text">2</value>
  </variableValue>
  <variableValue variable="VALMISTE3">
    <value valueType="text"/>
  </variableValue>
  <variableValue variable="MUOTO3">
    <value valueType="text"/>
  </variableValue>
  <variableValue variable="ANNOSPV3">
    <value valueType="integer">3512627056032423936</value>
  </variableValue>
  <variableValue variable="ANNOSVKO3">
    <value valueType="integer">6245899873991090176</value>
  </variableValue>
  <variableValue variable="KAYTTO3">
    <value valueType="text">1</value>
  </variableValue>
  <variableValue variable="VALMISTE4">
    <value valueType="text"/>
  </variableValue>
  <variableValue variable="MUOTO4">
    <value valueType="text"/>
  </variableValue>
  <variableValue variable="ANNOSPV4">
    <value valueType="integer">7611608385339316224</value>
  </variableValue>
  <variableValue variable="ANNOSVKO4">
    <value valueType="integer">3168520184955475968</value>
  </variableValue>
  <variableValue variable="KAYTTO4">
    <value valueType="text">1</value>
  </variableValue>
  <variableValue variable="VALMISTE5">
    <value valueType="text"/>
  </variableValue>
  <variableValue variable="MUOTO5">
    <value valueType="text"/>
  </variableValue>
  <variableValue variable="ANNOSPV5">
    <value valueType="integer">-6433390800051339264</value>
  </variableValue>
  <variableValue variable="ANNOSVKO5">
    <value valueType="integer">490267824168648704</value>
  </variableValue>
  <variableValue variable="KAYTTO5">
    <value valueType="text">1</value>
  </variableValue>
  <variableValue variable="VALMISTE6">
    <value valueType="text"/>
  </variableValue>
  <variableValue variable="MUOTO6">
    <value valueType="text"/>
  </variableValue>
  <variableValue variable="ANNOSPV6">
    <value valueType="integer">-2146807827403894784</value>
  </variableValue>
  <variableValue variable="ANNOSVKO6">
    <value valueType="integer">4917132147562149888</value>
  </variableValue>
  <variableValue variable="KAYTTO6">
    <value valueType="text">2</value>
  </variableValue>
  <variableValue variable="VALMISTE7">
    <value valueType="text"/>
  </variableValue>
  <variableValue variable="MUOTO7">
    <value valueType="text"/>
  </variableValue>
  <variableValue variable="ANNOSPV7">
    <value valueType="integer">-7004614115854039040</value>
  </variableValue>
  <variableValue variable="ANNOSVKO7">
    <value valueType="integer">4577976958820894720</value>
  </variableValue>
  <variableValue variable="KAYTTO7">
    <value valueType="text">1</value>
  </variableValue>
  <variableValue variable="VALMISTE8">
    <value valueType="text"/>
  </variableValue>
  <variableValue variable="MUOTO8">
    <value valueType="text"/>
  </variableValue>
  <variableValue variable="ANNOSPV8">
    <value valueType="integer">7858975996555018240</value>
  </variableValue>
  <variableValue variable="ANNOSVKO8">
    <value valueType="integer">-6970497808602056704</value>
  </variableValue>
  <variableValue variable="KAYTTO8">
    <value valueType="text">1</value>
  </variableValue>
  <variableValue variable="VALMISTE9">
    <value valueType="text"/>
  </variableValue>
  <variableValue variable="MUOTO9">
    <value valueType="text"/>
  </variableValue>
  <variableValue variable="ANNOSPV9">
    <value valueType="integer">9017197725477474304</value>
  </variableValue>
  <variableValue variable="ANNOSVKO9">
    <value valueType="integer">8392023713195376640</value>
  </variableValue>
  <variableValue variable="KAYTTO9">
    <value valueType="text">1</value>
  </variableValue>
  <variableValue variable="VALMISTE10">
    <value valueType="text"/>
  </variableValue>
  <variableValue variable="MUOTO10">
    <value valueType="text"/>
  </variableValue>
  <variableValue variable="ANNOSPV10">
    <value valueType="integer">-4100422027889809408</value>
  </variableValue>
  <variableValue variable="ANNOSVKO10">
    <value valueType="integer">-684431977610668032</value>
  </variableValue>
  <variableValue variable="KAYTTO10">
    <value valueType="text">2</value>
  </variableValue>
  <variableValue variable="VALMISTE11">
    <value valueType="text"/>
  </variableValue>
  <variableValue variable="MUOTO11">
    <value valueType="text"/>
  </variableValue>
  <variableValue variable="ANNOSPV11">
    <value valueType="integer">-3275128570438070272</value>
  </variableValue>
  <variableValue variable="ANNOSVKO11">
    <value valueType="integer">-1418571276630401024</value>
  </variableValue>
  <variableValue variable="KAYTTO11">
    <value valueType="text">1</value>
  </variableValue>
  <variableValue variable="VALMISTE12">
    <value valueType="text"/>
  </variableValue>
  <variableValue variable="MUOTO12">
    <value valueType="text"/>
  </variableValue>
  <variableValue variable="ANNOSPV12">
    <value valueType="integer">-1900970023096688640</value>
  </variableValue>
  <variableValue variable="ANNOSVKO12">
    <value valueType="integer">-3689553723533985792</value>
  </variableValue>
  <variableValue variable="KAYTTO12">
    <value valueType="text">2</value>
  </variableValue>
  <variableValue variable="VALMISTE13">
    <value valueType="text"/>
  </variableValue>
  <variableValue variable="MUOTO13">
    <value valueType="text"/>
  </variableValue>
  <variableValue variable="ANNOSPV13">
    <value valueType="integer">7284780035034691584</value>
  </variableValue>
  <variableValue variable="ANNOSVKO13">
    <value valueType="integer">2125962500247674880</value>
  </variableValue>
  <variableValue variable="KAYTTO13">
    <value valueType="text">1</value>
  </variableValue>
  <variableValue variable="VALMISTE14">
    <value valueType="text"/>
  </variableValue>
  <variableValue variable="MUOTO14">
    <value valueType="text"/>
  </variableValue>
  <variableValue variable="ANNOSPV14">
    <value valueType="integer">5587477925449746432</value>
  </variableValue>
  <variableValue variable="ANNOSVKO14">
    <value valueType="integer">-4322373670238810112</value>
  </variableValue>
  <variableValue variable="KAYTTO14">
    <value valueType="text">2</value>
  </variableValue>
</valueSet>