<valueSet valueTable="FNAC" entityType="Participant" entityIdentifier="6986805045307075880">
  <variableValue variable="SVUOSI">
    <value valueType="integer">1973</value>
  </variableValue>
  <variableValue variable="SUKUP">
    <value valueType="text">1</value>
  </variableValue>
  <variableValue variable="PITUUS">
    <value valueType="decimal">1.7466595781647625</value>
  </variableValue>
  <variableValue variable="PAINO">
    <value valueType="decimal">98.79562470950012</value>
  </variableValue>
  <variableValue variable="VYOTARO">
    <value valueType="decimal">85.07004728288982</value>
  </variableValue>
  <variableValue variable="LANTIO">
    <value valueType="decimal">112.6572732266343</value>
  </variableValue>
  <variableValue variable="DIAS1">
    <value valueType="decimal">86.16052594658807</value>
  </variableValue>
  <variableValue variable="DIAS2">
    <value valueType="decimal">114.09781869978534</value>
  </variableValue>
  <variableValue variable="DIAS3">
    <value valueType="decimal">70.79423987633608</value>
  </variableValue>
  <variableValue variable="SYS1">
    <value valueType="decimal">228.89876166910085</value>
  </variableValue>
  <variableValue variable="SYS2">
    <value valueType="decimal">99.88985066817278</value>
  </variableValue>
  <variableValue variable="SYS3">
    <value valueType="decimal">145.84270472322666</value>
  </variableValue>
  <variableValue variable="Q29">
    <value valueType="text">2</value>
  </variableValue>
  <variableValue variable="Q30">
    <value valueType="text">3</value>
  </variableValue>
  <variableValue variable="K34">
    <value valueType="text">1</value>
  </variableValue>
  <variableValue variable="Q38">
    <value valueType="text">4</value>
  </variableValue>
  <variableValue variable="Q17A">
    <value valueType="text">2</value>
  </variableValue>
  <variableValue variable="FR07_38">
    <value valueType="text">3</value>
  </variableValue>
  <variableValue variable="Q16A">
    <value valueType="text">2</value>
  </variableValue>
  <variableValue variable="Q15A">
    <value valueType="text">2</value>
  </variableValue>
  <variableValue variable="TUPI3">
    <value valueType="text">2</value>
  </variableValue>
  <variableValue variable="Q67">
    <value valueType="text">2</value>
  </variableValue>
  <variableValue variable="TUPI1">
    <value valueType="integer">30</value>
  </variableValue>
  <variableValue variable="FR07_13_laani">
    <value valueType="text">5</value>
  </variableValue>
  <variableValue variable="KOL">
    <value valueType="decimal">5.699248739414515</value>
  </variableValue>
  <variableValue variable="TRIG">
    <value valueType="decimal">0.9147234910001377</value>
  </variableValue>
  <variableValue variable="HDL">
    <value valueType="decimal">1.3018856818924822</value>
  </variableValue>
  <variableValue variable="sl_gluk_0h">
    <value valueType="decimal">4.64875966972974</value>
  </variableValue>
  <variableValue variable="Q128A">
    <value valueType="text">2</value>
  </variableValue>
  <variableValue variable="FR02_145B">
    <value valueType="integer">24</value>
  </variableValue>
  <variableValue variable="FR02_145E">
    <value valueType="integer">25</value>
  </variableValue>
  <variableValue variable="FR02_145F">
    <value valueType="integer">53</value>
  </variableValue>
  <variableValue variable="FR02_145D">
    <value valueType="integer">11</value>
  </variableValue>
  <variableValue variable="ALKI1">
    <value valueType="integer">516</value>
  </variableValue>
  <variableValue variable="KY2">
    <value valueType="text">4</value>
  </variableValue>
  <variableValue variable="k13">
    <value valueType="integer">14</value>
  </variableValue>
  <variableValue variable="TULOT">
    <value valueType="text">2</value>
  </variableValue>
  <variableValue variable="FR02_3">
    <value valueType="text">2</value>
  </variableValue>
  <variableValue variable="KOULV">
    <value valueType="integer">34</value>
  </variableValue>
  <variableValue variable="FR07_11">
    <value valueType="text">2</value>
  </variableValue>
  <variableValue variable="Q56">
    <value valueType="text">4</value>
  </variableValue>
  <variableValue variable="Q57">
    <value valueType="text">1</value>
  </variableValue>
  <variableValue variable="Q58">
    <value valueType="text">3</value>
  </variableValue>
  <variableValue variable="FRO7_81">
    <value valueType="text">5</value>
  </variableValue>
  <variableValue variable="Q61">
    <value valueType="text">3</value>
  </variableValue>
  <variableValue variable="KY74">
    <value valueType="text">2</value>
  </variableValue>
  <variableValue variable="Q63">
    <value valueType="text">3</value>
  </variableValue>
  <variableValue variable="FR07_85_1">
    <value valueType="integer">82</value>
  </variableValue>
  <variableValue variable="FR07_85_2">
    <value valueType="integer">40</value>
  </variableValue>
  <variableValue variable="FR07_85_3">
    <value valueType="integer">67</value>
  </variableValue>
  <variableValue variable="FR07_85_4">
    <value valueType="integer">62</value>
  </variableValue>
  <variableValue variable="FR07_85_5">
    <value valueType="integer">82</value>
  </variableValue>
  <variableValue variable="FR07_85_6">
    <value valueType="integer">78</value>
  </variableValue>
  <variableValue variable="FR07_86_1T">
    <value valueType="integer">2</value>
  </variableValue>
  <variableValue variable="FR07_86_1M">
    <value valueType="integer">47</value>
  </variableValue>
  <variableValue variable="FR07_86_2T">
    <value valueType="integer">1</value>
  </variableValue>
  <variableValue variable="FR07_86_2M">
    <value valueType="integer">15</value>
  </variableValue>
  <variableValue variable="FR07_86_3T">
    <value valueType="integer">12</value>
  </variableValue>
  <variableValue variable="FR07_86_3M">
    <value valueType="integer">40</value>
  </variableValue>
  <variableValue variable="FR07_86_4T">
    <value valueType="integer">18</value>
  </variableValue>
  <variableValue variable="FR07_86_4M">
    <value valueType="integer">36</value>
  </variableValue>
  <variableValue variable="FR07_86_5T">
    <value valueType="integer">8</value>
  </variableValue>
  <variableValue variable="FR07_86_5M">
    <value valueType="integer">18</value>
  </variableValue>
  <variableValue variable="FR07_105_1">
    <value valueType="text">8</value>
  </variableValue>
  <variableValue variable="FR07_105_2">
    <value valueType="text">4</value>
  </variableValue>
  <variableValue variable="FR07_105_3">
    <value valueType="text">4</value>
  </variableValue>
  <variableValue variable="FR07_105_4">
    <value valueType="text">1</value>
  </variableValue>
  <variableValue variable="FR07_105_5">
    <value valueType="text">5</value>
  </variableValue>
  <variableValue variable="FR07_105_6">
    <value valueType="text">4</value>
  </variableValue>
  <variableValue variable="FR07_105_7">
    <value valueType="text">8</value>
  </variableValue>
  <variableValue variable="FR07_105_8">
    <value valueType="text">5</value>
  </variableValue>
  <variableValue variable="FR07_105_9">
    <value valueType="text">1</value>
  </variableValue>
  <variableValue variable="FR07_105_10">
    <value valueType="text">3</value>
  </variableValue>
  <variableValue variable="FR07_105_11">
    <value valueType="text">8</value>
  </variableValue>
  <variableValue variable="FR07_105_12">
    <value valueType="text">7</value>
  </variableValue>
  <variableValue variable="FR07_105_13">
    <value valueType="text">8</value>
  </variableValue>
  <variableValue variable="FR07_105_14">
    <value valueType="text">1</value>
  </variableValue>
  <variableValue variable="FR07_105_15">
    <value valueType="text">2</value>
  </variableValue>
  <variableValue variable="FR07_105_16">
    <value valueType="text">1</value>
  </variableValue>
  <variableValue variable="FR07_105_17">
    <value valueType="text">7</value>
  </variableValue>
  <variableValue variable="FR07_105_18">
    <value valueType="text">3</value>
  </variableValue>
  <variableValue variable="FR07_105_19">
    <value valueType="text">7</value>
  </variableValue>
  <variableValue variable="FR07_105_20">
    <value valueType="text">5</value>
  </variableValue>
  <variableValue variable="FR07_105_21">
    <value valueType="text">2</value>
  </variableValue>
  <variableValue variable="FR07_105_22">
    <value valueType="text">1</value>
  </variableValue>
  <variableValue variable="FR07_105_23">
    <value valueType="text">3</value>
  </variableValue>
  <variableValue variable="FR07_105_24">
    <value valueType="text">7</value>
  </variableValue>
  <variableValue variable="FR07_105_25">
    <value valueType="text">4</value>
  </variableValue>
  <variableValue variable="FR07_105_26">
    <value valueType="text">6</value>
  </variableValue>
  <variableValue variable="FR07_105_27">
    <value valueType="text">7</value>
  </variableValue>
  <variableValue variable="FR07_105_28">
    <value valueType="text">6</value>
  </variableValue>
  <variableValue variable="FR07_105_29">
    <value valueType="text">7</value>
  </variableValue>
  <variableValue variable="FR07_105_30">
    <value valueType="text">1</value>
  </variableValue>
  <variableValue variable="FR07_105_31">
    <value valueType="text">1</value>
  </variableValue>
  <variableValue variable="FR07_105_32">
    <value valueType="text">4</value>
  </variableValue>
  <variableValue variable="FR07_105_33">
    <value valueType="text">7</value>
  </variableValue>
  <variableValue variable="FR07_105_34">
    <value valueType="text">5</value>
  </variableValue>
  <variableValue variable="FR07_105_35">
    <value valueType="text">3</value>
  </variableValue>
  <variableValue variable="FR07_105_36">
    <value valueType="text">5</value>
  </variableValue>
  <variableValue variable="FR07_105_37">
    <value valueType="text">5</value>
  </variableValue>
  <variableValue variable="FR07_106_1">
    <value valueType="text">6</value>
  </variableValue>
  <variableValue variable="FR07_106_2">
    <value valueType="text">7</value>
  </variableValue>
  <variableValue variable="FR07_106_3">
    <value valueType="text">3</value>
  </variableValue>
  <variableValue variable="FR02_100A">
    <value valueType="text">2</value>
  </variableValue>
  <variableValue variable="FR02_100B">
    <value valueType="text">1</value>
  </variableValue>
  <variableValue variable="FR02_100C">
    <value valueType="text">2</value>
  </variableValue>
  <variableValue variable="FR02_100D">
    <value valueType="text">2</value>
  </variableValue>
  <variableValue variable="FR02_100E">
    <value valueType="text">2</value>
  </variableValue>
  <variableValue variable="FR02_100F">
    <value valueType="text">1</value>
  </variableValue>
  <variableValue variable="FR02_100G">
    <value valueType="text">1</value>
  </variableValue>
  <variableValue variable="FR07_108_9">
    <value valueType="text">2</value>
  </variableValue>
  <variableValue variable="FR02_100H">
    <value valueType="text">2</value>
  </variableValue>
  <variableValue variable="FR07_109_1P">
    <value valueType="integer">37</value>
  </variableValue>
  <variableValue variable="FR07_109_1V">
    <value valueType="integer">17</value>
  </variableValue>
  <variableValue variable="FR07_109_2P">
    <value valueType="integer">3</value>
  </variableValue>
  <variableValue variable="FR07_109_2V">
    <value valueType="integer">5</value>
  </variableValue>
  <variableValue variable="FR07_109_3P">
    <value valueType="integer">2</value>
  </variableValue>
  <variableValue variable="FR07_109_3V">
    <value valueType="integer">4</value>
  </variableValue>
  <variableValue variable="FR07_109_4P">
    <value valueType="integer">8</value>
  </variableValue>
  <variableValue variable="FR07_109_4V">
    <value valueType="integer">60</value>
  </variableValue>
  <variableValue variable="FR07_109_5P">
    <value valueType="integer">20</value>
  </variableValue>
  <variableValue variable="FR07_109_5V">
    <value valueType="integer">76</value>
  </variableValue>
  <variableValue variable="FR07_109_6P">
    <value valueType="integer">15</value>
  </variableValue>
  <variableValue variable="FR07_109_6V">
    <value valueType="integer">120</value>
  </variableValue>
  <variableValue variable="FR07_109_7P">
    <value valueType="integer">3</value>
  </variableValue>
  <variableValue variable="FR07_109_7V">
    <value valueType="integer">109</value>
  </variableValue>
  <variableValue variable="FR07_109_8P">
    <value valueType="integer">10</value>
  </variableValue>
  <variableValue variable="FR07_109_8V">
    <value valueType="integer">20</value>
  </variableValue>
  <variableValue variable="FR07_109_9P">
    <value valueType="integer">6</value>
  </variableValue>
  <variableValue variable="FR07_109_9V">
    <value valueType="integer">32</value>
  </variableValue>
  <variableValue variable="FR07_109_10P">
    <value valueType="integer">6</value>
  </variableValue>
  <variableValue variable="FR07_109_10V">
    <value valueType="integer">14</value>
  </variableValue>
  <variableValue variable="FR07_109_11P">
    <value valueType="integer">8</value>
  </variableValue>
  <variableValue variable="FR07_109_11V">
    <value valueType="integer">27</value>
  </variableValue>
  <variableValue variable="FR07_109_12P">
    <value valueType="integer">5</value>
  </variableValue>
  <variableValue variable="FR07_109_12V">
    <value valueType="integer">27</value>
  </variableValue>
  <variableValue variable="FR07_109_13P">
    <value valueType="integer">0</value>
  </variableValue>
  <variableValue variable="FR07_109_13V">
    <value valueType="integer">68</value>
  </variableValue>
  <variableValue variable="FR07_109_14P">
    <value valueType="integer">5</value>
  </variableValue>
  <variableValue variable="FR07_109_14V">
    <value valueType="integer">67</value>
  </variableValue>
  <variableValue variable="FR07_109_15P">
    <value valueType="integer">4</value>
  </variableValue>
  <variableValue variable="FR07_109_15V">
    <value valueType="integer">0</value>
  </variableValue>
  <variableValue variable="KY97">
    <value valueType="text">4</value>
  </variableValue>
  <variableValue variable="FR02_112">
    <value valueType="text">2</value>
  </variableValue>
  <variableValue variable="FR07_112">
    <value valueType="text">6</value>
  </variableValue>
  <variableValue variable="FR07_113">
    <value valueType="text">3</value>
  </variableValue>
  <variableValue variable="FR02_114">
    <value valueType="text">2</value>
  </variableValue>
  <variableValue variable="ANNOSPV1">
    <value valueType="integer">6238354050763198464</value>
  </variableValue>
  <variableValue variable="ANNOSVKO1">
    <value valueType="integer">-6720635416657909760</value>
  </variableValue>
  <variableValue variable="KAYTTO1">
    <value valueType="text">1</value>
  </variableValue>
  <variableValue variable="ANNOSPV2">
    <value valueType="integer">-8311725113716187136</value>
  </variableValue>
  <variableValue variable="ANNOSVKO2">
    <value valueType="integer">-813134410473320448</value>
  </variableValue>
  <variableValue variable="KAYTTO2">
    <value valueType="text">1</value>
  </variableValue>
  <variableValue variable="ANNOSPV3">
    <value valueType="integer">-2165895569134243840</value>
  </variableValue>
  <variableValue variable="ANNOSVKO3">
    <value valueType="integer">-663713356130813952</value>
  </variableValue>
  <variableValue variable="KAYTTO3">
    <value valueType="text">2</value>
  </variableValue>
  <variableValue variable="ANNOSPV4">
    <value valueType="integer">-9054051520883339264</value>
  </variableValue>
  <variableValue variable="ANNOSVKO4">
    <value valueType="integer">8916020097607337984</value>
  </variableValue>
  <variableValue variable="KAYTTO4">
    <value valueType="text">1</value>
  </variableValue>
  <variableValue variable="ANNOSPV5">
    <value valueType="integer">-2930535940902656000</value>
  </variableValue>
  <variableValue variable="ANNOSVKO5">
    <value valueType="integer">3425659496580710400</value>
  </variableValue>
  <variableValue variable="KAYTTO5">
    <value valueType="text">2</value>
  </variableValue>
  <variableValue variable="ANNOSPV6">
    <value valueType="integer">7148107352142192640</value>
  </variableValue>
  <variableValue variable="ANNOSVKO6">
    <value valueType="integer">6341004361898702848</value>
  </variableValue>
  <variableValue variable="KAYTTO6">
    <value valueType="text">2</value>
  </variableValue>
  <variableValue variable="ANNOSPV7">
    <value valueType="integer">1087045731861940224</value>
  </variableValue>
  <variableValue variable="ANNOSVKO7">
    <value valueType="integer">-8437859244729268224</value>
  </variableValue>
  <variableValue variable="KAYTTO7">
    <value valueType="text">2</value>
  </variableValue>
  <variableValue variable="ANNOSPV8">
    <value valueType="integer">6918805418704683008</value>
  </variableValue>
  <variableValue variable="ANNOSVKO8">
    <value valueType="integer">9165802203487750144</value>
  </variableValue>
  <variableValue variable="KAYTTO8">
    <value valueType="text">2</value>
  </variableValue>
  <variableValue variable="ANNOSPV9">
    <value valueType="integer">5229861897720965120</value>
  </variableValue>
  <variableValue variable="ANNOSVKO9">
    <value valueType="integer">7036851695452311552</value>
  </variableValue>
  <variableValue variable="KAYTTO9">
    <value valueType="text">2</value>
  </variableValue>
  <variableValue variable="ANNOSPV10">
    <value valueType="integer">8309626991797370880</value>
  </variableValue>
  <variableValue variable="ANNOSVKO10">
    <value valueType="integer">-1055857203172184064</value>
  </variableValue>
  <variableValue variable="KAYTTO10">
    <value valueType="text">2</value>
  </variableValue>
  <variableValue variable="ANNOSPV11">
    <value valueType="integer">-1376127292000839680</value>
  </variableValue>
  <variableValue variable="ANNOSVKO11">
    <value valueType="integer">-4059490510065233920</value>
  </variableValue>
  <variableValue variable="KAYTTO11">
    <value valueType="text">2</value>
  </variableValue>
  <variableValue variable="ANNOSPV12">
    <value valueType="integer">3585758843196370944</value>
  </variableValue>
  <variableValue variable="ANNOSVKO12">
    <value valueType="integer">5954592721565212672</value>
  </variableValue>
  <variableValue variable="KAYTTO12">
    <value valueType="text">1</value>
  </variableValue>
  <variableValue variable="ANNOSPV13">
    <value valueType="integer">6381881129219096576</value>
  </variableValue>
  <variableValue variable="ANNOSVKO13">
    <value valueType="integer">29841618206658560</value>
  </variableValue>
  <variableValue variable="KAYTTO13">
    <value valueType="text">1</value>
  </variableValue>
  <variableValue variable="ANNOSPV14">
    <value valueType="integer">607381994650001408</value>
  </variableValue>
  <variableValue variable="ANNOSVKO14">
    <value valueType="integer">4301026961405628416</value>
  </variableValue>
  <variableValue variable="KAYTTO14">
    <value valueType="text">2</value>
  </variableValue>
</valueSet>