<valueSet valueTable="FNAC" entityType="Participant" entityIdentifier="1748254566002043054">
  <variableValue variable="SVUOSI">
    <value valueType="integer">1971</value>
  </variableValue>
  <variableValue variable="SUKUP">
    <value valueType="text">1</value>
  </variableValue>
  <variableValue variable="PITUUS">
    <value valueType="decimal">1.622289629015232</value>
  </variableValue>
  <variableValue variable="PAINO">
    <value valueType="decimal">51.67996602312952</value>
  </variableValue>
  <variableValue variable="VYOTARO">
    <value valueType="decimal">70.47303856763729</value>
  </variableValue>
  <variableValue variable="LANTIO">
    <value valueType="decimal">110.1982074678825</value>
  </variableValue>
  <variableValue variable="DIAS1">
    <value valueType="decimal">43.97931236584951</value>
  </variableValue>
  <variableValue variable="DIAS2">
    <value valueType="decimal">47.24954005567038</value>
  </variableValue>
  <variableValue variable="DIAS3">
    <value valueType="decimal">41.62321249445128</value>
  </variableValue>
  <variableValue variable="SYS1">
    <value valueType="decimal">113.99965024814075</value>
  </variableValue>
  <variableValue variable="SYS2">
    <value valueType="decimal">194.61021635611397</value>
  </variableValue>
  <variableValue variable="SYS3">
    <value valueType="decimal">110.0394913510643</value>
  </variableValue>
  <variableValue variable="Q29">
    <value valueType="text">2</value>
  </variableValue>
  <variableValue variable="Q30">
    <value valueType="text">6</value>
  </variableValue>
  <variableValue variable="K34">
    <value valueType="text">2</value>
  </variableValue>
  <variableValue variable="Q38">
    <value valueType="text">1</value>
  </variableValue>
  <variableValue variable="Q17A">
    <value valueType="text">2</value>
  </variableValue>
  <variableValue variable="FR07_38">
    <value valueType="text">4</value>
  </variableValue>
  <variableValue variable="Q16A">
    <value valueType="text">2</value>
  </variableValue>
  <variableValue variable="Q15A">
    <value valueType="text">2</value>
  </variableValue>
  <variableValue variable="TUPI3">
    <value valueType="text">4</value>
  </variableValue>
  <variableValue variable="Q67">
    <value valueType="text">2</value>
  </variableValue>
  <variableValue variable="TUPI1">
    <value valueType="integer">21</value>
  </variableValue>
  <variableValue variable="FR07_13_laani">
    <value valueType="text">3</value>
  </variableValue>
  <variableValue variable="KOL">
    <value valueType="decimal">5.804930002274958</value>
  </variableValue>
  <variableValue variable="TRIG">
    <value valueType="decimal">0.3</value>
  </variableValue>
  <variableValue variable="HDL">
    <value valueType="decimal">1.5609763392417124</value>
  </variableValue>
  <variableValue variable="sl_gluk_0h">
    <value valueType="decimal">6.014083161507649</value>
  </variableValue>
  <variableValue variable="Q128A">
    <value valueType="text">1</value>
  </variableValue>
  <variableValue variable="FR02_145B">
    <value valueType="integer">20</value>
  </variableValue>
  <variableValue variable="FR02_145E">
    <value valueType="integer">108</value>
  </variableValue>
  <variableValue variable="FR02_145F">
    <value valueType="integer">59</value>
  </variableValue>
  <variableValue variable="FR02_145D">
    <value valueType="integer">29</value>
  </variableValue>
  <variableValue variable="ALKI1">
    <value valueType="integer">1134</value>
  </variableValue>
  <variableValue variable="KY2">
    <value valueType="text">3</value>
  </variableValue>
  <variableValue variable="k13">
    <value valueType="integer">4</value>
  </variableValue>
  <variableValue variable="TULOT">
    <value valueType="text">7</value>
  </variableValue>
  <variableValue variable="FR02_3">
    <value valueType="text">7</value>
  </variableValue>
  <variableValue variable="KOULV">
    <value valueType="integer">30</value>
  </variableValue>
  <variableValue variable="FR07_11">
    <value valueType="text">7</value>
  </variableValue>
  <variableValue variable="Q56">
    <value valueType="text">1</value>
  </variableValue>
  <variableValue variable="Q57">
    <value valueType="text">2</value>
  </variableValue>
  <variableValue variable="Q58">
    <value valueType="text">5</value>
  </variableValue>
  <variableValue variable="FRO7_81">
    <value valueType="text">1</value>
  </variableValue>
  <variableValue variable="Q61">
    <value valueType="text">2</value>
  </variableValue>
  <variableValue variable="KY74">
    <value valueType="text">3</value>
  </variableValue>
  <variableValue variable="Q63">
    <value valueType="text">1</value>
  </variableValue>
  <variableValue variable="FR07_85_1">
    <value valueType="integer">57</value>
  </variableValue>
  <variableValue variable="FR07_85_2">
    <value valueType="integer">0</value>
  </variableValue>
  <variableValue variable="FR07_85_3">
    <value valueType="integer">40</value>
  </variableValue>
  <variableValue variable="FR07_85_4">
    <value valueType="integer">29</value>
  </variableValue>
  <variableValue variable="FR07_85_5">
    <value valueType="integer">80</value>
  </variableValue>
  <variableValue variable="FR07_85_6">
    <value valueType="integer">53</value>
  </variableValue>
  <variableValue variable="FR07_86_1T">
    <value valueType="integer">0</value>
  </variableValue>
  <variableValue variable="FR07_86_1M">
    <value valueType="integer">35</value>
  </variableValue>
  <variableValue variable="FR07_86_2T">
    <value valueType="integer">8</value>
  </variableValue>
  <variableValue variable="FR07_86_2M">
    <value valueType="integer">46</value>
  </variableValue>
  <variableValue variable="FR07_86_3T">
    <value valueType="integer">1</value>
  </variableValue>
  <variableValue variable="FR07_86_3M">
    <value valueType="integer">7</value>
  </variableValue>
  <variableValue variable="FR07_86_4T">
    <value valueType="integer">6</value>
  </variableValue>
  <variableValue variable="FR07_86_4M">
    <value valueType="integer">32</value>
  </variableValue>
  <variableValue variable="FR07_86_5T">
    <value valueType="integer">0</value>
  </variableValue>
  <variableValue variable="FR07_86_5M">
    <value valueType="integer">7</value>
  </variableValue>
  <variableValue variable="FR07_105_1">
    <value valueType="text">2</value>
  </variableValue>
  <variableValue variable="FR07_105_2">
    <value valueType="text">7</value>
  </variableValue>
  <variableValue variable="FR07_105_3">
    <value valueType="text">5</value>
  </variableValue>
  <variableValue variable="FR07_105_4">
    <value valueType="text">5</value>
  </variableValue>
  <variableValue variable="FR07_105_5">
    <value valueType="text">3</value>
  </variableValue>
  <variableValue variable="FR07_105_6">
    <value valueType="text">6</value>
  </variableValue>
  <variableValue variable="FR07_105_7">
    <value valueType="text">7</value>
  </variableValue>
  <variableValue variable="FR07_105_8">
    <value valueType="text">8</value>
  </variableValue>
  <variableValue variable="FR07_105_9">
    <value valueType="text">3</value>
  </variableValue>
  <variableValue variable="FR07_105_10">
    <value valueType="text">4</value>
  </variableValue>
  <variableValue variable="FR07_105_11">
    <value valueType="text">5</value>
  </variableValue>
  <variableValue variable="FR07_105_12">
    <value valueType="text">6</value>
  </variableValue>
  <variableValue variable="FR07_105_13">
    <value valueType="text">8</value>
  </variableValue>
  <variableValue variable="FR07_105_14">
    <value valueType="text">8</value>
  </variableValue>
  <variableValue variable="FR07_105_15">
    <value valueType="text">4</value>
  </variableValue>
  <variableValue variable="FR07_105_16">
    <value valueType="text">6</value>
  </variableValue>
  <variableValue variable="FR07_105_17">
    <value valueType="text">4</value>
  </variableValue>
  <variableValue variable="FR07_105_18">
    <value valueType="text">8</value>
  </variableValue>
  <variableValue variable="FR07_105_19">
    <value valueType="text">6</value>
  </variableValue>
  <variableValue variable="FR07_105_20">
    <value valueType="text">4</value>
  </variableValue>
  <variableValue variable="FR07_105_21">
    <value valueType="text">5</value>
  </variableValue>
  <variableValue variable="FR07_105_22">
    <value valueType="text">5</value>
  </variableValue>
  <variableValue variable="FR07_105_23">
    <value valueType="text">7</value>
  </variableValue>
  <variableValue variable="FR07_105_24">
    <value valueType="text">1</value>
  </variableValue>
  <variableValue variable="FR07_105_25">
    <value valueType="text">3</value>
  </variableValue>
  <variableValue variable="FR07_105_26">
    <value valueType="text">1</value>
  </variableValue>
  <variableValue variable="FR07_105_27">
    <value valueType="text">7</value>
  </variableValue>
  <variableValue variable="FR07_105_28">
    <value valueType="text">5</value>
  </variableValue>
  <variableValue variable="FR07_105_29">
    <value valueType="text">2</value>
  </variableValue>
  <variableValue variable="FR07_105_30">
    <value valueType="text">1</value>
  </variableValue>
  <variableValue variable="FR07_105_31">
    <value valueType="text">7</value>
  </variableValue>
  <variableValue variable="FR07_105_32">
    <value valueType="text">1</value>
  </variableValue>
  <variableValue variable="FR07_105_33">
    <value valueType="text">2</value>
  </variableValue>
  <variableValue variable="FR07_105_34">
    <value valueType="text">2</value>
  </variableValue>
  <variableValue variable="FR07_105_35">
    <value valueType="text">4</value>
  </variableValue>
  <variableValue variable="FR07_105_36">
    <value valueType="text">4</value>
  </variableValue>
  <variableValue variable="FR07_105_37">
    <value valueType="text">8</value>
  </variableValue>
  <variableValue variable="FR07_106_1">
    <value valueType="text">8</value>
  </variableValue>
  <variableValue variable="FR07_106_2">
    <value valueType="text">2</value>
  </variableValue>
  <variableValue variable="FR07_106_3">
    <value valueType="text">6</value>
  </variableValue>
  <variableValue variable="FR02_100A">
    <value valueType="text">1</value>
  </variableValue>
  <variableValue variable="FR02_100B">
    <value valueType="text">2</value>
  </variableValue>
  <variableValue variable="FR02_100C">
    <value valueType="text">1</value>
  </variableValue>
  <variableValue variable="FR02_100D">
    <value valueType="text">1</value>
  </variableValue>
  <variableValue variable="FR02_100E">
    <value valueType="text">2</value>
  </variableValue>
  <variableValue variable="FR02_100F">
    <value valueType="text">1</value>
  </variableValue>
  <variableValue variable="FR02_100G">
    <value valueType="text">1</value>
  </variableValue>
  <variableValue variable="FR07_108_9">
    <value valueType="text">2</value>
  </variableValue>
  <variableValue variable="FR02_100H">
    <value valueType="text">2</value>
  </variableValue>
  <variableValue variable="FR07_109_1P">
    <value valueType="integer">36</value>
  </variableValue>
  <variableValue variable="FR07_109_1V">
    <value valueType="integer">173</value>
  </variableValue>
  <variableValue variable="FR07_109_2P">
    <value valueType="integer">8</value>
  </variableValue>
  <variableValue variable="FR07_109_2V">
    <value valueType="integer">33</value>
  </variableValue>
  <variableValue variable="FR07_109_3P">
    <value valueType="integer">0</value>
  </variableValue>
  <variableValue variable="FR07_109_3V">
    <value valueType="integer">5</value>
  </variableValue>
  <variableValue variable="FR07_109_4P">
    <value valueType="integer">0</value>
  </variableValue>
  <variableValue variable="FR07_109_4V">
    <value valueType="integer">5</value>
  </variableValue>
  <variableValue variable="FR07_109_5P">
    <value valueType="integer">8</value>
  </variableValue>
  <variableValue variable="FR07_109_5V">
    <value valueType="integer">40</value>
  </variableValue>
  <variableValue variable="FR07_109_6P">
    <value valueType="integer">25</value>
  </variableValue>
  <variableValue variable="FR07_109_6V">
    <value valueType="integer">98</value>
  </variableValue>
  <variableValue variable="FR07_109_7P">
    <value valueType="integer">4</value>
  </variableValue>
  <variableValue variable="FR07_109_7V">
    <value valueType="integer">133</value>
  </variableValue>
  <variableValue variable="FR07_109_8P">
    <value valueType="integer">2</value>
  </variableValue>
  <variableValue variable="FR07_109_8V">
    <value valueType="integer">122</value>
  </variableValue>
  <variableValue variable="FR07_109_9P">
    <value valueType="integer">4</value>
  </variableValue>
  <variableValue variable="FR07_109_9V">
    <value valueType="integer">9</value>
  </variableValue>
  <variableValue variable="FR07_109_10P">
    <value valueType="integer">2</value>
  </variableValue>
  <variableValue variable="FR07_109_10V">
    <value valueType="integer">52</value>
  </variableValue>
  <variableValue variable="FR07_109_11P">
    <value valueType="integer">6</value>
  </variableValue>
  <variableValue variable="FR07_109_11V">
    <value valueType="integer">43</value>
  </variableValue>
  <variableValue variable="FR07_109_12P">
    <value valueType="integer">0</value>
  </variableValue>
  <variableValue variable="FR07_109_12V">
    <value valueType="integer">8</value>
  </variableValue>
  <variableValue variable="FR07_109_13P">
    <value valueType="integer">3</value>
  </variableValue>
  <variableValue variable="FR07_109_13V">
    <value valueType="integer">2</value>
  </variableValue>
  <variableValue variable="FR07_109_14P">
    <value valueType="integer">2</value>
  </variableValue>
  <variableValue variable="FR07_109_14V">
    <value valueType="integer">0</value>
  </variableValue>
  <variableValue variable="FR07_109_15P">
    <value valueType="integer">10</value>
  </variableValue>
  <variableValue variable="FR07_109_15V">
    <value valueType="integer">66</value>
  </variableValue>
  <variableValue variable="KY97">
    <value valueType="text">4</value>
  </variableValue>
  <variableValue variable="FR02_112">
    <value valueType="text">4</value>
  </variableValue>
  <variableValue variable="FR07_112">
    <value valueType="text">4</value>
  </variableValue>
  <variableValue variable="FR07_113">
    <value valueType="text">7</value>
  </variableValue>
  <variableValue variable="FR02_114">
    <value valueType="text">2</value>
  </variableValue>
  <variableValue variable="ANNOSPV1">
    <value valueType="integer">8559447874815778816</value>
  </variableValue>
  <variableValue variable="ANNOSVKO1">
    <value valueType="integer">-2910229432190414848</value>
  </variableValue>
  <variableValue variable="KAYTTO1">
    <value valueType="text">1</value>
  </variableValue>
  <variableValue variable="ANNOSPV2">
    <value valueType="integer">-959942126937982976</value>
  </variableValue>
  <variableValue variable="ANNOSVKO2">
    <value valueType="integer">5198319895924776960</value>
  </variableValue>
  <variableValue variable="KAYTTO2">
    <value valueType="text">2</value>
  </variableValue>
  <variableValue variable="ANNOSPV3">
    <value valueType="integer">-9152692701258389504</value>
  </variableValue>
  <variableValue variable="ANNOSVKO3">
    <value valueType="integer">-6931246491531069440</value>
  </variableValue>
  <variableValue variable="KAYTTO3">
    <value valueType="text">1</value>
  </variableValue>
  <variableValue variable="ANNOSPV4">
    <value valueType="integer">-6294792325851441152</value>
  </variableValue>
  <variableValue variable="ANNOSVKO4">
    <value valueType="integer">1936078768745197568</value>
  </variableValue>
  <variableValue variable="KAYTTO4">
    <value valueType="text">1</value>
  </variableValue>
  <variableValue variable="ANNOSPV5">
    <value valueType="integer">3684333811396009984</value>
  </variableValue>
  <variableValue variable="ANNOSVKO5">
    <value valueType="integer">2199646597134036992</value>
  </variableValue>
  <variableValue variable="KAYTTO5">
    <value valueType="text">1</value>
  </variableValue>
  <variableValue variable="ANNOSPV6">
    <value valueType="integer">-1832556039467507712</value>
  </variableValue>
  <variableValue variable="ANNOSVKO6">
    <value valueType="integer">-4111428620563200000</value>
  </variableValue>
  <variableValue variable="KAYTTO6">
    <value valueType="text">1</value>
  </variableValue>
  <variableValue variable="ANNOSPV7">
    <value valueType="integer">4126655102890029056</value>
  </variableValue>
  <variableValue variable="ANNOSVKO7">
    <value valueType="integer">2746083196335077376</value>
  </variableValue>
  <variableValue variable="KAYTTO7">
    <value valueType="text">2</value>
  </variableValue>
  <variableValue variable="ANNOSPV8">
    <value valueType="integer">-9134930034314573824</value>
  </variableValue>
  <variableValue variable="ANNOSVKO8">
    <value valueType="integer">6925651393669378048</value>
  </variableValue>
  <variableValue variable="KAYTTO8">
    <value valueType="text">1</value>
  </variableValue>
  <variableValue variable="ANNOSPV9">
    <value valueType="integer">-4136971771352891392</value>
  </variableValue>
  <variableValue variable="ANNOSVKO9">
    <value valueType="integer">-9032349028165046272</value>
  </variableValue>
  <variableValue variable="KAYTTO9">
    <value valueType="text">2</value>
  </variableValue>
  <variableValue variable="ANNOSPV10">
    <value valueType="integer">2196042926363283456</value>
  </variableValue>
  <variableValue variable="ANNOSVKO10">
    <value valueType="integer">-1720375500659150848</value>
  </variableValue>
  <variableValue variable="KAYTTO10">
    <value valueType="text">2</value>
  </variableValue>
  <variableValue variable="ANNOSPV11">
    <value valueType="integer">-4978632288957003776</value>
  </variableValue>
  <variableValue variable="ANNOSVKO11">
    <value valueType="integer">-2988699770639491072</value>
  </variableValue>
  <variableValue variable="KAYTTO11">
    <value valueType="text">1</value>
  </variableValue>
  <variableValue variable="ANNOSPV12">
    <value valueType="integer">7826233250727796736</value>
  </variableValue>
  <variableValue variable="ANNOSVKO12">
    <value valueType="integer">-3837951746483093504</value>
  </variableValue>
  <variableValue variable="KAYTTO12">
    <value valueType="text">1</value>
  </variableValue>
  <variableValue variable="ANNOSPV13">
    <value valueType="integer">-7833438941589526528</value>
  </variableValue>
  <variableValue variable="ANNOSVKO13">
    <value valueType="integer">-6203650343050829824</value>
  </variableValue>
  <variableValue variable="KAYTTO13">
    <value valueType="text">2</value>
  </variableValue>
  <variableValue variable="ANNOSPV14">
    <value valueType="integer">2334691920141146112</value>
  </variableValue>
  <variableValue variable="ANNOSVKO14">
    <value valueType="integer">-6615721790211958784</value>
  </variableValue>
  <variableValue variable="KAYTTO14">
    <value valueType="text">2</value>
  </variableValue>
</valueSet>