<valueSet valueTable="FNAC" entityType="Participant" entityIdentifier="900662705359128673">
  <variableValue variable="SVUOSI">
    <value valueType="integer">1935</value>
  </variableValue>
  <variableValue variable="SUKUP">
    <value valueType="text">2</value>
  </variableValue>
  <variableValue variable="PITUUS">
    <value valueType="decimal">1.8043466115614797</value>
  </variableValue>
  <variableValue variable="PAINO">
    <value valueType="decimal">90.13128583289219</value>
  </variableValue>
  <variableValue variable="VYOTARO">
    <value valueType="decimal">95.44319624398463</value>
  </variableValue>
  <variableValue variable="LANTIO">
    <value valueType="decimal">90.86025865587563</value>
  </variableValue>
  <variableValue variable="DIAS1">
    <value valueType="decimal">97.7464273907471</value>
  </variableValue>
  <variableValue variable="DIAS2">
    <value valueType="decimal">51.29732522866321</value>
  </variableValue>
  <variableValue variable="DIAS3">
    <value valueType="decimal">117.70337176898201</value>
  </variableValue>
  <variableValue variable="SYS1">
    <value valueType="decimal">116.04217236093248</value>
  </variableValue>
  <variableValue variable="SYS2">
    <value valueType="decimal">82.60932715010787</value>
  </variableValue>
  <variableValue variable="SYS3">
    <value valueType="decimal">155.5160741800569</value>
  </variableValue>
  <variableValue variable="Q29">
    <value valueType="text">1</value>
  </variableValue>
  <variableValue variable="Q30">
    <value valueType="text">4</value>
  </variableValue>
  <variableValue variable="K34">
    <value valueType="text">2</value>
  </variableValue>
  <variableValue variable="Q38">
    <value valueType="text">3</value>
  </variableValue>
  <variableValue variable="Q17A">
    <value valueType="text">1</value>
  </variableValue>
  <variableValue variable="FR07_38">
    <value valueType="text">3</value>
  </variableValue>
  <variableValue variable="Q16A">
    <value valueType="text">1</value>
  </variableValue>
  <variableValue variable="Q15A">
    <value valueType="text">2</value>
  </variableValue>
  <variableValue variable="TUPI3">
    <value valueType="text">3</value>
  </variableValue>
  <variableValue variable="Q67">
    <value valueType="text">1</value>
  </variableValue>
  <variableValue variable="TUPI1">
    <value valueType="integer">19</value>
  </variableValue>
  <variableValue variable="FR07_13_laani">
    <value valueType="text">1</value>
  </variableValue>
  <variableValue variable="KOL">
    <value valueType="decimal">6.458183669129703</value>
  </variableValue>
  <variableValue variable="TRIG">
    <value valueType="decimal">0.8528594964012036</value>
  </variableValue>
  <variableValue variable="HDL">
    <value valueType="decimal">2.027028019942197</value>
  </variableValue>
  <variableValue variable="sl_gluk_0h">
    <value valueType="decimal">6.379254902072576</value>
  </variableValue>
  <variableValue variable="Q128A">
    <value valueType="text">3</value>
  </variableValue>
  <variableValue variable="FR02_145B">
    <value valueType="integer">24</value>
  </variableValue>
  <variableValue variable="FR02_145E">
    <value valueType="integer">117</value>
  </variableValue>
  <variableValue variable="FR02_145F">
    <value valueType="integer">19</value>
  </variableValue>
  <variableValue variable="FR02_145D">
    <value valueType="integer">8</value>
  </variableValue>
  <variableValue variable="ALKI1">
    <value valueType="integer">1107</value>
  </variableValue>
  <variableValue variable="KY2">
    <value valueType="text">1</value>
  </variableValue>
  <variableValue variable="k13">
    <value valueType="integer">9</value>
  </variableValue>
  <variableValue variable="TULOT">
    <value valueType="text">8</value>
  </variableValue>
  <variableValue variable="FR02_3">
    <value valueType="text">7</value>
  </variableValue>
  <variableValue variable="KOULV">
    <value valueType="integer">41</value>
  </variableValue>
  <variableValue variable="FR07_11">
    <value valueType="text">5</value>
  </variableValue>
  <variableValue variable="Q56">
    <value valueType="text">4</value>
  </variableValue>
  <variableValue variable="Q57">
    <value valueType="text">3</value>
  </variableValue>
  <variableValue variable="Q58">
    <value valueType="text">4</value>
  </variableValue>
  <variableValue variable="FRO7_81">
    <value valueType="text">7</value>
  </variableValue>
  <variableValue variable="Q61">
    <value valueType="text">1</value>
  </variableValue>
  <variableValue variable="KY74">
    <value valueType="text">2</value>
  </variableValue>
  <variableValue variable="Q63">
    <value valueType="text">1</value>
  </variableValue>
  <variableValue variable="FR07_85_1">
    <value valueType="integer">89</value>
  </variableValue>
  <variableValue variable="FR07_85_2">
    <value valueType="integer">67</value>
  </variableValue>
  <variableValue variable="FR07_85_3">
    <value valueType="integer">80</value>
  </variableValue>
  <variableValue variable="FR07_85_4">
    <value valueType="integer">60</value>
  </variableValue>
  <variableValue variable="FR07_85_5">
    <value valueType="integer">12</value>
  </variableValue>
  <variableValue variable="FR07_85_6">
    <value valueType="integer">84</value>
  </variableValue>
  <variableValue variable="FR07_86_1T">
    <value valueType="integer">14</value>
  </variableValue>
  <variableValue variable="FR07_86_1M">
    <value valueType="integer">26</value>
  </variableValue>
  <variableValue variable="FR07_86_2T">
    <value valueType="integer">8</value>
  </variableValue>
  <variableValue variable="FR07_86_2M">
    <value valueType="integer">51</value>
  </variableValue>
  <variableValue variable="FR07_86_3T">
    <value valueType="integer">10</value>
  </variableValue>
  <variableValue variable="FR07_86_3M">
    <value valueType="integer">10</value>
  </variableValue>
  <variableValue variable="FR07_86_4T">
    <value valueType="integer">4</value>
  </variableValue>
  <variableValue variable="FR07_86_4M">
    <value valueType="integer">12</value>
  </variableValue>
  <variableValue variable="FR07_86_5T">
    <value valueType="integer">9</value>
  </variableValue>
  <variableValue variable="FR07_86_5M">
    <value valueType="integer">22</value>
  </variableValue>
  <variableValue variable="FR07_105_1">
    <value valueType="text">1</value>
  </variableValue>
  <variableValue variable="FR07_105_2">
    <value valueType="text">4</value>
  </variableValue>
  <variableValue variable="FR07_105_3">
    <value valueType="text">6</value>
  </variableValue>
  <variableValue variable="FR07_105_4">
    <value valueType="text">4</value>
  </variableValue>
  <variableValue variable="FR07_105_5">
    <value valueType="text">6</value>
  </variableValue>
  <variableValue variable="FR07_105_6">
    <value valueType="text">8</value>
  </variableValue>
  <variableValue variable="FR07_105_7">
    <value valueType="text">1</value>
  </variableValue>
  <variableValue variable="FR07_105_8">
    <value valueType="text">3</value>
  </variableValue>
  <variableValue variable="FR07_105_9">
    <value valueType="text">3</value>
  </variableValue>
  <variableValue variable="FR07_105_10">
    <value valueType="text">3</value>
  </variableValue>
  <variableValue variable="FR07_105_11">
    <value valueType="text">2</value>
  </variableValue>
  <variableValue variable="FR07_105_12">
    <value valueType="text">8</value>
  </variableValue>
  <variableValue variable="FR07_105_13">
    <value valueType="text">1</value>
  </variableValue>
  <variableValue variable="FR07_105_14">
    <value valueType="text">5</value>
  </variableValue>
  <variableValue variable="FR07_105_15">
    <value valueType="text">6</value>
  </variableValue>
  <variableValue variable="FR07_105_16">
    <value valueType="text">6</value>
  </variableValue>
  <variableValue variable="FR07_105_17">
    <value valueType="text">6</value>
  </variableValue>
  <variableValue variable="FR07_105_18">
    <value valueType="text">5</value>
  </variableValue>
  <variableValue variable="FR07_105_19">
    <value valueType="text">6</value>
  </variableValue>
  <variableValue variable="FR07_105_20">
    <value valueType="text">7</value>
  </variableValue>
  <variableValue variable="FR07_105_21">
    <value valueType="text">7</value>
  </variableValue>
  <variableValue variable="FR07_105_22">
    <value valueType="text">1</value>
  </variableValue>
  <variableValue variable="FR07_105_23">
    <value valueType="text">2</value>
  </variableValue>
  <variableValue variable="FR07_105_24">
    <value valueType="text">3</value>
  </variableValue>
  <variableValue variable="FR07_105_25">
    <value valueType="text">1</value>
  </variableValue>
  <variableValue variable="FR07_105_26">
    <value valueType="text">4</value>
  </variableValue>
  <variableValue variable="FR07_105_27">
    <value valueType="text">6</value>
  </variableValue>
  <variableValue variable="FR07_105_28">
    <value valueType="text">4</value>
  </variableValue>
  <variableValue variable="FR07_105_29">
    <value valueType="text">1</value>
  </variableValue>
  <variableValue variable="FR07_105_30">
    <value valueType="text">5</value>
  </variableValue>
  <variableValue variable="FR07_105_31">
    <value valueType="text">2</value>
  </variableValue>
  <variableValue variable="FR07_105_32">
    <value valueType="text">1</value>
  </variableValue>
  <variableValue variable="FR07_105_33">
    <value valueType="text">2</value>
  </variableValue>
  <variableValue variable="FR07_105_34">
    <value valueType="text">6</value>
  </variableValue>
  <variableValue variable="FR07_105_35">
    <value valueType="text">1</value>
  </variableValue>
  <variableValue variable="FR07_105_36">
    <value valueType="text">2</value>
  </variableValue>
  <variableValue variable="FR07_105_37">
    <value valueType="text">6</value>
  </variableValue>
  <variableValue variable="FR07_106_1">
    <value valueType="text">3</value>
  </variableValue>
  <variableValue variable="FR07_106_2">
    <value valueType="text">6</value>
  </variableValue>
  <variableValue variable="FR07_106_3">
    <value valueType="text">5</value>
  </variableValue>
  <variableValue variable="FR02_100A">
    <value valueType="text">1</value>
  </variableValue>
  <variableValue variable="FR02_100B">
    <value valueType="text">1</value>
  </variableValue>
  <variableValue variable="FR02_100C">
    <value valueType="text">1</value>
  </variableValue>
  <variableValue variable="FR02_100D">
    <value valueType="text">1</value>
  </variableValue>
  <variableValue variable="FR02_100E">
    <value valueType="text">1</value>
  </variableValue>
  <variableValue variable="FR02_100F">
    <value valueType="text">2</value>
  </variableValue>
  <variableValue variable="FR02_100G">
    <value valueType="text">2</value>
  </variableValue>
  <variableValue variable="FR07_108_9">
    <value valueType="text">2</value>
  </variableValue>
  <variableValue variable="FR02_100H">
    <value valueType="text">1</value>
  </variableValue>
  <variableValue variable="FR07_109_1P">
    <value valueType="integer">16</value>
  </variableValue>
  <variableValue variable="FR07_109_1V">
    <value valueType="integer">115</value>
  </variableValue>
  <variableValue variable="FR07_109_2P">
    <value valueType="integer">10</value>
  </variableValue>
  <variableValue variable="FR07_109_2V">
    <value valueType="integer">6</value>
  </variableValue>
  <variableValue variable="FR07_109_3P">
    <value valueType="integer">4</value>
  </variableValue>
  <variableValue variable="FR07_109_3V">
    <value valueType="integer">26</value>
  </variableValue>
  <variableValue variable="FR07_109_4P">
    <value valueType="integer">0</value>
  </variableValue>
  <variableValue variable="FR07_109_4V">
    <value valueType="integer">35</value>
  </variableValue>
  <variableValue variable="FR07_109_5P">
    <value valueType="integer">8</value>
  </variableValue>
  <variableValue variable="FR07_109_5V">
    <value valueType="integer">43</value>
  </variableValue>
  <variableValue variable="FR07_109_6P">
    <value valueType="integer">3</value>
  </variableValue>
  <variableValue variable="FR07_109_6V">
    <value valueType="integer">113</value>
  </variableValue>
  <variableValue variable="FR07_109_7P">
    <value valueType="integer">20</value>
  </variableValue>
  <variableValue variable="FR07_109_7V">
    <value valueType="integer">61</value>
  </variableValue>
  <variableValue variable="FR07_109_8P">
    <value valueType="integer">5</value>
  </variableValue>
  <variableValue variable="FR07_109_8V">
    <value valueType="integer">138</value>
  </variableValue>
  <variableValue variable="FR07_109_9P">
    <value valueType="integer">2</value>
  </variableValue>
  <variableValue variable="FR07_109_9V">
    <value valueType="integer">55</value>
  </variableValue>
  <variableValue variable="FR07_109_10P">
    <value valueType="integer">8</value>
  </variableValue>
  <variableValue variable="FR07_109_10V">
    <value valueType="integer">23</value>
  </variableValue>
  <variableValue variable="FR07_109_11P">
    <value valueType="integer">2</value>
  </variableValue>
  <variableValue variable="FR07_109_11V">
    <value valueType="integer">9</value>
  </variableValue>
  <variableValue variable="FR07_109_12P">
    <value valueType="integer">5</value>
  </variableValue>
  <variableValue variable="FR07_109_12V">
    <value valueType="integer">3</value>
  </variableValue>
  <variableValue variable="FR07_109_13P">
    <value valueType="integer">7</value>
  </variableValue>
  <variableValue variable="FR07_109_13V">
    <value valueType="integer">47</value>
  </variableValue>
  <variableValue variable="FR07_109_14P">
    <value valueType="integer">2</value>
  </variableValue>
  <variableValue variable="FR07_109_14V">
    <value valueType="integer">59</value>
  </variableValue>
  <variableValue variable="FR07_109_15P">
    <value valueType="integer">4</value>
  </variableValue>
  <variableValue variable="FR07_109_15V">
    <value valueType="integer">93</value>
  </variableValue>
  <variableValue variable="KY97">
    <value valueType="text">0</value>
  </variableValue>
  <variableValue variable="FR02_112">
    <value valueType="text">0</value>
  </variableValue>
  <variableValue variable="FR07_112">
    <value valueType="text">3</value>
  </variableValue>
  <variableValue variable="FR07_113">
    <value valueType="text">2</value>
  </variableValue>
  <variableValue variable="FR02_114">
    <value valueType="text">2</value>
  </variableValue>
  <variableValue variable="ANNOSPV1">
    <value valueType="integer">8247540812871913472</value>
  </variableValue>
  <variableValue variable="ANNOSVKO1">
    <value valueType="integer">-1289970135985520640</value>
  </variableValue>
  <variableValue variable="KAYTTO1">
    <value valueType="text">1</value>
  </variableValue>
  <variableValue variable="ANNOSPV2">
    <value valueType="integer">-3727229901238478848</value>
  </variableValue>
  <variableValue variable="ANNOSVKO2">
    <value valueType="integer">6249151198255929344</value>
  </variableValue>
  <variableValue variable="KAYTTO2">
    <value valueType="text">2</value>
  </variableValue>
  <variableValue variable="ANNOSPV3">
    <value valueType="integer">7090651018767564800</value>
  </variableValue>
  <variableValue variable="ANNOSVKO3">
    <value valueType="integer">2462717831061630976</value>
  </variableValue>
  <variableValue variable="KAYTTO3">
    <value valueType="text">2</value>
  </variableValue>
  <variableValue variable="ANNOSPV4">
    <value valueType="integer">-8236970014982946816</value>
  </variableValue>
  <variableValue variable="ANNOSVKO4">
    <value valueType="integer">1026575932201213952</value>
  </variableValue>
  <variableValue variable="KAYTTO4">
    <value valueType="text">2</value>
  </variableValue>
  <variableValue variable="ANNOSPV5">
    <value valueType="integer">-6935448275436863488</value>
  </variableValue>
  <variableValue variable="ANNOSVKO5">
    <value valueType="integer">-5133116056941471744</value>
  </variableValue>
  <variableValue variable="KAYTTO5">
    <value valueType="text">1</value>
  </variableValue>
  <variableValue variable="ANNOSPV6">
    <value valueType="integer">3150814041323974656</value>
  </variableValue>
  <variableValue variable="ANNOSVKO6">
    <value valueType="integer">5383812177417199616</value>
  </variableValue>
  <variableValue variable="KAYTTO6">
    <value valueType="text">2</value>
  </variableValue>
  <variableValue variable="ANNOSPV7">
    <value valueType="integer">1555535977163802624</value>
  </variableValue>
  <variableValue variable="ANNOSVKO7">
    <value valueType="integer">-4972286299407192064</value>
  </variableValue>
  <variableValue variable="KAYTTO7">
    <value valueType="text">1</value>
  </variableValue>
  <variableValue variable="ANNOSPV8">
    <value valueType="integer">4867627586269632512</value>
  </variableValue>
  <variableValue variable="ANNOSVKO8">
    <value valueType="integer">5032777409046183936</value>
  </variableValue>
  <variableValue variable="KAYTTO8">
    <value valueType="text">2</value>
  </variableValue>
  <variableValue variable="ANNOSPV9">
    <value valueType="integer">-1801706347793152000</value>
  </variableValue>
  <variableValue variable="ANNOSVKO9">
    <value valueType="integer">4114845326493077504</value>
  </variableValue>
  <variableValue variable="KAYTTO9">
    <value valueType="text">2</value>
  </variableValue>
  <variableValue variable="ANNOSPV10">
    <value valueType="integer">1602252001251418112</value>
  </variableValue>
  <variableValue variable="ANNOSVKO10">
    <value valueType="integer">-1886789523684007936</value>
  </variableValue>
  <variableValue variable="KAYTTO10">
    <value valueType="text">2</value>
  </variableValue>
  <variableValue variable="ANNOSPV11">
    <value valueType="integer">-1520096289004795904</value>
  </variableValue>
  <variableValue variable="ANNOSVKO11">
    <value valueType="integer">-2295322552214472704</value>
  </variableValue>
  <variableValue variable="KAYTTO11">
    <value valueType="text">1</value>
  </variableValue>
  <variableValue variable="ANNOSPV12">
    <value valueType="integer">4948131796147828736</value>
  </variableValue>
  <variableValue variable="ANNOSVKO12">
    <value valueType="integer">-7059435988593190912</value>
  </variableValue>
  <variableValue variable="KAYTTO12">
    <value valueType="text">2</value>
  </variableValue>
  <variableValue variable="ANNOSPV13">
    <value valueType="integer">1143643906288418816</value>
  </variableValue>
  <variableValue variable="ANNOSVKO13">
    <value valueType="integer">3208207905491732480</value>
  </variableValue>
  <variableValue variable="KAYTTO13">
    <value valueType="text">2</value>
  </variableValue>
  <variableValue variable="ANNOSPV14">
    <value valueType="integer">-1755508912949712896</value>
  </variableValue>
  <variableValue variable="ANNOSVKO14">
    <value valueType="integer">1050352073716049920</value>
  </variableValue>
  <variableValue variable="KAYTTO14">
    <value valueType="text">1</value>
  </variableValue>
</valueSet>