<valueSet valueTable="FNAC" entityType="Participant" entityIdentifier="8506781644620079812">
  <variableValue variable="SVUOSI">
    <value valueType="integer">1976</value>
  </variableValue>
  <variableValue variable="SUKUP">
    <value valueType="text">2</value>
  </variableValue>
  <variableValue variable="PITUUS">
    <value valueType="decimal">1.8315352029904683</value>
  </variableValue>
  <variableValue variable="PAINO">
    <value valueType="decimal">89.96942897663897</value>
  </variableValue>
  <variableValue variable="VYOTARO">
    <value valueType="decimal">109.57256919905647</value>
  </variableValue>
  <variableValue variable="LANTIO">
    <value valueType="decimal">108.8670436057349</value>
  </variableValue>
  <variableValue variable="DIAS1">
    <value valueType="decimal">119.35533427251062</value>
  </variableValue>
  <variableValue variable="DIAS2">
    <value valueType="decimal">110.82921928716699</value>
  </variableValue>
  <variableValue variable="DIAS3">
    <value valueType="decimal">53.76180146552572</value>
  </variableValue>
  <variableValue variable="SYS1">
    <value valueType="decimal">142.81836146653325</value>
  </variableValue>
  <variableValue variable="SYS2">
    <value valueType="decimal">94.49470776115683</value>
  </variableValue>
  <variableValue variable="SYS3">
    <value valueType="decimal">223.4624103467731</value>
  </variableValue>
  <variableValue variable="Q29">
    <value valueType="text">1</value>
  </variableValue>
  <variableValue variable="FR07_36">
    <value valueType="text"/>
  </variableValue>
  <variableValue variable="Q30">
    <value valueType="text">3</value>
  </variableValue>
  <variableValue variable="K34">
    <value valueType="text">1</value>
  </variableValue>
  <variableValue variable="FR07_30L">
    <value valueType="text"/>
  </variableValue>
  <variableValue variable="Q38">
    <value valueType="text">4</value>
  </variableValue>
  <variableValue variable="Q17A">
    <value valueType="text">1</value>
  </variableValue>
  <variableValue variable="FR07_38">
    <value valueType="text">5</value>
  </variableValue>
  <variableValue variable="Q16A">
    <value valueType="text">1</value>
  </variableValue>
  <variableValue variable="Q15A">
    <value valueType="text">1</value>
  </variableValue>
  <variableValue variable="TUPI3">
    <value valueType="text">4</value>
  </variableValue>
  <variableValue variable="Q67">
    <value valueType="text">1</value>
  </variableValue>
  <variableValue variable="TUPI1">
    <value valueType="integer">27</value>
  </variableValue>
  <variableValue variable="FR07_13_laani">
    <value valueType="text">1</value>
  </variableValue>
  <variableValue variable="KOL">
    <value valueType="decimal">5.623473102313522</value>
  </variableValue>
  <variableValue variable="TRIG">
    <value valueType="decimal">1.999866707820138</value>
  </variableValue>
  <variableValue variable="HDL">
    <value valueType="decimal">1.5140710759120208</value>
  </variableValue>
  <variableValue variable="sl_gluk_0h">
    <value valueType="decimal">6.37559212686644</value>
  </variableValue>
  <variableValue variable="Q128A">
    <value valueType="text">3</value>
  </variableValue>
  <variableValue variable="FR02_145B">
    <value valueType="integer">23</value>
  </variableValue>
  <variableValue variable="FR02_145E">
    <value valueType="integer">28</value>
  </variableValue>
  <variableValue variable="FR02_145F">
    <value valueType="integer">25</value>
  </variableValue>
  <variableValue variable="FR02_145D">
    <value valueType="integer">11</value>
  </variableValue>
  <variableValue variable="ALKI1">
    <value valueType="integer">483</value>
  </variableValue>
  <variableValue variable="KY2">
    <value valueType="text">1</value>
  </variableValue>
  <variableValue variable="k13">
    <value valueType="integer">11</value>
  </variableValue>
  <variableValue variable="TULOT">
    <value valueType="text">3</value>
  </variableValue>
  <variableValue variable="FR02_3">
    <value valueType="text">2</value>
  </variableValue>
  <variableValue variable="KOULV">
    <value valueType="integer">16</value>
  </variableValue>
  <variableValue variable="FR07_11">
    <value valueType="text">14</value>
  </variableValue>
  <variableValue variable="FR07_10">
    <value valueType="text"/>
  </variableValue>
  <variableValue variable="Q56">
    <value valueType="text">2</value>
  </variableValue>
  <variableValue variable="Q57">
    <value valueType="text">3</value>
  </variableValue>
  <variableValue variable="Q58">
    <value valueType="text">2</value>
  </variableValue>
  <variableValue variable="FRO7_81">
    <value valueType="text">3</value>
  </variableValue>
  <variableValue variable="Q61">
    <value valueType="text">2</value>
  </variableValue>
  <variableValue variable="KY74">
    <value valueType="text">1</value>
  </variableValue>
  <variableValue variable="Q63">
    <value valueType="text">2</value>
  </variableValue>
  <variableValue variable="FR07_85_1">
    <value valueType="integer">42</value>
  </variableValue>
  <variableValue variable="FR07_85_2">
    <value valueType="integer">1</value>
  </variableValue>
  <variableValue variable="FR07_85_3">
    <value valueType="integer">34</value>
  </variableValue>
  <variableValue variable="FR07_85_4">
    <value valueType="integer">22</value>
  </variableValue>
  <variableValue variable="FR07_85_5">
    <value valueType="integer">47</value>
  </variableValue>
  <variableValue variable="FR07_85_6">
    <value valueType="integer">9</value>
  </variableValue>
  <variableValue variable="FR07_86_1T">
    <value valueType="integer">14</value>
  </variableValue>
  <variableValue variable="FR07_86_1M">
    <value valueType="integer">1</value>
  </variableValue>
  <variableValue variable="FR07_86_2T">
    <value valueType="integer">17</value>
  </variableValue>
  <variableValue variable="FR07_86_2M">
    <value valueType="integer">16</value>
  </variableValue>
  <variableValue variable="FR07_86_3T">
    <value valueType="integer">13</value>
  </variableValue>
  <variableValue variable="FR07_86_3M">
    <value valueType="integer">8</value>
  </variableValue>
  <variableValue variable="FR07_86_4T">
    <value valueType="integer">23</value>
  </variableValue>
  <variableValue variable="FR07_86_4M">
    <value valueType="integer">16</value>
  </variableValue>
  <variableValue variable="FR07_86_5T">
    <value valueType="integer">7</value>
  </variableValue>
  <variableValue variable="FR07_86_5M">
    <value valueType="integer">13</value>
  </variableValue>
  <variableValue variable="FR07_105_1">
    <value valueType="text">1</value>
  </variableValue>
  <variableValue variable="FR07_105_2">
    <value valueType="text">4</value>
  </variableValue>
  <variableValue variable="FR07_105_3">
    <value valueType="text">3</value>
  </variableValue>
  <variableValue variable="FR07_105_4">
    <value valueType="text">7</value>
  </variableValue>
  <variableValue variable="FR07_105_5">
    <value valueType="text">1</value>
  </variableValue>
  <variableValue variable="FR07_105_6">
    <value valueType="text">5</value>
  </variableValue>
  <variableValue variable="FR07_105_7">
    <value valueType="text">3</value>
  </variableValue>
  <variableValue variable="FR07_105_8">
    <value valueType="text">7</value>
  </variableValue>
  <variableValue variable="FR07_105_9">
    <value valueType="text">3</value>
  </variableValue>
  <variableValue variable="FR07_105_10">
    <value valueType="text">7</value>
  </variableValue>
  <variableValue variable="FR07_105_11">
    <value valueType="text">8</value>
  </variableValue>
  <variableValue variable="FR07_105_12">
    <value valueType="text">3</value>
  </variableValue>
  <variableValue variable="FR07_105_13">
    <value valueType="text">7</value>
  </variableValue>
  <variableValue variable="FR07_105_14">
    <value valueType="text">1</value>
  </variableValue>
  <variableValue variable="FR07_105_15">
    <value valueType="text">8</value>
  </variableValue>
  <variableValue variable="FR07_105_16">
    <value valueType="text">7</value>
  </variableValue>
  <variableValue variable="FR07_105_17">
    <value valueType="text">2</value>
  </variableValue>
  <variableValue variable="FR07_105_18">
    <value valueType="text">6</value>
  </variableValue>
  <variableValue variable="FR07_105_19">
    <value valueType="text">1</value>
  </variableValue>
  <variableValue variable="FR07_105_20">
    <value valueType="text">5</value>
  </variableValue>
  <variableValue variable="FR07_105_21">
    <value valueType="text">1</value>
  </variableValue>
  <variableValue variable="FR07_105_22">
    <value valueType="text">8</value>
  </variableValue>
  <variableValue variable="FR07_105_23">
    <value valueType="text">2</value>
  </variableValue>
  <variableValue variable="FR07_105_24">
    <value valueType="text">7</value>
  </variableValue>
  <variableValue variable="FR07_105_25">
    <value valueType="text">4</value>
  </variableValue>
  <variableValue variable="FR07_105_26">
    <value valueType="text">2</value>
  </variableValue>
  <variableValue variable="FR07_105_27">
    <value valueType="text">2</value>
  </variableValue>
  <variableValue variable="FR07_105_28">
    <value valueType="text">2</value>
  </variableValue>
  <variableValue variable="FR07_105_29">
    <value valueType="text">3</value>
  </variableValue>
  <variableValue variable="FR07_105_30">
    <value valueType="text">7</value>
  </variableValue>
  <variableValue variable="FR07_105_31">
    <value valueType="text">1</value>
  </variableValue>
  <variableValue variable="FR07_105_32">
    <value valueType="text">2</value>
  </variableValue>
  <variableValue variable="FR07_105_33">
    <value valueType="text">1</value>
  </variableValue>
  <variableValue variable="FR07_105_34">
    <value valueType="text">2</value>
  </variableValue>
  <variableValue variable="FR07_105_35">
    <value valueType="text">7</value>
  </variableValue>
  <variableValue variable="FR07_105_36">
    <value valueType="text">4</value>
  </variableValue>
  <variableValue variable="FR07_105_37">
    <value valueType="text">8</value>
  </variableValue>
  <variableValue variable="FR07_106_1">
    <value valueType="text">6</value>
  </variableValue>
  <variableValue variable="FR07_106_2">
    <value valueType="text">8</value>
  </variableValue>
  <variableValue variable="FR07_106_3">
    <value valueType="text">5</value>
  </variableValue>
  <variableValue variable="FR02_100A">
    <value valueType="text">2</value>
  </variableValue>
  <variableValue variable="FR02_100B">
    <value valueType="text">1</value>
  </variableValue>
  <variableValue variable="FR02_100C">
    <value valueType="text">1</value>
  </variableValue>
  <variableValue variable="FR02_100C2">
    <value valueType="text"/>
  </variableValue>
  <variableValue variable="FR02_100D">
    <value valueType="text">1</value>
  </variableValue>
  <variableValue variable="FR02_100E">
    <value valueType="text">2</value>
  </variableValue>
  <variableValue variable="FR02_100F">
    <value valueType="text">1</value>
  </variableValue>
  <variableValue variable="FR02_100G">
    <value valueType="text">2</value>
  </variableValue>
  <variableValue variable="FR07_108_9">
    <value valueType="text">2</value>
  </variableValue>
  <variableValue variable="FR02_100H">
    <value valueType="text">1</value>
  </variableValue>
  <variableValue variable="FR02_100H2">
    <value valueType="text"/>
  </variableValue>
  <variableValue variable="FR07_109_1P">
    <value valueType="integer">2</value>
  </variableValue>
  <variableValue variable="FR07_109_1V">
    <value valueType="integer">145</value>
  </variableValue>
  <variableValue variable="FR07_109_2P">
    <value valueType="integer">5</value>
  </variableValue>
  <variableValue variable="FR07_109_2V">
    <value valueType="integer">44</value>
  </variableValue>
  <variableValue variable="FR07_109_3P">
    <value valueType="integer">4</value>
  </variableValue>
  <variableValue variable="FR07_109_3V">
    <value valueType="integer">3</value>
  </variableValue>
  <variableValue variable="FR07_109_4P">
    <value valueType="integer">3</value>
  </variableValue>
  <variableValue variable="FR07_109_4V">
    <value valueType="integer">11</value>
  </variableValue>
  <variableValue variable="FR07_109_5P">
    <value valueType="integer">18</value>
  </variableValue>
  <variableValue variable="FR07_109_5V">
    <value valueType="integer">1</value>
  </variableValue>
  <variableValue variable="FR07_109_6P">
    <value valueType="integer">8</value>
  </variableValue>
  <variableValue variable="FR07_109_6V">
    <value valueType="integer">18</value>
  </variableValue>
  <variableValue variable="FR07_109_7P">
    <value valueType="integer">0</value>
  </variableValue>
  <variableValue variable="FR07_109_7V">
    <value valueType="integer">124</value>
  </variableValue>
  <variableValue variable="FR07_109_8P">
    <value valueType="integer">7</value>
  </variableValue>
  <variableValue variable="FR07_109_8V">
    <value valueType="integer">62</value>
  </variableValue>
  <variableValue variable="FR07_109_9P">
    <value valueType="integer">3</value>
  </variableValue>
  <variableValue variable="FR07_109_9V">
    <value valueType="integer">6</value>
  </variableValue>
  <variableValue variable="FR07_109_10P">
    <value valueType="integer">8</value>
  </variableValue>
  <variableValue variable="FR07_109_10V">
    <value valueType="integer">2</value>
  </variableValue>
  <variableValue variable="FR07_109_11P">
    <value valueType="integer">8</value>
  </variableValue>
  <variableValue variable="FR07_109_11V">
    <value valueType="integer">53</value>
  </variableValue>
  <variableValue variable="FR07_109_12P">
    <value valueType="integer">5</value>
  </variableValue>
  <variableValue variable="FR07_109_12V">
    <value valueType="integer">2</value>
  </variableValue>
  <variableValue variable="FR07_109_13P">
    <value valueType="integer">6</value>
  </variableValue>
  <variableValue variable="FR07_109_13V">
    <value valueType="integer">21</value>
  </variableValue>
  <variableValue variable="FR07_109_14P">
    <value valueType="integer">10</value>
  </variableValue>
  <variableValue variable="FR07_109_14V">
    <value valueType="integer">65</value>
  </variableValue>
  <variableValue variable="FR07_109_15P">
    <value valueType="integer">4</value>
  </variableValue>
  <variableValue variable="FR07_109_15V">
    <value valueType="integer">83</value>
  </variableValue>
  <variableValue variable="KY97">
    <value valueType="text">0</value>
  </variableValue>
  <variableValue variable="FR02_112">
    <value valueType="text">4</value>
  </variableValue>
  <variableValue variable="FR07_112">
    <value valueType="text">4</value>
  </variableValue>
  <variableValue variable="FR07_113">
    <value valueType="text">6</value>
  </variableValue>
  <variableValue variable="FR02_114">
    <value valueType="text">2</value>
  </variableValue>
  <variableValue variable="VALMISTE1">
    <value valueType="text"/>
  </variableValue>
  <variableValue variable="MUOTO1">
    <value valueType="text"/>
  </variableValue>
  <variableValue variable="ANNOSPV1">
    <value valueType="integer">2190177761443278848</value>
  </variableValue>
  <variableValue variable="ANNOSVKO1">
    <value valueType="integer">-5212399530733424640</value>
  </variableValue>
  <variableValue variable="KAYTTO1">
    <value valueType="text">2</value>
  </variableValue>
  <variableValue variable="VALMISTE2">
    <value valueType="text"/>
  </variableValue>
  <variableValue variable="MUOTO2">
    <value valueType="text"/>
  </variableValue>
  <variableValue variable="ANNOSPV2">
    <value valueType="integer">39292971360450560</value>
  </variableValue>
  <variableValue variable="ANNOSVKO2">
    <value valueType="integer">1919669263155251200</value>
  </variableValue>
  <variableValue variable="KAYTTO2">
    <value valueType="text">2</value>
  </variableValue>
  <variableValue variable="VALMISTE3">
    <value valueType="text"/>
  </variableValue>
  <variableValue variable="MUOTO3">
    <value valueType="text"/>
  </variableValue>
  <variableValue variable="ANNOSPV3">
    <value valueType="integer">-7688401585243115520</value>
  </variableValue>
  <variableValue variable="ANNOSVKO3">
    <value valueType="integer">-3417101980827156480</value>
  </variableValue>
  <variableValue variable="KAYTTO3">
    <value valueType="text">2</value>
  </variableValue>
  <variableValue variable="VALMISTE4">
    <value valueType="text"/>
  </variableValue>
  <variableValue variable="MUOTO4">
    <value valueType="text"/>
  </variableValue>
  <variableValue variable="ANNOSPV4">
    <value valueType="integer">-2481321772239796224</value>
  </variableValue>
  <variableValue variable="ANNOSVKO4">
    <value valueType="integer">8190393137679773696</value>
  </variableValue>
  <variableValue variable="KAYTTO4">
    <value valueType="text">1</value>
  </variableValue>
  <variableValue variable="VALMISTE5">
    <value valueType="text"/>
  </variableValue>
  <variableValue variable="MUOTO5">
    <value valueType="text"/>
  </variableValue>
  <variableValue variable="ANNOSPV5">
    <value valueType="integer">-2028489347397048320</value>
  </variableValue>
  <variableValue variable="ANNOSVKO5">
    <value valueType="integer">6680440259999029248</value>
  </variableValue>
  <variableValue variable="KAYTTO5">
    <value valueType="text">1</value>
  </variableValue>
  <variableValue variable="VALMISTE6">
    <value valueType="text"/>
  </variableValue>
  <variableValue variable="MUOTO6">
    <value valueType="text"/>
  </variableValue>
  <variableValue variable="ANNOSPV6">
    <value valueType="integer">-594553407057223680</value>
  </variableValue>
  <variableValue variable="ANNOSVKO6">
    <value valueType="integer">7521175255713705984</value>
  </variableValue>
  <variableValue variable="KAYTTO6">
    <value valueType="text">2</value>
  </variableValue>
  <variableValue variable="VALMISTE7">
    <value valueType="text"/>
  </variableValue>
  <variableValue variable="MUOTO7">
    <value valueType="text"/>
  </variableValue>
  <variableValue variable="ANNOSPV7">
    <value valueType="integer">-8339091267104573440</value>
  </variableValue>
  <variableValue variable="ANNOSVKO7">
    <value valueType="integer">8642060554489282560</value>
  </variableValue>
  <variableValue variable="KAYTTO7">
    <value valueType="text">2</value>
  </variableValue>
  <variableValue variable="VALMISTE8">
    <value valueType="text"/>
  </variableValue>
  <variableValue variable="MUOTO8">
    <value valueType="text"/>
  </variableValue>
  <variableValue variable="ANNOSPV8">
    <value valueType="integer">-2191096993675141120</value>
  </variableValue>
  <variableValue variable="ANNOSVKO8">
    <value valueType="integer">8048023509038497792</value>
  </variableValue>
  <variableValue variable="KAYTTO8">
    <value valueType="text">1</value>
  </variableValue>
  <variableValue variable="VALMISTE9">
    <value valueType="text"/>
  </variableValue>
  <variableValue variable="MUOTO9">
    <value valueType="text"/>
  </variableValue>
  <variableValue variable="ANNOSPV9">
    <value valueType="integer">-5452532837216567296</value>
  </variableValue>
  <variableValue variable="ANNOSVKO9">
    <value valueType="integer">-568102960431261696</value>
  </variableValue>
  <variableValue variable="KAYTTO9">
    <value valueType="text">1</value>
  </variableValue>
  <variableValue variable="VALMISTE10">
    <value valueType="text"/>
  </variableValue>
  <variableValue variable="MUOTO10">
    <value valueType="text"/>
  </variableValue>
  <variableValue variable="ANNOSPV10">
    <value valueType="integer">-8473595433938704384</value>
  </variableValue>
  <variableValue variable="ANNOSVKO10">
    <value valueType="integer">-3785904880616855552</value>
  </variableValue>
  <variableValue variable="KAYTTO10">
    <value valueType="text">2</value>
  </variableValue>
  <variableValue variable="VALMISTE11">
    <value valueType="text"/>
  </variableValue>
  <variableValue variable="MUOTO11">
    <value valueType="text"/>
  </variableValue>
  <variableValue variable="ANNOSPV11">
    <value valueType="integer">9101962744210053120</value>
  </variableValue>
  <variableValue variable="ANNOSVKO11">
    <value valueType="integer">6661933362976692224</value>
  </variableValue>
  <variableValue variable="KAYTTO11">
    <value valueType="text">1</value>
  </variableValue>
  <variableValue variable="VALMISTE12">
    <value valueType="text"/>
  </variableValue>
  <variableValue variable="MUOTO12">
    <value valueType="text"/>
  </variableValue>
  <variableValue variable="ANNOSPV12">
    <value valueType="integer">6854359281910339584</value>
  </variableValue>
  <variableValue variable="ANNOSVKO12">
    <value valueType="integer">635235349002985472</value>
  </variableValue>
  <variableValue variable="KAYTTO12">
    <value valueType="text">2</value>
  </variableValue>
  <variableValue variable="VALMISTE13">
    <value valueType="text"/>
  </variableValue>
  <variableValue variable="MUOTO13">
    <value valueType="text"/>
  </variableValue>
  <variableValue variable="ANNOSPV13">
    <value valueType="integer">9145852957775081472</value>
  </variableValue>
  <variableValue variable="ANNOSVKO13">
    <value valueType="integer">-3543358930490957824</value>
  </variableValue>
  <variableValue variable="KAYTTO13">
    <value valueType="text">1</value>
  </variableValue>
  <variableValue variable="VALMISTE14">
    <value valueType="text"/>
  </variableValue>
  <variableValue variable="MUOTO14">
    <value valueType="text"/>
  </variableValue>
  <variableValue variable="ANNOSPV14">
    <value valueType="integer">-8518103020557895680</value>
  </variableValue>
  <variableValue variable="ANNOSVKO14">
    <value valueType="integer">9106450745405628416</value>
  </variableValue>
  <variableValue variable="KAYTTO14">
    <value valueType="text">2</value>
  </variableValue>
</valueSet>