<valueSet valueTable="FNAC" entityType="Participant" entityIdentifier="8105708421945707467">
  <variableValue variable="SVUOSI">
    <value valueType="integer">1958</value>
  </variableValue>
  <variableValue variable="SUKUP">
    <value valueType="text">1</value>
  </variableValue>
  <variableValue variable="PITUUS">
    <value valueType="decimal">1.6807842372309825</value>
  </variableValue>
  <variableValue variable="PAINO">
    <value valueType="decimal">89.9421271335456</value>
  </variableValue>
  <variableValue variable="VYOTARO">
    <value valueType="decimal">106.4057038347913</value>
  </variableValue>
  <variableValue variable="LANTIO">
    <value valueType="decimal">86.64426428270512</value>
  </variableValue>
  <variableValue variable="DIAS1">
    <value valueType="decimal">62.84153768878946</value>
  </variableValue>
  <variableValue variable="DIAS2">
    <value valueType="decimal">72.32174135468868</value>
  </variableValue>
  <variableValue variable="DIAS3">
    <value valueType="decimal">106.72189271609172</value>
  </variableValue>
  <variableValue variable="SYS1">
    <value valueType="decimal">213.28120124375735</value>
  </variableValue>
  <variableValue variable="SYS2">
    <value valueType="decimal">180.97489962047268</value>
  </variableValue>
  <variableValue variable="SYS3">
    <value valueType="decimal">98.02089587068139</value>
  </variableValue>
  <variableValue variable="Q29">
    <value valueType="text">2</value>
  </variableValue>
  <variableValue variable="Q30">
    <value valueType="text">5</value>
  </variableValue>
  <variableValue variable="K34">
    <value valueType="text">1</value>
  </variableValue>
  <variableValue variable="Q38">
    <value valueType="text">3</value>
  </variableValue>
  <variableValue variable="Q17A">
    <value valueType="text">1</value>
  </variableValue>
  <variableValue variable="FR07_38">
    <value valueType="text">5</value>
  </variableValue>
  <variableValue variable="Q16A">
    <value valueType="text">2</value>
  </variableValue>
  <variableValue variable="Q15A">
    <value valueType="text">2</value>
  </variableValue>
  <variableValue variable="TUPI3">
    <value valueType="text">3</value>
  </variableValue>
  <variableValue variable="Q67">
    <value valueType="text">2</value>
  </variableValue>
  <variableValue variable="TUPI1">
    <value valueType="integer">9</value>
  </variableValue>
  <variableValue variable="FR07_13_laani">
    <value valueType="text">6</value>
  </variableValue>
  <variableValue variable="KOL">
    <value valueType="decimal">4.861322480100654</value>
  </variableValue>
  <variableValue variable="TRIG">
    <value valueType="decimal">2.3470804263306633</value>
  </variableValue>
  <variableValue variable="HDL">
    <value valueType="decimal">1.4615471069741026</value>
  </variableValue>
  <variableValue variable="sl_gluk_0h">
    <value valueType="decimal">6.171578243407349</value>
  </variableValue>
  <variableValue variable="Q128A">
    <value valueType="text">2</value>
  </variableValue>
  <variableValue variable="FR02_145B">
    <value valueType="integer">13</value>
  </variableValue>
  <variableValue variable="FR02_145E">
    <value valueType="integer">65</value>
  </variableValue>
  <variableValue variable="FR02_145F">
    <value valueType="integer">14</value>
  </variableValue>
  <variableValue variable="FR02_145D">
    <value valueType="integer">29</value>
  </variableValue>
  <variableValue variable="ALKI1">
    <value valueType="integer">1071</value>
  </variableValue>
  <variableValue variable="KY2">
    <value valueType="text">4</value>
  </variableValue>
  <variableValue variable="k13">
    <value valueType="integer">9</value>
  </variableValue>
  <variableValue variable="TULOT">
    <value valueType="text">8</value>
  </variableValue>
  <variableValue variable="FR02_3">
    <value valueType="text">4</value>
  </variableValue>
  <variableValue variable="KOULV">
    <value valueType="integer">6</value>
  </variableValue>
  <variableValue variable="FR07_11">
    <value valueType="text">5</value>
  </variableValue>
  <variableValue variable="Q56">
    <value valueType="text">2</value>
  </variableValue>
  <variableValue variable="Q57">
    <value valueType="text">3</value>
  </variableValue>
  <variableValue variable="Q58">
    <value valueType="text">5</value>
  </variableValue>
  <variableValue variable="FRO7_81">
    <value valueType="text">5</value>
  </variableValue>
  <variableValue variable="Q61">
    <value valueType="text">2</value>
  </variableValue>
  <variableValue variable="KY74">
    <value valueType="text">3</value>
  </variableValue>
  <variableValue variable="Q63">
    <value valueType="text">5</value>
  </variableValue>
  <variableValue variable="FR07_85_1">
    <value valueType="integer">75</value>
  </variableValue>
  <variableValue variable="FR07_85_2">
    <value valueType="integer">51</value>
  </variableValue>
  <variableValue variable="FR07_85_3">
    <value valueType="integer">55</value>
  </variableValue>
  <variableValue variable="FR07_85_4">
    <value valueType="integer">28</value>
  </variableValue>
  <variableValue variable="FR07_85_5">
    <value valueType="integer">82</value>
  </variableValue>
  <variableValue variable="FR07_85_6">
    <value valueType="integer">37</value>
  </variableValue>
  <variableValue variable="FR07_86_1T">
    <value valueType="integer">3</value>
  </variableValue>
  <variableValue variable="FR07_86_1M">
    <value valueType="integer">41</value>
  </variableValue>
  <variableValue variable="FR07_86_2T">
    <value valueType="integer">23</value>
  </variableValue>
  <variableValue variable="FR07_86_2M">
    <value valueType="integer">0</value>
  </variableValue>
  <variableValue variable="FR07_86_3T">
    <value valueType="integer">21</value>
  </variableValue>
  <variableValue variable="FR07_86_3M">
    <value valueType="integer">31</value>
  </variableValue>
  <variableValue variable="FR07_86_4T">
    <value valueType="integer">18</value>
  </variableValue>
  <variableValue variable="FR07_86_4M">
    <value valueType="integer">51</value>
  </variableValue>
  <variableValue variable="FR07_86_5T">
    <value valueType="integer">0</value>
  </variableValue>
  <variableValue variable="FR07_86_5M">
    <value valueType="integer">3</value>
  </variableValue>
  <variableValue variable="FR07_105_1">
    <value valueType="text">1</value>
  </variableValue>
  <variableValue variable="FR07_105_2">
    <value valueType="text">5</value>
  </variableValue>
  <variableValue variable="FR07_105_3">
    <value valueType="text">7</value>
  </variableValue>
  <variableValue variable="FR07_105_4">
    <value valueType="text">3</value>
  </variableValue>
  <variableValue variable="FR07_105_5">
    <value valueType="text">4</value>
  </variableValue>
  <variableValue variable="FR07_105_6">
    <value valueType="text">3</value>
  </variableValue>
  <variableValue variable="FR07_105_7">
    <value valueType="text">6</value>
  </variableValue>
  <variableValue variable="FR07_105_8">
    <value valueType="text">6</value>
  </variableValue>
  <variableValue variable="FR07_105_9">
    <value valueType="text">6</value>
  </variableValue>
  <variableValue variable="FR07_105_10">
    <value valueType="text">4</value>
  </variableValue>
  <variableValue variable="FR07_105_11">
    <value valueType="text">4</value>
  </variableValue>
  <variableValue variable="FR07_105_12">
    <value valueType="text">8</value>
  </variableValue>
  <variableValue variable="FR07_105_13">
    <value valueType="text">6</value>
  </variableValue>
  <variableValue variable="FR07_105_14">
    <value valueType="text">3</value>
  </variableValue>
  <variableValue variable="FR07_105_15">
    <value valueType="text">1</value>
  </variableValue>
  <variableValue variable="FR07_105_16">
    <value valueType="text">5</value>
  </variableValue>
  <variableValue variable="FR07_105_17">
    <value valueType="text">5</value>
  </variableValue>
  <variableValue variable="FR07_105_18">
    <value valueType="text">1</value>
  </variableValue>
  <variableValue variable="FR07_105_19">
    <value valueType="text">8</value>
  </variableValue>
  <variableValue variable="FR07_105_20">
    <value valueType="text">6</value>
  </variableValue>
  <variableValue variable="FR07_105_21">
    <value valueType="text">6</value>
  </variableValue>
  <variableValue variable="FR07_105_22">
    <value valueType="text">4</value>
  </variableValue>
  <variableValue variable="FR07_105_23">
    <value valueType="text">1</value>
  </variableValue>
  <variableValue variable="FR07_105_24">
    <value valueType="text">7</value>
  </variableValue>
  <variableValue variable="FR07_105_25">
    <value valueType="text">8</value>
  </variableValue>
  <variableValue variable="FR07_105_26">
    <value valueType="text">7</value>
  </variableValue>
  <variableValue variable="FR07_105_27">
    <value valueType="text">7</value>
  </variableValue>
  <variableValue variable="FR07_105_28">
    <value valueType="text">5</value>
  </variableValue>
  <variableValue variable="FR07_105_29">
    <value valueType="text">1</value>
  </variableValue>
  <variableValue variable="FR07_105_30">
    <value valueType="text">3</value>
  </variableValue>
  <variableValue variable="FR07_105_31">
    <value valueType="text">6</value>
  </variableValue>
  <variableValue variable="FR07_105_32">
    <value valueType="text">7</value>
  </variableValue>
  <variableValue variable="FR07_105_33">
    <value valueType="text">2</value>
  </variableValue>
  <variableValue variable="FR07_105_34">
    <value valueType="text">8</value>
  </variableValue>
  <variableValue variable="FR07_105_35">
    <value valueType="text">5</value>
  </variableValue>
  <variableValue variable="FR07_105_36">
    <value valueType="text">4</value>
  </variableValue>
  <variableValue variable="FR07_105_37">
    <value valueType="text">8</value>
  </variableValue>
  <variableValue variable="FR07_106_1">
    <value valueType="text">8</value>
  </variableValue>
  <variableValue variable="FR07_106_2">
    <value valueType="text">8</value>
  </variableValue>
  <variableValue variable="FR07_106_3">
    <value valueType="text">7</value>
  </variableValue>
  <variableValue variable="FR02_100A">
    <value valueType="text">2</value>
  </variableValue>
  <variableValue variable="FR02_100B">
    <value valueType="text">2</value>
  </variableValue>
  <variableValue variable="FR02_100C">
    <value valueType="text">1</value>
  </variableValue>
  <variableValue variable="FR02_100D">
    <value valueType="text">1</value>
  </variableValue>
  <variableValue variable="FR02_100E">
    <value valueType="text">1</value>
  </variableValue>
  <variableValue variable="FR02_100F">
    <value valueType="text">1</value>
  </variableValue>
  <variableValue variable="FR02_100G">
    <value valueType="text">1</value>
  </variableValue>
  <variableValue variable="FR07_108_9">
    <value valueType="text">1</value>
  </variableValue>
  <variableValue variable="FR02_100H">
    <value valueType="text">1</value>
  </variableValue>
  <variableValue variable="FR07_109_1P">
    <value valueType="integer">2</value>
  </variableValue>
  <variableValue variable="FR07_109_1V">
    <value valueType="integer">149</value>
  </variableValue>
  <variableValue variable="FR07_109_2P">
    <value valueType="integer">0</value>
  </variableValue>
  <variableValue variable="FR07_109_2V">
    <value valueType="integer">7</value>
  </variableValue>
  <variableValue variable="FR07_109_3P">
    <value valueType="integer">3</value>
  </variableValue>
  <variableValue variable="FR07_109_3V">
    <value valueType="integer">2</value>
  </variableValue>
  <variableValue variable="FR07_109_4P">
    <value valueType="integer">0</value>
  </variableValue>
  <variableValue variable="FR07_109_4V">
    <value valueType="integer">46</value>
  </variableValue>
  <variableValue variable="FR07_109_5P">
    <value valueType="integer">0</value>
  </variableValue>
  <variableValue variable="FR07_109_5V">
    <value valueType="integer">22</value>
  </variableValue>
  <variableValue variable="FR07_109_6P">
    <value valueType="integer">24</value>
  </variableValue>
  <variableValue variable="FR07_109_6V">
    <value valueType="integer">93</value>
  </variableValue>
  <variableValue variable="FR07_109_7P">
    <value valueType="integer">8</value>
  </variableValue>
  <variableValue variable="FR07_109_7V">
    <value valueType="integer">124</value>
  </variableValue>
  <variableValue variable="FR07_109_8P">
    <value valueType="integer">5</value>
  </variableValue>
  <variableValue variable="FR07_109_8V">
    <value valueType="integer">50</value>
  </variableValue>
  <variableValue variable="FR07_109_9P">
    <value valueType="integer">7</value>
  </variableValue>
  <variableValue variable="FR07_109_9V">
    <value valueType="integer">67</value>
  </variableValue>
  <variableValue variable="FR07_109_10P">
    <value valueType="integer">4</value>
  </variableValue>
  <variableValue variable="FR07_109_10V">
    <value valueType="integer">11</value>
  </variableValue>
  <variableValue variable="FR07_109_11P">
    <value valueType="integer">4</value>
  </variableValue>
  <variableValue variable="FR07_109_11V">
    <value valueType="integer">21</value>
  </variableValue>
  <variableValue variable="FR07_109_12P">
    <value valueType="integer">7</value>
  </variableValue>
  <variableValue variable="FR07_109_12V">
    <value valueType="integer">33</value>
  </variableValue>
  <variableValue variable="FR07_109_13P">
    <value valueType="integer">1</value>
  </variableValue>
  <variableValue variable="FR07_109_13V">
    <value valueType="integer">45</value>
  </variableValue>
  <variableValue variable="FR07_109_14P">
    <value valueType="integer">6</value>
  </variableValue>
  <variableValue variable="FR07_109_14V">
    <value valueType="integer">60</value>
  </variableValue>
  <variableValue variable="FR07_109_15P">
    <value valueType="integer">15</value>
  </variableValue>
  <variableValue variable="FR07_109_15V">
    <value valueType="integer">39</value>
  </variableValue>
  <variableValue variable="KY97">
    <value valueType="text">0</value>
  </variableValue>
  <variableValue variable="FR02_112">
    <value valueType="text">5</value>
  </variableValue>
  <variableValue variable="FR07_112">
    <value valueType="text">6</value>
  </variableValue>
  <variableValue variable="FR07_113">
    <value valueType="text">6</value>
  </variableValue>
  <variableValue variable="FR02_114">
    <value valueType="text">2</value>
  </variableValue>
  <variableValue variable="ANNOSPV1">
    <value valueType="integer">-6313555760297629696</value>
  </variableValue>
  <variableValue variable="ANNOSVKO1">
    <value valueType="integer">-2710988449165559808</value>
  </variableValue>
  <variableValue variable="KAYTTO1">
    <value valueType="text">1</value>
  </variableValue>
  <variableValue variable="ANNOSPV2">
    <value valueType="integer">2280005033776150528</value>
  </variableValue>
  <variableValue variable="ANNOSVKO2">
    <value valueType="integer">5158735223969843200</value>
  </variableValue>
  <variableValue variable="KAYTTO2">
    <value valueType="text">2</value>
  </variableValue>
  <variableValue variable="ANNOSPV3">
    <value valueType="integer">6191337984130484224</value>
  </variableValue>
  <variableValue variable="ANNOSVKO3">
    <value valueType="integer">-930069760363147264</value>
  </variableValue>
  <variableValue variable="KAYTTO3">
    <value valueType="text">1</value>
  </variableValue>
  <variableValue variable="ANNOSPV4">
    <value valueType="integer">4431949678324695040</value>
  </variableValue>
  <variableValue variable="ANNOSVKO4">
    <value valueType="integer">-6623988725868515328</value>
  </variableValue>
  <variableValue variable="KAYTTO4">
    <value valueType="text">2</value>
  </variableValue>
  <variableValue variable="ANNOSPV5">
    <value valueType="integer">-5746961032582785024</value>
  </variableValue>
  <variableValue variable="ANNOSVKO5">
    <value valueType="integer">3057051151314495488</value>
  </variableValue>
  <variableValue variable="KAYTTO5">
    <value valueType="text">2</value>
  </variableValue>
  <variableValue variable="ANNOSPV6">
    <value valueType="integer">3358119951304845312</value>
  </variableValue>
  <variableValue variable="ANNOSVKO6">
    <value valueType="integer">-1330301713888290816</value>
  </variableValue>
  <variableValue variable="KAYTTO6">
    <value valueType="text">2</value>
  </variableValue>
  <variableValue variable="ANNOSPV7">
    <value valueType="integer">2727985862706475008</value>
  </variableValue>
  <variableValue variable="ANNOSVKO7">
    <value valueType="integer">-2071368271525060608</value>
  </variableValue>
  <variableValue variable="KAYTTO7">
    <value valueType="text">2</value>
  </variableValue>
  <variableValue variable="ANNOSPV8">
    <value valueType="integer">2945884739901188096</value>
  </variableValue>
  <variableValue variable="ANNOSVKO8">
    <value valueType="integer">6851091143164821504</value>
  </variableValue>
  <variableValue variable="KAYTTO8">
    <value valueType="text">1</value>
  </variableValue>
  <variableValue variable="ANNOSPV9">
    <value valueType="integer">-3330003974854211584</value>
  </variableValue>
  <variableValue variable="ANNOSVKO9">
    <value valueType="integer">-4357966709400528896</value>
  </variableValue>
  <variableValue variable="KAYTTO9">
    <value valueType="text">2</value>
  </variableValue>
  <variableValue variable="ANNOSPV10">
    <value valueType="integer">-9222374987381008384</value>
  </variableValue>
  <variableValue variable="ANNOSVKO10">
    <value valueType="integer">-7318520063812360192</value>
  </variableValue>
  <variableValue variable="KAYTTO10">
    <value valueType="text">2</value>
  </variableValue>
  <variableValue variable="ANNOSPV11">
    <value valueType="integer">-2168503004827633664</value>
  </variableValue>
  <variableValue variable="ANNOSVKO11">
    <value valueType="integer">3483756656879364096</value>
  </variableValue>
  <variableValue variable="KAYTTO11">
    <value valueType="text">1</value>
  </variableValue>
  <variableValue variable="ANNOSPV12">
    <value valueType="integer">7861106074014914560</value>
  </variableValue>
  <variableValue variable="ANNOSVKO12">
    <value valueType="integer">6726654737904809984</value>
  </variableValue>
  <variableValue variable="KAYTTO12">
    <value valueType="text">1</value>
  </variableValue>
  <variableValue variable="ANNOSPV13">
    <value valueType="integer">1708626579432636416</value>
  </variableValue>
  <variableValue variable="ANNOSVKO13">
    <value valueType="integer">-8674735631881496576</value>
  </variableValue>
  <variableValue variable="KAYTTO13">
    <value valueType="text">1</value>
  </variableValue>
  <variableValue variable="ANNOSPV14">
    <value valueType="integer">-2987612232225171456</value>
  </variableValue>
  <variableValue variable="ANNOSVKO14">
    <value valueType="integer">-620524204500590592</value>
  </variableValue>
  <variableValue variable="KAYTTO14">
    <value valueType="text">2</value>
  </variableValue>
</valueSet>