<valueSet valueTable="FNAC" entityType="Participant" entityIdentifier="1781913567565216505">
  <variableValue variable="SVUOSI">
    <value valueType="integer">1941</value>
  </variableValue>
  <variableValue variable="SUKUP">
    <value valueType="text">2</value>
  </variableValue>
  <variableValue variable="PITUUS">
    <value valueType="decimal">1.5751731717382</value>
  </variableValue>
  <variableValue variable="PAINO">
    <value valueType="decimal">86.60513230882566</value>
  </variableValue>
  <variableValue variable="VYOTARO">
    <value valueType="decimal">97.50752449340143</value>
  </variableValue>
  <variableValue variable="LANTIO">
    <value valueType="decimal">95.64579293478602</value>
  </variableValue>
  <variableValue variable="DIAS1">
    <value valueType="decimal">88.27420300915279</value>
  </variableValue>
  <variableValue variable="DIAS2">
    <value valueType="decimal">113.11644770422699</value>
  </variableValue>
  <variableValue variable="DIAS3">
    <value valueType="decimal">125.29220387258019</value>
  </variableValue>
  <variableValue variable="SYS1">
    <value valueType="decimal">195.49712524384512</value>
  </variableValue>
  <variableValue variable="SYS2">
    <value valueType="decimal">122.65820549865981</value>
  </variableValue>
  <variableValue variable="SYS3">
    <value valueType="decimal">95.422352060935</value>
  </variableValue>
  <variableValue variable="Q29">
    <value valueType="text">2</value>
  </variableValue>
  <variableValue variable="FR07_36">
    <value valueType="text"/>
  </variableValue>
  <variableValue variable="Q30">
    <value valueType="text">2</value>
  </variableValue>
  <variableValue variable="K34">
    <value valueType="text">2</value>
  </variableValue>
  <variableValue variable="FR07_30L">
    <value valueType="text"/>
  </variableValue>
  <variableValue variable="Q38">
    <value valueType="text">3</value>
  </variableValue>
  <variableValue variable="Q17A">
    <value valueType="text">2</value>
  </variableValue>
  <variableValue variable="FR07_38">
    <value valueType="text">2</value>
  </variableValue>
  <variableValue variable="Q16A">
    <value valueType="text">2</value>
  </variableValue>
  <variableValue variable="Q15A">
    <value valueType="text">1</value>
  </variableValue>
  <variableValue variable="TUPI3">
    <value valueType="text">2</value>
  </variableValue>
  <variableValue variable="Q67">
    <value valueType="text">2</value>
  </variableValue>
  <variableValue variable="TUPI1">
    <value valueType="integer">58</value>
  </variableValue>
  <variableValue variable="FR07_13_laani">
    <value valueType="text">4</value>
  </variableValue>
  <variableValue variable="KOL">
    <value valueType="decimal">5.704139659015969</value>
  </variableValue>
  <variableValue variable="TRIG">
    <value valueType="decimal">2.0217026544594168</value>
  </variableValue>
  <variableValue variable="HDL">
    <value valueType="decimal">1.6971524241702318</value>
  </variableValue>
  <variableValue variable="sl_gluk_0h">
    <value valueType="decimal">5.8415669771133025</value>
  </variableValue>
  <variableValue variable="Q128A">
    <value valueType="text">2</value>
  </variableValue>
  <variableValue variable="FR02_145B">
    <value valueType="integer">24</value>
  </variableValue>
  <variableValue variable="FR02_145E">
    <value valueType="integer">87</value>
  </variableValue>
  <variableValue variable="FR02_145F">
    <value valueType="integer">70</value>
  </variableValue>
  <variableValue variable="FR02_145D">
    <value valueType="integer">33</value>
  </variableValue>
  <variableValue variable="ALKI1">
    <value valueType="integer">815</value>
  </variableValue>
  <variableValue variable="KY2">
    <value valueType="text">5</value>
  </variableValue>
  <variableValue variable="k13">
    <value valueType="integer">7</value>
  </variableValue>
  <variableValue variable="TULOT">
    <value valueType="text">2</value>
  </variableValue>
  <variableValue variable="FR02_3">
    <value valueType="text">1</value>
  </variableValue>
  <variableValue variable="KOULV">
    <value valueType="integer">43</value>
  </variableValue>
  <variableValue variable="FR07_11">
    <value valueType="text">5</value>
  </variableValue>
  <variableValue variable="FR07_10">
    <value valueType="text"/>
  </variableValue>
  <variableValue variable="Q56">
    <value valueType="text">1</value>
  </variableValue>
  <variableValue variable="Q57">
    <value valueType="text">1</value>
  </variableValue>
  <variableValue variable="Q58">
    <value valueType="text">2</value>
  </variableValue>
  <variableValue variable="FRO7_81">
    <value valueType="text">1</value>
  </variableValue>
  <variableValue variable="Q61">
    <value valueType="text">2</value>
  </variableValue>
  <variableValue variable="KY74">
    <value valueType="text">5</value>
  </variableValue>
  <variableValue variable="Q63">
    <value valueType="text">5</value>
  </variableValue>
  <variableValue variable="FR07_85_1">
    <value valueType="integer">94</value>
  </variableValue>
  <variableValue variable="FR07_85_2">
    <value valueType="integer">23</value>
  </variableValue>
  <variableValue variable="FR07_85_3">
    <value valueType="integer">74</value>
  </variableValue>
  <variableValue variable="FR07_85_4">
    <value valueType="integer">98</value>
  </variableValue>
  <variableValue variable="FR07_85_5">
    <value valueType="integer">8</value>
  </variableValue>
  <variableValue variable="FR07_85_6">
    <value valueType="integer">4</value>
  </variableValue>
  <variableValue variable="FR07_86_1T">
    <value valueType="integer">11</value>
  </variableValue>
  <variableValue variable="FR07_86_1M">
    <value valueType="integer">29</value>
  </variableValue>
  <variableValue variable="FR07_86_2T">
    <value valueType="integer">8</value>
  </variableValue>
  <variableValue variable="FR07_86_2M">
    <value valueType="integer">22</value>
  </variableValue>
  <variableValue variable="FR07_86_3T">
    <value valueType="integer">13</value>
  </variableValue>
  <variableValue variable="FR07_86_3M">
    <value valueType="integer">47</value>
  </variableValue>
  <variableValue variable="FR07_86_4T">
    <value valueType="integer">9</value>
  </variableValue>
  <variableValue variable="FR07_86_4M">
    <value valueType="integer">22</value>
  </variableValue>
  <variableValue variable="FR07_86_5T">
    <value valueType="integer">0</value>
  </variableValue>
  <variableValue variable="FR07_86_5M">
    <value valueType="integer">28</value>
  </variableValue>
  <variableValue variable="FR07_105_1">
    <value valueType="text">4</value>
  </variableValue>
  <variableValue variable="FR07_105_2">
    <value valueType="text">2</value>
  </variableValue>
  <variableValue variable="FR07_105_3">
    <value valueType="text">2</value>
  </variableValue>
  <variableValue variable="FR07_105_4">
    <value valueType="text">5</value>
  </variableValue>
  <variableValue variable="FR07_105_5">
    <value valueType="text">7</value>
  </variableValue>
  <variableValue variable="FR07_105_6">
    <value valueType="text">5</value>
  </variableValue>
  <variableValue variable="FR07_105_7">
    <value valueType="text">5</value>
  </variableValue>
  <variableValue variable="FR07_105_8">
    <value valueType="text">3</value>
  </variableValue>
  <variableValue variable="FR07_105_9">
    <value valueType="text">1</value>
  </variableValue>
  <variableValue variable="FR07_105_10">
    <value valueType="text">7</value>
  </variableValue>
  <variableValue variable="FR07_105_11">
    <value valueType="text">3</value>
  </variableValue>
  <variableValue variable="FR07_105_12">
    <value valueType="text">4</value>
  </variableValue>
  <variableValue variable="FR07_105_13">
    <value valueType="text">2</value>
  </variableValue>
  <variableValue variable="FR07_105_14">
    <value valueType="text">5</value>
  </variableValue>
  <variableValue variable="FR07_105_15">
    <value valueType="text">6</value>
  </variableValue>
  <variableValue variable="FR07_105_16">
    <value valueType="text">4</value>
  </variableValue>
  <variableValue variable="FR07_105_17">
    <value valueType="text">4</value>
  </variableValue>
  <variableValue variable="FR07_105_18">
    <value valueType="text">1</value>
  </variableValue>
  <variableValue variable="FR07_105_19">
    <value valueType="text">5</value>
  </variableValue>
  <variableValue variable="FR07_105_20">
    <value valueType="text">6</value>
  </variableValue>
  <variableValue variable="FR07_105_21">
    <value valueType="text">5</value>
  </variableValue>
  <variableValue variable="FR07_105_22">
    <value valueType="text">3</value>
  </variableValue>
  <variableValue variable="FR07_105_23">
    <value valueType="text">2</value>
  </variableValue>
  <variableValue variable="FR07_105_24">
    <value valueType="text">5</value>
  </variableValue>
  <variableValue variable="FR07_105_25">
    <value valueType="text">4</value>
  </variableValue>
  <variableValue variable="FR07_105_26">
    <value valueType="text">4</value>
  </variableValue>
  <variableValue variable="FR07_105_27">
    <value valueType="text">5</value>
  </variableValue>
  <variableValue variable="FR07_105_28">
    <value valueType="text">2</value>
  </variableValue>
  <variableValue variable="FR07_105_29">
    <value valueType="text">5</value>
  </variableValue>
  <variableValue variable="FR07_105_30">
    <value valueType="text">2</value>
  </variableValue>
  <variableValue variable="FR07_105_31">
    <value valueType="text">5</value>
  </variableValue>
  <variableValue variable="FR07_105_32">
    <value valueType="text">8</value>
  </variableValue>
  <variableValue variable="FR07_105_33">
    <value valueType="text">4</value>
  </variableValue>
  <variableValue variable="FR07_105_34">
    <value valueType="text">7</value>
  </variableValue>
  <variableValue variable="FR07_105_35">
    <value valueType="text">3</value>
  </variableValue>
  <variableValue variable="FR07_105_36">
    <value valueType="text">2</value>
  </variableValue>
  <variableValue variable="FR07_105_37">
    <value valueType="text">5</value>
  </variableValue>
  <variableValue variable="FR07_106_1">
    <value valueType="text">6</value>
  </variableValue>
  <variableValue variable="FR07_106_2">
    <value valueType="text">3</value>
  </variableValue>
  <variableValue variable="FR07_106_3">
    <value valueType="text">6</value>
  </variableValue>
  <variableValue variable="FR02_100A">
    <value valueType="text">1</value>
  </variableValue>
  <variableValue variable="FR02_100B">
    <value valueType="text">1</value>
  </variableValue>
  <variableValue variable="FR02_100C">
    <value valueType="text">2</value>
  </variableValue>
  <variableValue variable="FR02_100C2">
    <value valueType="text"/>
  </variableValue>
  <variableValue variable="FR02_100D">
    <value valueType="text">2</value>
  </variableValue>
  <variableValue variable="FR02_100E">
    <value valueType="text">2</value>
  </variableValue>
  <variableValue variable="FR02_100F">
    <value valueType="text">1</value>
  </variableValue>
  <variableValue variable="FR02_100G">
    <value valueType="text">1</value>
  </variableValue>
  <variableValue variable="FR07_108_9">
    <value valueType="text">1</value>
  </variableValue>
  <variableValue variable="FR02_100H">
    <value valueType="text">2</value>
  </variableValue>
  <variableValue variable="FR02_100H2">
    <value valueType="text"/>
  </variableValue>
  <variableValue variable="FR07_109_1P">
    <value valueType="integer">8</value>
  </variableValue>
  <variableValue variable="FR07_109_1V">
    <value valueType="integer">170</value>
  </variableValue>
  <variableValue variable="FR07_109_2P">
    <value valueType="integer">11</value>
  </variableValue>
  <variableValue variable="FR07_109_2V">
    <value valueType="integer">49</value>
  </variableValue>
  <variableValue variable="FR07_109_3P">
    <value valueType="integer">3</value>
  </variableValue>
  <variableValue variable="FR07_109_3V">
    <value valueType="integer">21</value>
  </variableValue>
  <variableValue variable="FR07_109_4P">
    <value valueType="integer">9</value>
  </variableValue>
  <variableValue variable="FR07_109_4V">
    <value valueType="integer">64</value>
  </variableValue>
  <variableValue variable="FR07_109_5P">
    <value valueType="integer">12</value>
  </variableValue>
  <variableValue variable="FR07_109_5V">
    <value valueType="integer">113</value>
  </variableValue>
  <variableValue variable="FR07_109_6P">
    <value valueType="integer">23</value>
  </variableValue>
  <variableValue variable="FR07_109_6V">
    <value valueType="integer">75</value>
  </variableValue>
  <variableValue variable="FR07_109_7P">
    <value valueType="integer">4</value>
  </variableValue>
  <variableValue variable="FR07_109_7V">
    <value valueType="integer">41</value>
  </variableValue>
  <variableValue variable="FR07_109_8P">
    <value valueType="integer">11</value>
  </variableValue>
  <variableValue variable="FR07_109_8V">
    <value valueType="integer">88</value>
  </variableValue>
  <variableValue variable="FR07_109_9P">
    <value valueType="integer">7</value>
  </variableValue>
  <variableValue variable="FR07_109_9V">
    <value valueType="integer">48</value>
  </variableValue>
  <variableValue variable="FR07_109_10P">
    <value valueType="integer">1</value>
  </variableValue>
  <variableValue variable="FR07_109_10V">
    <value valueType="integer">40</value>
  </variableValue>
  <variableValue variable="FR07_109_11P">
    <value valueType="integer">8</value>
  </variableValue>
  <variableValue variable="FR07_109_11V">
    <value valueType="integer">4</value>
  </variableValue>
  <variableValue variable="FR07_109_12P">
    <value valueType="integer">2</value>
  </variableValue>
  <variableValue variable="FR07_109_12V">
    <value valueType="integer">3</value>
  </variableValue>
  <variableValue variable="FR07_109_13P">
    <value valueType="integer">4</value>
  </variableValue>
  <variableValue variable="FR07_109_13V">
    <value valueType="integer">53</value>
  </variableValue>
  <variableValue variable="FR07_109_14P">
    <value valueType="integer">7</value>
  </variableValue>
  <variableValue variable="FR07_109_14V">
    <value valueType="integer">3</value>
  </variableValue>
  <variableValue variable="FR07_109_15P">
    <value valueType="integer">0</value>
  </variableValue>
  <variableValue variable="FR07_109_15V">
    <value valueType="integer">34</value>
  </variableValue>
  <variableValue variable="KY97">
    <value valueType="text">0</value>
  </variableValue>
  <variableValue variable="FR02_112">
    <value valueType="text">3</value>
  </variableValue>
  <variableValue variable="FR07_112">
    <value valueType="text">5</value>
  </variableValue>
  <variableValue variable="FR07_113">
    <value valueType="text">6</value>
  </variableValue>
  <variableValue variable="FR02_114">
    <value valueType="text">2</value>
  </variableValue>
  <variableValue variable="VALMISTE1">
    <value valueType="text"/>
  </variableValue>
  <variableValue variable="MUOTO1">
    <value valueType="text"/>
  </variableValue>
  <variableValue variable="ANNOSPV1">
    <value valueType="integer">8647793360459896832</value>
  </variableValue>
  <variableValue variable="ANNOSVKO1">
    <value valueType="integer">6870876539704580096</value>
  </variableValue>
  <variableValue variable="KAYTTO1">
    <value valueType="text">1</value>
  </variableValue>
  <variableValue variable="VALMISTE2">
    <value valueType="text"/>
  </variableValue>
  <variableValue variable="MUOTO2">
    <value valueType="text"/>
  </variableValue>
  <variableValue variable="ANNOSPV2">
    <value valueType="integer">-3129886104188909568</value>
  </variableValue>
  <variableValue variable="ANNOSVKO2">
    <value valueType="integer">-8747205195770558464</value>
  </variableValue>
  <variableValue variable="KAYTTO2">
    <value valueType="text">2</value>
  </variableValue>
  <variableValue variable="VALMISTE3">
    <value valueType="text"/>
  </variableValue>
  <variableValue variable="MUOTO3">
    <value valueType="text"/>
  </variableValue>
  <variableValue variable="ANNOSPV3">
    <value valueType="integer">5679647173239341056</value>
  </variableValue>
  <variableValue variable="ANNOSVKO3">
    <value valueType="integer">8250772816486543360</value>
  </variableValue>
  <variableValue variable="KAYTTO3">
    <value valueType="text">2</value>
  </variableValue>
  <variableValue variable="VALMISTE4">
    <value valueType="text"/>
  </variableValue>
  <variableValue variable="MUOTO4">
    <value valueType="text"/>
  </variableValue>
  <variableValue variable="ANNOSPV4">
    <value valueType="integer">-4847492723986024448</value>
  </variableValue>
  <variableValue variable="ANNOSVKO4">
    <value valueType="integer">2832783562339334144</value>
  </variableValue>
  <variableValue variable="KAYTTO4">
    <value valueType="text">2</value>
  </variableValue>
  <variableValue variable="VALMISTE5">
    <value valueType="text"/>
  </variableValue>
  <variableValue variable="MUOTO5">
    <value valueType="text"/>
  </variableValue>
  <variableValue variable="ANNOSPV5">
    <value valueType="integer">3100524371479625728</value>
  </variableValue>
  <variableValue variable="ANNOSVKO5">
    <value valueType="integer">5814722003781017600</value>
  </variableValue>
  <variableValue variable="KAYTTO5">
    <value valueType="text">1</value>
  </variableValue>
  <variableValue variable="VALMISTE6">
    <value valueType="text"/>
  </variableValue>
  <variableValue variable="MUOTO6">
    <value valueType="text"/>
  </variableValue>
  <variableValue variable="ANNOSPV6">
    <value valueType="integer">-2626597563250941952</value>
  </variableValue>
  <variableValue variable="ANNOSVKO6">
    <value valueType="integer">-6629570772308639744</value>
  </variableValue>
  <variableValue variable="KAYTTO6">
    <value valueType="text">2</value>
  </variableValue>
  <variableValue variable="VALMISTE7">
    <value valueType="text"/>
  </variableValue>
  <variableValue variable="MUOTO7">
    <value valueType="text"/>
  </variableValue>
  <variableValue variable="ANNOSPV7">
    <value valueType="integer">6388580530253379584</value>
  </variableValue>
  <variableValue variable="ANNOSVKO7">
    <value valueType="integer">3910959768272519168</value>
  </variableValue>
  <variableValue variable="KAYTTO7">
    <value valueType="text">2</value>
  </variableValue>
  <variableValue variable="VALMISTE8">
    <value valueType="text"/>
  </variableValue>
  <variableValue variable="MUOTO8">
    <value valueType="text"/>
  </variableValue>
  <variableValue variable="ANNOSPV8">
    <value valueType="integer">6619657703005382656</value>
  </variableValue>
  <variableValue variable="ANNOSVKO8">
    <value valueType="integer">-1303270491677192192</value>
  </variableValue>
  <variableValue variable="KAYTTO8">
    <value valueType="text">1</value>
  </variableValue>
  <variableValue variable="VALMISTE9">
    <value valueType="text"/>
  </variableValue>
  <variableValue variable="MUOTO9">
    <value valueType="text"/>
  </variableValue>
  <variableValue variable="ANNOSPV9">
    <value valueType="integer">7428705786269800448</value>
  </variableValue>
  <variableValue variable="ANNOSVKO9">
    <value valueType="integer">8927539015392323584</value>
  </variableValue>
  <variableValue variable="KAYTTO9">
    <value valueType="text">2</value>
  </variableValue>
  <variableValue variable="VALMISTE10">
    <value valueType="text"/>
  </variableValue>
  <variableValue variable="MUOTO10">
    <value valueType="text"/>
  </variableValue>
  <variableValue variable="ANNOSPV10">
    <value valueType="integer">-7328548939745222656</value>
  </variableValue>
  <variableValue variable="ANNOSVKO10">
    <value valueType="integer">-1196467643461353472</value>
  </variableValue>
  <variableValue variable="KAYTTO10">
    <value valueType="text">1</value>
  </variableValue>
  <variableValue variable="VALMISTE11">
    <value valueType="text"/>
  </variableValue>
  <variableValue variable="MUOTO11">
    <value valueType="text"/>
  </variableValue>
  <variableValue variable="ANNOSPV11">
    <value valueType="integer">2578795177882032128</value>
  </variableValue>
  <variableValue variable="ANNOSVKO11">
    <value valueType="integer">6058602165956530176</value>
  </variableValue>
  <variableValue variable="KAYTTO11">
    <value valueType="text">2</value>
  </variableValue>
  <variableValue variable="VALMISTE12">
    <value valueType="text"/>
  </variableValue>
  <variableValue variable="MUOTO12">
    <value valueType="text"/>
  </variableValue>
  <variableValue variable="ANNOSPV12">
    <value valueType="integer">3664348519405082624</value>
  </variableValue>
  <variableValue variable="ANNOSVKO12">
    <value valueType="integer">-8973091606490556416</value>
  </variableValue>
  <variableValue variable="KAYTTO12">
    <value valueType="text">2</value>
  </variableValue>
  <variableValue variable="VALMISTE13">
    <value valueType="text"/>
  </variableValue>
  <variableValue variable="MUOTO13">
    <value valueType="text"/>
  </variableValue>
  <variableValue variable="ANNOSPV13">
    <value valueType="integer">5878063654162833408</value>
  </variableValue>
  <variableValue variable="ANNOSVKO13">
    <value valueType="integer">8328986723324788736</value>
  </variableValue>
  <variableValue variable="KAYTTO13">
    <value valueType="text">2</value>
  </variableValue>
  <variableValue variable="VALMISTE14">
    <value valueType="text"/>
  </variableValue>
  <variableValue variable="MUOTO14">
    <value valueType="text"/>
  </variableValue>
  <variableValue variable="ANNOSPV14">
    <value valueType="integer">7819242286981427200</value>
  </variableValue>
  <variableValue variable="ANNOSVKO14">
    <value valueType="integer">-3118602252850927616</value>
  </variableValue>
  <variableValue variable="KAYTTO14">
    <value valueType="text">1</value>
  </variableValue>
</valueSet>