<valueSet valueTable="FNAC" entityType="Participant" entityIdentifier="4398534317992787800">
  <variableValue variable="SVUOSI">
    <value valueType="integer">1971</value>
  </variableValue>
  <variableValue variable="SUKUP">
    <value valueType="text">2</value>
  </variableValue>
  <variableValue variable="PITUUS">
    <value valueType="decimal">1.5907993132418419</value>
  </variableValue>
  <variableValue variable="PAINO">
    <value valueType="decimal">63.48900500896348</value>
  </variableValue>
  <variableValue variable="VYOTARO">
    <value valueType="decimal">112.32675936293407</value>
  </variableValue>
  <variableValue variable="LANTIO">
    <value valueType="decimal">98.60336391217339</value>
  </variableValue>
  <variableValue variable="DIAS1">
    <value valueType="decimal">76.004983665298</value>
  </variableValue>
  <variableValue variable="DIAS2">
    <value valueType="decimal">110.86329079239219</value>
  </variableValue>
  <variableValue variable="DIAS3">
    <value valueType="decimal">49.24531463131372</value>
  </variableValue>
  <variableValue variable="SYS1">
    <value valueType="decimal">228.52316997261624</value>
  </variableValue>
  <variableValue variable="SYS2">
    <value valueType="decimal">169.2036562785567</value>
  </variableValue>
  <variableValue variable="SYS3">
    <value valueType="decimal">130.10608102541772</value>
  </variableValue>
  <variableValue variable="Q29">
    <value valueType="text">1</value>
  </variableValue>
  <variableValue variable="Q30">
    <value valueType="text">4</value>
  </variableValue>
  <variableValue variable="K34">
    <value valueType="text">1</value>
  </variableValue>
  <variableValue variable="Q38">
    <value valueType="text">1</value>
  </variableValue>
  <variableValue variable="Q17A">
    <value valueType="text">2</value>
  </variableValue>
  <variableValue variable="FR07_38">
    <value valueType="text">2</value>
  </variableValue>
  <variableValue variable="Q16A">
    <value valueType="text">1</value>
  </variableValue>
  <variableValue variable="Q15A">
    <value valueType="text">1</value>
  </variableValue>
  <variableValue variable="TUPI3">
    <value valueType="text">1</value>
  </variableValue>
  <variableValue variable="Q67">
    <value valueType="text">1</value>
  </variableValue>
  <variableValue variable="TUPI1">
    <value valueType="integer">43</value>
  </variableValue>
  <variableValue variable="FR07_13_laani">
    <value valueType="text">1</value>
  </variableValue>
  <variableValue variable="KOL">
    <value valueType="decimal">4.342520356859473</value>
  </variableValue>
  <variableValue variable="TRIG">
    <value valueType="decimal">2.3343354594002648</value>
  </variableValue>
  <variableValue variable="HDL">
    <value valueType="decimal">1.0571073753745588</value>
  </variableValue>
  <variableValue variable="sl_gluk_0h">
    <value valueType="decimal">5.525995571122035</value>
  </variableValue>
  <variableValue variable="Q128A">
    <value valueType="text">4</value>
  </variableValue>
  <variableValue variable="FR02_145B">
    <value valueType="integer">8</value>
  </variableValue>
  <variableValue variable="FR02_145E">
    <value valueType="integer">0</value>
  </variableValue>
  <variableValue variable="FR02_145F">
    <value valueType="integer">7</value>
  </variableValue>
  <variableValue variable="FR02_145D">
    <value valueType="integer">1</value>
  </variableValue>
  <variableValue variable="ALKI1">
    <value valueType="integer">1130</value>
  </variableValue>
  <variableValue variable="KY2">
    <value valueType="text">4</value>
  </variableValue>
  <variableValue variable="k13">
    <value valueType="integer">3</value>
  </variableValue>
  <variableValue variable="TULOT">
    <value valueType="text">7</value>
  </variableValue>
  <variableValue variable="FR02_3">
    <value valueType="text">1</value>
  </variableValue>
  <variableValue variable="KOULV">
    <value valueType="integer">40</value>
  </variableValue>
  <variableValue variable="FR07_11">
    <value valueType="text">10</value>
  </variableValue>
  <variableValue variable="Q56">
    <value valueType="text">1</value>
  </variableValue>
  <variableValue variable="Q57">
    <value valueType="text">1</value>
  </variableValue>
  <variableValue variable="Q58">
    <value valueType="text">5</value>
  </variableValue>
  <variableValue variable="FRO7_81">
    <value valueType="text">4</value>
  </variableValue>
  <variableValue variable="Q61">
    <value valueType="text">0</value>
  </variableValue>
  <variableValue variable="KY74">
    <value valueType="text">1</value>
  </variableValue>
  <variableValue variable="Q63">
    <value valueType="text">3</value>
  </variableValue>
  <variableValue variable="FR07_85_1">
    <value valueType="integer">56</value>
  </variableValue>
  <variableValue variable="FR07_85_2">
    <value valueType="integer">65</value>
  </variableValue>
  <variableValue variable="FR07_85_3">
    <value valueType="integer">22</value>
  </variableValue>
  <variableValue variable="FR07_85_4">
    <value valueType="integer">45</value>
  </variableValue>
  <variableValue variable="FR07_85_5">
    <value valueType="integer">81</value>
  </variableValue>
  <variableValue variable="FR07_85_6">
    <value valueType="integer">47</value>
  </variableValue>
  <variableValue variable="FR07_86_1T">
    <value valueType="integer">7</value>
  </variableValue>
  <variableValue variable="FR07_86_1M">
    <value valueType="integer">18</value>
  </variableValue>
  <variableValue variable="FR07_86_2T">
    <value valueType="integer">9</value>
  </variableValue>
  <variableValue variable="FR07_86_2M">
    <value valueType="integer">45</value>
  </variableValue>
  <variableValue variable="FR07_86_3T">
    <value valueType="integer">24</value>
  </variableValue>
  <variableValue variable="FR07_86_3M">
    <value valueType="integer">3</value>
  </variableValue>
  <variableValue variable="FR07_86_4T">
    <value valueType="integer">24</value>
  </variableValue>
  <variableValue variable="FR07_86_4M">
    <value valueType="integer">32</value>
  </variableValue>
  <variableValue variable="FR07_86_5T">
    <value valueType="integer">8</value>
  </variableValue>
  <variableValue variable="FR07_86_5M">
    <value valueType="integer">22</value>
  </variableValue>
  <variableValue variable="FR07_105_1">
    <value valueType="text">1</value>
  </variableValue>
  <variableValue variable="FR07_105_2">
    <value valueType="text">6</value>
  </variableValue>
  <variableValue variable="FR07_105_3">
    <value valueType="text">7</value>
  </variableValue>
  <variableValue variable="FR07_105_4">
    <value valueType="text">3</value>
  </variableValue>
  <variableValue variable="FR07_105_5">
    <value valueType="text">4</value>
  </variableValue>
  <variableValue variable="FR07_105_6">
    <value valueType="text">4</value>
  </variableValue>
  <variableValue variable="FR07_105_7">
    <value valueType="text">6</value>
  </variableValue>
  <variableValue variable="FR07_105_8">
    <value valueType="text">6</value>
  </variableValue>
  <variableValue variable="FR07_105_9">
    <value valueType="text">5</value>
  </variableValue>
  <variableValue variable="FR07_105_10">
    <value valueType="text">8</value>
  </variableValue>
  <variableValue variable="FR07_105_11">
    <value valueType="text">8</value>
  </variableValue>
  <variableValue variable="FR07_105_12">
    <value valueType="text">5</value>
  </variableValue>
  <variableValue variable="FR07_105_13">
    <value valueType="text">4</value>
  </variableValue>
  <variableValue variable="FR07_105_14">
    <value valueType="text">8</value>
  </variableValue>
  <variableValue variable="FR07_105_15">
    <value valueType="text">1</value>
  </variableValue>
  <variableValue variable="FR07_105_16">
    <value valueType="text">7</value>
  </variableValue>
  <variableValue variable="FR07_105_17">
    <value valueType="text">6</value>
  </variableValue>
  <variableValue variable="FR07_105_18">
    <value valueType="text">6</value>
  </variableValue>
  <variableValue variable="FR07_105_19">
    <value valueType="text">3</value>
  </variableValue>
  <variableValue variable="FR07_105_20">
    <value valueType="text">4</value>
  </variableValue>
  <variableValue variable="FR07_105_21">
    <value valueType="text">1</value>
  </variableValue>
  <variableValue variable="FR07_105_22">
    <value valueType="text">8</value>
  </variableValue>
  <variableValue variable="FR07_105_23">
    <value valueType="text">4</value>
  </variableValue>
  <variableValue variable="FR07_105_24">
    <value valueType="text">7</value>
  </variableValue>
  <variableValue variable="FR07_105_25">
    <value valueType="text">5</value>
  </variableValue>
  <variableValue variable="FR07_105_26">
    <value valueType="text">7</value>
  </variableValue>
  <variableValue variable="FR07_105_27">
    <value valueType="text">8</value>
  </variableValue>
  <variableValue variable="FR07_105_28">
    <value valueType="text">2</value>
  </variableValue>
  <variableValue variable="FR07_105_29">
    <value valueType="text">2</value>
  </variableValue>
  <variableValue variable="FR07_105_30">
    <value valueType="text">8</value>
  </variableValue>
  <variableValue variable="FR07_105_31">
    <value valueType="text">6</value>
  </variableValue>
  <variableValue variable="FR07_105_32">
    <value valueType="text">6</value>
  </variableValue>
  <variableValue variable="FR07_105_33">
    <value valueType="text">5</value>
  </variableValue>
  <variableValue variable="FR07_105_34">
    <value valueType="text">2</value>
  </variableValue>
  <variableValue variable="FR07_105_35">
    <value valueType="text">4</value>
  </variableValue>
  <variableValue variable="FR07_105_36">
    <value valueType="text">4</value>
  </variableValue>
  <variableValue variable="FR07_105_37">
    <value valueType="text">6</value>
  </variableValue>
  <variableValue variable="FR07_106_1">
    <value valueType="text">4</value>
  </variableValue>
  <variableValue variable="FR07_106_2">
    <value valueType="text">2</value>
  </variableValue>
  <variableValue variable="FR07_106_3">
    <value valueType="text">3</value>
  </variableValue>
  <variableValue variable="FR02_100A">
    <value valueType="text">2</value>
  </variableValue>
  <variableValue variable="FR02_100B">
    <value valueType="text">2</value>
  </variableValue>
  <variableValue variable="FR02_100C">
    <value valueType="text">1</value>
  </variableValue>
  <variableValue variable="FR02_100D">
    <value valueType="text">1</value>
  </variableValue>
  <variableValue variable="FR02_100E">
    <value valueType="text">1</value>
  </variableValue>
  <variableValue variable="FR02_100F">
    <value valueType="text">1</value>
  </variableValue>
  <variableValue variable="FR02_100G">
    <value valueType="text">2</value>
  </variableValue>
  <variableValue variable="FR07_108_9">
    <value valueType="text">1</value>
  </variableValue>
  <variableValue variable="FR02_100H">
    <value valueType="text">2</value>
  </variableValue>
  <variableValue variable="FR07_109_1P">
    <value valueType="integer">13</value>
  </variableValue>
  <variableValue variable="FR07_109_1V">
    <value valueType="integer">56</value>
  </variableValue>
  <variableValue variable="FR07_109_2P">
    <value valueType="integer">8</value>
  </variableValue>
  <variableValue variable="FR07_109_2V">
    <value valueType="integer">31</value>
  </variableValue>
  <variableValue variable="FR07_109_3P">
    <value valueType="integer">3</value>
  </variableValue>
  <variableValue variable="FR07_109_3V">
    <value valueType="integer">19</value>
  </variableValue>
  <variableValue variable="FR07_109_4P">
    <value valueType="integer">7</value>
  </variableValue>
  <variableValue variable="FR07_109_4V">
    <value valueType="integer">64</value>
  </variableValue>
  <variableValue variable="FR07_109_5P">
    <value valueType="integer">3</value>
  </variableValue>
  <variableValue variable="FR07_109_5V">
    <value valueType="integer">105</value>
  </variableValue>
  <variableValue variable="FR07_109_6P">
    <value valueType="integer">4</value>
  </variableValue>
  <variableValue variable="FR07_109_6V">
    <value valueType="integer">56</value>
  </variableValue>
  <variableValue variable="FR07_109_7P">
    <value valueType="integer">18</value>
  </variableValue>
  <variableValue variable="FR07_109_7V">
    <value valueType="integer">62</value>
  </variableValue>
  <variableValue variable="FR07_109_8P">
    <value valueType="integer">20</value>
  </variableValue>
  <variableValue variable="FR07_109_8V">
    <value valueType="integer">67</value>
  </variableValue>
  <variableValue variable="FR07_109_9P">
    <value valueType="integer">9</value>
  </variableValue>
  <variableValue variable="FR07_109_9V">
    <value valueType="integer">50</value>
  </variableValue>
  <variableValue variable="FR07_109_10P">
    <value valueType="integer">5</value>
  </variableValue>
  <variableValue variable="FR07_109_10V">
    <value valueType="integer">56</value>
  </variableValue>
  <variableValue variable="FR07_109_11P">
    <value valueType="integer">2</value>
  </variableValue>
  <variableValue variable="FR07_109_11V">
    <value valueType="integer">23</value>
  </variableValue>
  <variableValue variable="FR07_109_12P">
    <value valueType="integer">7</value>
  </variableValue>
  <variableValue variable="FR07_109_12V">
    <value valueType="integer">26</value>
  </variableValue>
  <variableValue variable="FR07_109_13P">
    <value valueType="integer">3</value>
  </variableValue>
  <variableValue variable="FR07_109_13V">
    <value valueType="integer">10</value>
  </variableValue>
  <variableValue variable="FR07_109_14P">
    <value valueType="integer">5</value>
  </variableValue>
  <variableValue variable="FR07_109_14V">
    <value valueType="integer">38</value>
  </variableValue>
  <variableValue variable="FR07_109_15P">
    <value valueType="integer">15</value>
  </variableValue>
  <variableValue variable="FR07_109_15V">
    <value valueType="integer">4</value>
  </variableValue>
  <variableValue variable="KY97">
    <value valueType="text">3</value>
  </variableValue>
  <variableValue variable="FR02_112">
    <value valueType="text">2</value>
  </variableValue>
  <variableValue variable="FR07_112">
    <value valueType="text">2</value>
  </variableValue>
  <variableValue variable="FR07_113">
    <value valueType="text">5</value>
  </variableValue>
  <variableValue variable="FR02_114">
    <value valueType="text">2</value>
  </variableValue>
  <variableValue variable="ANNOSPV1">
    <value valueType="integer">5536804427122210816</value>
  </variableValue>
  <variableValue variable="ANNOSVKO1">
    <value valueType="integer">-5472941097997000704</value>
  </variableValue>
  <variableValue variable="KAYTTO1">
    <value valueType="text">1</value>
  </variableValue>
  <variableValue variable="ANNOSPV2">
    <value valueType="integer">-8500025228732059648</value>
  </variableValue>
  <variableValue variable="ANNOSVKO2">
    <value valueType="integer">8953220992107581440</value>
  </variableValue>
  <variableValue variable="KAYTTO2">
    <value valueType="text">2</value>
  </variableValue>
  <variableValue variable="ANNOSPV3">
    <value valueType="integer">6383076766814797824</value>
  </variableValue>
  <variableValue variable="ANNOSVKO3">
    <value valueType="integer">504971215425048576</value>
  </variableValue>
  <variableValue variable="KAYTTO3">
    <value valueType="text">2</value>
  </variableValue>
  <variableValue variable="ANNOSPV4">
    <value valueType="integer">-6908645284499630080</value>
  </variableValue>
  <variableValue variable="ANNOSVKO4">
    <value valueType="integer">-6574594265565468672</value>
  </variableValue>
  <variableValue variable="KAYTTO4">
    <value valueType="text">1</value>
  </variableValue>
  <variableValue variable="ANNOSPV5">
    <value valueType="integer">-5476207413136484352</value>
  </variableValue>
  <variableValue variable="ANNOSVKO5">
    <value valueType="integer">8276773695808010240</value>
  </variableValue>
  <variableValue variable="KAYTTO5">
    <value valueType="text">2</value>
  </variableValue>
  <variableValue variable="ANNOSPV6">
    <value valueType="integer">5032589548079314944</value>
  </variableValue>
  <variableValue variable="ANNOSVKO6">
    <value valueType="integer">-8582099804817870848</value>
  </variableValue>
  <variableValue variable="KAYTTO6">
    <value valueType="text">1</value>
  </variableValue>
  <variableValue variable="ANNOSPV7">
    <value valueType="integer">-8836967076423874560</value>
  </variableValue>
  <variableValue variable="ANNOSVKO7">
    <value valueType="integer">-367246075866370048</value>
  </variableValue>
  <variableValue variable="KAYTTO7">
    <value valueType="text">2</value>
  </variableValue>
  <variableValue variable="ANNOSPV8">
    <value valueType="integer">3306420691865243648</value>
  </variableValue>
  <variableValue variable="ANNOSVKO8">
    <value valueType="integer">-4430333041013577728</value>
  </variableValue>
  <variableValue variable="KAYTTO8">
    <value valueType="text">2</value>
  </variableValue>
  <variableValue variable="ANNOSPV9">
    <value valueType="integer">2558832422578358272</value>
  </variableValue>
  <variableValue variable="ANNOSVKO9">
    <value valueType="integer">4350049137380233216</value>
  </variableValue>
  <variableValue variable="KAYTTO9">
    <value valueType="text">1</value>
  </variableValue>
  <variableValue variable="ANNOSPV10">
    <value valueType="integer">-8949380150854987776</value>
  </variableValue>
  <variableValue variable="ANNOSVKO10">
    <value valueType="integer">-3128087408993441792</value>
  </variableValue>
  <variableValue variable="KAYTTO10">
    <value valueType="text">2</value>
  </variableValue>
  <variableValue variable="ANNOSPV11">
    <value valueType="integer">6056048732148848640</value>
  </variableValue>
  <variableValue variable="ANNOSVKO11">
    <value valueType="integer">3466343715007666176</value>
  </variableValue>
  <variableValue variable="KAYTTO11">
    <value valueType="text">1</value>
  </variableValue>
  <variableValue variable="ANNOSPV12">
    <value valueType="integer">-4875340906277715968</value>
  </variableValue>
  <variableValue variable="ANNOSVKO12">
    <value valueType="integer">-580621677282506752</value>
  </variableValue>
  <variableValue variable="KAYTTO12">
    <value valueType="text">2</value>
  </variableValue>
  <variableValue variable="ANNOSPV13">
    <value valueType="integer">8974156671230113792</value>
  </variableValue>
  <variableValue variable="ANNOSVKO13">
    <value valueType="integer">5000434892364589056</value>
  </variableValue>
  <variableValue variable="KAYTTO13">
    <value valueType="text">2</value>
  </variableValue>
  <variableValue variable="ANNOSPV14">
    <value valueType="integer">-7747479205128460288</value>
  </variableValue>
  <variableValue variable="ANNOSVKO14">
    <value valueType="integer">-2492097148064710656</value>
  </variableValue>
  <variableValue variable="KAYTTO14">
    <value valueType="text">1</value>
  </variableValue>
</valueSet>