<valueSet valueTable="FNAC" entityType="Participant" entityIdentifier="3081604801075541932">
  <variableValue variable="SVUOSI">
    <value valueType="integer">1964</value>
  </variableValue>
  <variableValue variable="SUKUP">
    <value valueType="text">1</value>
  </variableValue>
  <variableValue variable="PITUUS">
    <value valueType="decimal">1.7040420630784379</value>
  </variableValue>
  <variableValue variable="PAINO">
    <value valueType="decimal">89.99606803904382</value>
  </variableValue>
  <variableValue variable="VYOTARO">
    <value valueType="decimal">84.67294443611546</value>
  </variableValue>
  <variableValue variable="LANTIO">
    <value valueType="decimal">97.94498849505514</value>
  </variableValue>
  <variableValue variable="DIAS1">
    <value valueType="decimal">90.6753017003893</value>
  </variableValue>
  <variableValue variable="DIAS2">
    <value valueType="decimal">63.11543114512426</value>
  </variableValue>
  <variableValue variable="DIAS3">
    <value valueType="decimal">122.00110354440925</value>
  </variableValue>
  <variableValue variable="SYS1">
    <value valueType="decimal">182.34827329183224</value>
  </variableValue>
  <variableValue variable="SYS2">
    <value valueType="decimal">177.8343029702258</value>
  </variableValue>
  <variableValue variable="SYS3">
    <value valueType="decimal">212.39930168733795</value>
  </variableValue>
  <variableValue variable="Q29">
    <value valueType="text">1</value>
  </variableValue>
  <variableValue variable="FR07_36">
    <value valueType="text"/>
  </variableValue>
  <variableValue variable="Q30">
    <value valueType="text">6</value>
  </variableValue>
  <variableValue variable="K34">
    <value valueType="text">2</value>
  </variableValue>
  <variableValue variable="FR07_30L">
    <value valueType="text"/>
  </variableValue>
  <variableValue variable="Q38">
    <value valueType="text">4</value>
  </variableValue>
  <variableValue variable="Q17A">
    <value valueType="text">2</value>
  </variableValue>
  <variableValue variable="FR07_38">
    <value valueType="text">5</value>
  </variableValue>
  <variableValue variable="Q16A">
    <value valueType="text">2</value>
  </variableValue>
  <variableValue variable="Q15A">
    <value valueType="text">1</value>
  </variableValue>
  <variableValue variable="TUPI3">
    <value valueType="text">4</value>
  </variableValue>
  <variableValue variable="Q67">
    <value valueType="text">2</value>
  </variableValue>
  <variableValue variable="TUPI1">
    <value valueType="integer">10</value>
  </variableValue>
  <variableValue variable="FR07_13_laani">
    <value valueType="text">4</value>
  </variableValue>
  <variableValue variable="KOL">
    <value valueType="decimal">6.060232146010925</value>
  </variableValue>
  <variableValue variable="TRIG">
    <value valueType="decimal">1.125939755237491</value>
  </variableValue>
  <variableValue variable="HDL">
    <value valueType="decimal">1.4742638108613668</value>
  </variableValue>
  <variableValue variable="sl_gluk_0h">
    <value valueType="decimal">4.602960312063456</value>
  </variableValue>
  <variableValue variable="Q128A">
    <value valueType="text">1</value>
  </variableValue>
  <variableValue variable="FR02_145B">
    <value valueType="integer">9</value>
  </variableValue>
  <variableValue variable="FR02_145E">
    <value valueType="integer">110</value>
  </variableValue>
  <variableValue variable="FR02_145F">
    <value valueType="integer">26</value>
  </variableValue>
  <variableValue variable="FR02_145D">
    <value valueType="integer">84</value>
  </variableValue>
  <variableValue variable="ALKI1">
    <value valueType="integer">1715</value>
  </variableValue>
  <variableValue variable="KY2">
    <value valueType="text">2</value>
  </variableValue>
  <variableValue variable="k13">
    <value valueType="integer">15</value>
  </variableValue>
  <variableValue variable="TULOT">
    <value valueType="text">6</value>
  </variableValue>
  <variableValue variable="FR02_3">
    <value valueType="text">7</value>
  </variableValue>
  <variableValue variable="KOULV">
    <value valueType="integer">8</value>
  </variableValue>
  <variableValue variable="FR07_11">
    <value valueType="text">5</value>
  </variableValue>
  <variableValue variable="FR07_10">
    <value valueType="text"/>
  </variableValue>
  <variableValue variable="Q56">
    <value valueType="text">1</value>
  </variableValue>
  <variableValue variable="Q57">
    <value valueType="text">1</value>
  </variableValue>
  <variableValue variable="Q58">
    <value valueType="text">6</value>
  </variableValue>
  <variableValue variable="FRO7_81">
    <value valueType="text">7</value>
  </variableValue>
  <variableValue variable="Q61">
    <value valueType="text">2</value>
  </variableValue>
  <variableValue variable="KY74">
    <value valueType="text">4</value>
  </variableValue>
  <variableValue variable="Q63">
    <value valueType="text">5</value>
  </variableValue>
  <variableValue variable="FR07_85_1">
    <value valueType="integer">68</value>
  </variableValue>
  <variableValue variable="FR07_85_2">
    <value valueType="integer">52</value>
  </variableValue>
  <variableValue variable="FR07_85_3">
    <value valueType="integer">78</value>
  </variableValue>
  <variableValue variable="FR07_85_4">
    <value valueType="integer">16</value>
  </variableValue>
  <variableValue variable="FR07_85_5">
    <value valueType="integer">36</value>
  </variableValue>
  <variableValue variable="FR07_85_6">
    <value valueType="integer">59</value>
  </variableValue>
  <variableValue variable="FR07_86_1T">
    <value valueType="integer">13</value>
  </variableValue>
  <variableValue variable="FR07_86_1M">
    <value valueType="integer">46</value>
  </variableValue>
  <variableValue variable="FR07_86_2T">
    <value valueType="integer">20</value>
  </variableValue>
  <variableValue variable="FR07_86_2M">
    <value valueType="integer">37</value>
  </variableValue>
  <variableValue variable="FR07_86_3T">
    <value valueType="integer">23</value>
  </variableValue>
  <variableValue variable="FR07_86_3M">
    <value valueType="integer">18</value>
  </variableValue>
  <variableValue variable="FR07_86_4T">
    <value valueType="integer">17</value>
  </variableValue>
  <variableValue variable="FR07_86_4M">
    <value valueType="integer">54</value>
  </variableValue>
  <variableValue variable="FR07_86_5T">
    <value valueType="integer">7</value>
  </variableValue>
  <variableValue variable="FR07_86_5M">
    <value valueType="integer">30</value>
  </variableValue>
  <variableValue variable="FR07_105_1">
    <value valueType="text">3</value>
  </variableValue>
  <variableValue variable="FR07_105_2">
    <value valueType="text">3</value>
  </variableValue>
  <variableValue variable="FR07_105_3">
    <value valueType="text">1</value>
  </variableValue>
  <variableValue variable="FR07_105_4">
    <value valueType="text">2</value>
  </variableValue>
  <variableValue variable="FR07_105_5">
    <value valueType="text">8</value>
  </variableValue>
  <variableValue variable="FR07_105_6">
    <value valueType="text">6</value>
  </variableValue>
  <variableValue variable="FR07_105_7">
    <value valueType="text">6</value>
  </variableValue>
  <variableValue variable="FR07_105_8">
    <value valueType="text">6</value>
  </variableValue>
  <variableValue variable="FR07_105_9">
    <value valueType="text">8</value>
  </variableValue>
  <variableValue variable="FR07_105_10">
    <value valueType="text">8</value>
  </variableValue>
  <variableValue variable="FR07_105_11">
    <value valueType="text">4</value>
  </variableValue>
  <variableValue variable="FR07_105_12">
    <value valueType="text">3</value>
  </variableValue>
  <variableValue variable="FR07_105_13">
    <value valueType="text">2</value>
  </variableValue>
  <variableValue variable="FR07_105_14">
    <value valueType="text">8</value>
  </variableValue>
  <variableValue variable="FR07_105_15">
    <value valueType="text">2</value>
  </variableValue>
  <variableValue variable="FR07_105_16">
    <value valueType="text">6</value>
  </variableValue>
  <variableValue variable="FR07_105_17">
    <value valueType="text">8</value>
  </variableValue>
  <variableValue variable="FR07_105_18">
    <value valueType="text">7</value>
  </variableValue>
  <variableValue variable="FR07_105_19">
    <value valueType="text">4</value>
  </variableValue>
  <variableValue variable="FR07_105_20">
    <value valueType="text">8</value>
  </variableValue>
  <variableValue variable="FR07_105_21">
    <value valueType="text">5</value>
  </variableValue>
  <variableValue variable="FR07_105_22">
    <value valueType="text">3</value>
  </variableValue>
  <variableValue variable="FR07_105_23">
    <value valueType="text">2</value>
  </variableValue>
  <variableValue variable="FR07_105_24">
    <value valueType="text">5</value>
  </variableValue>
  <variableValue variable="FR07_105_25">
    <value valueType="text">6</value>
  </variableValue>
  <variableValue variable="FR07_105_26">
    <value valueType="text">7</value>
  </variableValue>
  <variableValue variable="FR07_105_27">
    <value valueType="text">1</value>
  </variableValue>
  <variableValue variable="FR07_105_28">
    <value valueType="text">3</value>
  </variableValue>
  <variableValue variable="FR07_105_29">
    <value valueType="text">6</value>
  </variableValue>
  <variableValue variable="FR07_105_30">
    <value valueType="text">7</value>
  </variableValue>
  <variableValue variable="FR07_105_31">
    <value valueType="text">6</value>
  </variableValue>
  <variableValue variable="FR07_105_32">
    <value valueType="text">4</value>
  </variableValue>
  <variableValue variable="FR07_105_33">
    <value valueType="text">6</value>
  </variableValue>
  <variableValue variable="FR07_105_34">
    <value valueType="text">7</value>
  </variableValue>
  <variableValue variable="FR07_105_35">
    <value valueType="text">6</value>
  </variableValue>
  <variableValue variable="FR07_105_36">
    <value valueType="text">1</value>
  </variableValue>
  <variableValue variable="FR07_105_37">
    <value valueType="text">6</value>
  </variableValue>
  <variableValue variable="FR07_106_1">
    <value valueType="text">2</value>
  </variableValue>
  <variableValue variable="FR07_106_2">
    <value valueType="text">2</value>
  </variableValue>
  <variableValue variable="FR07_106_3">
    <value valueType="text">6</value>
  </variableValue>
  <variableValue variable="FR02_100A">
    <value valueType="text">2</value>
  </variableValue>
  <variableValue variable="FR02_100B">
    <value valueType="text">2</value>
  </variableValue>
  <variableValue variable="FR02_100C">
    <value valueType="text">1</value>
  </variableValue>
  <variableValue variable="FR02_100C2">
    <value valueType="text"/>
  </variableValue>
  <variableValue variable="FR02_100D">
    <value valueType="text">2</value>
  </variableValue>
  <variableValue variable="FR02_100E">
    <value valueType="text">2</value>
  </variableValue>
  <variableValue variable="FR02_100F">
    <value valueType="text">2</value>
  </variableValue>
  <variableValue variable="FR02_100G">
    <value valueType="text">2</value>
  </variableValue>
  <variableValue variable="FR07_108_9">
    <value valueType="text">1</value>
  </variableValue>
  <variableValue variable="FR02_100H">
    <value valueType="text">1</value>
  </variableValue>
  <variableValue variable="FR02_100H2">
    <value valueType="text"/>
  </variableValue>
  <variableValue variable="FR07_109_1P">
    <value valueType="integer">11</value>
  </variableValue>
  <variableValue variable="FR07_109_1V">
    <value valueType="integer">275</value>
  </variableValue>
  <variableValue variable="FR07_109_2P">
    <value valueType="integer">8</value>
  </variableValue>
  <variableValue variable="FR07_109_2V">
    <value valueType="integer">37</value>
  </variableValue>
  <variableValue variable="FR07_109_3P">
    <value valueType="integer">2</value>
  </variableValue>
  <variableValue variable="FR07_109_3V">
    <value valueType="integer">1</value>
  </variableValue>
  <variableValue variable="FR07_109_4P">
    <value valueType="integer">7</value>
  </variableValue>
  <variableValue variable="FR07_109_4V">
    <value valueType="integer">62</value>
  </variableValue>
  <variableValue variable="FR07_109_5P">
    <value valueType="integer">15</value>
  </variableValue>
  <variableValue variable="FR07_109_5V">
    <value valueType="integer">112</value>
  </variableValue>
  <variableValue variable="FR07_109_6P">
    <value valueType="integer">14</value>
  </variableValue>
  <variableValue variable="FR07_109_6V">
    <value valueType="integer">7</value>
  </variableValue>
  <variableValue variable="FR07_109_7P">
    <value valueType="integer">16</value>
  </variableValue>
  <variableValue variable="FR07_109_7V">
    <value valueType="integer">120</value>
  </variableValue>
  <variableValue variable="FR07_109_8P">
    <value valueType="integer">6</value>
  </variableValue>
  <variableValue variable="FR07_109_8V">
    <value valueType="integer">9</value>
  </variableValue>
  <variableValue variable="FR07_109_9P">
    <value valueType="integer">1</value>
  </variableValue>
  <variableValue variable="FR07_109_9V">
    <value valueType="integer">48</value>
  </variableValue>
  <variableValue variable="FR07_109_10P">
    <value valueType="integer">6</value>
  </variableValue>
  <variableValue variable="FR07_109_10V">
    <value valueType="integer">52</value>
  </variableValue>
  <variableValue variable="FR07_109_11P">
    <value valueType="integer">8</value>
  </variableValue>
  <variableValue variable="FR07_109_11V">
    <value valueType="integer">56</value>
  </variableValue>
  <variableValue variable="FR07_109_12P">
    <value valueType="integer">1</value>
  </variableValue>
  <variableValue variable="FR07_109_12V">
    <value valueType="integer">16</value>
  </variableValue>
  <variableValue variable="FR07_109_13P">
    <value valueType="integer">3</value>
  </variableValue>
  <variableValue variable="FR07_109_13V">
    <value valueType="integer">32</value>
  </variableValue>
  <variableValue variable="FR07_109_14P">
    <value valueType="integer">9</value>
  </variableValue>
  <variableValue variable="FR07_109_14V">
    <value valueType="integer">40</value>
  </variableValue>
  <variableValue variable="FR07_109_15P">
    <value valueType="integer">3</value>
  </variableValue>
  <variableValue variable="FR07_109_15V">
    <value valueType="integer">102</value>
  </variableValue>
  <variableValue variable="KY97">
    <value valueType="text">4</value>
  </variableValue>
  <variableValue variable="FR02_112">
    <value valueType="text">3</value>
  </variableValue>
  <variableValue variable="FR07_112">
    <value valueType="text">4</value>
  </variableValue>
  <variableValue variable="FR07_113">
    <value valueType="text">3</value>
  </variableValue>
  <variableValue variable="FR02_114">
    <value valueType="text">1</value>
  </variableValue>
  <variableValue variable="VALMISTE1">
    <value valueType="text"/>
  </variableValue>
  <variableValue variable="MUOTO1">
    <value valueType="text"/>
  </variableValue>
  <variableValue variable="ANNOSPV1">
    <value valueType="integer">-6166636440937580544</value>
  </variableValue>
  <variableValue variable="ANNOSVKO1">
    <value valueType="integer">1416960017878247424</value>
  </variableValue>
  <variableValue variable="KAYTTO1">
    <value valueType="text">1</value>
  </variableValue>
  <variableValue variable="VALMISTE2">
    <value valueType="text"/>
  </variableValue>
  <variableValue variable="MUOTO2">
    <value valueType="text"/>
  </variableValue>
  <variableValue variable="ANNOSPV2">
    <value valueType="integer">2042894599686322176</value>
  </variableValue>
  <variableValue variable="ANNOSVKO2">
    <value valueType="integer">-143464007663988736</value>
  </variableValue>
  <variableValue variable="KAYTTO2">
    <value valueType="text">2</value>
  </variableValue>
  <variableValue variable="VALMISTE3">
    <value valueType="text"/>
  </variableValue>
  <variableValue variable="MUOTO3">
    <value valueType="text"/>
  </variableValue>
  <variableValue variable="ANNOSPV3">
    <value valueType="integer">-5587966395731134464</value>
  </variableValue>
  <variableValue variable="ANNOSVKO3">
    <value valueType="integer">8938553379725049856</value>
  </variableValue>
  <variableValue variable="KAYTTO3">
    <value valueType="text">1</value>
  </variableValue>
  <variableValue variable="VALMISTE4">
    <value valueType="text"/>
  </variableValue>
  <variableValue variable="MUOTO4">
    <value valueType="text"/>
  </variableValue>
  <variableValue variable="ANNOSPV4">
    <value valueType="integer">-8186779722538086400</value>
  </variableValue>
  <variableValue variable="ANNOSVKO4">
    <value valueType="integer">-5737290265516404736</value>
  </variableValue>
  <variableValue variable="KAYTTO4">
    <value valueType="text">1</value>
  </variableValue>
  <variableValue variable="VALMISTE5">
    <value valueType="text"/>
  </variableValue>
  <variableValue variable="MUOTO5">
    <value valueType="text"/>
  </variableValue>
  <variableValue variable="ANNOSPV5">
    <value valueType="integer">9023203128352702464</value>
  </variableValue>
  <variableValue variable="ANNOSVKO5">
    <value valueType="integer">-6265700348922830848</value>
  </variableValue>
  <variableValue variable="KAYTTO5">
    <value valueType="text">2</value>
  </variableValue>
  <variableValue variable="VALMISTE6">
    <value valueType="text"/>
  </variableValue>
  <variableValue variable="MUOTO6">
    <value valueType="text"/>
  </variableValue>
  <variableValue variable="ANNOSPV6">
    <value valueType="integer">-8767839949757763584</value>
  </variableValue>
  <variableValue variable="ANNOSVKO6">
    <value valueType="integer">-7377950739291187200</value>
  </variableValue>
  <variableValue variable="KAYTTO6">
    <value valueType="text">2</value>
  </variableValue>
  <variableValue variable="VALMISTE7">
    <value valueType="text"/>
  </variableValue>
  <variableValue variable="MUOTO7">
    <value valueType="text"/>
  </variableValue>
  <variableValue variable="ANNOSPV7">
    <value valueType="integer">8137196645075052544</value>
  </variableValue>
  <variableValue variable="ANNOSVKO7">
    <value valueType="integer">2550268806285205504</value>
  </variableValue>
  <variableValue variable="KAYTTO7">
    <value valueType="text">2</value>
  </variableValue>
  <variableValue variable="VALMISTE8">
    <value valueType="text"/>
  </variableValue>
  <variableValue variable="MUOTO8">
    <value valueType="text"/>
  </variableValue>
  <variableValue variable="ANNOSPV8">
    <value valueType="integer">-2369960632014196736</value>
  </variableValue>
  <variableValue variable="ANNOSVKO8">
    <value valueType="integer">6859431648975468544</value>
  </variableValue>
  <variableValue variable="KAYTTO8">
    <value valueType="text">2</value>
  </variableValue>
  <variableValue variable="VALMISTE9">
    <value valueType="text"/>
  </variableValue>
  <variableValue variable="MUOTO9">
    <value valueType="text"/>
  </variableValue>
  <variableValue variable="ANNOSPV9">
    <value valueType="integer">7770561106469328896</value>
  </variableValue>
  <variableValue variable="ANNOSVKO9">
    <value valueType="integer">8956427407987982336</value>
  </variableValue>
  <variableValue variable="KAYTTO9">
    <value valueType="text">1</value>
  </variableValue>
  <variableValue variable="VALMISTE10">
    <value valueType="text"/>
  </variableValue>
  <variableValue variable="MUOTO10">
    <value valueType="text"/>
  </variableValue>
  <variableValue variable="ANNOSPV10">
    <value valueType="integer">5198704455855247360</value>
  </variableValue>
  <variableValue variable="ANNOSVKO10">
    <value valueType="integer">4119947104078381056</value>
  </variableValue>
  <variableValue variable="KAYTTO10">
    <value valueType="text">2</value>
  </variableValue>
  <variableValue variable="VALMISTE11">
    <value valueType="text"/>
  </variableValue>
  <variableValue variable="MUOTO11">
    <value valueType="text"/>
  </variableValue>
  <variableValue variable="ANNOSPV11">
    <value valueType="integer">-426678129997799424</value>
  </variableValue>
  <variableValue variable="ANNOSVKO11">
    <value valueType="integer">8218229508889962496</value>
  </variableValue>
  <variableValue variable="KAYTTO11">
    <value valueType="text">2</value>
  </variableValue>
  <variableValue variable="VALMISTE12">
    <value valueType="text"/>
  </variableValue>
  <variableValue variable="MUOTO12">
    <value valueType="text"/>
  </variableValue>
  <variableValue variable="ANNOSPV12">
    <value valueType="integer">-1008345648234014720</value>
  </variableValue>
  <variableValue variable="ANNOSVKO12">
    <value valueType="integer">-8375315991036080128</value>
  </variableValue>
  <variableValue variable="KAYTTO12">
    <value valueType="text">1</value>
  </variableValue>
  <variableValue variable="VALMISTE13">
    <value valueType="text"/>
  </variableValue>
  <variableValue variable="MUOTO13">
    <value valueType="text"/>
  </variableValue>
  <variableValue variable="ANNOSPV13">
    <value valueType="integer">7697041610095687680</value>
  </variableValue>
  <variableValue variable="ANNOSVKO13">
    <value valueType="integer">2075281104287125504</value>
  </variableValue>
  <variableValue variable="KAYTTO13">
    <value valueType="text">2</value>
  </variableValue>
  <variableValue variable="VALMISTE14">
    <value valueType="text"/>
  </variableValue>
  <variableValue variable="MUOTO14">
    <value valueType="text"/>
  </variableValue>
  <variableValue variable="ANNOSPV14">
    <value valueType="integer">-6345244077095692288</value>
  </variableValue>
  <variableValue variable="ANNOSVKO14">
    <value valueType="integer">-4222464811770451968</value>
  </variableValue>
  <variableValue variable="KAYTTO14">
    <value valueType="text">1</value>
  </variableValue>
</valueSet>